english,ga
I've been reading about the uses of certain plants in Ghana. Can you tell me more about the other uses of plants besides food?,Mikaneɔ bɔ ni akɛ tsei komɛi tsuɔ nii yɛ Ghana lɛ he sane. Ani obaanyɛ okɛɛ mi nibii babaoo ni kɔɔ tsei ni akɛtsuɔ nii kɛfataa niyenii he lɛ he?
I'm curious about the factors that influence consumer buying behavior of local cuisine in Ghana. Can you tell me more about it?,Miitao male nibii ni náa maŋbii ni yeɔ niyenii yɛ Ghana lɛ ahemɔ su nɔ hewalɛ. Ani obaanyɛ okɛɛ mi ehe saji babaoo?
I'm interested in learning about the regulations surrounding street food vendors in Ghana. What are the different licenses and individual needs required to operate fully as a vendor?,Miyɛ mlai ni kɔɔ gbɛjegbɛ nɔ niyenii ni ahɔ̃ɔ yɛ Ghana lɛ he lɛ he miishɛɛ. Mɛni ji gbɛŋmɛɛ woji srɔtoi kɛ taomɔ nii ni aŋkroaŋkroi taoɔ koni amɛtsu nii jogbaŋŋ akɛ nihɔɔlɔ?
I'm interested in learning about the factors that affect the decay of free chlorine in water distribution systems. Can you tell me more about the relationship between pipe diameter and chlorine decay?,Miyɛ nibii ni saa chlorine ni fiteɔ ni aheee nɔ ko yɛ nu mlijaa gbɛjianɔtoi amli lɛ he miishɛɛ. Ani obaanyɛ okɛɛ mi wekukpaa ni kã paipii lɛ mli ŋta kɛ klorin ni fiteɔ lɛ teŋ lɛ he saji babaoo?
I'm interested in learning more about the tourism industry in Ghana. Can you tell me about the factors that influence tourists' satisfaction with hotel services?,Miyɛ he miishɛɛ akɛ makase shisharamɔ nitsumɔ ni yɔɔ Ghana lɛ he nii babaoo. Ani obaanyɛ okɛɛ mi nibii ni saa bɔ ni shisharalɔi lɛ tsui nyɔɔ amɛmli yɛ hotɛl nitsumɔi ahe lɛ he?
I read a news article about a Ghanaian miner winning a large sum of money on a betting platform. Can you tell me more about the story?,Mikane adafitswaa sane ko ni kɔɔ Ghananyo ko ni tsuɔ nii yɛ shika tsuru ŋmɔ mli ni eye shika babaoo yɛ shwɛmɔ he ko lɛ he. Ani obaanyɛ okɛɛ mi sane lɛ he saji babaoo?
I've been reading about the National Health Insurance Scheme (NHIS) in Ghana. Can you tell me more about how much people typically pay aside from their health insurance membership?,Mikaneɔ maŋ hewalɛnamɔ he inshɔransi gbɛjianɔtoo (NHIS) ni yɔɔ Ghana lɛ he sane. Ani obaanyɛ okɛɛ mi babaoo yɛ shika ni mɛi woɔ yɛ amɛ helatsamɔ he inshuɔrans mli bii lɛ asɛɛ lɛ he?
What are some of the physical stressors that affect workers in the fish processing industry in Ghana?,Mɛni ji gbɔmɔtsoŋ haomɔi komɛi ni saa nitsulɔi ni tsuɔ nii yɛ loofeemɔ nitsumɔhe ni yɔɔ Ghana lɛ ahe?
I'm interested in learning more about sub-national governments in Ghana. How do they determine the cost of their developmental projects?,Miyɛ he miishɛɛ akɛ makase maji bibii anɔyelii ni yɔɔ Ghana lɛ ahe nii babaoo. Te amɛfeɔ tɛŋŋ amɛleɔ shika ni amɛkɛbaatsu amɛ shweremɔ nitsumɔi lɛ ahe nii?
I heard that the European Union has invested a significant amount of money in Ghana's infrastructure development. Can you tell me more about it?,Minu akɛ Europa Kuu lɛ efite shika babaoo yɛ Ghana nibii ahe nitsumɔi ahe. Ani obaanyɛ okɛɛ mi ehe saji babaoo?
"I've heard that water quality is a major issue in Ghana. Can you tell me more about the current state of water quality in the country, specifically in the Wamfie area?","Minu akɛ nu kpakpa ji sane titri ni yɔɔ Ghana. Ani obaanyɛ okɛɛ mi bɔ ni nu lɛ mli shihilɛ yɔɔ amrɔ nɛɛ yɛ maŋ lɛ mli, titri lɛ yɛ Whamfi kpokpaa lɛ nɔ lɛ he saji babaoo?"
I heard about a police officer who died in a hotel room in Nkawkaw. Can you tell me more about what happened?,Minu polisifonyo ko ni gbo yɛ hotɛl tsu ko mli yɛ Nkawkaw lɛ he. Ani obaanyɛ okɛɛ mi nɔ ni ba lɛ he saji babaoo?
What are the overall results of the customer relationship experience in the Ghanaian research article?,Mɛni ji nɔ ni jɛɔ mɛi ni heɔ nii lɛ ateŋ wekukpaa mli niiashikpamɔ mli baa yɛ Ghana niiamlitaomɔ niŋmaa lɛ mli?
I've been reading about the levels of heavy metals in fish species in Ghana. Can you tell me more about the risks associated with consuming these fish?,Mikaneɔ bɔ ni dade ni tsii ni yɔɔ loo henɔi ni yɔɔ Ghana lɛ amli lɛ fa ha lɛ he sane. Ani obaanyɛ okɛɛ mi osharai ni yɔɔ loo nɛɛ yeli he babaoo?
What is the Tema Port Expansion Project and how much did it cost?,Tema ŋshɔkpɔ lɛ nɔ lɛlɛdaamɔhe lɛ mlilɛɛmɔ nitsumɔ lɛ ji shika enyiɛ ni shika enyiɛ akɛtsu nii?
I heard about a new food bank initiative in Ghana. Can you tell me more about it?,Minu niyenii atoohe hee ko ni ato yɛ Ghana lɛ he. Ani obaanyɛ okɛɛ mi ehe saji babaoo?
I've been reading a research article from Ghana about customer-centric companies. Can you explain to me what the authors mean by 'lack of understanding about customer needs'?,Mikaneɔ niiamlitaomɔ wolo ko ni jɛ Ghana ni kɔɔ nitsumɔhei ni kɛ amɛhe woɔ mɛi ni heɔ nii lɛ amli lɛ ahe. Ani ofainɛ obaanyɛ otsɔɔ mi nɔ ni woloŋmalɔi lɛ tsɔɔ yɛ ‘nibii ni heɔ nii lɛ ahiamɔ nii ahe shishinumɔ ni bɛ’ lɛ mli?
I'm interested in learning about the different types of pepper varieties produced in the Ashanti Region of Ghana. Can you tell me more about the varieties mentioned in the research article?,Miyɛ he miishɛɛ akɛ makase ŋmeii srɔtoi ni aduɔ yɛ Ashanti kpokpaa ni yɔɔ Ghana lɛ nɔ lɛ ahe nii. Ani obaanyɛ okɛɛ mi kooloi srɔtoi ni atsĩ tã yɛ niiamlitaomɔ wolo lɛ mli lɛ ahe saji babaoo?
How much money does the Electricity Company of Ghana (ECG) need to operate efficiently each month?,Shika enyiɛ he hiaa ni Ghana La He Nitsumɔhe (ECG) lɛ atsu nii jogbaŋŋ daa nyɔŋ nɔ?
I recently came across a study about customer retention techniques in the Ghanaian insurance industry. Can you tell me more about the research?,Etsɛko tsɔ ni mikɛ nikasemɔ ko ni kɔɔ gbɛi ni atsɔɔ nɔ ahiɛɔ mɛi ni heɔ nii lɛ amli yɛ inshuɔrans nitsumɔhe ni yɔɔ Ghana lɛ he lɛ kpe. Ani obaanyɛ okɛɛ mi nikasemɔ lɛ he saji babaoo?
"What are the main reasons why individuals and businesses hold cash, according to the research?","Taakɛ nikasemɔ lɛ tsɔɔ lɛ, mɛni ji yiŋtoi titri ni haa aŋkroaŋkroi kɛ jarayeli hei hiɛɔ shika?"
I'm trying to understand the concept of cost-benefit analysis in the context of environmental economics. Can you provide a general overview of the topic and some references to relevant research?,Miibɔ mɔdɛŋ ni manu shika-sɛɛnamɔ mlipɛimɔ shishi kɛjɛ shihilɛ mli shika helɛtemɔ he susumɔ mli. Ani obaanyɛ okɛ saneyitso lɛ he saji kukuji kɛ niiamlitaomɔi ni kɔɔ he lɛ ekomɛi aha?
I came across a research article about NERICA adoption rates among rice farmers in The Gambia. Can you tell me more about the study?,Miyana niiamlitaomɔ wolo ko ni kɔɔ bɔ ni ŋmãa okwaafoi ni yɔɔ Gambia lɛ kɛ NERICA tsuɔ nii amɛhaa lɛ he. Ani obaanyɛ okɛɛ mi nikasemɔ lɛ he saji babaoo?
I've heard that water hyacinth is a major problem in Ghana's water bodies. Can you tell me more about it?,Minu akɛ nu mli hyacinth ji naagba wulu ko yɛ nu mli hei ni yɔɔ Ghana lɛ. Ani obaanyɛ okɛɛ mi ehe saji babaoo?
I've heard that some Ghanaian firms struggle to harness the full benefits of Customer Relationship Management (CRM). Can you tell me more about this?,Minu akɛ nitsumɔhei komɛi ni yɔɔ Ghana lɛ bɔɔ mɔdɛŋ koni amɛkɛ nibii ni akɛtsuɔ nii yɛ mɛi ni heɔ nii lɛ ateŋ lɛ atsu nii jogbaŋŋ. Ani obaanyɛ okɛɛ mi enɛ he saji babaoo?
"What do entrepreneurs do, and how do they impact the market?",Mɛni jarayelɔi feɔ ni te amɛnáa jarayeli lɛ nɔ hewalɛ amɛhaa tɛŋŋ?
What reforms does Dr. Opuni-Frimpong think the Ghana Commodity Exchange (GCX) needs to ensure food security in Ghana?,"Dr. Opuni-Frimpong, mɛɛ tsakemɔi osusuɔ akɛ ehe miihia ni Ghana Nibii Ajarayelihe (GCX) lɛ afee koni niyenii ahi Ghana?"
I've been reading about a study on regeneration and disposal of AOCM used for defluoridation of drinking water in Ghana. Can you explain the main findings of the study?,"Mikane nikasemɔ ko ni kɔɔ bɔ ni ajieɔ AOCM ni akɛtsuɔ nii kɛwoɔ nu ni anuɔ lɛ mli fluoride mli yɛ Ghana lɛ he, ni ajieɔ lɛ ashwieɔ shi lɛ he. Ani obaanyɛ otsɔɔ nibii titrii ni ana yɛ nikasemɔ lɛ mli lɛ mli?"
I'm interested in learning more about the effects of heat treatment on pineapple fruits. Can you tell me about the research that's been done on this topic in Ghana?,Miyɛ he miishɛɛ akɛ makase bɔ ni hulutsoo ni akɛtsuɔ nii yɛ ŋmei mli lɛ saa ŋmei yibii ahe lɛ he nii babaoo. Ani obaanyɛ okɛɛ mi niiamlitaomɔ ni afee yɛ Ghana yɛ saneyitso nɛɛ he lɛ he sane?
I heard that Appietus paid tribute to Daddy Lumba. Can you tell me more about it?,Minu akɛ Apitus wo Ataa Lumba hiɛ nyam. Ani obaanyɛ okɛɛ mi ehe saji babaoo?
I'm interested in learning about food safety practices in Ghana. Can you tell me about some common sources of contamination in food preparation?,Miyɛ he miishɛɛ akɛ makase niyenii ni akwɛɔ nɔ jogbaŋŋ yɛ Ghana lɛ he nii. Ani obaanyɛ okɛɛ mi nibii komɛi ni afɔɔ mujiwoo yɛ niyenii ahe saamɔ mli lɛ ahe sane?
I'm interested in learning more about the evolution of stock markets. Can you tell me about the history of the New York Stock Exchange (NYSE) and how it became the largest stock market in the world?,Miyɛ he miishɛɛ akɛ makase tsakemɔi ni yaa nɔ yɛ jarayeli hei lɛ ahe nii babaoo. Ani obaanyɛ okɛɛ mi New York Shikatoohe lɛ yinɔsane kɛ bɔ ni fee ni eji shikatoohe ni da fe fɛɛ yɛ je lɛŋ lɛ he sane?
"I'm looking for information on research articles related to therapeutic, probiotic, and unconventional foods in Ghana. Can you provide some information on the authors and their publications?","Miitao saji ni kɔɔ niiamlitaomɔ saji ni kɔɔ tsofafeemɔ, probiotic kɛ niyenii ni jɛ maŋsɛɛ ni yɔɔ Ghana lɛ he. Ani obaanyɛ okɛ saji komɛi ni kɔɔ niŋmalɔi lɛ kɛ amɛniŋmaai lɛ ahe aha?"
I've heard that irrigation is an important factor in food production in Sub-Saharan Africa. Can you tell me more about its impact on food security in Ghana?,Minu akɛ nu ni akɛshwieɔ shi lɛ he miihia waa kɛha niyenii ni anáa yɛ Afrika Sahara anaigbɛ lɛ. Ani obaanyɛ okɛɛ mi bɔ ni niyenii ni anáa yɛ Ghana lɛ saa niyenii he shweshweeshwe lɛ he babaoo?
"I've heard that fresh vegetables are becoming increasingly popular in Ghana, especially among urban dwellers. Can you tell me more about this trend?","Minu akɛ aduawai ni afee ehee lɛ miihe gbɛi waa yɛ Ghana, titri lɛ yɛ maŋtiasei amli bii ateŋ. Ani obaanyɛ okɛɛ mi nibii babaoo yɛ nɛkɛ nifeemɔ nɛɛ he?"
I'm trying to understand the concept of Total Dissolved Solids (TDS) in water. Can you explain what it is and how it's measured?,Miibɔ mɔdɛŋ ni manu shishinumɔ ni ji nibii ni mli wa ni mli edɔ fɛɛ (TDS) ni yɔɔ nu mli lɛ shishi. Ani obaanyɛ otsɔɔ nɔ ni eji kɛ bɔ ni asusuɔ lɛ ahaa?
What are the primary sources of domestic water in the Nasia river catchment?,Mɛni ji shia nu ni yɔɔ Nasia Faa lɛ mli lɛ jɛɛhei titri?
I'm interested in learning about the research on rice accessions in Ghana. Can you tell me about the SSR markers used in the study?,Miyɛ he miishɛɛ akɛ mafee niiamlitaomɔ yɛ ŋmãa ni anáa yɛ Ghana lɛ he. Ani obaanyɛ okɛɛ mi SSR kadimɔi ni akɛtsu nii yɛ nikasemɔ lɛ mli lɛ he sane?
"I've heard that energy drink consumption has been on the rise in Ghana, especially among workers in certain industries. Can you tell me more about this trend?","Minu akɛ nibii ni haa mɔ hewalɛ ni anuɔ lɛ miiya hiɛ waa yɛ Ghana, titri lɛ yɛ nitsulɔi ni tsuɔ nii yɛ nitsumɔhei komɛi amli lɛ ateŋ. Ani obaanyɛ okɛɛ mi nibii babaoo yɛ nɛkɛ nifeemɔ nɛɛ he?"
What are the main storage challenges faced by Licensed Buying Companies (LBCs) in Ghana's cocoa industry?,Mɛni ji nibii atoohe he naagbai wuji ni Nitsumɔhei ni Akɛ Hegbɛi Heɔ Nibii (LBCs) lɛ kɛkpeɔ yɛ Ghana kookoo nitsumɔhe lɛ?
I just read that Frontiers Healthcare Services made a lot of money from Covid tests at KIA. Can you tell me more about this?,Mikane akɛ Frontiers Healthcare nitsumɔhei lɛ ná shika babaoo kɛjɛ covid kaai ni afee yɛ KIA lɛ nɔ. Ani obaanyɛ okɛɛ mi enɛ he saji babaoo?
I just read that NGIS Money Market Fund posted strong financials in two thousand and twenty-four point  wattshat was the main reason for the slight dip in gross investment income?,Mikane akɛ NGIS Money Market Fund lɛ tsɔɔ shika helɛtemɔ ni mli wa yɛ yibɔi akpei enyɔ kɛ nyɔŋmai enyɔ kɛ ejwɛ mli Mɛni ji yiŋtoo titri ni ha shika ni akɛwoɔ nitsumɔ mli lɛ fɛɛ ba shi fioo lɛ?
What are the recommended action levels for radon concentration in air and water?,Mɛni ji nifeemɔi ni atsɔɔ akɛ afee kɛha radon ni yɔɔ kɔɔyɔɔ kɛ nu mli lɛ?
I've heard that the COVID-nineteen pandemic had a significant impact on the insurance industry. Can you tell me more about how it affected the European insurance market?,Mi nu akɛ covid-19 hela lɛ ena hewalɛ wulu yɛ inshuɔrans nitsumɔ lɛ nɔ. Ani obaanyɛ okɛɛ mi bɔ ni ena Europa inshuɔrans jarayeli lɛ nɔ hewalɛ eha lɛ he saji babaoo?
What is fractional ownership and how does it work in the context of The Pelican Hotel Apartments?,"Mɛni ji fã mli nibii ni mɔ ko yɔɔ lɛ, ni te etsuɔ ​​nii ehaa tɛŋŋ yɛ Pelican Hotel Apartments lɛ mli?"
I'm interested in learning more about how people consume fruits and vegetables in Ghana. What are some common challenges people face when it comes to consuming these food groups?,Miyɛ he miishɛɛ akɛ makase babaoo yɛ bɔ ni gbɔmɛi yeɔ aduawai kɛ aduawai yɛ Ghana. Mɛni ji naagbai komɛi ni gbɔmɛi kɛkpeɔ kɛ́ amɛmiiye niyenii kui nɛɛ?
What are some challenges that Licensed Buying Companies (LBCs) face in Ghana's cocoa market?,Mɛni ji naagbai ni Nitsumɔhei ni Akɛ Hegbɛi Heɔ Nibii (LBCs) lɛ kɛkpeɔ yɛ Ghana kookoo jarayeli mli?
I heard that some African countries pay much more for medicines than others. Is that true?,Minu akɛ Afrika maji komɛi woɔ tsofafeemɔ he nyɔmɔ babaoo fe ekrokomɛi. lɛ ji anɔkwale?
Can you tell me about the research on tomato fruits and how it was conducted?,Ani obaanyɛ okɛɛ mi tomato yibii amli niiamlitaomɔ lɛ he sane kɛ bɔ ni afee lɛ aha?
I've been reading about the quality of drinking water in Ghana. What are some common methods used to evaluate its quality?,Mikane bɔ ni nu ni anuɔ yɛ Ghana lɛ hi ha lɛ he sane. Mɛni ji gbɛi komɛi ni afɔɔ nɔ akwɛɔ bɔ ni nibii lɛ hi ha lɛ mli?
What was the main objective of the study on Project Environment Factors on Small Town Water Supply System within Ketu South Municipal Assembly?,Mɛni ji oti titri ni yɔɔ nikasemɔ ni kɔɔ nitsumɔ he lɛ he saji ni kɔɔ maŋ bibioo mli nu ni akɛhaa yɛ Ketu South Municipality lɛ he lɛ sɛɛ?
"I've been hearing about Ghana's high cost of living. What are some of the key areas that contribute to this issue, according to Dr. Mahamudu Bawumia?","Miyaa nɔ minuɔ bɔ ni shihilɛ jara wa waa yɛ Ghana lɛ he. Taakɛ Dr. Mahamudu Bawumia tsɔɔ lɛ, mɛni ji hei titrii komɛi ni kɛ sane nɛɛ baa?"
I heard Airtel is leaving Ghana's telecom market. Is that true?,Mi nu akɛ Airtel miijie ehe kɛmiijɛ Ghana tɛlikom jarayeli lɛ mli. lɛ ji anɔkwale?
I came across a research article about the costs of chronic kidney disease in Ghana. Can you tell me more about the data collection technique used in the study?,Miyana niiamlitaomɔ wolo ko ni kɔɔ shika ni akɛwoɔ tsɛŋemɔ hela ni ehiii tsamɔ he yɛ Ghana lɛ he. Ani obaanyɛ okɛɛ mi gbɛ ni atsɔɔ nɔ abua saji anaa yɛ nikasemɔ lɛ mli lɛ he saji babaoo?
I've heard that the water quality in the Obuasi gold belt in Ghana is a concern. Can you tell me more about it?,Minu akɛ nu ni yɔɔ Obuasi shika tsuru ŋtayaa ni yɔɔ Ghana lɛ mli lɛ ji nɔ ni haoɔ mɔ. Ani obaanyɛ okɛɛ mi ehe saji babaoo?
"What are some of the challenges faced by households in accessing health care, education, and market centers in Ghana?","Mɛni ji naagbai komɛi ni wekui kɛkpeɔ yɛ helatsamɔ, tsɔsemɔ kɛ jarayeli hei ni yɔɔ Ghana lɛ mli?"
I've been reading about Sustainable Public Procurement (SPP) and its benefits. Can you tell me more about how it can drive markets towards cleaner methods of income generation?,Mikane Maŋ Nibii Ahemɔ ni Yaa Nɔ Daa (SPP) kɛ sɛɛnamɔi ni jɛɔ mli baa lɛ he sane. Ani obaanyɛ okɛɛ mi babaoo yɛ bɔ ni ekɛ jarayeli hei lɛ yaa shika ni anáa kɛjɛɔ gbɛi krɔŋŋ nɔ lɛ he?
What is the current producer price of cocoa in Ghana?,Mɛni ji cocoa ni afeɔ yɛ Ghana lɛ jara?
I'm interested in learning more about the relationship between materials handling practices and store performance in Ghana. Can you tell me more about this topic?,Miyɛ he miishɛɛ akɛ makase wekukpaa ni yɔɔ nibii ni akɛtsuɔ nii kɛ shwapo mli nitsumɔ teŋ yɛ Ghana lɛ he nii babaoo. Ani obaanyɛ okɛɛ mi enɛ he saji babaoo?
I'm interested in learning more about the purchasing behavior of bottled water consumers in Ghana. Can you tell me more about a recent study on this topic?,Miyɛ he miishɛɛ akɛ makase bɔ ni mɛi ni heɔ nu ni akɛwoɔ tɔ mli yɛ Ghana lɛ feɔ amɛnii amɛhaa lɛ he nii babaoo. Ani obaanyɛ okɛɛ mi nikasemɔ ko ni afee nyɛsɛɛ nɛɛ yɛ saneyitso nɛɛ he lɛ he saji babaoo?
I've been reading about a research study on the cost benefits of delayed payment to clients in Ghana. Can you tell me more about the study's objectives and what it aimed to explore?,Mikane niiamlitaomɔ ko ni kɔɔ sɛɛnamɔi ni yɔɔ nyɔmɔwoo ni sɛɛ tsɛɔ he kɛha mɛi ni heɔ nii yɛ Ghana lɛ he. Ani obaanyɛ okɛɛ mi otii ni yɔɔ nikasemɔ lɛ hiɛ kɛ nɔ ni ekɛmamɔ ehiɛ akɛ ebaapɛi mli lɛ he saji babaoo?
I heard there was a fire outbreak at a market in Ghana. Can you tell me more about it?,Mi nu akɛ la miitso yɛ Ghana jarayelihe lɛ. Ani obaanyɛ okɛɛ mi ehe saji babaoo?
"I'm interested in learning more about hand hygiene practices in Ghana, particularly among food vendors. Can you tell me about the general attitude of Ghanaians towards hand washing?","Miyɛ he miishɛɛ akɛ makase nine mli hetsemɔ he nii babaoo yɛ Ghana, titri lɛ yɛ mɛi ni kɛ niyenii haa lɛ ateŋ. Ani obaanyɛ okɛɛ mi bɔ ni Ghanabii lɛ fɛɛ susuɔ nine mli tsɔsemɔ he amɛhaa lɛ he sane?"
I'm interested in learning more about Value for Money assessments in the public procurement system of Sierra Leone. Can you tell me what Value for Money assessment is?,Miyɛ he miishɛɛ akɛ makase shika ni akɛtsuɔ nii yɛ Sierra Leone maŋ nibii ahe gbɛjianɔtoo lɛ mli lɛ he nii babaoo. Ani obaanyɛ okɛɛ mi nɔ ni ji shika helɛtemɔ he sɛɛyoomɔ?
What factors can affect the colour of drinking water in Ghana?,Mɛɛ nibii baanyɛ aná nu ni anuɔ yɛ Ghana lɛ su nɔ hewalɛ?
"What is the Solo papaya variety, and how does it respond to heat treatment in terms of ripening and fruit quality?","Mɛni ji solo papaya henɔ, ni te etsuɔ ​​nii ehaa tɛŋŋ kɛji akɛ akɛ la tsu nii yɛ bɔ ni ekwɛ̃ɔ kɛ bɔ ni ewoɔ yibii lɛ jogbaŋŋ ha lɛ he?"
I heard the Ghanaian government is planning to ban rice imports. Is this true?,Mi nu akɛ Ghana maŋ nɔyelɔi lɛ miito gbɛjianɔ koni amɛtsi omɔ ni akɛbaa maŋ lɛ mli lɛ naa. Ani enɛ ji anɔkwale?
I'm interested in learning about the relationship between trust and customer satisfaction in Ghana Commercial Bank Ltd. Can you tell me more about a study that was conducted on this topic?,Miyɛ wekukpaa ni yɔɔ hekɛnɔfɔɔ kɛ mɛi ni heɔ nii lɛ atsui ni nyɔɔ mɔ mli yɛ Commercial Bank of Ghana Limited lɛ teŋ lɛ he miishɛɛ. Ani obaanyɛ okɛɛ mi niiamlitaomɔ ni kɔɔ saneyitso nɛɛ he lɛ he saji babaoo?
What is the government's plan to address illegal mining activities on water bodies in Ghana?,Mɛni ji gbɛjianɔtoo ni nɔyeli lɛ eto koni ekɛtsu shika tsuru ni ajieɔ yɛ Ghana nui amli yɛ gbɛ ni ejaaa nɔ lɛ he nii?
I came across a research article about cash management practices in Ghana. Can you tell me more about the study's methodology?,Mina niiamlitaomɔ wolo ko ni kɔɔ bɔ ni akɛ shika tsuɔ nii ahaa yɛ Ghana lɛ he. Ani obaanyɛ okɛɛ mi gbɛ ni atsɔɔ nɔ ataoɔ nii amli lɛ he saji babaoo?
"What is the general description and cultivation of rice, and how does it relate to Liberia?","Mɛni ji bɔ ni atsɔɔ ŋmãa mli ahaa kɛ bɔ ni aduɔ lɛ ahaa, ni te ekɛ Liberia yɔɔ tsakpaa ha tɛŋŋ?"
I read that Dr Ato Forson has set a record in paying contractors. Can you tell me more about this?,Mikane akɛ Dr. Forson to rekodi ko ni ekɛwoɔ nitsumɔ he kpaŋmɔi lɛ nyɔmɔ. Ani obaanyɛ okɛɛ mi enɛ he saji babaoo?
I just read that the Ghanaian government needs a significant amount of money for external debt service in two thousand and twenty-four. Can you tell me more about this?,Mikane akɛ shika babaoo he miihia Ghana nɔyeli lɛ koni ekɛtsu maŋsɛɛ nyɔmɔ ni ewo lɛ he nii yɛ afi akpei enyɔ kɛ nyɔŋmai enyɔ kɛ ejwɛ mli. Ani obaanyɛ okɛɛ mi enɛ he saji babaoo?
I've been reading about food safety in Ghanaian schools. What are some common issues that schools face in terms of food safety?,Mikane niyenii he shweshweeshwefeemɔ he sane yɛ skul ni yɔɔ Ghana lɛ mli. Mɛni ji saji komɛi ni skulbii kɛkpeɔ yɛ niyenii he shweshweeshwefeemɔ he?
I saw a viral image of a price hike for kidney dialysis at Korle-Bu Teaching Hospital. Has the hospital actually increased the cost of dialysis?,Mina mfoniri ko ni gbɛ eshwa ni tsɔɔ bɔ ni tsofa ni akɛwoɔ tsitsi mli lɛ jara etee hiɛ yɛ Korle-Bu Nitsɔɔmɔ Helatsamɔhe lɛ. Ani helatsamɔhe lɛ eha shika ni akɛwoɔ lá mli lɛ etee hiɛ diɛŋtsɛ?
I came across a research article about customer arrival patterns at banks in Ghana. Can you explain what the study found?,Mikɛ niiamlitaomɔ wolo ko ni kɔɔ shihilɛ ni kɔɔ mɛi ni heɔ nii lɛ ahe yɛ shikatoohei ni yɔɔ Ghana lɛ ahe lɛ ekpe. Can you explain what the study found?
Can you explain the concept of project cost management and its significance in construction projects?,Ani obaanyɛ otsɔɔ bɔ ni nitsumɔ lɛ he nyɔmɔwoo he gbɛjianɔtoo lɛ ji kɛ bɔ ni ehe hiaa ha yɛ tsumaa nitsumɔi amli lɛ mli?
I'm interested in learning about the use of indigenous Ghanaian vegetable tanned leather in fashion. Can you tell me more about it?,Miyɛ he miishɛɛ akɛ makase bɔ ni akɛ Ghanabii akutsoŋbii ahewolo tsuɔ nii yɛ atadewoo mli lɛ he nii. Ani obaanyɛ okɛɛ mi ehe saji babaoo?
"I'm interested in learning more about the research methods used in a study about bank customer service quality in Techiman, Ghana. Can you tell me more about the sampling technique used in the study?","Miyɛ he miishɛɛ akɛ makase gbɛi ni atsɔɔ nɔ ataoɔ nii amli ni akɛkaseɔ shikatoohe ni mɛi ni heɔ nii yɛ mli lɛ tsuɔ nii jogbaŋŋ yɛ Techman, Ghana lɛ he nii babaoo. Ani obaanyɛ okɛɛ mi gbɛ ni atsɔɔ nɔ ahala mɛi yɛ nikasemɔ lɛ mli lɛ he saji babaoo?"
"I read that Kalybos, a Ghanaian actor and comedian, received a large sum of money from a fan. What happened?",Mikane akɛ Ghana sini mli shwɛlɔ kɛ shwɛlɔ Kalibos nine shɛ shika babaoo nɔ kɛjɛ mɔ ko ni sumɔɔ sini lɛ dɛŋ. meni ba?
I heard Vodafone is selling its stake in Ghana. Can you tell me more about it?,Mi nu akɛ Vodafone miihɔ egbɛfaŋnɔ yɛ Ghana. Ani obaanyɛ okɛɛ mi ehe saji babaoo?
I'm interested in learning more about the research on rice crop science in Ghana. Can you tell me more about the types of soil used in the study?,Miyɛ he miishɛɛ akɛ makase ŋmãa ŋmɔshi nibii ahe niiamlitaomɔ babaoo yɛ Ghana. Ani obaanyɛ okɛɛ mi shikpɔŋ henɔi ni akɛtsu nii yɛ nikasemɔ lɛ mli lɛ ahe saji babaoo?
I heard that some shops in Ghana are closed. What's happening?,Mi nu akɛ agbe shwapoi komɛi anaa yɛ Ghana. nɔ ni yaa nɔ lɛ
I'm interested in learning about water consumption in Ghana. What are some key findings from the research on water consumption in Koforidua?,Miyɛ he miishɛɛ akɛ male nu ni akɛtsuɔ nii yɛ Ghana lɛ he sane. Mɛni ji nibii titrii komɛi ni ana yɛ nikasemɔ ni kɔɔ nu ni akɛtsuɔ nii yɛ Koforidua lɛ he lɛ mli?
I heard that some customers of Gold Coast Fund Management are planning to stage a protest. What's the reason behind this protest?,Mi nu akɛ Gold Coast Fund Management lɛ mli mɛi komɛi miifee gbɛjianɔ koni amɛtsi amɛhe kɛjɛ he ni amɛyɔɔ lɛ he. What is the reason behind this objection?
What is the main finding of the research article regarding the impact of outsourcing on a firm's cost-efficiency and productivity?,Mɛni ji nɔ titri ni niiamlitaomɔ wolo lɛ na yɛ bɔ ni nitsumɔ ni akɛwoɔ mɛi krokomɛi adɛŋ lɛ saa gbɛjianɔtoo lɛ shika helɛtemɔ kɛ nitsumɔ he lɛ he?
I came across a research article about the relationship between oil price and business cycle in Ghana. Can you tell me more about the data used in the study?,Miyana niiamlitaomɔ wolo ko ni kɔɔ wekukpaa ni kã mu jara kɛ jarayeli shihilɛ teŋ yɛ Ghana lɛ he. Ani obaanyɛ okɛɛ mi saji babaoo ni kɔɔ saji ni akɛtsu nii yɛ nikasemɔ lɛ mli lɛ he?
I heard that the Trades Union Congress (TUC) is warning about an imminent water crisis in Ghana. Can you tell me more about this?,Minu ni Nitsumɔhe Nine Ajinafoi Akuu (TUC) lɛ miibɔ kɔkɔ yɛ nu he naagba ni miiba Ghana lɛ he. Ani obaanyɛ okɛɛ mi enɛ he saji babaoo?
I'm interested in learning more about the impact of dividend policy on share prices in emerging markets. Can you tell me about a study that was conducted on this topic in Ghana?,Miyɛ he miishɛɛ akɛ makase bɔ ni shika ni ajaa lɛ he mla lɛ saa shika ni akɛwoɔ jarayeli hei ni miiya hiɛ lɛ ahe lɛ he nii babaoo. Ani obaanyɛ okɛɛ mi nikasemɔ ko ni afee yɛ Ghana yɛ saneyitso nɛɛ he lɛ he sane?
I've been reading about the use of sweetpotato puree in bread making in Ghana. Can you tell me more about this research?,Mikane bɔ ni akɛ ŋmɔtɔ ni mli tse tsuɔ nii yɛ blodofeemɔ mli yɛ Ghana lɛ he sane. Ani obaanyɛ okɛɛ mi niiamlitaomɔ nɛɛ he saji babaoo?
"What are some key findings from research on water management in Ghana, particularly in relation to the informal economy and urban water supply?","Mɛni ji nibii titrii komɛi ni ana yɛ nikasemɔi ni kɔɔ nu he nitsumɔ he yɛ Ghana, titri lɛ yɛ shika helɛtemɔ ni bɛ gbɛjianɔtoo mli kɛ maŋtiase mli nu ni akɛhaa lɛ he?"
What is the latest news regarding the gold and cash seizures made by National Security in Ghana?,Mɛni ji adafitswaa hee ni kɔɔ shika tsuru kɛ shika ni maŋ shweshweeshwefeemɔ he nitsulɔi lɛ kɛbaa yɛ Ghana lɛ he?
I've been reading about disaster management in Ghana. Can you tell me about the effectiveness of fire risk communication in the central market of Kumasi?,Mikane bɔ ni atsuɔ osharai ahe nii yɛ Ghana lɛ he nii. Ani obaanyɛ okɛɛ mi bɔ ni la he sanegbaa ni yɔɔ Kumasi Central Market lɛ tsuɔ nii jogbaŋŋ ehaa lɛ he sane?
What happened to an eight-year-old girl in Dansoman Market on the twenty-sixth of November in the year twenty twenty-five?,"Mɛni ba gbekɛ yoo ni eye afii kpaanyɔ lɛ nɔ yɛ Dansoman Jarayelihe lɛ yɛ November nyɔŋmai enyɔ kɛ ekpaa, afii nyɔŋmai enyɔ kɛ enumɔ?"
I'm interested in learning more about the use of mobile money in Ghana. Can you tell me a bit about the current state of mobile money in the country?,Miyɛ he miishɛɛ akɛ makase bɔ ni akɛ mobile money tsuɔ nii yɛ Ghana lɛ he nii babaoo. Kɛɛmɔ mi bɔ ni mobile money yɔɔ maŋ lɛ mli amrɔ nɛɛ he sane fioo?
"What is the current state of the Ghana stock exchange, and how has it impacted the capital market?","Te Ghana shikatoohe lɛ shihilɛ yɔɔ amrɔ nɛɛ, ni te ena maŋtiase lɛ jarayelihe lɛ nɔ hewalɛ eha tɛŋŋ?"
"I've been reading about a new trend in plastic surgery. Apparently, some people are paying seventy-six thousand  US dollarsto have their legs lengthened. Can you tell me more about this procedure?",Mikaneɔ nibii heei ni yaa nɔ yɛ plastic opireshɛn mli lɛ he sane. Mɛi komɛi miiwo dɔlai akpei nyɔŋmai kpawo kɛ enumɔ koni amɛha amɛnaji lɛ alɛɛ. Ani obaanyɛ okɛɛ mi gbɛjianɔtoo nɛɛ he saji babaoo?
What are some internal factors that can influence the market orientation of a firm?,Mɛni ji nibii komɛi ni yɔɔ mli ni náa nitsumɔhe ko jarayeli gbɛ nɔ hewalɛ?
What makes Ghana's payment system unique in Africa?,Mɛni haa Ghana nyɔmɔwoo gbɛjianɔtoo lɛ feɔ nɔ ni yɔɔ srɔto kwraa yɛ Afrika?
What is the importance of establishing a target cost in construction projects?,Mɛni ji sɛɛnamɔ ni yɔɔ shika ni ato he gbɛjianɔ yɛ tsumaa nitsumɔi amli lɛ he?
What did the CEO of Coconut Grove Regency Hotel say at the launch of the Ghana Poultry Festival two thousand and twenty-five?,Mɛni ji nɔ ni Coconut Grove Regency Hotel lɛ nɔkwɛlɔ lɛ kɛɛ yɛ Ghana Kooloi Ayeli Gbi Jurɔyeli 2025 lɛ shishijee mli?
I'm interested in learning more about corporate governance and its impact on cost of capital. Can you tell me about a study that examined this relationship in Ghana?,Miyɛ he miishɛɛ akɛ makase nitsumɔhe nɔyeli kɛ bɔ ni enáa shika helɛtemɔ nɔ hewalɛ ehaa lɛ he nii babaoo. Ani obaanyɛ okɛɛ mi nikasemɔ ko ni pɛi wekukpaa ni yɔɔ Ghana lɛ mli?
I'm interested in learning more about the research methodology used in the study on personal selling and its importance in an organization. Can you tell me more about the data collection methods?,Miyɛ he miishɛɛ akɛ makase niiamlitaomɔ gbɛ ni akɛtsu nii yɛ nikasemɔ ni kɔɔ mɔ diɛŋtsɛ jarayeli he kɛ bɔ ni ehe hiaa ha yɛ gbɛjianɔtoo lɛ mli lɛ he nii babaoo. Ani obaanyɛ okɛɛ mi gbɛi ni atsɔɔ nɔ abuaa saji anaa lɛ ahe saji babaoo?
What happened during the 'Hands Off Our Hotels' demonstration in Ghana on the eighteenth of June in the year twenty twenty-four?,Mɛni ba ‘Hands of Our Hotels’ toiŋjɔlɛ nifeemɔ ni tee nɔ yɛ Ghana yɛ June 18th afii nyɔŋmai enyɔ kɛ ejwɛ ni eho nɛ lɛ nɔ?
Can you explain the relationship between poverty and access to potable water in Ghana?,Ani obaanyɛ otsɔɔ wekukpaa ni kã ohia kɛ nu ni anuɔ ni anáa yɛ Ghana lɛ teŋ lɛ mli?
I'm studying the properties of water samples from Ghana. Can you tell me about the descriptive statistics for the mass of mercury in mg per litre?,Miikaseɔ nibii ni yɔɔ nu ni ajie kɛjɛ Ghana lɛ mli lɛ he nii. Ani obaanyɛ okɛɛ mi akɔntaabuu ni tsɔɔ bɔ ni mercury lɛ fa ha yɛ mg mli yɛ lita kome mli lɛ?
What is the main goal of the study on the production of sliced pineapple at a fruit processing plant in Ghana?,Mɛni ji oti titri ni yɔɔ nikasemɔ ni kɔɔ ŋmei ni afolɔ afeemɔ he yɛ tso yibii ahe nitsumɔhe ko ni yɔɔ Ghana lɛ sɛɛ?
What research design did the study on the effect of exchange rates volatility on stock prices use?,Mɛɛ niiamlitaomɔ gbɛjianɔtoo nikasemɔ lɛ pɛi bɔ ni shika tsakemɔ ni tsakeɔ lɛ saa shika ni akɛtsuɔ nii lɛ jara he lɛ mli?
What is the relationship between stock prices and exchange rates in Ghana?,Mɛni ji wekukpaa ni yɔɔ Ghana nibii ahe jara kɛ shika tsakemɔ teŋ?
I heard that Telecel Cash is now available on Google Play. Can you tell me more about this?,Mi nu akɛ Telecell shika yɛ Google Play nɔ bianɛ. Ani obaanyɛ okɛɛ mi enɛ he saji babaoo?
"What is hyper-concentrated flow, and how does it differ from clear water?","Mɛni ji nu ni hoɔ babaoo, ni te esoro lɛ kwraa yɛ nu krɔŋŋ he eha tɛŋŋ?"
I heard that a new store has opened at Accra Mall. Can you tell me more about it?,Mi nu akɛ agbele shwapo hee ko naa yɛ Accra Mall. Ani obaanyɛ okɛɛ mi ehe saji babaoo?
What was the Producer Price Inflation rate in October two thousand and twenty-four inches Ghana?,Mɛni ji nibii ni afee lɛ ahe jara ni tee hiɛ yɛ Ghana yɛ October 2014?
"I'm reading a research article about the Ghanaian economy, and I came across a term 'law of one price'. Can you explain it in the context of Ghana's economy?","Mikaneɔ niiamlitaomɔ wolo ko yɛ Ghana shika helɛtemɔ he, ni mikɛ wiemɔ ni ji 'jara kome mla' lɛ kpe. Ani obaanyɛ otsɔɔ mli yɛ Ghana shika helɛtemɔ he?"
I've heard that Bisphenol A (BPA) is used in food packaging. What exactly is BPA and how is it used?,Minu akɛ akɛ Bisphenol A (BPA) tsuɔ nii yɛ niyenii ni akɛwoɔ tsɔne mli lɛ mli. Mɛni diɛŋtsɛ ji BPA ni te akɛtsuɔ nii ahaa tɛŋŋ?
"I've heard that food security is a growing concern in Africa, especially in sub-Saharan Africa. Can you tell me more about this issue?","Minu akɛ niyenii ni anáa lɛ ji nɔ ko ni miiya nɔ yɛ Afrika, titri lɛ Afrika Sahara anaigbɛ. Ani obaanyɛ okɛɛ mi enɛ he saji babaoo?"
"What are some of the issues with the land market in Ghana, particularly affecting the urban poor?","Mɛni ji saji komɛi ni saa shikpɔŋ jarayeli he yɛ Ghana, titri lɛ maŋtiase mli ohiafoi lɛ?"
I read that Kenya has the highest mobile money penetration globally. Can you tell me more about this?,Mikane akɛ Kenya ji maŋ ni anáa shika babaoo kɛjɛɔ mobile money mli yɛ jeŋ fɛɛ. Ani obaanyɛ okɛɛ mi enɛ he saji babaoo?
What is MTN planning to do with its mobile money operations in Ghana?,Mɛni MTN eto gbɛjianɔ koni ekɛ e-mobile money nitsumɔ lɛ afee yɛ Ghana?
Can you explain the market dynamics of egg sales in Ghana compared to poultry meat sales?,Ani obaanyɛ otsɔɔ bɔ ni jarayeli nibii ni kɔɔ ŋshɔŋlooi ni ahɔ̃ɔ kɛ tsina loo ni ahɔ̃ɔ yɛ Ghana lɛ yaa nɔ ehaa lɛ mli?
What is COCOBOD's stance on the new producer price for cocoa farmers for the next crop season?,Mɛni ji COCOBOD shidaamɔ yɛ nibii ni afeɔ lɛ jara hee kɛha kookoo okwaafoi yɛ ŋmɔshi nibii akwɛmɔ be ni baa lɛ mli?
I'm interested in learning more about the shelf-stability of dried meat products. Can you explain what factors contribute to shelf-stability?,Miyɛ he miishɛɛ akɛ makase babaoo yɛ bɔ ni loo ni egbi lɛ baanyɛ ahi shi yɛ shɛlɛf mli lɛ he. Ani obaanyɛ otsɔɔ nibii ni haa shɛlɛf lɛ hiɔ shi jogbaŋŋ lɛ mli?
I've been reading about the nutritional potential of vegetable oils. Can you tell me more about the fatty acid profiles of different oils?,Mikane niyenii ni haa mɔ he waa ni yɔɔ tsofa-kɛ-ŋma mli lɛ he sane. Ani obaanyɛ okɛɛ mi fatty acid ni yɔɔ fɔ srɔtoi amli lɛ he saji babaoo?
"What is customer service, and why is it important for businesses?",Mɛni ji mɛi ni heɔ nii lɛ anitsumɔ ni mɛni hewɔ ehe hiaa yɛ jarayeli mli lɛ?
I heard a disturbing news story about a man attempting to sacrifice his daughter for money in Ghana. What happened?,Minu awerɛho sane ko ni kɔɔ nuu ko ni yɔɔ Ghana ni bɔ mɔdɛŋ akɛ ekɛ ebiyoo baasha afɔle yɛ shika hewɔ lɛ he. meni ba?
What's the arrangement for paying winning bonuses to the Black Stars technical team?,Mɛni ji gbɛjianɔtoo ni ato koni akɛwo Black Stars ŋaa kuu lɛ nyɔmɔ ni akɛyeɔ kunim lɛ?
I've been reading about the causes of delay and cost overruns in construction of groundwater projects in Ghana. Can you tell me more about this issue?,Mikane nɔ ni kɛ sɛɛkuu kɛ shika ni fa fe nine ni akɛtsuɔ nii yɛ shikpɔŋ shishi nu nitsumɔi amli yɛ Ghana lɛ baa lɛ he nii. Ani obaanyɛ okɛɛ mi enɛ he saji babaoo?
I'm interested in learning about sanitizers for produce. What are some common sanitizers used in the food industry?,Miyɛ he miishɛɛ akɛ makase sanitizers ni akɛtsuɔ nii kɛfeɔ nii lɛ ahe nii. Mɛni ji nibii komɛi ni afɔɔ feemɔ yɛ niyenii afeemɔ nitsumɔhei lɛ?
I'm trying to understand the process of allocating to the least cost cell in the context of transportation tables. Can you explain how it works?,Miibɔ mɔdɛŋ ni manu gbɛ ni atsɔɔ nɔ akɛ cell ni jara waaa fe fɛɛ haa yɛ gbɛfaa okpɔlɔi lɛ amli lɛ shishi. Ani obaanyɛ otsɔɔ bɔ ni etsuɔ ​​nii ehaa lɛ mli?
I've been reading about rice production in Ghana and I'm curious about the different methods used for threshing. What are some of the methods mentioned in the research?,Mikaneɔ bɔ ni afeɔ ŋmãa yɛ Ghana lɛ he nii ni miitao male gbɛi srɔtoi ni atsɔɔ nɔ ashwieɔ ŋmãa lɛ. Mɛni ji gbɛi ni atsɔɔ nɔ akaseɔ nii lɛ ekomɛi?
What is the effect of mechanical fruit thinning on pecan yield and quality?,Mɛni ji hewalɛ ni tsɔne ni akɛwoɔ yibii amli lɛ tsuɔ yɛ pecan yibiiwoo kɛ ekpakpafeemɔ nɔ?
I heard that the Energy Sector Levy Act (ESLA) raised a significant amount of money. Can you tell me more about it?,"Mi nu akɛ, Energy Sector Levy Act (ESLA) lɛ eha shika babaoo eba. Ani obaanyɛ okɛɛ mi ehe saji babaoo?"
Can you describe the process of determining the pH of a water sample using the Suntex model SP-seven hundred and one pH Meter?,Ani obaanyɛ otsɔɔ gbɛ ni atsɔɔ nɔ aleɔ pH ni yɔɔ nu mli nɔkwɛmɔnɔ ko mli kɛtsɔ Suntex model SP-701 pH mita nɔ?
I've been reading about food preservation and I'm curious about the role of organic acids in jam production. Can you tell me more about it?,Mikane niyenii ni akɛtoɔ he lɛ he nii ni miitao male kɛ gbɛfaŋnɔ ni organic acids tsuɔ yɛ jam feemɔ mli lɛ he nii. Ani obaanyɛ okɛɛ mi ehe saji babaoo?
Can you explain the research methodology used in the Ghanaian study on water supply in Funsi?,Ani obaanyɛ otsɔɔ niiamlitaomɔ gbɛ ni akɛtsu nii yɛ Ghana nikasemɔ ni kɔɔ nu ni akɛhaa yɛ Funsi lɛ mli lɛ mli?
What can you tell me about the relationship between market risk and profitability in the context of the Asset Liability Committee (ALCO) of a bank in Ghana?,Mɛni obaanyɛ okɛɛ mi yɛ wekukpaa ni yɔɔ jarayeli mli osharai kɛ sɛɛnamɔ ni anáa lɛ teŋ kɛjɛ Asset Liability Committee (ALCO) ni yɔɔ Ghana lɛ susumɔ mli?
"What is the significance of fire risk communication in the central market of Kumasi, Ghana?","Mɛni ji la he sanegbaa he hiamɔ yɛ Kumasi Central Jarayelihe, Ghana?"
I saw an article about the bond market in Ghana. What happened to the trading activity in government bonds?,Mina sane ko ni kɔɔ bond jarayeli he yɛ Ghana. Mɛni ba jarayeli nitsumɔ ni akɛwoɔ nɔyeli lɛ shikatoohei lɛ amli lɛ nɔ?
I'm interested in learning more about maize farming in Ghana. What are some challenges that smallholder farmers face in terms of water availability?,Miyɛ he miishɛɛ akɛ makase ŋmãa ŋmɔshi nibii babaoo yɛ Ghana. Mɛni ji naagbai ni okwaafoi bibii kɛkpeɔ yɛ nu ni amɛnáa lɛ he?
What is the news about GB Foods Ghana?,Mɛni ji adafitswaa ni kɔɔ GB Foods Ghana he?
I've been reading about the environmental implications of municipal landfill leachate in Ghana. Can you tell me more about the effects of leachate on water quality?,Mikane bɔ ni maŋ lɛ mli jwɛi ni ashwieɔ yɛ Ghana lɛ saa shihilɛ he lɛ he sane. Ani obaanyɛ okɛɛ mi babaoo yɛ bɔ ni enáa nu ni fiteɔ nii lɛ nɔ hewalɛ ehaa lɛ he?
I'm interested in learning about the pay-as-you-dump waste strategy implemented by the Kumasi Metropolitan Assembly (KMA) in Ghana. Can you tell me more about the specific objectives of this strategy?,Miyɛ he miishɛɛ akɛ makase gbɛjianɔtoo ni Kumasi Maŋtiase Kpee (KMA) ni yɔɔ Ghana lɛ kɛtsu nii ni ji shika ni okɛshwieɔ shi lɛ he nii. Ani obaanyɛ okɛɛ mi otii pɔtɛɛ ni yɔɔ gbɛjianɔtoo nɛɛ sɛɛ lɛ ahe saji babaoo?
I've been reading about ackee aril flours and their potential uses in food and industrial applications. Can you tell me more about the effects of drying methods on their properties?,Mikane aqui aril powders kɛ bɔ ni akɛtsuɔ nii yɛ niyenii kɛ nitsumɔhei amli lɛ he nii. Ani obaanyɛ okɛɛ mi bɔ ni gbɛi ni atsɔɔ nɔ agbiɔ nii lɛ saa amɛnibii ahe ehaa lɛ he saji babaoo?
I heard Apple made some changes to its App Store rules and fees. Can you tell me more about it?,Mi nu akɛ Apple efee tsakemɔi komɛi yɛ e-App Store mlai kɛ nyɔmɔwoo lɛ mli. Ani obaanyɛ okɛɛ mi ehe saji babaoo?
Can you tell me about the significance of effective communication in today's market? I'm particularly interested in the Ghanaian context.,Ani obaanyɛ okɛɛ mi bɔ ni sanegbaa ni mɔɔ shi jogbaŋŋ he hiaa ha yɛ jarayeli mli ŋmɛnɛ lɛ he sane? Miyɛ Ghana shihilɛ lɛ he miishɛɛ titri.
What measures has the Bank of Ghana taken to strengthen Anti-Money Laundering and Combating the Financing of Terrorism activities?,Mɛɛ gbɛi Ghana Bank of Ghana lɛ etsɔ nɔ ekɛ shika ni akɛtsuɔ nii yɛ gbɛ ni ejaaa nɔ kɛ shika ni akɛwoɔ awuiyelɔi anifeemɔi amli lɛ awu?
I'm interested in learning about the nutritional value of some African indigenous green leafy vegetables in Ghana. Can you tell me more about this topic?,Miyɛ niyenii ni haa mɔ hewalɛ ni yɔɔ Afrikabii akutseiaŋ aduawai komɛi ni yɔɔ Ghana lɛ amli lɛ he miishɛɛ. Ani obaanyɛ okɛɛ mi enɛ he saji babaoo?
I've been reading about the challenges of water supply and sanitation services in Nigeria. Can you tell me more about the current state of these services in the country?,Mikane naagbai ni yɔɔ nu kɛ hetsemɔ he yɛ Nigeria lɛ he sane. Ani obaanyɛ okɛɛ mi nitsumɔi nɛɛ ahe saji babaoo yɛ shihilɛ ni yɔɔ maŋ lɛ mli amrɔ nɛɛ mli?
What happened to the Ghana Water Company Limited in the Ashanti Region?,Mɛni ba Ghana Nu Nitsumɔhe ni yɔɔ Ashanti kpokpaa lɛ nɔ lɛ nɔ?
I'm interested in learning about the capitation payment system in Ghana's healthcare. Can you tell me more about it?,Miyɛ capitation nyɔmɔwoo gbɛjianɔtoo ni yɔɔ helatsamɔ mli yɛ Ghana lɛ he miishɛɛ. Ani obaanyɛ okɛɛ mi ehe saji babaoo?
I heard that Ghana Water Company Limited is facing a tariff hike. Can you tell me more about this?,Mi nu akɛ Ghana Nu Nitsumɔhe Limited lɛ kɛ nyɔmɔwoo ni yaa hiɛ miikpe. Ani obaanyɛ okɛɛ mi enɛ he saji babaoo?
"Who paid an emotional tribute to the late Defence Minister, Dr Edward Omane Boamah, and why?","Namɔ kɛ henumɔŋ yijiemɔ ha maŋsɔɔlɔ ni gbo, Dr. Edward Omane Boama ni mɛni hewɔ?"
I heard that Google is planning to pay some news outlets for their content. Is this true?,Mi nu akɛ Google eto gbɛjianɔ koni ewo adafitswaa woji komɛi nyɔmɔ yɛ amɛnibii lɛ ahewɔ. Ani enɛ ji anɔkwale?
"What are some key factors that influence farmers' willingness to pay for biofertilizers in Ghana, according to a recent study?","Taakɛ nikasemɔ ko ni afee nyɛsɛɛ nɛɛ tsɔɔ lɛ, mɛni ji nibii titrii komɛi ni náa okwaafoi ni sumɔɔ ni amɛwo tsofai ni akɛwoɔ ŋmɔ mli nibii amli lɛ ahe nyɔmɔ yɛ Ghana lɛ nɔ hewalɛ?"
I heard that the National Lottery Authority (NLA) donated some money to an organization that supports persons with disabilities. Can you tell me more about this?,Minu akɛ National Lottery Authority kɛ shika ko eha gbɛjianɔtoo ko ni yeɔ ebuaa mɛi ni bɛ hewalɛ lɛ. Ani obaanyɛ okɛɛ mi enɛ he saji babaoo?
I read that Ghana is vulnerable to external shocks due to its high food imports. Can you tell me more about this?,Mikane akɛ Ghana nyɛɔ ekɛ kponɔgbɛ shoofeemɔi baa yɛ niyenii babaoo ni ekɛbaa maŋsɛɛ lɛ hewɔ. Ani obaanyɛ okɛɛ mi enɛ he saji babaoo?
I've heard that zinc can be toxic in large quantities. Is that true?,Minu akɛ zinc baanyɛ afee nɔ ni gbeɔ mɔ kɛji akɛ ebɔi babaoo. lɛ ji anɔkwale?
"What are the nutritional benefits of soybean as a food source, especially for people with allergies?","Mɛni ji niyenii mli hewalɛ ni yɔɔ soy he akɛ niyenii jɛɛhe, titri lɛ kɛha mɛi ni yeɔ allergy lɛ?"
I came across an article about stock market analysis in Ghana. Can you explain the concept of systematic risk and its relation to stock performance?,Mikɛ niŋmaa ko ni kɔɔ jarayeli nibii amlipɛimɔ he yɛ Ghana lɛ kpe. Ani obaanyɛ otsɔɔ shishinumɔ ni ji systematic risk kɛ wekukpaa ni yɔɔ ekɛ shikatoohe lɛ nitsumɔ teŋ lɛ mli?
I'm interested in learning more about the Makola Shopping Mall in Ghana. What are some of the amenities that the mall offers to its customers?,Miyɛ he miishɛɛ akɛ male Makola Nihɔɔmɔ He ni yɔɔ Ghana lɛ he saji babaoo. Mɛni ji nibii komɛi ni jarayelihe lɛ kɛhaa mɛi ni baahe nii yɛ jɛmɛ lɛ?
I'm interested in learning more about Roselle plants. What parts of the plant are typically harvested and used as vegetables?,Miyɛ he miishɛɛ akɛ makase Roselle tsei lɛ ahe nii babaoo. Mɛɛ tsei ahe nibii afɔɔ kpamɔ ni akɛtsuɔ nii akɛ aduawai?
I heard that Ghana's Parliament approved the payment of emoluments to the First and Second Ladies. What's the reasoning behind this decision?,Mi nu akɛ Ghana maŋkwramɔŋ saneyelihe lɛ ekpɛlɛ kaimɔ nyɔmɔwoo nɔ aha yei ni yɔɔ klas klɛŋklɛŋ kɛ klas ni ji enyɔ lɛ. Mɛni ji yiŋtoo ni yɔɔ yiŋkpɛɛ nɛɛ sɛɛ?
What were the main findings of the study on tomato genotypes in Ghana?,Mɛni ji nibii titrii ni ana yɛ nikasemɔ ni kɔɔ tomato genotypes he yɛ Ghana lɛ mli?
I'm trying to understand how markets work in Ghana. Can you explain what a Bilateral Monopolist Market is?,Miibɔ mɔdɛŋ ni manu bɔ ni jarayeli hei tsuɔ nii yɛ Ghana lɛ shishi. Ani obaanyɛ otsɔɔ nɔ ni jarayeli ni ji binary monopolist lɛ ji?
I came across a research article about the household cost of diabetes mellitus in Ghana. Can you tell me more about the study and its objectives?,Miyana niiamlitaomɔ wolo ko ni kɔɔ weku shika ni yeɔ sikli hela he yɛ Ghana lɛ he. Ani obaanyɛ okɛɛ mi nikasemɔ lɛ kɛ otii ni yɔɔ mli lɛ ahe saji babaoo?
I'm reading a research article about the relationship between economic growth and insurance market development. Can you tell me what type of data the researchers used for their study?,Mikaneɔ niiamlitaomɔ wolo ko ni kɔɔ wekukpaa ni yɔɔ shika helɛtemɔ mli hiɛyaa kɛ inshuɔrans jarayeli mli hiɛyaa teŋ lɛ he. Ani obaanyɛ okɛɛ mi saji ni niiamlitaolɔi lɛ kɛtsu nii kɛkase nii lɛ?
"What are the health benefits of consuming fruits and vegetables, and are there any specific initiatives to promote their consumption in Ghana?","Mɛni ji hewalɛnamɔ he sɛɛ ni yɔɔ aduawai kɛ aduawai ayeli he, ni ani gbɛjianɔtoi pɔtɛɛ komɛi yɛ ni atsɔɔ nɔ awoɔ amɛyeli he hewalɛ yɛ Ghana?"
"I'm interested in learning more about customer service in the banking industry, specifically in Ghana. Can you tell me about a study that analyzed the customer service of Ecobank Ghana Limited?","Miyɛ he miishɛɛ akɛ makase nibii babaoo ni kɔɔ mɛi ni heɔ nii yɛ shikatoohe lɛ ahe, titri lɛ yɛ Ghana. Ani obaanyɛ okɛɛ mi nikasemɔ ko ni pɛi Ecobank Ghana Limited lɛ nitsumɔ mli lɛ he sane?"
What were some of the methods used to teach students about the parts of a fish in the Experimental Class One?,Mɛni ji gbɛi komɛi ni atsɔ nɔ atsɔɔ nikaselɔi lɛ loo lɛ fãi ni yɔɔ Kasemɔ Klɛŋklɛŋ lɛ mli lɛ?
I'm trying to understand the concept of cash management in a business setting. Can you explain what cash management is and its importance?,Miibɔ mɔdɛŋ ni manu shika he gbɛjianɔtoo he susumɔ lɛ shishi yɛ jarayeli shihilɛ mli. Ani obaanyɛ otsɔɔ nɔ ni shika he gbɛjianɔtoo ji kɛ bɔ ni ehe hiaa ha lɛ mli?
What was the research design used in the study on the influences of service scape on customer satisfaction in the Ghanaian hospitality industry?,Mɛni ji niiamlitaomɔ gbɛjianɔtoo ni akɛtsu nii yɛ nikasemɔ ni kɔɔ bɔ ni sɔɔmɔ mlilɛɛmɔ lɛ saa mɛi ni heɔ nii lɛ atsui ni nyɔɔ mɔ mli yɛ Ghana gbɔfeemɔ nitsumɔ lɛ mli lɛ he lɛ mli?
I'm interested in learning more about the insect pests that affect okra and tomato crops in Ghana. Can you tell me about the types of pests that were identified in a recent study?,Miyɛ he miishɛɛ akɛ makase kooloi ni yeɔ okra kɛ tomato ŋmɔshi nibii anɔ yɛ Ghana lɛ ahe nii babaoo. Ani obaanyɛ okɛɛ mi tsɛŋemɔ helai ahe nibii ni ana yɛ nikasemɔ ko ni afee nyɛsɛɛ nɛɛ mli lɛ ahe sane?
What is the opportunity cost incurred by individuals seeking malaria care in Ghana?,Mɛni ji hegbɛ ni aŋkroaŋkroi ni miitao atiridii helatsamɔ yɛ Ghana lɛ yɔɔ lɛ he nyɔmɔwoo?
I've been reading about the risks of norovirus gastroenteritis from consuming vegetables irrigated with wastewater in Ghana. Can you tell me more about this?,Mikane nɔ ni norovirus gastroenteritis ni jɛɔ aduawai ni akɛwoɔ nu ni mli ewo muji mli lɛ mli baa yɛ Ghana lɛ he sane. Ani obaanyɛ okɛɛ mi enɛ he saji babaoo?
What is the significance of the anaerobic digestion process in the context of water hyacinth and sewage sludge?,Mɛni ji sɛɛnamɔ ni yɔɔ anaerobic digestion gbɛjianɔtoo he kɛha nu mli sũ kɛ muji?
I'm interested in learning more about water pollution in Ghana. Can you tell me a bit about the current state of water pollution in the country?,Miyɛ he miishɛɛ akɛ makase nu mli mujiwoo ni yɔɔ Ghana lɛ he nii babaoo. Kɛɛmɔ mi nu mli mujiwoo shihilɛ ni yɔɔ maŋ lɛ mli amrɔ nɛɛ he sane fioo?
I heard that the Ghanaian government introduced a new road and bridge toll in two thousand and ten. How much money has been collected from this toll so far?,Mi nu akɛ Ghana nɔyeli lɛ ewo gbɛjegbɛi kɛ blɔji ahe nyɔmɔ heei akpei enyɔ kɛ nyɔŋma. Shika enyiɛ abua naa kɛjɛ nyɔmɔwoo nɛɛ mli kɛbashi amrɔ nɛɛ?
"I've been reading about mobile money services in Ghana, specifically in Bongo District. Can you tell me more about how mobile money promotes savings mobilization among the people there?","Mikane shika ni akɛyaa tsɔne mli lɛ he nitsumɔi yɛ Ghana, titri lɛ yɛ Bongo kpokpaa lɛ nɔ. Ani obaanyɛ okɛɛ mi babaoo yɛ bɔ ni mobile money baanyɛ aha shikatoo aya hiɛ yɛ mɛi ni yɔɔ jɛmɛ lɛ ateŋ lɛ he?"
I've been reading about phytoremediation and its potential to clean up contaminated soil and water. Can you explain the concept of phytostimulation and how it works?,Mikane phytoremediation kɛ bɔ ni ebaanyɛ etsumɔ shikpɔŋ kɛ nu ni mli ewo muji lɛ he nii. Ani obaanyɛ otsɔɔ shishinumɔ ni ji phytostimulation kɛ bɔ ni etsuɔ ​​nii eha lɛ mli?
I heard there's a new market opening in Accra. What's the current status of the Pedestrians Shopping Mall?,Minu akɛ agbele jarayelihe hee ko naa yɛ Accra. Mɛni ji gbɛfalɔi ashwapo lɛ shihilɛ amrɔ nɛɛ?
"What is MTN Ghana's Mobile Money month, and what is the theme for this year's celebration?",Mɛni ji MTN Ghana Mobile Money Nyɔŋ lɛ ni mɛni ji afi nɛɛ gbijurɔyeli lɛ saneyitso?
I heard that there's a new law being proposed in Nigeria to change the way people pay rent. Can you tell me more about it?,Mi nu akɛ awo mla hee ko yɛ Nigeria ni baa tsake bɔ ni gbɔmɛi woɔ amɛ shĩa nyɔmɔ amɛhaa lɛ. Ani obaanyɛ okɛɛ mi ehe saji babaoo?
What's the latest news on Ghana's rice production?,Mɛni ji adafitswaa hee ni kɔɔ ŋmãa ni afeɔ yɛ Ghana lɛ he?
I'm interested in learning about the Produce Buying Company (PBC) in Ghana. What are some of the recommendations for improving their customer service?,Miyɛ he miishɛɛ akɛ male Nibii Ahe Nitsumɔhe (PBC) ni yɔɔ Ghana lɛ he sane. Mɛni ji ŋaawoi komɛi ni baaha amɛ nitsumɔ ni amɛtsuɔ amɛhaa mɛi ni heɔ nii lɛ aya hiɛ?
I'm interested in learning about water disinfection methods. Can you tell me about the slug method?,Miyɛ gbɛi ni atsɔɔ nɔ ashɛɔ nu he lɛ he miishɛɛ. Ani obaanyɛ okɛɛ mi slog gbɛ lɛ he sane?
I came across a research article about financial literacy among market women in Ghana. Can you tell me more about the study's objectives?,Miyana niiamlitaomɔ wolo ko ni kɔɔ shika he nikasemɔ he yɛ jarayeli yei ni yɔɔ Ghana lɛ ateŋ. Ani obaanyɛ okɛɛ mi otii ni yɔɔ nikasemɔ lɛ mli lɛ ahe saji babaoo?
I've heard about the potential of organic fruits and vegetables in Ghana. Can you tell me more about the current state of research in this area?,Minu bɔ ni aduawai kɛ aduawai ni akɛ tsofai tsuuu nii yɛ mli lɛ baanyɛ atsu nii aha yɛ Ghana lɛ he. Ani obaanyɛ okɛɛ mi bɔ ni niiamlitaomɔ ni yɔɔ nɛkɛ he nɛɛ yɔɔ ha lɛ he saji babaoo?
I'm interested in learning about the Gram staining procedure. Can you walk me through the steps?,Miyɛ he miishɛɛ akɛ makase gram staining gbɛjianɔtoo lɛ he nii. Ani obaanyɛ onyiɛ mi gbɛ kɛtsɔ atswere lɛ nɔ?
I'm interested in learning more about the demand for local rice in Ghana. Can you explain how the price of local rice affects its demand?,Miyɛ he miishɛɛ akɛ makase bɔ ni maŋ lɛ mli ŋmãa biɔ yɛ Ghana lɛ he nii babaoo. Ani obaanyɛ otsɔɔ bɔ ni maŋ lɛ mli ŋmãa jara saa nibii ni ataoɔ lɛ ahe ehaa lɛ mli?
"I'm interested in learning more about the impact of macroeconomic variables on stock markets, especially in emerging markets. Can you tell me more about this topic?","Miyɛ he miishɛɛ akɛ makase babaoo yɛ bɔ ni shika helɛtemɔ mli nibii ni tsakeɔ lɛ náa shika helɛtemɔ jarayeli nɔ hewalɛ ehaa lɛ he, titri lɛ jarayeli hei ni miiya hiɛ lɛ. Ani obaanyɛ okɛɛ mi enɛ he saji babaoo?"
What's the current state of food prices in Ghana?,Mɛni ji niyenii jara shihilɛ ni yɔɔ Ghana amrɔ nɛɛ?
I've been reading about the factors that influence the final cost of a construction project in Ghana. What are some of the most critical factors that contractors consider when preparing estimates?,Mikane nibii ni saa naagbee shika ni akɛbaatsu tsumaa nitsumɔ ko he nii yɛ Ghana lɛ he nii. Mɛni ji nibii komɛi ni he hiaa waa ni mɛi ni tsuɔ nii yɛ nitsumɔ mli lɛ susuɔ he beni amɛtoɔ shika he akɔntaabuu he gbɛjianɔ lɛ?
I'm interested in learning about water analysis. Can you explain the process of determining total hardness in water?,Miyɛ nu mlipɛimɔ he miishɛɛ. Ani obaanyɛ otsɔɔ gbɛ ni atsɔɔ nɔ aleɔ bɔ ni nu mli wa ha kwraa lɛ mli?
I'd like to know more about the credit management practices of Adansi Rural Bank Ltd in Ghana. Can you tell me about the target customers for their credit disbursement?,Miisumɔ ni male bɔ ni Adansi Rural Bank Limited ni yɔɔ Ghana lɛ tsuɔ shika he nii ehaa lɛ he saji babaoo. Ani obaanyɛ okɛɛ mi mɛi ni okɛ amɛ woɔ shika ni okɛwoɔ shikatoohe lɛ mli lɛ ahe sane?
I'm interested in learning about the relationship between materials handling practices and store performance. Can you tell me more about this topic?,Miyɛ wekukpaa ni yɔɔ nibii ahe nitsumɔ kɛ shwapo mli nitsumɔ teŋ lɛ he miishɛɛ. Ani obaanyɛ okɛɛ mi enɛ he saji babaoo?
"I've been reading about Eung Ho-Park's work, specifically his piece 'I'm Looking at You'. Can you tell me more about the materials and inspiration behind this piece?","Mikane Eung Ho-Park nitsumɔ lɛ he saji, titri lɛ ‘Mikwɛɔ Bo’ fã lɛ. Ani obaanyɛ okɛɛ mi nibii kɛ mumɔ tsirɛmɔ ni yɔɔ nɛkɛ fã nɛɛ sɛɛ lɛ he saji babaoo?"
What are the main crops in the root and tuber-based food system in South Eastern Nigeria?,Mɛni ji ŋmɔshi nibii titrii ni damɔ shishifãi kɛ ŋmeii anɔ yɛ Nigeria Anaigbɛ Bokagbɛ?
I'm interested in learning about weaning foods in Ghana. What are some strategies used to improve their nutritional value?,Miyɛ he miishɛɛ akɛ male niyenii ni ashɛrɛɔ ashwieɔ shi yɛ Ghana lɛ he sane. Mɛɛ gbɛi akɛtsuɔ nii koni akɛha amɛ niyenii mli hewalɛ aya hiɛ?
"What are some potential strategies for managing fire disasters in central markets, such as the one in Kumasi, Ghana?","Mɛni ji gbɛi komɛi ni abaanyɛ atsɔ nɔ akudɔ la yɛ jarayeli hei wuji tamɔ Kumasi, Ghana?"
"I've seen some pictures of damaged spark plugs on social media, and people are blaming the petrol they bought from pumps in Ghana. Is this true?",Mi na kanei ni ekumɔ lɛ ahe mfonirii yɛ social media nɔ ni mɛi kɛ fɔ fɔɔ pɛtrol ni amɛheɔ kɛjɛɔ pɔmpii ni yɔɔ Ghana lɛ amli lɛ nɔ. Ani enɛ ji anɔkwale?
I came across a research article about the effect of crude oil prices and monetary policy on economic growth in Ghana. Can you tell me more about the data used in the study?,Miyana niiamlitaomɔ wolo ko ni kɔɔ bɔ ni mu ni akɛwoɔ tsɔne mli lɛ jara kɛ shika he gbɛjianɔtoo lɛ náa shika helɛtemɔ mli hiɛyaa nɔ hewalɛ ehaa yɛ Ghana lɛ he. Ani obaanyɛ okɛɛ mi saji babaoo ni kɔɔ saji ni akɛtsu nii yɛ nikasemɔ lɛ mli lɛ he?
I've heard that microbial contamination of irrigation water and vegetables is a significant issue in Ghana. Can you tell me more about the current state of research in this area?,Minu akɛ nu ni akɛshwieɔ shi kɛ aduawai amli helai bibii ni fiteɔ lɛ ji sane ko ni he hiaa waa yɛ Ghana. Ani obaanyɛ okɛɛ mi bɔ ni niiamlitaomɔ ni yɔɔ nɛkɛ he nɛɛ yɔɔ ha lɛ he saji babaoo?
"I'm interested in learning more about the 'caged' cubes made with bread, royal icing, and colored granulated sugar. What do they represent in the context of the research?","Miyɛ he miishɛɛ akɛ makase ‘studded’ cubes ni akɛ blodo, maŋtsɛ icing kɛ sugar ni yɔɔ kɔla fee lɛ ahe nii babaoo. Mɛni amɛtsɔɔ yɛ nikasemɔ lɛ mli?"
I'm interested in learning about financial and accounting instructions for schools in Ghana. Can you tell me about the procedures for handling receipts?,Miyɛ shika kɛ akɔntaabuu he gbɛtsɔɔmɔi ni kɔɔ skul ni yɔɔ Ghana lɛ he lɛ he miishɛɛ. Ani obaanyɛ okɛɛ mi gbɛjianɔtoo ni akɛtsuɔ nii yɛ invoice lɛ he lɛ he sane?
I've been reading about a study on using sweet orange and cassava peels to manage root-knot nematodes in tomato plants. Can you explain what root-knot nematodes are and how they affect tomato plants?,Mikane nikasemɔ ko ni akɛ sweet orange kɛ cassava ŋmɔji tsu nii kɛkudɔ root-knot nematodes ni yɔɔ tomato tsei amli lɛ he sane. Ani obaanyɛ otsɔɔ nɔ ni root-knot nematodes ji kɛ bɔ ni amɛnáa tomato tsei anɔ hewalɛ amɛhaa lɛ mli?
I've been reading about water quality in Ghana. What are some of the main issues with uncovered wells in Ghana?,Mikane nu ni yɔɔ Ghana lɛ he sane. Mɛni ji saji titrii komɛi ni kɔɔ nubui ni ajieee nɔ ko nɔ yɛ Ghana lɛ ahe?
I've been reading about the safety of milk-based foods in Ghana. Can you tell me about the contamination levels found in Burkina drinks?,Mikane bɔ ni niyenii ni akɛ mliki fee lɛ yɔɔ shweshweeshwe ha yɛ Ghana lɛ he sane. Ani obaanyɛ okɛɛ mi bɔ ni Burkina nibii ni anuɔ lɛ amli muji lɛ fa ha?
I'm interested in learning about the methodology used in a research study to derive ambient water quality criteria for the protection of human health. Can you tell me more about it?,Miyɛ gbɛ ni atsɔɔ nɔ atsuɔ nii yɛ niiamlitaomɔ nikasemɔ ko mli koni ana shihilɛ mli nu ni hi jogbaŋŋ lɛ he mlai ni akɛbuɔ adesa hewalɛnamɔ he lɛ he miishɛɛ. Ani obaanyɛ okɛɛ mi ehe saji babaoo?
I heard that the Tema Traditional Council is planning to ban expensive funerals. What's behind this decision?,Minu akɛ Tema Kusum Kuu lɛ miiya ni eyagu gbohiiashitee ni jara wa. Mɛni ji nɔ ni hɔ yiŋkpɛɛ nɛɛ sɛɛ?
I came across a research article about Ghanaian goldsmiths and silversmiths. Can you tell me more about their traditional methods for creating jewelry pieces?,Mina sane ko ni kɔɔ Ghana shika tsuru kɛ jwiɛtɛi sɔ̃lɔi ahe. Ani obaanyɛ okɛɛ mi amɛ kusum gbɛi ni amɛtsɔɔ nɔ amɛfeɔ nibii ni akɛwulaa shi lɛ ahe saji babaoo?
"What are the main causes of apparent losses in water distribution systems, and how do they affect customers?",Mɛni ji nibii titri ni kɛ nibii ni laajeɔ yɛ nu mlijaa gbɛjianɔtoi amli lɛ baa ni te amɛnáa mɛi ni heɔ nii lɛ anɔ hewalɛ amɛhaa tɛŋŋ?
I've been reading about pesticide residues in fruits and vegetables. Can you tell me more about the risks associated with consuming these contaminated foods?,Mikane tsofai ni gbeɔ kooloi ni yɔɔ aduawai kɛ aduawai amli lɛ ahe saji. Ani obaanyɛ okɛɛ mi osharai ni yɔɔ niyenii ni mli ewo muji nɛɛ ni ayeɔ lɛ he babaoo?
I've been reading about the banking industry in Ghana. Can you tell me why customer retention is crucial for banks in this country?,Mikane shikatoohe nitsumɔ ni yɔɔ Ghana lɛ he sane. Ani obaanyɛ okɛɛ mi nɔ hewɔ ni shikatoohei ni yɔɔ maŋ nɛɛ mli lɛ ahe hiaa waa lɛ?
What is weaning food and why is it important for infants?,Mɛni ji nu ni akɛhaa gbekɛbii ni afɔɔ amɛ ehee lɛ?
When and where is the Water Africa and West Africa Building & Construction exhibition taking place?,Mɛɛ be kɛ nɛgbɛ Nu Afrika kɛ Anaigbɛ Afrika Tsumaa kɛ Tsumaa He Kpojiemɔ lɛ yaa nɔ yɛ?
Has the Ghanaian government paid the outstanding allowances owed to the Black Queens?,Ani Ghana nɔyeli lɛ ewo Black Queens nyɔmɔ ni ekɛhaa lɛ?
I read about a study in Ghana that surveyed people's perceptions of organic and conventional fruits and vegetables. Can you tell me more about the survey?,Mikane nikasemɔ ko ni afee yɛ Ghana ni bi bɔ ni mɛi susuɔ aduawai kɛ aduawai ni akɛ tsofai tsuuu nii yɛ mli kɛ nɔ ni afɔɔ feemɔ lɛ he amɛhaa lɛ he sane. Ani obaanyɛ okɛɛ mi niiamlipɛimɔ lɛ he saji babaoo?
I heard that Nana Konadu Agyeman-Rawlings paid tribute to some victims of a helicopter crash. Can you tell me more about this?,Minu akɛ Nana Konadu Agyeman-Rawlings wo mɛi komɛi ni gboi yɛ helikɔpta lɛ gbee shi lɛ ahiɛ nyam. Ani obaanyɛ okɛɛ mi enɛ he saji babaoo?
I'm interested in learning more about the demographics of ADB's customers. Can you tell me about their age distribution?,Miyɛ he miishɛɛ akɛ makase ADB mɛi ni heɔ nii lɛ ayibɔ he nii babaoo. Kɛɛmɔ mi amɛ afii amlijaa lɛ he sane?
I read that a University of Ghana lecturer expressed concerns about food insecurity in Ghana. What are some of the factors contributing to this issue?,Mikane akɛ tsɔɔlɔ ko ni yɔɔ Ghana Yunivɛsiti lɛ tsɔɔ bɔ ni niyenii ni anáaa yɛ Ghana lɛ haoɔ lɛ. Mɛni ji nibii komɛi ni kɛ sane nɛɛ baa?
I heard that fuel prices are going to increase in Ghana. Can you tell me more about it?,Mi nu akɛ eshwɛ fioo ni fuɛl jara baaya ŋwɛi yɛ Ghana. Ani obaanyɛ okɛɛ mi ehe saji babaoo?
What are the key dimensions used to measure customer satisfaction in the context of hotel services in Ghana?,Mɛni ji nibii titrii ni akɛsusuɔ bɔ ni mɛi ni heɔ nii lɛ tsui nyɔɔ amɛmli amɛhaa lɛ he yɛ Ghana nitsumɔi ni kɔɔ hotɛl he lɛ mli?
I'm trying to understand the concept of random walk hypothesis in the context of stock prices. Can you explain it to me?,Miibɔ mɔdɛŋ ni manu shishinumɔ ni ji random walk hypothesis lɛ shishi yɛ nibii ahe jara he. obaanyɛ otsɔɔ mi mli
I read that Heath Goldfields Ltd paid a significant amount to settle salary arrears. Can you tell me more about this?,Mikane akɛ Heath Goldfields Ltd ewo shika babaoo koni ekɛwo nyɔmɔwoo ni eshwɛ lɛ he nyɔmɔ. Ani obaanyɛ okɛɛ mi enɛ he saji babaoo?
What is causing the surge in fuel prices in Ghana?,Mɛni ji nɔ ni ha fuɛl jara etee ŋwɛi yɛ Ghana lɛ?
I've been reading about the challenges Ghana faces with tomato paste imports. Can you tell me more about the current situation?,Mikaneɔ naagbai ni Ghana kɛkpeɔ yɛ tomato ŋmɔtɔ ni akɛbaajɛ maŋsɛɛ aba lɛ he. Ani obaanyɛ okɛɛ mi shihilɛ ni yɔɔ amrɔ nɛɛ he saji babaoo?
What strategies did Barclays Bank in Ghana implement to improve customer service?,Mɛɛ gbɛi Barclays Bank ni yɔɔ Ghana lɛ etsɔ nɔ ekɛha mɛi ni heɔ nii lɛ anitsumɔ aya hiɛ?
I came across a research article about water quality in Ghana. Can you explain what Dissolved Oxygen (DO) levels indicate about the suitability of water for aquatic life?,Miyana niiamlitaomɔ wolo ko ni kɔɔ nu ni yɔɔ Ghana lɛ he. Ani obaanyɛ otsɔɔ nɔ ni kɔɔyɔɔ ni mli ewo muji (DO) lɛ falɛ tsɔɔ yɛ bɔ ni nu lɛ sa kɛha nu mli wala he lɛ mli?
"What is the Deputy Minister of Food and Agriculture urging the private sector to do, according to a recent statement?",Mɛni ji nɔ ni niyenii kɛ okwaayeli he maŋ onukpa lɛ wo aŋkroaŋkroi nitsumɔhei lɛ hewalɛ koni amɛfee yɛ ewiemɔ ni ewie nyɛsɛɛ nɛɛ mli?
I'm interested in learning about the safety of drinking water in Ghana. Can you tell me about the acceptable levels of nitrates in drinking water?,Miyɛ bɔ ni nu ni anuɔ lɛ yɔɔ shweshweeshwe yɛ Ghana lɛ he miishɛɛ. Ani obaanyɛ okɛɛ mi nitrates ni yɔɔ nu ni anuɔ lɛ mli ni akpɛlɛɔ nɔ lɛ he sane?
I heard that fuel prices were supposed to drop in Ghana. Did that happen?,Minu akɛ esa akɛ fuɛl jara aba shi yɛ Ghana. ani eba mli
I've heard of a popular drink called 'Burkina' in Ghana. Can you tell me more about it?,Mi nu dãa ko ni ehe gbɛi waa yɛ Ghana ni atsɛɔ lɛ 'Burkina' lɛ he. Ani obaanyɛ okɛɛ mi ehe saji babaoo?
I'd like to know more about the research methodology used in a study about consumers' willingness to pay for organic fruits and vegetables in Ghana. Can you explain how the participants were selected?,Miisumɔ ni male niiamlitaomɔ gbɛ ni akɛtsu nii yɛ nikasemɔ ko ni kɔɔ bɔ ni mɛi ni heɔ nii lɛ sumɔɔ ni amɛwo aduawai kɛ aduawai ni akɛ tsofai tsuuu nii yɛ mli lɛ ahe nyɔmɔ yɛ Ghana lɛ he babaoo. Ani obaanyɛ otsɔɔ bɔ ni ahala mɛi ni kɛ amɛhe wo mli lɛ mli?
What is the significance of markets in the development of the Asutifi District?,Mɛni ji jarayeli he hiamɔ yɛ Asutifi kpokpaa lɛ hiɛyaa mli?
Can you explain the process of collecting water samples in the Ghanaian research study?,Ani obaanyɛ otsɔɔ bɔ ni abuɔ nu mli saji anaa yɛ niiamlitaomɔ nikasemɔ ko ni afee yɛ Ghana lɛ mli?
I'm interested in learning more about mobile money transfer in Ghana. Can you tell me when the service was introduced in the country?,Miyɛ he miishɛɛ akɛ makase babaoo yɛ mobile shika ni akɛyaa Ghana lɛ he. Ani obaanyɛ okɛɛ mi be ni aje sɔɔmɔ lɛ shishi yɛ maŋ lɛ mli?
What is the current issue surrounding ex-gratia payments to MPs in Ghana?,Mɛni ji sane ni yɔɔ amrɔ nɛɛ ni kɔɔ ex-gratia ni awoɔ MPs yɛ Ghana lɛ he?
I heard that FIFA officials received expensive watches as gifts. What's the story behind this?,Minu akɛ FIFA onukpai lɛ nine shɛɔ watsii ni jara wa nɔ akɛ nikeenii. Mɛni ji sane ni yɔɔ enɛ sɛɛ?
I've been reading about the high levels of pesticide residues in vegetables in Ghana. Can you tell me more about the risks associated with consuming these contaminated vegetables?,"No mli lɛ, mikaneɔ tsofai ni gbeɔ kooloi ni yɔɔ aduawai amli ni fa babaoo yɛ Ghana lɛ he sane. Ani obaanyɛ okɛɛ mi osharai ni yɔɔ nɛkɛ aduawai ni mli ewo muji nɛɛ ayeli he babaoo?"
I read that the International Monetary Fund (IMF) has stated that conditionality helps countries solve balance of payments problems. Can you tell me more about this?,"Mikane akɛ, Jeŋmaji Ateŋ Shika He Nitsumɔhe (IMF) lɛ shihilɛ mli nibii (shihilɛ mli nibii) yeɔ ebuaa maji ni amɛtsuɔ nyɔmɔwoo he naagbai ahe nii. Ani obaanyɛ okɛɛ mi enɛ he saji babaoo?"
I came across a research article about Customer Relationship Management (CRM) in Ghana. Can you tell me more about the scope of the study?,Miyana niiamlitaomɔ wolo ko ni kɔɔ mɛi ni heɔ nii lɛ ateŋ wekukpaa he gbɛjianɔtoo (CRM) he yɛ Ghana. Ani obaanyɛ okɛɛ mi bɔ ni nikasemɔ lɛ yaa hiɛ ehaa lɛ he saji babaoo?
"What was the main message of the New Juaben South MP, Mr. Michael Okyere Baafi, to the market women in Koforidua?","Mɛni ji shɛɛ sane titri ni Juban South Hee lɛ maŋkwramɔŋ onukpa, Mr. Michael Okire Bafi, kɛha jarayeli yei ni yɔɔ Koforidua lɛ?"
I've heard that construction projects in Ghana often experience delays and cost overruns. What are some of the common causes of conflicts in these projects?,"Minu akɛ bei pii lɛ, tsumaa nitsumɔi ni yaa nɔ yɛ Ghana lɛ sɛɛ tsɛɔ, ni amɛheɔ shika babaoo. Mɛni ji nibii komɛi ni kɛ béi baa nitsumɔi nɛɛ amli?"
I'm interested in learning more about the levels of aflatoxin contamination in maize from major markets in Ghana. What were the findings of the study?,Miyɛ he miishɛɛ akɛ male bɔ ni aflatoxin ni yɔɔ ŋmãa mli ni jɛ jarayeli hei wuji ni yɔɔ Ghana lɛ mli lɛ fa ha lɛ he babaoo. Mɛni ji nibii ni ana yɛ nikasemɔ lɛ mli?
I'm interested in learning about the optimal facility location problem. Can you explain the concept of minimizing total transportation cost?,Miyɛ he miishɛɛ akɛ makase naagba ni kɔɔ nibii ni akɛtsuɔ nii jogbaŋŋ lɛ he lɛ he nii. Ani obaanyɛ otsɔɔ susumɔ ni ji gbɛfaa he nyɔmɔwoo fɛɛ ni abaaba shi lɛ mli?
What are some factors that influence the market price of fresh fruits and vegetables in Ghana?,Mɛni ji nibii komɛi ni saa aduawai kɛ aduawai heei ahe jara ni yɔɔ Ghana lɛ he?
What's the latest news on fuel prices in Ghana?,Mɛni ji adafitswaa hee ni kɔɔ fuɛl jara he yɛ Ghana?
"What is the significance of water in human life, and how does it relate to economic development?","Mɛni nu he hiaa yɛ adesai ashihilɛ mli, ni mɛɛ gbɛ nɔ ekɔɔ shika helɛtemɔ mli hiɛyaa he?"
I've heard that wastewater irrigation can pose health risks to consumers of food crops. What are some of the key guidelines for safe use of wastewater in agriculture?,Minu akɛ nu fɔŋ ni akɛshwieɔ shi lɛ kɛ hewalɛnamɔ he osharai baa mɛi ni kɛ niyenii ŋmɔshi nibii tsuɔ nii lɛ anɔ. Mɛni ji gbɛtsɔɔmɔi titrii komɛi ni kɔɔ nu ni fiteɔ nii ni akɛtsuɔ nii yɛ okwaayeli mli lɛ he?
I've heard that the pH level of tomato pastes can vary. What range of pH levels were found in a study on reconstituted tomato powder?,Minu akɛ pH ni yɔɔ tomato ŋmɔtɔ mli lɛ baanyɛ atsake. Mɛɛ pH sɛɛnamɔ ana yɛ nikasemɔ ko ni afee yɛ tomato powder ni atsake lɛ he lɛ mli?
I'm interested in learning more about the insurance industry in Ghana. Can you tell me about a recent study on customer relationship management in the industry?,Miyɛ he miishɛɛ akɛ makase inshuɔrans nitsumɔ ni yɔɔ Ghana lɛ he nii babaoo. Ani obaanyɛ okɛɛ mi nikasemɔ ko ni afee nyɛsɛɛ nɛɛ yɛ mɛi ni heɔ nii lɛ ateŋ wekukpaa nɔkwɛmɔ he yɛ nitsumɔhe lɛ he sane?
I've been reading about Ghana's water bodies and I'm curious about the properties of copper. Can you tell me more about it?,Mikaneɔ nuji ni yɔɔ Ghana lɛ ahe saji ni miitao male bɔ ni akɔɔble yɔɔ ha. Ani obaanyɛ okɛɛ mi ehe saji babaoo?
I'm interested in learning about the effects of sweet orange and cassava peels on tomato plants. Can you tell me more about a specific study on this topic?,Miyɛ bɔ ni sweet orange kɛ cassava ŋmɔtɔ lɛ tsuɔ nii ehaa yɛ tomato tsei anɔ lɛ he miishɛɛ. Ani obaanyɛ okɛɛ mi nikasemɔ pɔtɛɛ ko ni kɔɔ saneyitso nɛɛ he lɛ he saji babaoo?
I'm interested in learning more about the effects of small-scale mining on food production in Ghana. Can you tell me about a research study that investigated this issue?,Miyɛ he miishɛɛ akɛ makase bɔ ni shika bibii ni ajieɔ kɛjɛɔ shikpɔŋ lɛ nɔ lɛ saa niyenii ni anáa yɛ Ghana lɛ he lɛ he nii babaoo. Ani obaanyɛ okɛɛ mi nikasemɔ ko ni tao sane nɛɛ mli lɛ he sane?
"What are the key determinants of food quality, specifically for chocolate?",Mɛni ji nibii titrii ni haa niyenii ni yɔɔ tsokolate mli lɛ feɔ nɔ ni hi?
I came across a research study on pricing quantity surveying consultancy services in Ghana. Can you tell me more about the objectives of the study?,Mikɛ niiamlitaomɔ nikasemɔ ko ni kɔɔ ŋaawoo nitsumɔi ahe yɛ Ghana jarayeli he nikasemɔ mli lɛ ekpe. Ani obaanyɛ okɛɛ mi otii ni yɔɔ nikasemɔ lɛ mli lɛ ahe saji babaoo?
I'm interested in learning about pricing strategies in quantity surveying consultancy services. Can you tell me more about the current state of research in this area?,Miyɛ gbɛi ni atsɔɔ nɔ awoɔ jara kɛha nibii ahe nyɔmɔwoo he ŋaawoo nitsumɔ he miishɛɛ. Ani obaanyɛ okɛɛ mi bɔ ni niiamlitaomɔ ni yɔɔ nɛkɛ he nɛɛ yɔɔ ha lɛ he saji babaoo?
I heard Lidl is giving its British workers a pay rise. Can you tell me more about it?,Minu akɛ Lidl miiwo e-Britain nitsulɔi lɛ nyɔmɔwoo nɔ. Ani obaanyɛ okɛɛ mi ehe saji babaoo?
I've been reading about financial market integration in Africa. Can you explain to me what it means and why it's important?,Mikane Afrika shika helɛtemɔ jarayeli ni akɛwoɔ mli lɛ he sane. Ani obaanyɛ otsɔɔ mi nɔ ni etsɔɔ kɛ nɔ hewɔ ni ehe hiaa lɛ?
What are some common parasites found in fruits and vegetables in Norway?,Mɛni ji tsɛŋemɔ helai ni anaa yɛ aduawai kɛ aduawai amli yɛ Norway lɛ ekomɛi?
What is the main objective of the study on digitalization in the agri-food industry in Ghana?,Mɛni ji oti titri ni yɔɔ nikasemɔ ni kɔɔ dijitaal nibii ahe yɛ agri-food nitsumɔhe ni yɔɔ Ghana lɛ sɛɛ?
I heard about a mobile money vendor being attacked in Ghana. Can you tell me more about the incident?,Minu akɛ atutua mɔ ko ni hɔ̃ɔ shika yɛ mobile phone nɔ yɛ Ghana. Ani obaanyɛ okɛɛ mi nɔ ni ba lɛ he saji babaoo?
What is the main focus of the study on cost management in the Ghanaian real estate industry?,Mɛni ji nɔ titri ni nikasemɔ ni kɔɔ shika he gbɛjianɔtoo he yɛ Ghana shiai ahe nitsumɔ mli lɛ wieɔ he?
"I'm interested in learning more about the healthcare system in Ghana, particularly the role of Licensed Chemical Sellers. Can you tell me a bit about them?","Miyɛ he miishɛɛ akɛ makase helatsamɔ he gbɛjianɔtoo ni yɔɔ Ghana lɛ he nii babaoo, titri lɛ gbɛfaŋnɔ ni tsofai ni ahɔ̃ɔ ni yɔɔ hegbɛ lɛ tsuɔ lɛ. Kɛɛmɔ mi amɛhe sane fioo?"
I came across a research article about the impact of branding on buying behavior in Ghana's telecommunication industry. Can you tell me more about it?,Mikɛ niiamlitaomɔ wolo ko ni kɔɔ bɔ ni nibii ni afee lɛ ahe nii lɛ saa nihɔɔmɔ he subaŋ he yɛ tɛlifon nitsumɔhe ni yɔɔ Ghana lɛ he lɛ kpe. Ani obaanyɛ okɛɛ mi ehe saji babaoo?
I heard that KNUST's Food Laboratory has achieved a significant milestone. Can you tell me more about it?,Mi nu akɛ KNUST niyenii he nitsumɔhe lɛ eshɛ he ko ni da waa. Ani obaanyɛ okɛɛ mi ehe saji babaoo?
I'm interested in learning more about the factors that affect customer satisfaction in e-banking. Can you tell me more about the research that's been done on this topic?,Miyɛ he miishɛɛ akɛ male nibii babaoo ni saa mɛi ni heɔ nii lɛ atsui ni nyɔɔ mɔ mli yɛ e-banking mli lɛ ahe. Ani obaanyɛ okɛɛ mi niiamlitaomɔ ni kɔɔ saneyitso nɛɛ he lɛ he saji babaoo?
"Can you explain the process of measuring volumetric water content in soil, as described in the Ghanaian research article?",Ani obaanyɛ otsɔɔ gbɛ ni atsɔɔ nɔ asusuɔ nu ni yɔɔ shikpɔŋ mli lɛ mli taakɛ atsɔɔ mli yɛ Ghana niiamlitaomɔ sane lɛ mli lɛ mli?
"What is the current status of cement prices in Ghana, according to Michael Okyere Baafi?","Taakɛ Michael O’Kier Buffy tsɔɔ lɛ, bɔ ni simenti jara yɔɔ Ghana amrɔ nɛɛ."
I'm interested in learning more about the street food sector in Ghana. Can you tell me about the different types of street food vendors in Kumasi?,Miyɛ he miishɛɛ akɛ makase gbɛjegbɛ nɔ niyenii nitsumɔ ni yɔɔ Ghana lɛ he nii babaoo. Ani obaanyɛ okɛɛ mi gbɛjegbɛ nɔ niyenii ni ahɔ̃ɔ yɛ Kumasi lɛ ahe sane?
What are the latest developments in the controversy surrounding the alleged aircraft involved in drugs and money laundering?,Mɛni ji nɔ hee yɛ sanegbaa ni kɔɔ kɔɔyɔŋ lɛlɛi ni akɛɛ amɛkɛ amɛhe woɔ tsofai fɔji kɛ shika ni akɛtsuɔ nii yɛ gbɛ ni ejaaa nɔ lɛ he lɛ mli?
"What are some common hazards associated with food, particularly in the context of aquatic products?","Mɛni ji osharai komɛi ni afɔɔ namɔ yɛ niyenii he, titri lɛ yɛ nu mli nibii ahe?"
What is the main objective of the study on the impact of good customer care on loan repayment in the Microfinance industry at Opportunity International Savings and Loans Company Limited?,Nɔ ni jɛɔ mɛi ni heɔ nii lɛ akwɛmɔ kpakpa mli baa yɛ nyɔmɔwoo ni awoɔ yɛ shikatoohe bibioo lɛ mli lɛ Hegbɛ ni yɔɔ Majimaji Ateŋ Savings and Loan Company Limited Mɛni ji oti titri ni yɔɔ nikasemɔ lɛ sɛɛ?
I'm interested in learning more about seed storage and longevity. Can you tell me about the use of zeolite seed 'Drying Beads' for drying rice seeds?,Miyɛ he miishɛɛ akɛ makase dumɔwui ni akɛtoɔ kɛ wala ni sɛɛ tsɛɔ lɛ he nii babaoo. Ani obaanyɛ okɛɛ mi bɔ ni akɛ zeolite dumɔwui ‘Drying Beads’ tsuɔ nii kɛgbiɔ ŋmãa dumɔwui lɛ?
"What is Ghana's goal for food self-sufficiency, and when does the government expect to achieve it?","Mɛni ji oti ni ma Ghana hiɛ akɛ ebaaná niyenii ni eye ehe, ni mɛɛ be nɔyeli lɛ kpaa gbɛ akɛ ebaashɛ enɛ he?"
What is the importance of building customer relationships in the banking industry?,Mɛni ji bɔ ni ehe hiaa ni ama wekukpaa ni yɔɔ mɛi ni heɔ nii lɛ ateŋ lɛ ama shi yɛ shikatoohe nitsumɔ lɛ mli?
What is the main proposal made by President Joe Biden to address the issue of high rent prices in the US?,Mɛni ji Maŋtsɛ Joe Biden susumɔ titri ni ekɛbaatsu naagba ni kɔɔ shĩa ni akɛhaa mɛi ni yɔɔ U.S. lɛ he lɛ he nii?
I've been reading about service quality and its impact on customer satisfaction. Can you explain the concept of gaps in service quality as described in the Ghanaian research article?,Mikane nitsumɔ ni hi jogbaŋŋ kɛ bɔ ni enáa mɛi ni heɔ nii lɛ atsui ni nyɔɔ mɔ mli lɛ nɔ hewalɛ eha lɛ he sane. Ani obaanyɛ otsɔɔ shishinumɔ ni yɔɔ srɔtofeemɔi ni yɔɔ sɔɔmɔ mli lɛ mli taakɛ atsɔɔ mli yɛ Ghana niiamlitaomɔ sane lɛ mli lɛ mli?
What were the roles of Food and Agriculture Industries and Farmers in the Construction of the Tailings Storage Facility Project at Asanko Gold Ghana Limited?,Mɛni ji niyenii kɛ okwaayeli nitsumɔhei kɛ okwaafoi lɛ agbɛfaŋnɔ yɛ Asanco Gold Ghana Limited tailings nitoo nitsumɔ lɛ maa mli?
I'm interested in learning more about microfinance institutions in Ghana. Can you tell me about the age demographics of customers who access loans from these institutions?,Miyɛ he miishɛɛ akɛ makase shikatoohei bibii ni yɔɔ Ghana lɛ ahe nii babaoo. Ani obaanyɛ okɛɛ mi afii abɔ ni mɛi ni heɔ nii ni amɛnáa shika kɛjɛɔ nitsumɔhei nɛɛ amli lɛ eye?
"I've heard that population growth and urbanization have put a strain on water resources worldwide. Can you tell me more about the specific challenges faced in Accra, Ghana?","Minu akɛ gbɔmɛi ayibɔ ni yaa hiɛ kɛ maŋtiasei amli ni mɛi yaa lɛ kɛ nɔnyɛɛ miiba nu nibii anɔ yɛ jeŋ fɛɛ. Ani obaanyɛ okɛɛ mi naagbai pɔtɛɛ ni akɛkpe yɛ Accra, Ghana lɛ ahe saji babaoo?"
I heard the National Health Insurance Levy has been uncapped. What does this mean and how much money is expected to be raised?,Mi nu akɛ awoko maŋ lɛ helatsamɔ he inshuɔrans Levy lɛ. Mɛni enɛ tsɔɔ kɛ shika enyiɛ akpaa gbɛ akɛ abaabua naa?
I've been reading about a research study on irrigation water contamination in Ghana. Can you tell me more about it?,Mikane niiamlitaomɔ ko ni kɔɔ bɔ ni nu ni akɛshwieɔ shi yɛ Ghana lɛ mli ewo muji lɛ he. Ani obaanyɛ okɛɛ mi ehe saji babaoo?
I'd like to know more about the water quality in Ghana. Can you tell me about the sources of drinking water in the country?,Miisumɔ ni male nu ni yɔɔ Ghana lɛ he saji babaoo. Tsɔɔmɔ mi he ni nu ni anuɔ yɛ maŋ lɛ mli lɛ jɛɔ?
I'm interested in learning about the research on Mobile Money systems in Ghana. Can you tell me a bit about the data collection process?,Miyɛ shika ni akɛyaa he fɛɛ he lɛ he niiamlitaomɔ he miishɛɛ yɛ Ghana. Ani obaanyɛ okɛɛ mi bɔ ni abuɔ saji anaa ahaa lɛ he sane fioo?
What led to the intense price wars in the Ghana telecoms market?,Mɛni kɛ jara he ta ni naa wa ni yɔɔ Ghana tɛlifoŋ jarayelihe lɛ eba?
"What is the current situation with the local rice market in Ghana, and how is the government addressing it?","Te maŋ lɛ mli ŋmãa jarayeli lɛ yɔɔ ha tɛŋŋ yɛ Ghana, ni te nɔyeli lɛ miitsu naagba lɛ he nii eha tɛŋŋ?"
I've been reading about the importance of packaging in preserving food products. Can you explain how different packaging methods affect the shelf life of perishable products like morcilla?,Mikane bɔ ni ehe hiaa ni akɛ nibii ni akɛwoɔ kotoku mli awo niyenii ni akɛwoɔ tsɔne mli lɛ mli lɛ he sane. Ani obaanyɛ otsɔɔ bɔ ni gbɛi srɔtoi ni akɛwoɔ nibii amli lɛ saa nibii ni fiteɔ oya tamɔ Morcilla lɛ shihilɛ he lɛ mli?
"I've heard that public entities in Ghana often procure items in small quantities, resulting in high transaction costs. Can you tell me more about this issue?","Minu akɛ bei pii lɛ, nɔyeli nitsumɔhei ni yɔɔ Ghana lɛ hɔɔ nibii fioo, ni no haa shika ni akɛheɔ lɛ yaa hiɛ waa. Ani obaanyɛ okɛɛ mi enɛ he saji babaoo?"
I heard that the cost of electricity in Ghana is going to increase. Is that true?,Minu akɛ eshwɛ fioo ni sarawa hewalɛ jara baaya ŋwɛi yɛ Ghana. lɛ ji anɔkwale?
I've been reading about the water quality in Ghanaian wells. What are some of the key findings from recent research on this topic?,Mikane bɔ ni nu ni yɔɔ nubui ni yɔɔ Ghana lɛ mli lɛ hi ha lɛ he sane. Mɛni ji nibii titrii komɛi ni ana kɛjɛ niiamlitaomɔ ni afee nyɛsɛɛ nɛɛ mli yɛ saneyitso nɛɛ he?
I'm interested in learning about post-harvest losses in rice production. Can you tell me about the stages where these losses occur?,Miyɛ ŋmãa ni laajeɔ yɛ ŋmaakpamɔ sɛɛ lɛ he miishɛɛ. Ani obaanyɛ okɛɛ mi fãi ni nɛkɛ nibii ni laajeɔ nɛɛ baa mli lɛ ahe sane?
I'm interested in learning more about cassava and its uses in Ghana. Can you tell me a bit about how cassava is used as a food source?,Miyɛ he miishɛɛ akɛ makase ŋmei kɛ bɔ ni akɛtsuɔ nii yɛ Ghana lɛ he nii babaoo. Kɛɛmɔ mi bɔ ni akɛ ŋmei feɔ niyenii lɛ he sane fioo?
I read about a University of Ghana student who mysteriously blacked out and lost money. Can you tell me what happened?,Mikane nikaselɔ ko ni yɔɔ Ghana Yunivɛsiti lɛ ni shika laaje yɛ teemɔŋ gbɛ nɔ lɛ he sane. Ani obaanyɛ okɛɛ mi nɔ ni ba?
"I've been struggling with acne for a while now, and I've heard that my diet could be affecting my skin. What are some foods that can help fight acne?","Mikɛ akne miiwuu be fioo nɛ, ni minu akɛ niyenii ni miyeɔ lɛ baanyɛ afite mihewolo. Mɛni ji niyenii komɛi ni yeɔ ebuaa ni ekɛ akne wuɔ?"
I read about a study on arsenic levels in water bodies in Ghana. Can you tell me which water body type had the highest arsenic concentrations?,Mikane nikasemɔ ko ni kɔɔ arsenic ni yɔɔ nu mli yɛ Ghana lɛ he. Tsɔɔmɔ mi nu mli henɔ ni arsenic fa fe fɛɛ yɛ mli?
What is Nana Ohene Ntow's opinion on the Legislative Instrument (L.I) aimed at regulating cement prices in Ghana?,Mɛni ji Nana Ohene Nto susumɔ yɛ Mla He Nibii (LI) ni yiŋtoo ji ni akudɔ simenti jara yɛ Ghana lɛ he?
What's the process for determining the physicochemical properties of tomato cultivars?,Mɛni ji gbɛ ni atsɔɔ nɔ aleɔ bɔ ni tomato henɔi lɛ yɔɔ ha lɛ?
What happened at Kejetia Market in Kumasi on the twenty-ninth of March in the year twenty twenty-one?,Mɛni ba yɛ Kejetia Jarayelihe ni yɔɔ Kumasi lɛ yɛ March nyɔŋmai enyɔ kɛ nɛɛhu lɛ nɔ afii nyɔŋmai enyɔ kɛ ekome?
"What is the significance of packaging in the Ghanaian market, particularly in the bottled water industry?","Mɛni ji sɛɛnamɔ ni yɔɔ nibii ni akɛwoɔ kotoku mli lɛ he yɛ Ghana jarayelihe lɛ, titri lɛ yɛ nu ni akɛwoɔ tɔ mli lɛ nitsumɔhe lɛ?"
What happened to the driver who allegedly stole his former boss' cash?,Mɛni ba tsɔne kudɔlɔ ni akɛɛ eju amɛtsutsu nitsumɔtsɛ lɛ shika lɛ nɔ?
"What sampling technique was used in the study to select local tanners, leather sellers, teachers, and pupils?","Mɛɛ sample gbɛ nɔ akɛhala maŋbii ni feɔ kooloo hewolo, kooloo hewolofeelɔi, tsɔɔlɔi kɛ nikaselɔi ni yɔɔ nikasemɔ lɛ mli lɛ?"
"What is Ghana's twenty-four-hour economy initiative, and how does it relate to the global green transition market?","Mɛni ji Ghana ŋmɛlɛtswai nyɔŋmai enyɔ kɛ ejwɛ shika helɛtemɔ he gbɛjianɔtoo lɛ, ni te ekɛ jeŋ muu fɛɛ ŋmɔshi nibii tsakemɔ jarayeli lɛ yɔɔ tsakpaa ha tɛŋŋ?"
I'm interested in learning about the challenges associated with implementing Total Quality Management (TQM) in small towns' water supply systems. Can you give me an overview of the common challenges?,Miyɛ he miishɛɛ akɛ makase naagbai ni yɔɔ Total Quality Management (TQM) ni akɛtsuɔ nii yɛ maji bibii amli nu ni akɛhaa lɛ mli lɛ he nii. Ani obaanyɛ oha mi naagbai ni afɔɔ namɔ lɛ ahe sane kuku?
I heard that the National Health Insurance Authority (NHIA) has made some significant payments to healthcare providers in Ghana. Can you tell me more about it?,"Minu akɛ, maŋ lɛ mli helatsamɔ he inshuɔrans nitsumɔhe lɛ (NHIA) ewo helatsamɔ he nitsulɔi ni yɔɔ Ghana lɛ nyɔmɔ komɛi ni he hiaa waa. Ani obaanyɛ okɛɛ mi ehe saji babaoo?"
What are some key traits that plant breeders look for when improving tomato crop species?,Mɛni ji sui titrii komɛi ni mɛi ni kwɛɔ aduawai anɔ lɛ taoɔ beni amɛkwɛɔ tomato ŋmɔshi nibii lɛ?
What were the findings of the National Summary Report on Heavy Metal Contaminant Assessment conducted by the Food and Drugs Authority (FDA) in Ghana?,Mɛni ji nɔ ni maŋ lɛ amaniɛbɔɔ kuku ni kɔɔ dade ni tsii ni Food and Drug Administration (FDA) ni yɔɔ Ghana lɛ kwɛ mli lɛ he lɛ na?
What was the main objective of the research study on project managers' competencies in hotel construction projects in Northern Ghana?,Mɛni ji oti titri ni yɔɔ niiamlitaomɔ nikasemɔ ni kɔɔ nitsumɔ nɔkwɛlɔi ni tsuɔ nii yɛ hotɛl tsumaa nitsumɔi amli yɛ Ghana Kooyigbɛ lɛ ahe lɛ sɛɛ?
I'm interested in learning more about the fish farming industry in Ghana. Can you tell me about the common challenges that fish farmers face in the area?,Miyɛ he miishɛɛ akɛ makase loo alɛɛ nitsumɔ yɛ Ghana lɛ he nii babaoo. Kɛɛmɔ mi naagbai ni maŋ lɛ mli lookwɛlɔi kɛkpeɔ lɛ he sane?
I'm interested in learning about the physical properties of grains. Can you tell me about the relationship between microstructure and water absorption in cowpeas?,Miyɛ he miishɛɛ akɛ makase bɔ ni ŋmaa lɛ yɔɔ ha lɛ he nii. Ani obaanyɛ okɛɛ mi wekukpaa ni kã microflora kɛ nu ni shwieɔ tsina ŋmei mli lɛ teŋ?
"What is the importance of water in human life, and why is access to it a fundamental human right?",Mɛni ji bɔ ni nu he hiaa yɛ adesa shihilɛ mli? Mɛni hewɔ nu ni anáa lɛ ji adesai ahegbɛ titri lɛ?
I've been reading about mobile money services in Ghana. What are some of the benefits of using these services?,Mikane shika ni akɛyaa he fɛɛ he yɛ Ghana lɛ he sane. Mɛni ji sɛɛnamɔi komɛi ni yɔɔ nitsumɔi nɛɛ ni akɛtsuɔ nii lɛ he?
I heard that the Ghanaian government has committed a significant amount of money to its Agriculture for Economic Transformation Agenda. Can you tell me more about it?,Mi nu akɛ Ghana nɔyeli lɛ kɛ shika babaoo ewo ekwaayeli shika helɛtemɔ tsakemɔ he gbɛjianɔtoo lɛ mli. Ani obaanyɛ okɛɛ mi ehe saji babaoo?
I heard that MTN Ghana has been engaging with its customers across the country. What has been the focus of these engagements?,Mi nu akɛ MTN Ghana kɛ e jarayelɔi ni yɔɔ maŋ lɛ mli fɛɛ lɛ miibɔ. Mɛni ji nɔ ni nɛkɛ gbalashihilɛ mlibotemɔi nɛɛ kɔɔ he?
I've been hearing about the West African Capital Market Integration. What are the expected benefits of this initiative?,Minu Afrika Anaigbɛ maŋtiase jarayeli ni akɛwoɔ mli lɛ he. Mɛni ji sɛɛnamɔi ni akpaa gbɛ kɛjɛɔ nɛkɛ nifeemɔ nɛɛ mli?
I've been reading about the types of vegetables used in Ghanaian senior high schools. Can you tell me more about the ranking of vegetables by the students?,Mikaneɔ aduawai srɔtoi ni akɛtsuɔ nii yɛ sɛkɛndre skul wuji ni yɔɔ Ghana lɛ ahe saji. Ani obaanyɛ okɛɛ mi bɔ ni nikaselɔi lɛ le abɔɔ mli nitsumɔ amɛhaa lɛ he saji babaoo?
I heard there was a major crackdown on Mobile Money fraud in Ghana. Can you tell me more about it?,Mi nu akɛ atswa mobile money he shishiumɔ he adafi waa yɛ Ghana. Ani obaanyɛ okɛɛ mi ehe saji babaoo?
What are some advantages of inland water transportation?,Mɛni ji sɛɛnamɔi komɛi ni yɔɔ nu mli gbɛfaa he?
I've been reading about dividend policies and their effects on share prices. What's the main goal of financial management in modern times?,Mikaneɔ shika ni ajaa lɛ he mlai kɛ bɔ ni amɛtsuɔ nii amɛhaa yɛ shika ni akɛwoɔ jara nɔ lɛ he. Mɛni ji oti titri ni ma shika he gbɛjianɔtoo hiɛ ŋmɛnɛ?
I've heard that there's a food shortage in some Senior High Schools in Ghana. Can you tell me more about it?,Minu akɛ niyenii faaa yɛ skul wuji komɛi amli yɛ Ghana. Ani obaanyɛ okɛɛ mi ehe saji babaoo?
I heard that Ghana has a significant issue with water quality. Can you tell me more about it?,Minu akɛ Ghana yɛ naagba wulu ko yɛ nu he. Ani obaanyɛ okɛɛ mi ehe saji babaoo?
"I'm interested in learning about the process of creating a mixed-media art piece using wood, fabric, and other materials. Can you describe the initial steps in creating such a piece?","Miyɛ gbɛ ni atsɔɔ nɔ afeɔ mixed media art ni akɛ tsei, atadei kɛ nibii krokomɛi tsuɔ nii yɛ mli lɛ he miishɛɛ. Ani obaanyɛ otsɔɔ klɛŋklɛŋ gbɛi ni atsɔɔ nɔ afeɔ fã ni tamɔ nɛkɛ?"
What factors determine the quality of fresh citrus fruits during harvesting?,Mɛɛ nibii tsɔɔ bɔ ni citrus yibii heei lɛ hi ha yɛ kpamɔ be mli?
I've been reading about the bacteria found in fish ponds in Ghana. Can you tell me more about the types of bacteria that were isolated?,"No mli lɛ, mikaneɔ helai ni gbeɔ mɔ ni yɔɔ loo ŋshɔi ni yɔɔ Ghana lɛ amli lɛ ahe sane. Ani obaanyɛ okɛɛ mi helatsɛmɛi ahe nibii ni ayɔse lɛ ahe saji babaoo?"
What is the current status of the three hotels owned by the Social Security and National Insurance Trust (SSNIT)?,Mɛni ji shihilɛ ni yɔɔ gbɔiatoohei etɛ ni ji Social Security kɛ Betuwah Leumi Gbɛjianɔtoo (SSNIT) lɛ amli amrɔ nɛɛ?
I heard that Ghana is experiencing food shortages and price hikes. What's the current situation?,Minu akɛ Ghana miiye niyenii ni faaa kɛ jara ni yaa hiɛ. Mɛni ji shihilɛ ni yɔɔ amrɔ nɛɛ?
I'm interested in learning more about how climate affects weeds. Can you explain how temperature and water supply impact weeds?,Miyɛ he miishɛɛ akɛ makase bɔ ni kɔɔyɔŋ tsakemɔ saa jwɛi ahe ehaa lɛ he nii babaoo. Ani obaanyɛ otsɔɔ bɔ ni dɔlɛ kɛ nu ni akɛhaa lɛ saa jwɛi ahe ehaa lɛ mli?
"I've heard that sweetpotato is a nutritious food, especially in Africa. What are some of the health benefits of consuming sweetpotato?",Mi nu akɛ sweet potato ji niyenii ni hewalɛ yɔɔ mli titri yɛ Afrika. Mɛni ji hewalɛnamɔ he sɛɛ komɛi ni yɔɔ ŋmɔtɔ ni ayeɔ lɛ he?
I'm interested in learning more about the relationship between employee courtesy and consumer perception of water bottle products. Can you tell me more about it?,Miyɛ he miishɛɛ akɛ makase wekukpaa ni kã nitsulɔi ahe bulɛ kɛ mɛi ni yeɔ nu ni akɛwoɔ tɔ mli lɛ ateŋ lɛ he nii babaoo. Ani obaanyɛ okɛɛ mi ehe saji babaoo?
I'm interested in learning about customer service delivery. Can you explain what it entails?,Miyɛ nitsumɔ ni akɛhaa mɛi ni heɔ nii lɛ he miishɛɛ. Ani obaanyɛ otsɔɔ nɔ ni ekɔɔ he lɛ mli?
I heard that the Food and Agriculture Organisation (FAO) is pushing for higher investment in agriculture. What's the main goal of this initiative?,Mi nu akɛ Niyenii kɛ Okwaayeli He Gbɛjianɔtoo (FAO) lɛ miitswa shika babaoo yɛ okwaayeli mli. Mɛni ji oti titri ni ma nɛkɛ nifeemɔ nɛɛ hiɛ?
I'm interested in learning more about the research on tomato cultivation in Ghana. Can you tell me about the effects of potassium magnesium chloride on tomato growth?,Miyɛ he miishɛɛ akɛ makase nii babaoo yɛ tomato feemɔ he niiamlitaomɔ he yɛ Ghana. Ani obaanyɛ okɛɛ mi bɔ ni potassium magnesium chloride lɛ tsuɔ nii ehaa yɛ tomato dalɛ nɔ lɛ he sane?
I've been reading about food-borne illnesses in Ghana. What are some of the most common pathogens causing foodborne illness?,Mikaneɔ helai ni jɛɔ niyenii mli baa yɛ Ghana lɛ ahe sane. Mɛni ji helai komɛi ni kɛ helai ni jɛɔ niyenii mli baa lɛ baa?
I'm interested in learning more about the water distribution network in Kumasi Southeast District. What kind of data was collected for the research?,Miyɛ he miishɛɛ akɛ male nu mlijaa gbɛjianɔtoo ni yɔɔ Kumasi Anaigbɛ Bokagbɛ Kpokpaa lɛ nɔ lɛ he saji babaoo. Mɛɛ saji abua naa kɛha niiamlitaomɔ?
Can you explain the process of detecting sulfate presence in water samples using the SulfaVer four reagent?,Ani obaanyɛ otsɔɔ gbɛ ni atsɔɔ nɔ anaa sulfate ni yɔɔ nu mli lɛ mli kɛtsɔ SulfaVer four reagent lɛ nɔ?
I'm interested in learning more about the pricing strategies used by Ghanaian football clubs. Can you tell me about the strategies they use to sell players?,Miyɛ he miishɛɛ akɛ makase gbɛi ni Ghana bɔɔlutswaa kui kɛtsuɔ nii kɛwoɔ jara lɛ he nii babaoo. Kɛɛmɔ mi ŋaa ni okɛtsuɔ nii kɛhɔ̃ɔ shwɛlɔi lɛ he sane?
I saw a photo of a vehicle stuck in a muddy pool of water on the Jasikan-Hohoe road. What's the current condition of this road?,Mina tsɔne ko ni efo nubu ko ni mli ewo muji mli yɛ Jasikan-Hoho gbɛjegbɛ lɛ nɔ lɛ mfoniri. Te gbɛ nɛɛ shihilɛ ji tɛŋŋ amrɔ nɛɛ?
What is the latest development in the Ghanaian automotive market?,Mɛni ji nɔ ni eba ehee yɛ Ghana tsɔnei ahe jarayeli mli?
What is the total prize money for the two thousand and twenty-five US Open?,"Mɛni ji shika ni akɛwoɔ US Open 2,250 lɛ mli lɛ fɛɛ?"
What factors influence consumer behavior in the bottled mineral water industry in Ghana?,Mɛni nibii náa mɛi ni heɔ nii lɛ ajeŋba nɔ hewalɛ yɛ nu ni akɛwoɔ tɔ mli ni akɛtsuɔ nii yɛ Ghana lɛ mli?
I'm interested in learning about the effects of poultry manure and NPK fertilizer on tomato plants. Can you tell me about a study that was conducted in Ghana?,Miyɛ bɔ ni kooloi kɛ NPK ni akɛwoɔ amɛmli lɛ tsuɔ nii ehaa yɛ tomato tsei anɔ lɛ he miishɛɛ. Ani obaanyɛ okɛɛ mi nikasemɔ ko ni afee yɛ Ghana lɛ he sane?
What is the significance of the research by Maina et al. in two thousand and four on fish marketing in South-Western Ghana?,Mɛni ji shishinumɔ ni yɔɔ nikasemɔ ni Maina kɛ ekrokomɛi fee lɛ he. Akpei enyɔ kɛ ejwɛ yɛ loo jarayeli he yɛ Ghana wuoyi-anaigbɛ?
"I'm interested in learning about the market trends in Ghana, specifically in the Asesewa market. Can you tell me about the top agricultural goods traded in that market?","Miyɛ jarayeli shihilɛ ni yɔɔ Ghana lɛ he miishɛɛ, titri lɛ yɛ Aceswa jarayelihe lɛ. Ani obaanyɛ okɛɛ mi okwaayeli nibii ni fe fɛɛ ni ahɔ̃ɔ yɛ nakai jara lɛ nɔ lɛ ahe sane?"
I'm curious about the sources of water used for vegetable cultivation in Ghana. Can you tell me more about it?,Miitao male kɛya he ni nu ni akɛtsuɔ ŋmɔshi nibii ahe nii yɛ Ghana lɛ jɛɔ. Ani obaanyɛ okɛɛ mi ehe saji babaoo?
"I'm interested in learning more about the effects of pH, substrate concentration, temperature, and time on diastatic activity of rice varieties. Can you explain the correlation between these factors?","Miyɛ he miishɛɛ akɛ makase babaoo yɛ bɔ ni pH, aggregate concentration, hulutsoo kɛ be ni yɔɔ ŋmãa ŋmɔshi nibii amli lɛ tsuɔ nii ehaa lɛ he. Ani obaanyɛ otsɔɔ tsakpaa ni kã nibii nɛɛ ateŋ lɛ mli?"
I'm interested in learning more about preserving the quality of fresh vegetables. Can you explain why pre-cooling is important?,Miyɛ he miishɛɛ akɛ makase babaoo yɛ bɔ ni esa akɛ akwɛ aduawai heei anɔ jogbaŋŋ lɛ he. Ani obaanyɛ otsɔɔ nɔ hewɔ ni pre-cooling he hiaa lɛ mli?
What is the relationship between oil prices and exchange rates in Ghana?,Mɛni ji wekukpaa ni yɔɔ Ghana fuɛl jara kɛ shika tsakemɔ teŋ?
I've been reading about different healthcare payment models. Can you explain the concept of supplier-induced demand in the context of fee-for-service (FFS) payment systems?,Mikane helatsamɔ he nyɔmɔwoo henɔi srɔtoi ahe saji. Ani obaanyɛ otsɔɔ shishinumɔ ni kɔɔ nibii ni akɛhaa lɛ ahe lɛ mli yɛ nyɔmɔwoo gbɛjianɔtoi ni akɛwoɔ nyɔmɔ kɛha nitsumɔ (FFS) lɛ mli?
I'm interested in learning more about the methods used to manage surface defects on vegetable tanned leather. Can you tell me about some of the common methods used?,Miyɛ he miishɛɛ akɛ makase gbɛi ni atsɔɔ nɔ akudɔɔ ŋmeii ni yɔɔ ŋmeii ahewolo nɔ lɛ ahe nii babaoo. Ani obaanyɛ okɛɛ mi gbɛi komɛi ni afɔɔ nɔ atsuɔ he nii?
What was the reaction of former President John Mahama to the news of stolen money from the Sanitation Minister's home?,Mɛni ji tsutsu maŋ onukpa John Mahama hetoo yɛ shika ni aju kɛjɛ Minista ni kwɛɔ Hetsemɔ nɔ lɛ shĩa lɛ he?
"I'm interested in learning more about vegetable farming practices in Ghana, specifically at the Korle-Bu farms. What can you tell me about the demographics of the farmers and their manure practices?","Miyɛ he miishɛɛ akɛ makase bɔ ni akwɛɔ aduawai amli yɛ Ghana lɛ he nii babaoo, titri lɛ Korle-Bu Farms. Mɛni obaanyɛ okɛɛ mi yɛ okwaafoi lɛ ayibɔ kɛ amɛ ŋmɔshi nibii ahe nifeemɔi ahe?"
I came across a research article about HFC Bank in Ghana. What was the general finding regarding customer retention?,Mi na niiamlitaomɔ wolo ko ni kɔɔ HFC Bank ni yɔɔ Ghana lɛ he. Mɛni ji nibii fɛɛ ni ana yɛ mɛi ni baahe nii lɛ ahiɛmɔ he?
I've been reading about the impact of climate change on agriculture in Ghana. Can you tell me more about the effects of climate change on water resources in the country?,Mikane bɔ ni kɔɔyɔŋ tsakemɔi saa okwaayeli he yɛ Ghana lɛ he sane. Ani obaanyɛ okɛɛ mi babaoo yɛ bɔ ni kɔɔyɔŋ tsakemɔ lɛ saa maŋ lɛ mli nu nibii ahe ehaa lɛ he?
How much money was generated from COVID-nineteen testing at the Kotoka International Airport between September and December two thousand and twenty?,Shika enyiɛ ana kɛjɛ Kotoka Jeŋmaji Ateŋ Kɔɔyɔŋ Lɛlɛdaamɔhe lɛ yɛ Gbo kɛ Alemle 2019 teŋ kɛjɛ Covid-19 kaa lɛ mli?
What can you tell me about the study on consumer response to marketing mix variables such as price changes over time?,Mɛni obaanyɛ okɛɛ mi yɛ niiamlitaomɔ ni kɔɔ jarayeli nibii ni akɛfutuɔ nii amli tamɔ bɔ ni mɛi ni heɔ nii lɛ hereɔ jara tsakemɔi anɔ yɛ be kɛ bei amli lɛ he?
What are the key factors that affect the functioning of the land market in Ghanaian cities?,Mɛni ji nibii titrii ni saa shikpɔŋ jarayeli nitsumɔ he yɛ Ghana maji wuji amli lɛ?
I came across a study about mercury levels in fish from different water bodies in Ghana. Can you tell me more about it?,Mikɛ nikasemɔ ko ni kɔɔ mercury ni yɔɔ loo ni jɛ nui srɔtoi amli yɛ Ghana lɛ mli lɛ kpe. Ani obaanyɛ okɛɛ mi ehe saji babaoo?
What's the latest news from Ghana's Ministry of Food and Agriculture?,Mɛni ji adafitswaa hee ni jɛ Ghana Niyenii kɛ Okwaayeli Nitsumɔhe lɛ?
I heard about a new dairy creamer launched by Arla Foods. What's it called and what's its purpose?,Minu mliki mliki hee ko ni Arla Foods jie lɛ kpo lɛ he. Mɛni atsɛɔ lɛ ni mɛni ji yiŋtoo ni yɔɔ sɛɛ?
"What is the main concern of the author in this opinion piece, published on the fifth of July in the year twenty twenty-four?",mii
I read that an accountant from the Produce Buying Company Limited lost a significant amount of money meant for cocoa farmers. Can you tell me more about the incident?,Mikane kɛjɛ Producer Purchase Company Limited lɛ akɔntaabuu he nitsulɔ lɛ dɛŋ akɛ shika babaoo ni ato he gbɛjianɔ aha kookoo okwaafoi lɛ elaaje. Ani obaanyɛ okɛɛ mi nɔ ni ba lɛ he saji babaoo?
I heard that the Dome market women in Accra are experiencing some health issues. What's causing their health problems?,Mi nu akɛ yei ni yɔɔ Dom Market ni yɔɔ Accra lɛ kɛ helai komɛi miikpe. Mɛni kɛ amɛgbɔmɔtsoŋ naagbai lɛ baa?
I heard that a large quantity of fertilisers was intercepted in the Volta Region. What happened?,Minu akɛ ŋmɔshi nibii babaoo yɛ Volta kpokpaa lɛ nɔ. meni ba?
I just read a report that said the cost of a healthy diet in Ghana has increased significantly. Can you tell me more about this?,Mikane amaniɛbɔɔ ko ni tsɔɔ akɛ niyenii ni haa mɔ he waa lɛ jara etee ŋwɛi shɔɔŋ yɛ Ghana. Ani obaanyɛ okɛɛ mi enɛ he saji babaoo?
"What are the potential health risks associated with contaminated drinking water in Ghana, and what methods have been researched for water treatment?",Mɛni ji hewalɛnamɔ he osharai ni baanyɛ aba kɛjɛ nu ni anuɔ ni mli ewo muji mli yɛ Ghana kɛ mɛɛ gbɛi ni atsɔɔ nɔ atsuɔ nu he nii akwɛ mli?
I heard that Ghana and Cote d'Ivoire proposed a floor price for cocoa. What is the proposed price and when will it take effect?,"Minu akɛ Ghana kɛ Cote d’Ivoire etsɔɔ akɛ abaawo kookoo jara ni baa shi lɛ. Mɛni ji jara ni ato he gbɛjianɔ lɛ, ni mɛɛ be akɛbaatsu he nii?"
What are some key factors that influence customers' bank choice in Ghana?,Mɛni ji nibii titrii komɛi ni náa shikatoohe ni mɛi ni heɔ nii lɛ halaa yɛ Ghana lɛ nɔ hewalɛ?
What is the Ghana Institute of Freight Forwarders planning to do about shipping line operational costs?,Mɛni Ghana Nibii Ahe Nitsumɔhe lɛ eto gbɛjianɔ akɛ ebaafee yɛ shika ni akɛbaatsu nii yɛ lɛlɛ mli lɛ he?
"What is the real producer price of a commodity, and how does it affect the production decision-making process?","Mɛni ji nibii ni afee lɛ ahe nyɔmɔwoo diɛŋtsɛ, ni te enaa yiŋkpɛɛ ni akpɛɔ yɛ nibii ni afee lɛ he lɛ nɔ hewalɛ eha tɛŋŋ?"
"What are some key factors that influence purchases in subsistence markets, according to research?","Taakɛ niiamlitaomɔ tsɔɔ lɛ, mɛni ji nibii titrii komɛi ni náa ŋmaa jarayeli nɔ hewalɛ?"
I'm interested in learning about the impact of mobile money on the payment system in Ghana. Can you tell me more about this topic?,Miyɛ bɔ ni mobile money lɛ saa nyɔmɔwoo gbɛjianɔtoo ni yɔɔ Ghana lɛ he lɛ he miishɛɛ. Ani obaanyɛ okɛɛ mi enɛ he saji babaoo?
I heard President Akufo-Addo expressed concerns about the high cost of housing in Ghana. What did he say exactly?,Minu akɛ Maŋtsɛ Akufo-Addo miitsɔɔ bɔ ni shĩai ni jara wa waa yɛ Ghana lɛ haoɔ lɛ. Mɛni tuuntu yɔɔ jɛmɛ?
What is Vodafone Group Plc.'s presence in Africa and how many customers do they have?,Nihɔɔlɔi enyiɛ Vodafone Kuu Plc lɛ yɔɔ yɛ Afrika?
"What is the current state of water and sanitation infrastructure in Ghana, and why is it a major concern?",Te Ghana nu kɛ hetsemɔ he nibii lɛ yɔɔ tɛŋŋ ni mɛni hewɔ eji nɔ ni haoɔ mɔ?
What are the common methods used to process pepper fruits in Ghana?,Mɛni ji gbɛi ni afɔɔ nɔ afeɔ pepper aduawai yɛ Ghana?
What is the current state of water losses in Ghana's urban water systems?,Te nu ni fiteɔ yɛ Ghana maŋtiase lɛ mli nu nitsumɔhei lɛ amli lɛ fa ha tɛŋŋ amrɔ nɛɛ?
What is customer loyalty and why is it important for businesses?,"Mɛni ji anɔkwayeli ni mɛi ni heɔ nii lɛ yeɔ lɛ, ni mɛni hewɔ ehe hiaa yɛ jarayeli mli lɛ?"
I heard that fuel prices have increased in Ghana. What are the current prices of petrol and diesel?,Mi nu akɛ fuɛl jara etee ŋwɛi yɛ Ghana. Mɛni ji pɛtrol kɛ diesel jara?
I'm interested in learning about the internal control systems used by the Ghana Water Company Limited (GWCL). What type of internal control system is mainly employed by GWCL?,Miyɛ he miishɛɛ akɛ makase gbɛjianɔtoi ni akɛkwɛɔ nibii amli ni Ghana Water Company Limited (GWCL) kɛtsuɔ nii lɛ ahe nii. Mɛɛ mligbɛ gbɛjianɔtoo ni GWCL kɛtsuɔ nii titri?
I heard that Ghana received a significant amount of money from the IMF. Can you tell me more about this?,Mi nu akɛ Ghana enine eshɛ shika babaoo nɔ kɛjɛ IMF lɛ dɛŋ. Ani obaanyɛ okɛɛ mi enɛ he saji babaoo?
I've been reading about the challenges rice farmers face in Ghana due to climate change. Can you tell me more about the impact of off-farm jobs on their ability to adapt to these changes?,Mikane naagbai ni ŋmãa okwaafoi ni yɔɔ Ghana lɛ kɛkpeɔ yɛ kɔɔyɔŋ tsakemɔ hewɔ lɛ he sane. Ani obaanyɛ okɛɛ mi bɔ ni nitsumɔ ni afeɔ yɛ ŋmɔ mli lɛ saa amɛnyɛmɔ ni amɛkɛtsakeɔ amɛhe amɛwoɔ tsakemɔi nɛɛ amli lɛ he babaoo?
I'm interested in learning about the water quality in Ghana. Can you tell me more about the current state of water treatment in the country?,Miyɛ bɔ ni nu lɛ yɔɔ ha yɛ Ghana lɛ he miishɛɛ. Ani obaanyɛ okɛɛ mi bɔ ni nu he nitsumɔ yɔɔ amrɔ nɛɛ yɛ maŋ lɛ mli lɛ he saji babaoo?
I'm interested in learning more about Listeria monocytogenes and its prevalence in Ghanaian food. Can you tell me about a recent study on the topic?,Miyɛ he miishɛɛ akɛ makase Listeria monocytogenes kɛ bɔ ni egbɛ eshwa Ghana niyenii amli lɛ he nii babaoo. Ani obaanyɛ okɛɛ mi nikasemɔ ko ni afee nyɛsɛɛ nɛɛ yɛ saneyitso lɛ he?
"I'm interested in learning about the Tuafo Asafo Company's symbolic piece, the horse. What does it represent and what's its significance?","Miyɛ Tuafo Asafo nitsumɔhe lɛ okadi ni kɔɔ okpɔŋɔ lɛ he lɛ he miishɛɛ. Mɛni edamɔ shi kɛha, ni mɛni ji eshishinumɔ?"
I heard the Institute of Fiscal Studies has some concerns about Ghana's return to the international bond market. Can you tell me more about that?,Minu akɛ Institute for Fiscal Studies lɛ yɛ haomɔi komɛi yɛ Ghana ni ebaaku esɛɛ kɛba majimaji ateŋ bond jarayeli mli lɛ he. Ani obaanyɛ okɛɛ mi enɛ he saji babaoo?
I've heard about a new pay policy in Ghana. Can you tell me more about it and the concerns surrounding its implementation?,Mi nu nyɔmɔwoo he mla hee ko he yɛ Ghana. Ani obaanyɛ okɛɛ mi ehe saji babaoo kɛ haomɔi ni kɔɔ etsumɔ he lɛ?
I heard that there have been some water meter thefts in Ghana. Can you tell me more about what's been happening?,Minu akɛ aju nu mitai komɛi yɛ Ghana. Ani obaanyɛ okɛɛ mi nɔ ni ba lɛ he saji babaoo?
"What is the main reason for the delay in payment of National Service allowances, according to the Executive Director of the National Service Authority?","Taakɛ maŋ nitsumɔ he nitsumɔhe lɛ nɔkwɛlɔ nukpa lɛ tsɔɔ lɛ, mɛni ji yiŋtoo titri ni ha maŋ nitsumɔ he nyɔmɔwoo lɛ sɛɛ tsɛɔ?"
I'm interested in learning more about water quality in Ghana. Can you tell me about the physico-chemical characteristics of the Tano River?,Miyɛ he miishɛɛ akɛ makase nu ni yɔɔ Ghana lɛ he nii babaoo. Kɛɛmɔ mi Tano Faa lɛ mli nibii ni yɔɔ gbɔmɔtsoŋ kɛ tsofafeemɔ mli lɛ ahe sane?
I heard that fuel prices in Ghana are expected to rise. Can you confirm this and provide more details?,Minu akɛ ekolɛ fuɛl jara baaya ŋwɛi yɛ Ghana. Ani obaanyɛ oma enɛ nɔ mi ni okɛ saji krokomɛi aha?
I heard that energy drinks are bad for your health. What did Professor Agyeman Badu Akosa say about them in his recent speech?,Minu akɛ hewalɛ nibii ni anuɔ lɛ ehiii kɛha ohewalɛ. Mɛni Professor Agyeman Badu Akosa wie yɛ amɛhe yɛ ewiemɔ ni ewie nyɛsɛɛ nɛɛ mli?
I heard that SIC Insurance PLC paid a large insurance claim to VRA. Can you tell me more about this?,Mi nu akɛ SIC Insurance PLC lɛ wo inshuɔrans he nyɔmɔ babaoo eha VRA. Ani obaanyɛ okɛɛ mi enɛ he saji babaoo?
I heard that onion traders at the Kwadaso Market were forcefully ejected on Monday by the Ashanti Regional Security Council. What happened?,Mi nu akɛ Ashanti Kpokpaa nɔ Shweshweeshwefeemɔ Kuu lɛ shwie onion jarayelɔi ni yɔɔ Kwadasso jarayelihe lɛ yɛ yiwalɛ gbɛ nɔ nyɛ. meni ba?
"What is the Internal Market Bill, and why are former Prime Ministers Tony Blair and Sir John Major opposing it?","Mɛni ji Guɔyeli He Ko Mla lɛ, ni mɛni hewɔ tsutsu maŋsɔɔlɔi Tony Blair kɛ Sir John Major teɔ shi woɔ lɛ?"
"What's the significance of the International Day of Awareness of Food Loss and Waste, and how does it relate to avocado seeds?",Mɛni ji Jeŋ Niyenii ni Laajeɔ kɛ Nibii ni Efiteɔ lɛ He Nilee Gbi lɛ shishinumɔ ni te ekɛ avocado dumɔwu lɛ yɔɔ tsakpaa tɛŋŋ?
I'm reading a research article about papaya fruits in Ghana. Can you tell me about the varieties of papaya fruits used in the study?,Mikaneɔ niiamlitaomɔ wolo ko ni kɔɔ papaya aduawai ahe yɛ Ghana lɛ. Ani obaanyɛ okɛɛ mi papaya yibii henɔi ni akɛtsu nii yɛ nikasemɔ lɛ mli lɛ ahe sane?
I'm interested in learning about the relationship between market orientation and firm performance in Ghana. Can you tell me about any studies that have been conducted on this topic?,Miyɛ wekukpaa ni yɔɔ jarayeli he gbɛjianɔtoo kɛ nitsumɔ ni yɔɔ shiŋŋ yɛ Ghana lɛ teŋ lɛ he miishɛɛ. Ani obaanyɛ okɛɛ mi niiamlitaomɔ ni afee yɛ saneyitso nɛɛ he lɛ he sane?
"What is life cycle costing, and how is it applied in the construction industry?","Mɛni ji wala shihilɛ he nyɔmɔwoo, ni te akɛtsuɔ nii ahaa tɛŋŋ yɛ tsumaa nitsumɔ mli?"
What is the EDC Money Market Fund and what is its main objective?,Mɛni ji EDC shika jarayeli shikatoohe ni mɛni ji oti titri ni ma ehiɛ?
I just read that Ghana lost a significant amount of money to tax exemptions in two thousand and twenty-three. Can you tell me how much?,Mikane akɛ Ghana laaje shika babaoo yɛ afi 2023 mli beni ebatsɔ maŋ ni tooyeli bɛ mli lɛ. Ani obaanyɛ okɛɛ mi bɔ ni eji?
I've been reading about the water quality in Ghanaian lakes and rivers. What are some natural processes that affect water quality in these bodies of water?,Mikaneɔ bɔ ni Ghana kpaakpoi kɛ faai lɛ amli nu lɛ yɔɔ ha lɛ he sane. Mɛni ji adebɔɔ mli nibii komɛi ni saa nu ni yɔɔ nui nɛɛ amli lɛ he?
I've been hearing that the cost of internet data in Ghana is very high. Can you tell me more about this?,Mi nuɔ akɛ intanɛt data jara wa waa yɛ Ghana. Ani obaanyɛ okɛɛ mi enɛ he saji babaoo?
I'm interested in understanding how consumers' behavior towards food safety is influenced by their demographic dimensions. Can you explain this concept?,Miyɛ he miishɛɛ akɛ manu bɔ ni amɛ gbɔmɛi ayibɔ ni amɛyɔɔ lɛ náa mɛi ni yeɔ niyenii lɛ anɔ hewalɛ amɛhaa lɛ shishi. Ani obaanyɛ otsɔɔ susumɔ nɛɛ mli?
I'm curious about customer satisfaction in healthcare delivery. What are some factors that contribute to it?,Miyɛ mɛi ni heɔ nii lɛ atsui ni nyɔɔ mɔ mli yɛ helatsamɔ he nitsumɔ mli lɛ he miishɛɛ. Mɛni ji nibii komɛi ni kɛ enɛ baa?
"I've been reading about the challenges faced by water treatment plants in Ghana. Can you tell me more about the socio-economic, political, and environmental issues that affect their operations?","Mikane naagbai ni nitsumɔhei ni tsuɔ nu he nii yɛ Ghana lɛ kɛkpeɔ lɛ ahe saji. Ani obaanyɛ okɛɛ mi shihilɛ-shika helɛtemɔ, maŋkwramɔŋ kɛ shihilɛ mli saji ni kɔɔ onitsumɔ lɛ he lɛ ahe saji babaoo?"
What factors influence the preference for energy services among male and female food vending operators in Ghana?,Mɛni nibii náa hewalɛ nitsumɔ ni hii kɛ yei nitsulɔi ni tsuɔ niyenii he nii yɛ Ghana lɛ halaa lɛ nɔ hewalɛ?
What are the key factors to consider when choosing a site for a water treatment plant in a community like Obuasi?,Mɛni ji nibii titrii ni esa akɛ asusu he kɛ́ oohala he ko ni abaama nu he nitsumɔhe ko yɛ akutso ko tamɔ Obuasi mli?
I'm interested in learning about the relationship between oil prices and exchange rates in Ghana. Can you tell me more about the research that has been done on this topic?,I am interested in the relationship between fuel prices and exchange rates in Ghana. Ani obaanyɛ okɛɛ mi niiamlitaomɔ ni kɔɔ saneyitso nɛɛ he lɛ he saji babaoo?
What is the level of involvement of Quantity Surveyors (QS) in retrofitting and adaptation of existing building projects in Ghana?,Te mɛi ni kwɛɔ nibii amli lɛ ayibɔ (QS) kɛ amɛhe woɔ tsumaa nitsumɔi ni asaa kɛ amɛhe tsakemɔ mli yɛ Ghana lɛ mli tɛŋŋ?
I heard that the VAT Service in Ghana has come up with a new method to encourage retailers in the informal sector to pay VAT. Can you tell me more about it?,Minu akɛ Value Added Tax Service ni yɔɔ Ghana lɛ kɛ gbɛ hee ko eba ni amɛkɛbaawo jarayelɔi ni yɔɔ nitsumɔhei ni bɛ gbɛjianɔtoo mli lɛ hewalɛ koni amɛwo VAT. Ani obaanyɛ okɛɛ mi ehe saji babaoo?
What are the initial steps in constructing the base of the 'Struggle for Wealth' piece?,Mɛni ji klɛŋklɛŋ nibii ni esa akɛ afee ni akɛma ‘Nibii Ahe Tawuu’ fã ko?
I'm interested in learning about mercury contamination in aquatic environments. Can you tell me about the effects of mercury on fish and other marine organisms?,Miyɛ mercury ni fiteɔ nu mli shihilɛi amli lɛ he miishɛɛ. Ani obaanyɛ okɛɛ mi bɔ ni mercury lɛ saa loo kɛ ŋshɔ mli nibii krokomɛi ahe ehaa?
I'm interested in learning more about cash management models. What are some common models used in Ghana?,Miyɛ he miishɛɛ akɛ makase shika he gbɛjianɔtoo he nɔkwɛmɔnii babaoo. Mɛni ji nɔkwɛmɔnii komɛi ni afɔɔ feemɔ yɛ Ghana?
I'm interested in learning more about cattle and buffalo meat production. Can you tell me about the different breeds and management systems used in Ghana?,Miyɛ he miishɛɛ akɛ male tsina kɛ tsina loo feemɔ he saji babaoo. Ani obaanyɛ okɛɛ mi kooloi srɔtoi kɛ gbɛjianɔtoi ni akɛtsuɔ nii yɛ Ghana lɛ ahe sane?
I'm interested in learning more about the research on water quality in Ghana. Can you tell me about the types of projects that were supervised by the CWSA?,Miyɛ he miishɛɛ akɛ makase nu he niiamlitaomɔ babaoo yɛ Ghana. Ani obaanyɛ okɛɛ mi nitsumɔi srɔtoi ni yɔɔ CWSA kwɛmɔ shishi lɛ ahe sane?
I'm interested in learning more about food labelling laws and regulations in Ghana. Can you tell me a bit about the current state of labelling laws in the country?,Miyɛ he miishɛɛ akɛ makase niyenii he okadi mlai kɛ gbɛjianɔtoi ni yɔɔ Ghana lɛ ahe nii babaoo. Ani obaanyɛ okɛɛ mi bɔ ni akɔntaabuu he mlai ni yɔɔ maŋ lɛ mli lɛ yɔɔ amrɔ nɛɛ he sane fioo?
I've heard that zeolites are being researched for their potential in water treatment. Can you tell me more about this?,Minu akɛ akwɛɔ zeolites mli koni ana bɔ ni amɛbaanyɛ amɛtsu nu he nii amɛha. Ani obaanyɛ okɛɛ mi enɛ he saji babaoo?
I've been hearing about Nigeria's increase in local rice production. Is it true that the country is actually exporting rice?,Mi nu akɛ Nigeria maŋ lɛ mli ŋmãa ni afeɔ lɛ etee hiɛ. Ani maŋ lɛ kɛ ŋmãa yaa maŋsɛɛ diɛŋtsɛ?
I'm interested in learning more about cadmium pollution in Ghana. Can you tell me about the typical concentrations of cadmium in pore water?,Miyɛ he miishɛɛ akɛ makase cadmium mujiwoo ni yɔɔ Ghana lɛ he nii babaoo. Ani obaanyɛ okɛɛ mi bɔ ni cadmium ni yɔɔ nu ni mli ewo muji mli lɛ fa ha?
"Can you walk me through the process of analyzing water samples at the Ghana Water and Sewage Corporation Laboratory at Suame, Kumasi?",Ani obaanyɛ otsɔɔ mi gbɛ ni atsɔɔ nɔ akwɛɔ nu mli nibii amli yɛ Ghana Nu kɛ Nu ni Ajieɔ kɛjɛɔ Nibii Amli lɛ mli nitsumɔhe ni yɔɔ Suame Kumasi lɛ mli?
I heard that the Public Utilities Regulatory Commission (PURC) has been making some changes to the tariffs for electricity and water in Ghana. Can you tell me more about this?,Mi nu akɛ Maŋ Nitsumɔhe ni Kwɛɔ Maŋ Nitsumɔi Anɔ lɛ (PURC) miifee tsakemɔi komɛi yɛ srawa hewalɛ kɛ nu he nyɔmɔwoo mli yɛ Ghana. Ani obaanyɛ okɛɛ mi enɛ he saji babaoo?
"What factors determine the adoption and use of electronic financial services among market traders in Accra, Ghana?","Mɛni nibii tsɔɔ bɔ ni jarayelɔi ni yɔɔ Accra, Ghana lɛ kpɛlɛɔ shika helɛtemɔ nitsumɔi ni yɔɔ kɔmpiuta nɔ lɛ anɔ ni amɛkɛtsuɔ nii?"
I'm reading about a study on salt stress in rice plants. What does SES stand for and how is it used to measure tolerance in rice?,Mikaneɔ nikasemɔ ko ni kɔɔ ŋmei ni yɔɔ ŋmãa tsei amli lɛ he. Mɛni ji SES ni te asusuɔ tsuishitoo ni yɔɔ ŋmãa mli lɛ he ahaa tɛŋŋ?
I've heard that the use of antibiotics in food animals can pose a risk to human health. Can you explain this risk and provide some evidence from Ghanaian research?,Minu akɛ tsofai ni gbeɔ helai ni akɛtsuɔ nii yɛ niyenii kooloi amli lɛ kɛ oshara baa adesai ahewalɛ nɔ. Ani obaanyɛ otsɔɔ oshara nɛɛ mli ni okɛ odaseyeli komɛi ni jɛ niiamlitaomɔ ni afee yɛ Ghana lɛ mli lɛ aha?
What happened to the mobile money vendor at Awutu Adawukwa on the thirtieth of October in the year twenty twenty?,"Mɛni ba mɔ ni hɔ̃ɔ shika yɛ tɛlifoŋ nɔ yɛ Authu Adaukwa lɛ nɔ yɛ Otukwajaŋ 30, 2020?"
I came across a study about the relationship between service quality and customer satisfaction in Ghana. Can you tell me more about the dimensions of service quality that were examined in this study?,Mikɛ nikasemɔ ko ni kɔɔ wekukpaa ni yɔɔ nitsumɔ ni hi jogbaŋŋ kɛ mɛi ni heɔ nii lɛ atsui ni nyɔɔ mɔ mli lɛ teŋ lɛ kpe yɛ Ghana. Ani obaanyɛ okɛɛ mi babaoo yɛ sɔɔmɔ kpakpa ni akwɛ mli yɛ nikasemɔ nɛɛ mli lɛ he?
I heard Ghanaian peacekeeping troops are paid three hundred  US dollarsper day by the UN. Is this true?,Minu akɛ Jeŋmaji Ekomefeemɔ lɛ woɔ Ghana toiŋjɔlɛ he nitsulɔi lɛ nyɔmɔ U.S. dɔlai 300 daa gbi. Ani enɛ ji anɔkwale?
I've been reading about the glycemic index of different foods in Ghana. Can you explain to me what the glycemic index is?,Mikaneɔ niyenii srɔtoi ni yɔɔ Ghana lɛ amli glycemic index lɛ he sane. Ani obaanyɛ otsɔɔ mi nɔ ni glycemic index lɛ ji?
I read that the Tony Elumelu Foundation disbursed a significant amount of money to entrepreneurs across Africa in two thousand and twenty-one. Can you tell me more about this?,Mikane akɛ Tony Elumelu Foundation lɛ kɛ shika babaoo eha nitsumɔtsɛmɛi akpei enyɔ kɛ nyɔŋmai enyɔ kɛ ekome ni yɔɔ Afrika lɛ. Ani obaanyɛ okɛɛ mi enɛ he saji babaoo?
I'm curious about the rice industry in Ghana. How has the demand for rice changed over the years in the country?,Miitao male omɔ nitsumɔ ni yɔɔ Ghana lɛ he nii. Te bɔ ni ataoɔ ŋmãa lɛ etsake yɛ maŋ lɛ mli yɛ afii ni eho lɛ amli eha tɛŋŋ?
I've heard that sweet potatoes are difficult to store in tropical regions. What makes them so hard to store?,Minu akɛ ewa akɛ abaato sweet potato yɛ hei ni kɔɔyɔɔ mli edɔ waa lɛ. Mɛni haa ewaa akɛ abaato amɛ?
I heard that mobile money transactions in Ghana have seen significant growth. What were the total mobile money transactions in two thousand and twenty-four?,Minu akɛ shika ni akɛtsuɔ nii yɛ mobile money nɔ yɛ Ghana lɛ etee hiɛ waa. Shika ni akɛyaa mobile nɔ lɛ jara ji enyiɛ yɛ afi 2024 mli?
I've been reading about the impact of inventory management on customer satisfaction. Can you tell me more about the conceptual framework used to study this relationship?,Mikane bɔ ni nibii ni akɛwoɔ mli lɛ ahe nitsumɔ saa mɛi ni heɔ nii lɛ atsui ni nyɔɔ mɔ mli lɛ he. Ani obaanyɛ okɛɛ mi babaoo yɛ susumɔ gbɛjianɔtoo ni akɛkase wekukpaa nɛɛ he?
I'm interested in learning more about the effects of harvest time and storage duration on the juice yield of orange fruits. Can you tell me more about that?,Miyɛ he miishɛɛ akɛ makase bɔ ni kpamɔ be kɛ be ni akɛtoɔ lɛ saa ŋmei aduawai amli nu lɛ he babaoo. Ani obaanyɛ okɛɛ mi enɛ he saji babaoo?
I came across a research article about antibiotic use in fish farms in the Ashanti Region of Ghana. Can you summarize the key findings of the study?,Miyana niiamlitaomɔ wolo ko ni kɔɔ tsofai ni gbeɔ helai ni akɛtsuɔ nii yɛ loo alɛɛhe lɛ he yɛ Ashanti kpokpaa ni yɔɔ Ghana lɛ nɔ. Ani obaanyɛ owie nibii titrii ni ana yɛ nikasemɔ lɛ mli lɛ ahe kuku?
I've been reading about water quality in Ghana and I'm shocked by the statistics. Can you tell me more about the current state of water supply in Ghana?,Mikane nu ni yɔɔ Ghana lɛ he saji ni akɔntaabuu lɛ eha mihe efee mi yaa. Ani obaanyɛ okɛɛ mi nu ni akɛhaa yɛ Ghana lɛ he saji babaoo?
I'm interested in learning more about household water sources in Ghana. What kind of information does the Kwame Nkrumah University of Science and Technology collect in their household questionnaire?,Miyɛ he miishɛɛ akɛ makase shĩai amli nu jɛɛhei ni yɔɔ Ghana lɛ ahe nii babaoo. Mɛɛ saji Kwame Nkrumah Jeŋ Nilee kɛ Teknɔlɔji Yunivɛsiti lɛ buaa naa yɛ amɛweku sanebimɔ wolo lɛ mli?
I came across a research article from Ghana about activity-based costing and its relation to customer satisfaction. Can you tell me more about the findings?,Miyana niiamlitaomɔ wolo ko kɛjɛ Ghana ni kɔɔ nitsumɔ mli nyɔmɔwoo kɛ wekukpaa ni yɔɔ ekɛ mɛi ni heɔ nii lɛ atsui ni nyɔɔ mɔ mli lɛ teŋ lɛ he. Ani obaanyɛ okɛɛ mi nibii ni ana lɛ ahe saji babaoo?
What was the purpose of the Climate Education Summit held at Radach Hotel in Tamale on the twenty-fifth of November in the year twenty twenty-five?,"Mɛni ji yiŋtoo ni yɔɔ kɔɔyɔŋ tsakemɔ he nikasemɔ kpee ni afee yɛ November 25, afii nyɔŋmai enyɔ kɛ enumɔ ni eho nɛ yɛ Radach Hotel lɛ sɛɛ?"
I'm interested in learning more about the loan repayment process in Ghanaian banks. Can you explain the importance of cash flows in determining a borrower's ability to repay a loan?,Miyɛ he miishɛɛ akɛ male bɔ ni awoɔ nyɔmɔ yɛ Ghana shikatoohei lɛ ahe nii babaoo. Ani obaanyɛ otsɔɔ bɔ ni shika ni hoɔ lɛ he hiaa ha yɛ nyɛmɔ ni mɔ ni heɔ shika lɛ yɔɔ ni ekɛwoɔ shika ni efa lɛ mli lɛ mli?
I'm interested in learning about the impacts of climate change on water resources and agriculture in Ghana. Can you provide some information on this topic?,Miyɛ bɔ ni kɔɔyɔŋ tsakemɔ saa nu nibii kɛ okwaayeli he yɛ Ghana lɛ he miishɛɛ. Ani obaanyɛ okɛ saji komɛi ni kɔɔ saneyitso nɛɛ he aha?
I'm interested in learning more about pepper farming in Ghana. Can you tell me why irrigation is necessary for pepper crops?,Miyɛ he miishɛɛ akɛ makase ŋmɔtɔ ni akɛtsuɔ nii yɛ Ghana lɛ he nii babaoo. Kɛɛmɔ mi nɔ hewɔ ni nu ni akɛshwieɔ nɔ lɛ he hiaa kɛha pepper ŋmɔshi nibii lɛ?
I'm interested in learning about the impact of climate variability on tomato production in Ghana. Can you tell me more about the Offinso North District and why it's relevant to this topic?,Miyɛ bɔ ni kɔɔyɔŋ tsakemɔi saa tomato ni afeɔ yɛ Ghana lɛ he lɛ he miishɛɛ. Ani obaanyɛ okɛɛ mi Offinso North Kpokpaa lɛ he saji babaoo kɛ nɔ hewɔ ni ekɔɔ saneyitso nɛɛ he lɛ?
I'm interested in learning more about food safety in Ghana. What are some common sources of foodborne illnesses in the country?,Miyɛ he miishɛɛ akɛ makase niyenii ni yɔɔ Ghana lɛ he nii babaoo. Mɛni ji nibii komɛi ni fɔɔ helai ni jɛɔ niyenii mli baa yɛ maŋ lɛ mli lɛ?
"I've been considering investing in Ghana, but I want to make sure I understand the economic landscape. Can you tell me about the relationship between fiscal policy and the stock market in Ghana?","Misusuɔ shika ni mikɛwoɔ Ghana lɛ he, shi miisumɔ ni mana nɔmimaa akɛ minuɔ shika helɛtemɔ shihilɛ lɛ shishi. Ani obaanyɛ okɛɛ mi wekukpaa ni kã shika he gbɛjianɔtoo kɛ Ghana shikatoohe lɛ teŋ?"
What is ground penetrating radar and how is it used in soil water content determination?,"Mɛni ji radar ni boteɔ shikpɔŋ mli, ni te akɛtsuɔ nii ahaa tɛŋŋ koni akɛna nu ni yɔɔ shikpɔŋ mli lɛ?"
"I'm studying routing protocols in mobile packet networks, specifically three grams/three point five grams networks. Can you tell me more about RIP and its limitations?","Miikaseɔ gbɛtsɔɔmɔ he gbɛjianɔtoi yɛ mobile packet networks amli, titri lɛ gram etɛ/gram etɛ point enumɔ networks. Ani obaanyɛ okɛɛ mi RIP kɛ naatsii ahe saji babaoo?"
"What impact has digital payments had on the African economy, and how can NGOs benefit from this trend?","Te dijitaal nyɔmɔwoo lɛ ená Afrika shika helɛtemɔ nɔ hewalɛ eha tɛŋŋ, ni te NGOs lɛ baanyɛ ana nɛkɛ nifeemɔ nɛɛ he sɛɛ amɛha tɛŋŋ?"
I'm interested in learning more about green supply chain management practices in Ghana. Can you tell me about the adoption rates of GSCM among food processing firms and agri-businesses in the country?,Miyɛ he miishɛɛ akɛ makase nibii babaoo yɛ bɔ ni akwɛɔ nibii ni akɛhaa mɛi ni yɔɔ ŋmɔ mli lɛ anɔ yɛ Ghana lɛ he. Ani obaanyɛ okɛɛ mi bɔ ni niyenii afeemɔ nitsumɔhei kɛ agri nitsumɔhei ni yɔɔ maŋ lɛ mli lɛ kpɛlɛɔ GSCM nɔ amɛhaa lɛ he sane?
I'm interested in learning about heavy metal exposure from foods. Can you tell me more about it?,Miyɛ he miishɛɛ akɛ makase dade ni tsii ni jɛɔ niyenii mli baa lɛ he nii. Ani obaanyɛ okɛɛ mi ehe saji babaoo?
I read that the administrator of Common Fund has been borrowing to pay District Assemblies. Can you confirm this and explain the situation?,Mikane akɛ maŋ shikatoohe lɛ nɔkwɛlɔ lɛ miifa shika koni ekɛwo kpokpaa nɔ kpeei ahe nyɔmɔ. Ani obaanyɛ oma enɛ nɔ mi ni otsɔɔ shihilɛ lɛ mli?
What's the latest news on the Netflix series 'Blood and Water'?,Mɛni ji adafitswaa hee ni yɔɔ Netflix sini ni ji ‘La kɛ Nu’ lɛ mli?
I heard that the FDA recently ordered a recall of Tasty Tom Enriched Tomato Mix. What led to this decision?,I heard that the FDA has recently ordered a rebranding of Taste Tom's Rich Tomato Blend. Mɛni ji yiŋtoo hewɔ ni akpɛ yiŋ nɛɛ?
I'm interested in learning more about the effects of urea fertilizers on rice production. Can you tell me a bit about the benefits and limitations of using urea fertilizers?,Miyɛ he miishɛɛ akɛ male bɔ ni urea ŋmɔshi nibii lɛ tsuɔ nii ehaa yɛ ŋmãa yibiiwoo nɔ lɛ he babaoo. Ani obaanyɛ okɛɛ mi sɛɛnamɔi kɛ naagbai ni yɔɔ urea ŋmɔshi nibii ni akɛtsuɔ nii lɛ he lɛ he sane fioo?
"What are the main insurance products preferred by cashew farmers in Ghana, and how much are they willing to pay for them?","Mɛni ji inshuɔrans nibii titri ni cashew okwaafoi ni yɔɔ Ghana lɛ sumɔɔ waa, ni shika enyiɛ amɛsumɔɔ ni amɛwo he nyɔmɔ?"
I'm interested in learning more about cost management in real estate projects. What are some challenges that hinder effective cost management?,Miyɛ he miishɛɛ akɛ makase shika babaoo ni akɛtsuɔ nii yɛ shiai ahe nitsumɔi amli lɛ he nii. Mɛni ji naagbai komɛi ni tsiɔ shika he gbɛjianɔtoo ni mɔɔ shi jogbaŋŋ lɛ naa?
I'm interested in learning about the impact of Business Process Reengineering on customer satisfaction in the banking industry in Ghana. Can you explain the regression equation derived from the study?,Miyɛ bɔ ni jarayeli gbɛjianɔtoo lɛ mli tsakemɔi lɛ saa mɛi ni heɔ nii lɛ atsui ni nyɔɔ mɔ mli yɛ shikatoohe nitsumɔhe ni yɔɔ Ghana lɛ he lɛ he miishɛɛ. Ani obaanyɛ otsɔɔ sɛɛkuu equation ni jɛ nikasemɔ lɛ mli lɛ mli?
What are the factors that determine an individual's decision to pay for NHIS premium using the Mobile Payment Platform System (MPPS) in Ghana?,Mɛni ji nibii ni haa mɔ aŋkro ko kpɛɔ eyiŋ akɛ ebaawo NHIS nyɔmɔ kɛtsɔ Mobile Payment Platform System (MPPS) ni yɔɔ Ghana lɛ nɔ?
"What is transaction cost economics, and when did it start being used in research?","Mɛni ji shika helɛtemɔ he shika helɛtemɔ, ni mɛɛ be aje shishi akɛtsu nii yɛ niiamlitaomɔ mli?"
"I'm interested in learning more about the different tomato varieties in Ghana. Can you tell me about the agronomic characteristics of the five tomato varieties studied at KNUST, Kumasi?","Miyɛ he miishɛɛ akɛ makase tomato henɔi srɔtoi ni yɔɔ Ghana lɛ ahe nii babaoo. Ani obaanyɛ okɛɛ mi agronomic su ni yɔɔ tomato henɔi enumɔ ni akase yɛ KNUST, Kumasi lɛ mli lɛ he sane?"
What were the main sources of data collection in the research on e-business adoption in Ghana hotels?,Mɛni ji hei titri ni abua saji anaa yɛ niiamlitaomɔ ni kɔɔ e-business ni akɛtsuɔ nii yɛ Ghana gbɔiatoohei lɛ amli lɛ mli?
What is the difference between food insecurity and hunger?,Mɛni ji srɔtofeemɔ ni yɔɔ niyenii ni esaaa ni ayeɔ kɛ hɔmɔ teŋ?
What is proximate analysis in the context of food products?,Mɛni ji mlipɛimɔ ni bɛŋkɛ kpaakpa yɛ niyenii ni afee lɛ he?
I'm interested in learning more about the challenges of preserving fruits and vegetables in Ghana. Can you tell me about the methods used to prevent deterioration?,Miyɛ he miishɛɛ akɛ makase naagbai ni yɔɔ aduawai kɛ aduawai ni akɛtoɔ he yɛ Ghana lɛ ahe nii babaoo. Ani obaanyɛ okɛɛ mi gbɛi ni otsɔɔ nɔ otsiɔ nibii ni fiteɔ lɛ anaa?
I heard that the Bank of Ghana printed some money without parliamentary approval. Can you tell me more about that?,Minu akɛ Ghana Bank of Ghana lɛ ekala shika komɛi ni Parliament lɛ ekpɛlɛɛɛ nɔ. Ani obaanyɛ okɛɛ mi enɛ he saji babaoo?
I'm interested in understanding the factors that influence a customer's decision to use a bank's services in Ghana. Can you tell me more about the key factors that affect this decision?,Miyɛ he miishɛɛ akɛ manu nibii ni náa mɔ ni heɔ nii lɛ yiŋkpɛɛ akɛ ekɛ shikatoohe nitsumɔi baatsu nii yɛ Ghana lɛ nɔ hewalɛ. Ani obaanyɛ okɛɛ mi nibii titrii ni náa yiŋkpɛɛ nɛɛ nɔ hewalɛ lɛ ahe saji babaoo?
"I'm interested in learning about the research on pito, a traditional drink in Ghana. Can you tell me more about the methods used to identify the moulds in the drink?","Miyɛ pito, ni ji kusum nii ni anuɔ yɛ Ghana lɛ he niiamlitaomɔ he miishɛɛ. Ani obaanyɛ okɛɛ mi gbɛi ni atsɔɔ nɔ ayɔseɔ ŋmeii ni yɔɔ nibii ni anuɔ lɛ amli lɛ ahe saji babaoo?"
I'm interested in learning more about customer service in Ghana. Can you tell me about the importance of customer service in building a brand's reputation?,Miyɛ he miishɛɛ akɛ makase nibii babaoo yɛ mɛi ni baahe nii yɛ Ghana lɛ ahe. Ani obaanyɛ okɛɛ mi bɔ ni mɛi ni heɔ nii lɛ anitsumɔ he hiaa ha yɛ gbɛi kpakpa ko maa mli?
What are some key factors that influence a customer's decision to switch banks in Dunkwa?,Mɛni ji nibii titrii komɛi ni náa mɛi ni heɔ nii lɛ ayiŋkpɛɛ akɛ ebaatsake shikatoohe ni yɔɔ Dunkwa lɛ nɔ hewalɛ?
I'm interested in learning more about rice production in Ghana. Can you tell me about the research that has been done on rice characteristics?,Miyɛ he miishɛɛ akɛ makase ŋmãa ni afeɔ yɛ Ghana lɛ he nii babaoo. Ani obaanyɛ okɛɛ mi niiamlitaomɔ ni afee yɛ ŋmãa nibii ahe lɛ he sane?
What advice did Prof. Patrick Asuming give to the John Mahama government regarding food security?,Mɛɛ ŋaa Nilelɔ Patrick Assuming wo John Mahama nɔyeli lɛ yɛ niyenii he shweshweeshwefeemɔ he?
What is the difference between paddy rice and brown rice?,Mɛni ji srɔtofeemɔ ni yɔɔ ŋmãa kɛ ŋmãa ni tsuɔ tamɔ ŋmɔtɔ teŋ?
Who paid a condolence visit to the family of Ghanaian highlife legend Daddy Lumba?,Namɔ basara Ghana shihilɛ mli gbɔmɔ ni he gbɛi waa ni atsɛɔ lɛ Daddy Lumba lɛ weku lɛ he awerɛhoyeli?
"I've been reading about the Ghanaian stock market. What's the current state of the market, and how does it compare to other more advanced stock exchanges?","Mikane Ghana jarayelihe lɛ he sane. Mɛni ji jarayeli shihilɛ ni yɔɔ amrɔ nɛɛ, ni te ekɛtoɔ jarayeli hei krokomɛi ni etee hiɛ lɛ ahe ehaa tɛŋŋ?"
I'm trying to understand the concept of perceived value in the context of customer satisfaction. Can you explain it to me?,Miibɔ mɔdɛŋ ni manu sɛɛnamɔ ni asusuɔ he lɛ shishi yɛ mɛi ni heɔ nii lɛ atsui ni nyɔɔ mɔ mli lɛ mli. obaanyɛ otsɔɔ mi mli
What is the significance of detecting E. coli in water?,E. Te ehe hiaa ha tɛŋŋ ni ana coliform yɛ nu mli?
I read that Real Madrid paid Liverpool around eight point four zero  pounds sterlingm for Trent Alexander-Arnold. Why did they decide to pay the fee instead of waiting a month to get him for free?,Mikane akɛ Real Madrid wo Liverpool nyɔmɔ ni ji pound 8 kɛ ejwɛ ni ji zero pounds kɛha Trent Alexander-Arnold. Mɛni hewɔ esa akɛ owo he nyɔmɔ moŋ fe ni ooomɛ nyɔŋ kome ni onine ashɛ nɔ yaka?
I've heard that the restaurant industry in Ghana is booming. What's driving this growth?,Minu akɛ niyelihe nitsumɔ lɛ miiya hiɛ waa yɛ Ghana. Mɛni ji nɔ ni tsirɛɔ nɛkɛ dalɛ nɛɛ?
I heard about a capital market quiz competition for students in Ghana. Can you tell me more about it?,Minu maŋtiase jarayeli he sanebimɔ akaŋshii ko ni akɛhaa skulbii ni yɔɔ Ghana lɛ he. Ani obaanyɛ okɛɛ mi ehe saji babaoo?
I've been reading about the Ghanaian banking sector and I'm curious about the relationship between service quality and customer loyalty. Can you tell me more about this?,Mikaneɔ Ghana shikatoohe lɛ he saji ni miitao male kɛ wekukpaa ni kã nitsumɔ ni hi jogbaŋŋ kɛ anɔkwayeli ni mɛi ni heɔ nii lɛ yeɔ lɛ teŋ lɛ. Ani obaanyɛ okɛɛ mi enɛ he saji babaoo?
What are some common symptoms of root-knot nematode damage on tomato plants?,Mɛni ji okadii komɛi ni afɔɔ namɔ ni tsɔɔ akɛ root-knot nematode lɛ efite tomato tsei?
I'm interested in learning more about rice production in Ghana. What are the average yields of rice across different regions in the country?,Miyɛ he miishɛɛ akɛ makase ŋmãa ni afeɔ yɛ Ghana lɛ he nii babaoo. Mɛni ji ŋmãa ni anáa yɛ maŋ lɛ kpokpai srɔtoi anɔ lɛ mlijaa mlijaa?
I'm interested in learning more about the relationship between physical appearance and customer satisfaction in the banking industry. Can you provide some information on this topic?,Miyɛ he miishɛɛ akɛ makase wekukpaa ni kã gbɔmɔtsoŋ hefɛo kɛ mɛi ni heɔ nii lɛ atsui ni nyɔɔ mɔ mli yɛ shikatoohe nitsumɔ lɛ mli lɛ he nii babaoo. Ani obaanyɛ okɛ saji komɛi ni kɔɔ saneyitso nɛɛ he aha?
What are the sources of opportunities in the global market for the cable and wire manufacturing firms in Ghana?,Mɛni ji hegbɛi ni yɔɔ jeŋ muu fɛɛ jarayeli mli kɛha nitsumɔhei ni feɔ waya kɛ waya yɛ Ghana lɛ jɛɛhei?
I heard that the Planting for Food and Jobs policy in Ghana has been quite successful. Can you tell me more about it?,Minu akɛ Niyenii kɛ Nitsumɔi Adumɔ He Mla ni yɔɔ Ghana lɛ ye omanye waa. Ani obaanyɛ okɛɛ mi ehe saji babaoo?
What's the current price of petrol and diesel in Ghana?,Mɛɛ pɛtrol kɛ diesel jara ji yɛ Ghana?
What were the results of the study on the overall cost of labour turnover to Public Technical Universities in Ghana?,Mɛni ji nɔ ni jɛ nikasemɔ ni kɔɔ nitsumɔ ni akɛyaa maŋ ŋaa nitsumɔ he univɛsitii ni yɔɔ Ghana lɛ fɛɛ he lɛ mli ba?
I've been reading about the effects of potassium consumption from drinking water. Can you tell me more about it?,Mikane nɔ ni potassium ni jɛɔ nu ni anuɔ mli lɛ ni ayeɔ lɛ feɔ lɛ he sane. Ani obaanyɛ okɛɛ mi ehe saji babaoo?
I'm interested in learning more about the Quantity Surveying profession in Ghana. Can you tell me about the history of the profession and how it has evolved over time?,Miyɛ he miishɛɛ akɛ male nibii babaoo yɛ nitsumɔ ni akɛtaoɔ nibii amli yɛ Ghana lɛ he. Ani obaanyɛ okɛɛ mi nitsumɔ lɛ he yinɔsane kɛ bɔ ni etsɔ hiɛ eha yɛ be ni eho lɛ mli?
I'm interested in learning about the water facilities in the Bosomtwe District of Ghana. What types of facilities are available in the district?,"Miyɛ he miishɛɛ akɛ male nu nitsumɔhei ni yɔɔ Bosomtwe Kpokpaa lɛ nɔ, yɛ Ghana lɛ ahe saji. Mɛɛ nibii yɔɔ kpokpaa lɛ nɔ?"
What is an example of a company that successfully used the 'split the market' tactic?,Mɛni ji nitsumɔhe ko ni kɛ ‘jarayeli mligbalamɔ’ gbɛ lɛ etsu nii jogbaŋŋ lɛ he nɔkwɛmɔnɔ?
I've been reading about Activity-Based Costing (ABC) and its benefits in organisations. Can you explain how ABC helps in identifying ineffective or duplicative procedures within a company?,Mikaneɔ nitsumɔ ni damɔ shika nɔ (ABC) kɛ sɛɛnamɔi ni yɔɔ he yɛ gbɛjianɔtoo ko mli lɛ he sane. Ani obaanyɛ otsɔɔ bɔ ni ABC baanyɛ aye abua ni ana nifeemɔi ni tsuuu nii jogbaŋŋ loo ni afee ekome yɛ nitsumɔhe ko lɛ mli?
"What happened at the Adabraka Market in Accra on Saturday, November two?",Mɛni ba yɛ Adabraka jarayelihe ni yɔɔ Accra lɛ yɛ Hɔgbaa November 2?
"What was the method used to slice the fruits in the experiment, and what were the thickness sizes of the slices?","Mɛni ji gbɛ ni atsɔ nɔ afo aduawai lɛ yɛ kaa lɛ mli, ni mɛɛ ŋtayaai lɛ amli tsɔi lɛ mli tsɔ?"
I'm interested in learning about the safety of rice consumption in Ghana. Can you tell me about the levels of heavy metals found in rice samples in a recent study?,Miyɛ bɔ ni ŋmãa ni ayeɔ yɛ Ghana lɛ yɔɔ shweshweeshwe lɛ he miishɛɛ. Ani obaanyɛ okɛɛ mi dade ni tsii ni ana yɛ ŋmãa nɔkwɛmɔnii amli yɛ nikasemɔ ko ni afee nyɛsɛɛ nɛɛ mli lɛ falɛ he sane?
I'm interested in learning more about sweet potatoes. Can you tell me about their nutritional value and how they can be used as a functional food ingredient?,Miyɛ he miishɛɛ akɛ makase sweet potato he nii babaoo. Kɛɛmɔ mi amɛ niyenii mli hewalɛ kɛ bɔ ni abaanyɛ akɛtsu nii akɛ niyenii ni tsuɔ nii?
"I've been reading about the textile industry in Ghana. What types of textiles are commonly sold, and what challenges do indigenous textile producers face?","Mikane atadefeemɔ nitsumɔ ni yɔɔ Ghana lɛ he sane. Mɛɛ atadei ahe nibii ahɔ̃ɔ fe fɛɛ, ni mɛɛ naagbai maŋbii ni feɔ atadei lɛ kɛkpeɔ?"
I heard that Marwako Fast Food Limited had a food poisoning incident. What happened?,Mi nu akɛ Marwako Fast Food Limited lɛ yɛ niyenii ni mli ewo muji lɛ he naagba. meni ba?
I'm interested in learning about the microbial quality of household water sources in Ghana. What are some of the key findings from research studies on this topic?,Miyɛ bɔ ni shĩai amli nu jɛɛhei ni yɔɔ Ghana lɛ amli nibii bibii ni wala yɔɔ mli lɛ yɔɔ ha lɛ he miishɛɛ. Mɛni ji nibii titrii ni ana kɛjɛ niiamlitaomɔi ni kɔɔ saneyitso nɛɛ he lɛ amli lɛ ekomɛi?
I'm interested in learning about the growth performance of fish in different water conditions. Can you tell me about a study that compared the growth of fish in fresh water and re-use water?,Miyɛ bɔ ni loo lɛ daa yɛ nu shihilɛi srɔtoi amli lɛ he miishɛɛ. Ani obaanyɛ okɛɛ mi nikasemɔ ko ni kɔɔ loo dalɛ kɛ nu ni akɛtsuɔ nii ekoŋŋ yɛ nu kpakpa mli lɛ he sane?
I'm interested in learning about the impact of macroeconomic fundamentals on the Ghanaian stock market. Can you tell me a bit about a recent study on this topic?,Miyɛ bɔ ni Macroeconomic Foundations lɛ náa shikatoohe ni yɔɔ Ghana lɛ nɔ hewalɛ eha lɛ he miishɛɛ. Ani obaanyɛ okɛɛ mi nikasemɔ ko ni afee nyɛsɛɛ nɛɛ yɛ saneyitso nɛɛ he lɛ he sane fioo?
What was the main objective of the study on health insurance markets in Ghana?,Mɛni ji oti titri ni yɔɔ nikasemɔ ni kɔɔ helatsamɔ he inshuɔrans jarayeli he yɛ Ghana lɛ sɛɛ?
What did Sammy Gyamfi say about Dr. Mahamudu Bawumia's claim on MoMo interoperability?,Mɛni Sammy Giamfi kɛɛ yɛ Dr. Mahamudu Bawmia sanebimɔ ni kɔɔ MoMo nitsumɔ he lɛ he?
I'm interested in learning about the effects of small-scale mining on food production in Ghana. Can you tell me more about this topic?,Miyɛ bɔ ni shika bibii ni ajieɔ kɛjɛɔ shikpɔŋ lɛ nɔ lɛ saa niyenii ni afeɔ yɛ Ghana lɛ he lɛ he miishɛɛ. Ani obaanyɛ okɛɛ mi enɛ he saji babaoo?
"What is bread staling, and how does it affect the quality of bread?","Mɛni ji blodo ni kpɛtɛɔ he, ni te enáa blodo kpakpa nɔ hewalɛ ehaa tɛŋŋ?"
I read that street food vendors in Ghana have been found to be selling food with high levels of heavy metals. Can you tell me more about this?,Mikane akɛ ana akɛ mɛi ni hɔ̃ɔ niyenii yɛ gbɛjegbɛ nɔ yɛ Ghana lɛ miihɔ niyenii ni dade ni tsii babaoo yɔɔ mli. Ani obaanyɛ okɛɛ mi enɛ he saji babaoo?
What measures has Ghana taken to combat terrorism and money laundering?,Mɛɛ gbɛi Ghana etsɔ nɔ ekɛwu eshi awuiyeli kɛ shika ni akɛwoɔ shika mli lɛ?
What is the Ghana Maritime Authority doing to reduce water transport-related accidents?,Mɛni Ghana Ŋshɔ hiɛ Nitsumɔhe lɛ miifee koni ekɛba osharai ni jɛɔ nu mli gbɛfaa mli baa lɛ shi?
I'm interested in learning about the relationship between corporate image and customer satisfaction in the telecommunications industry. Can you explain this concept to me?,Miyɛ wekukpaa ni kã nitsumɔhe lɛ mfoniri kɛ mɛi ni heɔ nii lɛ atsui ni nyɔɔ mɔ mli yɛ tɛlifon nitsumɔhe lɛ teŋ lɛ he miishɛɛ. Ani obaanyɛ otsɔɔ susumɔ nɛɛ mli?
I've been reading about water treatment in Ghana and I came across the term 'AOCC'. What does it stand for?,Mikaneɔ nu he nitsumɔ he sane yɛ Ghana ni mikɛ wiemɔ ni ji 'AOCC' lɛ kpe. meni oshɔɔ?
I'm interested in learning about rice genetics research in Ghana. Can you tell me about some of the key studies and findings in this area?,Miyɛ ŋmãa mli nibii amlitaomɔ yɛ Ghana he miishɛɛ. Ani obaanyɛ okɛɛ mi niiamlitaomɔi titrii kɛ nibii ni ana yɛ nɛkɛ he nɛɛ ekomɛi?
I heard that cocoa prices have increased significantly in Ghana. Can you tell me more about this?,Minu akɛ kookoo jara etee ŋwɛi waa yɛ Ghana. Ani obaanyɛ okɛɛ mi enɛ he saji babaoo?
I'm having trouble understanding the Fisher's F-value in the context of the glycation of Bambara protein-rice starch composites. Can you explain what it means?,Mikɛ naagba miikpe yɛ Fisher F-sɛɛnamɔ lɛ shishinumɔ he yɛ Bambara protein-ŋmãa ŋmãa mli ŋmãa lɛ mli glycation lɛ mli. Ani obaanyɛ otsɔɔ nɔ ni no tsɔɔ?
What is MTN Ghana doing to tackle mobile money fraud?,Mɛni MTN Ghana miifee koni ekɛwu eshi mobile shika he shishiumɔ?
I'm interested in learning more about traditional herbal medicine in Ghana. How do sellers ensure customer safety when buying their products?,Miyɛ he miishɛɛ akɛ makase tsofafeemɔ ni jɛ blema tsofafeemɔ mli yɛ Ghana lɛ he nii babaoo. Te mɛi ni hɔ̃ɔ nii lɛ feɔ tɛŋŋ amɛkwɛɔ koni mɛi ni baahe nii lɛ ahi shi shweshweeshwe kɛ́ amɛheɔ amɛnibii lɛ?
What happened to Marwako Fast Food after the two thousand and twenty-two food poisoning incident?,Mɛni ba Marwako niyenii ni ayeɔ oya lɛ nɔ yɛ niyenii ni mli ewo muji akpei enyɔ kɛ nyɔŋmai enyɔ kɛ enyɔ sɛɛ?
"What is the current water situation in Tamale, Ghana?","Te nu he shihilɛ yɔɔ ha tɛŋŋ yɛ Tamale, Ghana?"
I heard that Stonebwoy paid tribute to a music legend. Can you tell me more about that?,Minu akɛ Stonebwoy wo lala he abɛbua ko hiɛ nyam. Ani obaanyɛ okɛɛ mi enɛ he saji babaoo?
I'm interested in learning more about fish farming in Ghana. What opportunities are available for fish farming in the Ashanti Region?,Miyɛ he miishɛɛ akɛ makase loo ŋmɔshi nibii babaoo yɛ Ghana. Mɛni ji hegbɛi ni yɔɔ kɛha loofeemɔ yɛ Ashanti kpokpaa lɛ nɔ?
I'm interested in learning about the importance of inventory management in businesses. Can you explain how it affects customer satisfaction?,Miyɛ bɔ ni nibii ni akɛwoɔ jarayeli nitsumɔi amli lɛ ahe hiaa ha lɛ he miishɛɛ. Ani obaanyɛ otsɔɔ bɔ ni enaa mɛi ni heɔ nii lɛ atsui ni nyɔɔ mɔ mli lɛ nɔ hewalɛ ehaa lɛ mli?
I'm interested in learning more about the Ghanaian insurance market. What are some challenges that insurance companies face when trying to increase insurance penetration?,Miyɛ he miishɛɛ akɛ makase inshuɔrans jarayeli ni yɔɔ Ghana lɛ he nii babaoo. Mɛni ji naagbai komɛi ni inshuɔrans nitsumɔhei kɛkpeɔ beni amɛbɔɔ mɔdɛŋ ni amɛha shika ni amɛwoɔ lɛ aya hiɛ lɛ?
I'm interested in learning about the relationship between fruit and vegetable consumption and health. What are some common misconceptions people have about fruits and vegetables?,Miyɛ wekukpaa ni kã aduawai kɛ aduawai ni ayeɔ kɛ hewalɛnamɔ teŋ lɛ he miishɛɛ. Mɛni ji susumɔi ni ejaaa ni mɛi hiɛ yɛ aduawai kɛ aduawai ahe?
What are the main expectations of regulatory bodies from Access Bank and other commercial banks in Ghana when it comes to dealing with money laundering?,Mɛni ji nibii titri ni Access Bank kɛ jarayeli shikatoohei krokomɛi ni kwɛɔ shikatoohei anɔ yɛ Ghana lɛ kpaa gbɛ yɛ shika ni akɛwoɔ shikatoohei amli lɛ he?
"I'm interested in learning about emulsions, specifically water-in-oil emulsions. Can you explain how they work and their potential applications?","Miyɛ emulsions he miishɛɛ, titri lɛ emulsions ni akɛ nu ewo mli lɛ. Ani obaanyɛ otsɔɔ bɔ ni amɛtsuɔ nii amɛhaa kɛ bɔ ni abaanyɛ akɛtsu nii amɛha lɛ mli?"
I'm interested in learning more about the relationship between crude oil prices and economic growth in Ghana. Can you provide some background information on this topic?,Miyɛ he miishɛɛ akɛ makase tsakpaa ni yɔɔ mu jara kɛ Ghana shika gbɛfaŋ dalɛ teŋ lɛ he nii babaoo. Ani obaanyɛ okɛ saji komɛi ni kɔɔ saneyitso nɛɛ he aha?
I'm trying to understand why multinational enterprises (MNEs) invest in foreign countries. Can you explain the market imperfection theory?,Miibɔ mɔdɛŋ ni manu nɔ hewɔ ni majimaji ateŋ nitsumɔhei (MNEs) kɛ amɛshika woɔ maŋsɛɛ maji amli lɛ shishi. Ani obaanyɛ otsɔɔ jarayeli mli emuu ni ayeee lɛ mli?
I heard that the Food and Beverage Importers Association is planning to reduce prices of some foodstuffs and products. Is this true?,Minu akɛ Niyenii kɛ Nibii ni Anuɔ ni Akɛbaa Maŋsɛɛ lɛ Kuu lɛ miifee gbɛjianɔ koni eba niyenii kɛ nibii komɛi ahe jara shi. Ani enɛ ji anɔkwale?
What is the Telecel More Money promo and how does it work?,Mɛni ji Telecell Shika Kroko He Nɔyaa lɛ ni te etsuɔ ​​nii ehaa tɛŋŋ?
I'd like to learn about the impact of customer care on the performance of Tobinco Pharmaceutical Limited. Can you provide some insights?,Miisumɔ ni male bɔ ni mɛi ni heɔ nii lɛ akwɛmɔ tsuɔ nii ehaa yɛ Tobinco Tsofafeemɔ Limited lɛ nitsumɔ nɔ lɛ he. Ani obaanyɛ okɛ shishinumɔi komɛi aha?
I heard that Canada is removing US-made alcohol from store shelves. What's the reason behind this move?,Minu akɛ Canada miijie dãa ni Amerikabii fee lɛ kɛmiijɛ shwapoi lɛ amli. Mɛni ji yiŋtoo ni yɔɔ nɛkɛ shihilɛ nɛɛ sɛɛ?
What was the best-selling album of two thousand and twenty-one inches the UK?,Mɛni ji lala wolo ni dalɛ ji 221 inch ni ahɔ̃ɔ fe fɛɛ yɛ UK?
I'm interested in learning more about the methods used in a Ghanaian research article. Can you explain how the food samples were prepared for analysis?,Miyɛ he miishɛɛ akɛ makase gbɛi ni akɛtsu nii yɛ Ghana niiamlitaomɔ wolo lɛ mli lɛ ahe nii babaoo. Ani obaanyɛ otsɔɔ bɔ ni asaa niyenii ni ajieɔ lɛ kpo lɛ mli koni akɛpɛi mli lɛ mli?
What is the purpose of the sensory evaluation forms used by the Department of Food Science and Technology at Kwame Nkrumah University of Science and Technology?,"Mɛni ji yiŋtoo ni yɔɔ henumɔi amlipɛimɔ woji ni Niyenii He Nilee kɛ Teknɔlɔji Nitsumɔhe, Kwame Nkrumah Jeŋ Nilee kɛ Teknɔlɔji Yunivɛsiti lɛ kɛtsuɔ nii lɛ sɛɛ?"
I'm interested in learning more about the stock market in Ghana. Can you tell me about the Ghana Stock Exchange?,Miyɛ he miishɛɛ akɛ makase nibii babaoo yɛ Ghana jarayeli he. Ani obaanyɛ okɛɛ mi Ghana Shikatoohe lɛ he sane?
"I heard that the Trade Minister of Ghana, K.T. Hammond, has been discussing the prices of cement in the country. Can you tell me more about what he said?",Ghana Jarayeli He Nɔkwɛlɔ K.T. Hammond esusu simenti jara ni yɔɔ maŋ lɛ mli lɛ he. Ani obaanyɛ okɛɛ mi nɔ ni ewie lɛ he saji babaoo?
What did Finance Minister Dr. Cassiel Ato Forson say about borrowing from the international capital market?,"Mɛni Shika He Saji Ahe Nɔkwɛlɔ, Dr. Cassiel Ato Forson kɛɛ yɛ shika ni akɛfaa kɛjɛɔ majimaji ateŋ shikatoohe lɛ?"
I've heard that Ghana has a large market for used machinery and automobile parts. Can you tell me more about this?,Minu akɛ Ghana yɛ jarayelihe wulu ko ni akɛ tsɔnei ni akɛtsu nii momo kɛ tsɔne mli nibii tsuɔ nii yɛ mli. Ani obaanyɛ okɛɛ mi enɛ he saji babaoo?
I've been reading about linear programming problems and their applications in water supply system design. Can you explain what strongly unbounded intervals are in this context?,Mikane linear programming naagbai kɛ bɔ ni akɛtsuɔ nii yɛ nu ni akɛhaa gbɛjianɔtoo lɛ he mfonirifeemɔ mli lɛ he nii. Ani obaanyɛ otsɔɔ nɔ ni ji sɛɛkuu ni bɛ husu ni yɔɔ shiŋŋ yɛ sane nɛɛ mli lɛ mli?
"What's happening with Nigeria's state-owned oil company, NNPC Ltd, and fuel prices?","Mɛni miiya nɔ yɛ Nigeria mu nitsumɔhe ni maŋ lɛ kudɔɔ, NNPC Ltd, kɛ mu jara nɔ?"
"What's the significance of rice in Ghana, and how does it impact the country's food policy?","Mɛni ji omɔ he hiamɔ yɛ Ghana, ni te enaa maŋ lɛ niyenii he mla lɛ nɔ hewalɛ ehaa tɛŋŋ?"
"What are the critical barriers to Tender Price Index development in Ghana, and how were they ranked?",Mɛni ji gbɛtsii nii ni he hiaa waa ni tsiɔ tender price index lɛ naa yɛ Ghana kɛ bɔ ni asusuɔ amɛhe ahaa?
I heard the Electoral Commission in Ghana sold voters' data to a private company without an agreement. What happened?,"Mi nu akɛ, Oshikifɔɔ He Nitsumɔhe ni yɔɔ Ghana lɛ miihɔ oshikifɔɔ he saji amɛmiihã aŋkro nitsumɔhe ko ni amɛkpɛlɛɛɛ nɔ. meni ba?"
I heard that the Ghana Cocoa Board is planning to increase the price of Cocoa this year. Is that true?,Mi nu akɛ Ghana Cocoa Board lɛ eto gbɛjianɔ koni amɛwo kookoo jara nɔ afi nɛɛ. lɛ ji anɔkwale?
I'm interested in learning more about the relationship between stock dividend payout and stock prices in Ghana. Can you tell me about the objectives of the research on this topic?,Miyɛ he miishɛɛ akɛ makase wekukpaa ni kã Ghana shika ni akɛwoɔ mli lɛ mlijaa kɛ shika ni akɛwoɔ mli lɛ jara teŋ lɛ he nii babaoo. Ani obaanyɛ okɛɛ mi niiamlitaomɔ otii ni yɔɔ saneyitso nɛɛ he lɛ ahe sane?
I'm interested in learning about the production of fresh fruit juices in Ghana. What are some common fruits used for processing in Ghana?,Miyɛ aduawai amli nu heei ni afeɔ yɛ Ghana lɛ he miishɛɛ. Mɛni ji aduawai komɛi ni afɔɔ dumɔ yɛ Ghana?
What are the key dimensions of service quality that organizations should focus on to enhance customer satisfaction?,Mɛni ji gbɛjianɔtoi titrii ni esa akɛ gbɛjianɔtoi lɛ kɛ amɛjwɛŋmɔ ama nɔ koni amɛha mɛi ni heɔ nii lɛ atsui anyɔ amɛmli?
I'm interested in learning about the impact of Marketing two point zero on business performance in Ghana. Can you provide an overview of the concept and its significance in the Ghanaian market?,Miyɛ bɔ ni Marketing Two Point Zero lɛ saa jarayeli nitsumɔ he yɛ Ghana lɛ he miishɛɛ. Ani obaanyɛ okɛ susumɔ lɛ kɛ bɔ ni ekɛ Ghana jarayeli lɛ kpãa gbee lɛ he sane kuku aha?
I've been reading about the water crisis in Ghana. Can you tell me more about the sources of water in the semi-arid regions?,Mikane nu he naagba ni yɔɔ Ghana lɛ he sane. Ani obaanyɛ okɛɛ mi nu jɛɛhei ni yɔɔ hei ni nu bɛ fioo lɛ ahe saji babaoo?
I've heard that water scarcity is a significant issue in Ghana. Can you tell me more about the current state of water supply in the country?,Minu akɛ nu ni faaa lɛ ji sane ko ni he hiaa waa yɛ Ghana. Ani obaanyɛ okɛɛ mi nu ni akɛhaa maŋ lɛ mli amrɔ nɛɛ he saji babaoo?
I read that Forte Oil is planning to sell some of its assets. Can you tell me more about this?,Mikane akɛ Forte Oil eto gbɛjianɔ koni ekɛ enibii lɛ ekomɛi ahɔ̃ɔ. Ani obaanyɛ okɛɛ mi enɛ he saji babaoo?
I'm interested in learning about controlling acrylamide in deep-fat fried foods. Can you tell me about the different methods discussed in the research?,Miyɛ he miishɛɛ akɛ makwɛ acrylamide ni yɔɔ niyenii ni ashã waa lɛ mli lɛ nɔ. Ani obaanyɛ okɛɛ mi gbɛi srɔtoi ni awie he yɛ niiamlitaomɔ lɛ mli lɛ ahe sane?
What is the importance of water and its effects on human life?,Mɛni ji nu he hiamɔ kɛ hewalɛ ni eyɔɔ yɛ adesa wala nɔ?
What is the Ghana Hotel Association suing GHAMRO and ARSOG for?,Mɛni hewɔ Ghana Hotel Kuu lɛ kɛ GHAMRO kɛ ARSOG miiwo kojomɔhe lɛ?
I'm interested in learning more about the effects of small scale mining activities on water bodies in Ghana. Can you explain how these activities affect the electrical conductivity of water?,Miyɛ he miishɛɛ akɛ makase bɔ ni shika bibii ni ajieɔ kɛjɛɔ shikpɔŋ lɛ nɔ lɛ saa nui ni yɔɔ Ghana lɛ ahe lɛ he nii babaoo. Ani obaanyɛ otsɔɔ bɔ ni nɛkɛ nyiɛmɔi nɛɛ saa nu mli srawa hewalɛ he lɛ mli?
I heard that the number of people facing insufficient food consumption has declined in some West African countries. Can you provide more information about this?,"Minu akɛ yɛ Afrika Anaigbɛ maji komɛi amli lɛ, mɛi ni yeɔ niyenii ni fa bɔ ni sa lɛ ayibɔ eba shi. Ani obaanyɛ okɛ saji krokomɛi ni kɔɔ enɛ he aha?"
I'm interested in learning more about the research conducted on food safety in hotels in Ghana. Can you tell me about the population studied?,Miyɛ he miishɛɛ akɛ makase niiamlitaomɔ ni kɔɔ niyenii ni yɔɔ Ghana gbɔiatoohei lɛ ahe lɛ he nii babaoo. Kɛɛmɔ mi gbɔmɛi ayibɔ ni akase lɛ he sane?
"What are the key factors in ensuring value for money in public procurement in Ghana, specifically in tertiary institutions?","Mɛni ji nibii titrii ni haa anáa shika ni he hiaa yɛ maŋ nibii ahe nitsumɔ mli yɛ Ghana, titri lɛ yɛ nikasemɔhei wuji amli?"
"I heard that PBC Limited, Ghana's biggest indigenous cocoa-buying company, is facing financial troubles. What's happening?","Mi nuɔ akɛ Ghana maŋbii anitsumɔhe ni da fe fɛɛ ni heɔ kookoo, ni ji PBC Limited lɛ, ebote shika he naagba mli. nɔ ni yaa nɔ lɛ"
I heard about Chairman Wontumi's comments on vote-buying. Can you tell me more about what happened?,Minu wiemɔi ni oshikifɔɔ hemɔ he sɛinɔtalɔ lɛ wie lɛ. Ani obaanyɛ okɛɛ mi nɔ ni ba lɛ he saji babaoo?
I'm interested in learning about the eating habits of people in Ghana. What percentage of people know about the importance of eating fruits and vegetables?,Miyɛ he miishɛɛ akɛ makase bɔ ni mɛi ni yɔɔ Ghana lɛ yeɔ nii amɛhaa lɛ he nii. Mɛi enyiɛ le bɔ ni ehe hiaa ni aye aduawai kɛ aduawai?
I heard that there's an issue with delayed payments to cocoa road contractors in Ghana. What's happening with that?,Minu akɛ naagba ko yɛ nyɔmɔwoo ni sɛɛ tsɛɔ ni akɛhaa cocoa gbɛ he nitsulɔi ni yɔɔ Ghana lɛ ahe. Mɛni miiya nɔ lɛ?
I came across a study on cause promotion among customers of bottled water in Ghana. Can you tell me more about the research?,Mikɛ nikasemɔ ko ni kɔɔ nɔ ni kɛ nu ni akɛwoɔ tɔ mli lɛ tsuɔ nii yɛ Ghana lɛ he lɛ kpe. Ani obaanyɛ okɛɛ mi nikasemɔ lɛ he saji babaoo?
I heard that tea is becoming more expensive in Ghana. Is that true?,Mi nu akɛ tii jara miiba waa yɛ Ghana. lɛ ji anɔkwale?
I've been reading about the impact of digitalization on businesses in Ghana. Can you tell me more about how digitalization affects customer perceived value?,Mikane bɔ ni nibii ni akɛtsuɔ nii yɛ kɔmpiuta nɔ lɛ saa jarayeli nitsumɔi ahe yɛ Ghana lɛ he sane. Ani obaanyɛ okɛɛ mi babaoo yɛ bɔ ni digitalization saa sɛɛnamɔ ni mɛi ni heɔ nii lɛ nuɔ he lɛ he?
"I've heard that training is important for rice farmers, but I've also heard that it might not always be effective. What does the research say about this?","Minu akɛ tsɔsemɔ he yɛ sɛɛnamɔ kɛha ŋmãa okwaafoi, shi ekolɛ jeee be fɛɛ be ebaatsu nii jogbaŋŋ. Mɛni niiamlitaomɔ lɛ kɛɔ yɛ enɛ he?"
What is the current state of mobile money adoption in Ghana?,Mɛni ji shihilɛ ni yɔɔ mobile money ni akɛtsuɔ nii yɛ Ghana lɛ mli amrɔ nɛɛ?
I heard there was a severe accident at Anyaa Market in Accra on Thursday morning. Can you tell me what happened?,Minu akɛ oshara ko ni naa wa ba yɛ Anya jarayelihe ni yɔɔ Accra lɛ Hɔɔ leebi. Ani obaanyɛ okɛɛ mi nɔ ni ba?
What's happening with the food arrangements for frontline workers at the University of Ghana Medical Centre Intensive Care Unit?,Mɛni miiya nɔ yɛ niyenii ni asaa he ahaa nitsulɔi ni yɔɔ hiɛ yɛ helatsamɔhe ni akwɛɔ helatsɛmɛi ni hela mɔ amɛ yɛ University of Ghana Tsofafeemɔ He lɛ mli lɛ he?
I'm interested in learning about the planning process for water and sanitation facilities in Ghana. Can you walk me through the different stages involved?,Miyɛ he miishɛɛ akɛ male bɔ ni atoɔ nu kɛ hetsemɔ he gbɛjianɔ yɛ Ghana lɛ he nii. Ani obaanyɛ otsɔɔ mi gbɛi srɔtoi ni kɔɔ he lɛ amli?
I heard that the Ghana Water Limited (GWL) has shut down the Kwanyako Headworks. What happened?,Mi nu akɛ Ghana Nu Nitsumɔhe lɛ egbe Kwanyako Yitso Nitsumɔhe lɛ naa. meni ba?
I'm interested in learning more about the Ghanaian cocoa market. Can you tell me about the key players in the marketing of cocoa?,Miyɛ he miishɛɛ akɛ makase kookoo jarayeli ni yɔɔ Ghana lɛ he nii babaoo. Ani obaanyɛ okɛɛ mi mɛi titri ni tsuɔ nii yɛ kookoo jarayeli mli lɛ ahe sane?
"What are the main sources of water in Ghana, particularly in Kumasi Metropolis?","Mɛni ji hei titri ni nu jɛɔ yɛ Ghana, titri lɛ yɛ Kumasi maŋtiase lɛ mli?"
I'm interested in learning more about the research on water quality in the Aboabo River basin. Can you tell me about the sample size and selection process used in the study?,Miyɛ he miishɛɛ akɛ makase nu mli nibii ahe niiamlitaomɔ babaoo yɛ Abobo Faa lɛ mli. Ani obaanyɛ okɛɛ mi nɔkwɛmɔnɔ lɛ dalɛ kɛ gbɛ ni atsɔɔ nɔ ahalaa mɛi ni akɛtsu nii yɛ nikasemɔ lɛ mli lɛ?
"What factors influence soil structure and its effects on water movement, crop root growth, and water uptake in Ghana?","Mɛni nibii saa shikpɔŋ lɛ nɔ nibii kɛ nu ni hoɔ, ŋmɔshi nibii ashishifãi ni yaa hiɛ kɛ nu ni anáa yɛ Ghana lɛ he?"
What inspired the research study on customer motivations for choosing a product in a particular channel using customers of Nestle Ghana Limited?,Mɛni tsirɛ niiamlitaomɔ nikasemɔ ni kɔɔ mɛi ni heɔ nii lɛ ayiŋtoo he lɛ koni amɛhala nɔ ko yɛ gbɛ pɔtɛɛ ko nɔ kɛtsɔ Nestle Ghana Limited mɛi ni heɔ nii lɛ anɔ?
"What are some of the key factors that affect the handling and storage of vegetables in Ghana, according to the research questionnaire?","Taakɛ niiamlitaomɔ sanebimɔ wolo lɛ tsɔɔ lɛ, mɛni ji nibii titrii komɛi ni náa bɔ ni akɛ aduawai tsuɔ nii ahaa kɛ bɔ ni akɛtoɔ he yɛ Ghana lɛ nɔ hewalɛ?"
I've been reading about the effects of phosphates on water quality. Can you explain how phosphates end up in water?,Mikane bɔ ni fosfat lɛ tsuɔ nii ehaa yɛ nu mli lɛ he sane. Ani obaanyɛ otsɔɔ bɔ ni fosfat lɛ baa naagbee yɛ nu mli lɛ mli?
I heard that there might be a food shortage in Ghana. Is this true?,Minu akɛ ekolɛ niyenii faaa yɛ Ghana. Ani enɛ ji anɔkwale?
What is the Ghana National Fire Service doing to promote fire safety in markets?,Mɛni Ghana Maŋ La He Nitsumɔhe lɛ miifee koni ekɛwo la he shweshweeshwefeemɔ he hewalɛ yɛ jarayeli hei?
What happened to a mobile money operator in Ngleshie Amanfro on Tuesday night?,Mɛni ba mobile shika he nitsulɔ Ngalshi Amanfro nɔ Hɔgbaa gbɛkɛ?
I've heard that the banking industry in Ghana is highly competitive. What are some of the challenges banks face in this market?,Minu akɛ shikatoohe nitsumɔ ni yɔɔ Ghana lɛ mli akaŋshii wa waa. Mɛni ji naagbai komɛi ni shikatoohei kɛkpeɔ yɛ jarayeli nɛɛ mli?
What is the moisture content of fresh tomato fruit?,Mɛni ji ŋmɔtɔ ni yɔɔ tomato aduawai heei amli?
I've noticed that I often end up buying things I didn't plan to when I'm at the grocery store. Is there a reason why this happens?,"Miyɔse akɛ bei pii lɛ, kɛ́ mitee shwapo mli lɛ, miheɔ nibii ni misusuuu he po. Ani yiŋtoo ko yɛ hewɔ?"
"I've been reading about the AIDA model, which tries to explain the mental process a customer goes through before buying. Can you tell me more about it?",Mikane AIDA nɔkwɛmɔnɔ ni bɔɔ mɔdɛŋ ni etsɔɔ jwɛŋmɔŋ gbɛjianɔtoo ni jarayelɔ tsɔɔ mli dani eheɔ nii lɛ mli lɛ he sane. Ani obaanyɛ okɛɛ mi ehe saji babaoo?
I'm interested in learning more about the water and sanitation concerns in Ghana. Can you tell me about the opportunities for participation by major stakeholders?,Miyɛ he miishɛɛ akɛ makase nu kɛ hetsemɔ he saji babaoo yɛ Ghana. Ani obaanyɛ okɛɛ mi hegbɛi ni yɔɔ ni okɛ mɛi titri ni yɔɔ hegbɛ lɛ baabɔ he sane?
I'm interested in learning more about irrigation farming in Ghana. Can you tell me what the study found to be the main challenge faced by irrigation farmers in terms of market information?,Miyɛ he miishɛɛ akɛ makase okwaayeli ni akɛ nu shwieɔ nɔ yɛ Ghana lɛ he nii babaoo. Kɛɛmɔ mi mɛni ji kaa titri ni okwaafoi ni akɛ nu shwieɔ amɛnɔ lɛ kɛkpe yɛ nikasemɔ lɛ mli yɛ jarayeli he saji ahe?
I've heard that local rice is preferred by many consumers in Ghana. What are some reasons behind this preference?,Minu akɛ mɛi ni yeɔ nii yɛ Ghana lɛ ateŋ mɛi babaoo sumɔɔ maŋ lɛ mli ŋmãa. Mɛni ji yiŋtoi komɛi ahewɔ ni ahala nɛkɛ?
I read that Ghana spent money at the AFCON two thousand and twenty-three. Can you tell me how much was spent?,Mikane akɛ Ghana ye akpei enyɔ kɛ nyɔŋmai enyɔ kɛ etɛ yɛ AFCON mli. Ani obaanyɛ okɛɛ mi shika enyiɛ ejara?
I'm interested in learning more about the harvesting methods used in rice farming. Can you tell me about the panicle and sickle harvesting methods?,Miyɛ he miishɛɛ akɛ makase gbɛi ni atsɔɔ nɔ akpaa ŋmãa yɛ ŋmãa ŋmɔ mli lɛ he nii babaoo. Ani obaanyɛ okɛɛ mi gbɛi ni atsɔɔ nɔ akpaa panicle kɛ sickle?
What is the main concern regarding PFAS in drinking water in Ghana?,Mɛni ji sane titri ni kɔɔ PFAS ni yɔɔ nu ni anuɔ yɛ Ghana lɛ he?
"What's the importance of customer retention for businesses in Ghana, according to a recent article?","Yɛ sane ko ni aŋma nyɛsɛɛ nɛɛ mli lɛ, Mɛni He Hiaa yɛ Nihɔɔlɔi Ahiɛ Kɛha Nitsumɔhei ni yɔɔ Ghana lɛ?"
What is the impact of initiating dividend payments on shareholders' wealth in Ghana?,Mɛni ji hewalɛ ni shika ni ajaa lɛ ni akɛje shishi lɛ ná yɛ mɛi ni yɔɔ nibii lɛ amli lɛ anibii anɔ yɛ Ghana?
I heard that mobile money accounts have been growing rapidly. Can you tell me more about this trend?,Mi nuɔ akɛ mobile shika akaunti lɛ miiya hiɛ oya. Ani obaanyɛ okɛɛ mi nibii babaoo yɛ nɛkɛ nifeemɔ nɛɛ he?
What's the significance of the Agona Nkwanta market in Ghana's food security?,Mɛni ji sɛɛnamɔ ni yɔɔ Agona Nkunta jarayeli he yɛ niyenii he shweshweeshwefeemɔ mli yɛ Ghana?
I heard that an American company has developed a technique to make bread last longer. What's the story behind this?,Minu akɛ Amerika nitsumɔhe ko efee gbɛ ko ni amɛaatsɔ nɔ amɛha blodo ahi shi be kakadaŋŋ. Mɛni ji sane ni yɔɔ enɛ sɛɛ?
"I read an article about Richard Quaye, the founder and board chairman of Bills Microcredit, who bought a private jet. What inspired him to make this purchase?","Mikane sane ko ni kɔɔ Richard Quay, ni ji Bills Microcredit nitsumɔhe lɛ shishitolɔ kɛ sɛinɔtalɔ, ni he tsɔne ni akɛyaa ŋwɛi lɛ he lɛ he. Mɛni tsirɛ lɛ ni ehé nii nɛɛ?"
I heard that a town in Ghana's Eastern Region had a severe water crisis. Can you tell me more about it?,Minu akɛ maŋ ko ni yɔɔ Ghana bokagbɛ kpokpaa lɛ nɔ lɛ kɛ nu he naagbai ni mli wa miikpe. Ani obaanyɛ okɛɛ mi ehe saji babaoo?
I'd like to know more about the global perspective on food security. Can you tell me about the progress made in the second half of the twentieth century?,Miisumɔ ni male bɔ ni jeŋ muu fɛɛ susuɔ niyenii he shweshweeshwefeemɔ he ehaa lɛ he saji babaoo. Ani obaanyɛ okɛɛ mi hiɛyaa ni ba yɛ afii ohai 20 lɛ fã ni ji enyɔ lɛ mli lɛ he sane?
What is the main goal of the research project on food safety management in senior high schools in Ghana?,Mɛni ji oti titri ni ma niiamlitaomɔ nitsumɔ ko ni kɔɔ niyenii he shweshweeshwefeemɔ he yɛ sɛkɛndre skul wuji ni yɔɔ Ghana lɛ hiɛ?
"I read that President John Dramani Mahama praised the Food and Agriculture Minister, Eric Opoku. What did he say exactly?","Mikane akɛ Maŋ onukpa John Dramani Mahama jie Niyenii kɛ Okwaafoi Ahe Nɔkwɛlɔ, Eric Opoku yi. Mɛni tuuntu yɔɔ jɛmɛ?"
I'm interested in learning about the production of macrame bags using different yarns. Can you explain the process of creating a bag using the diagonal half hitch technique?,Miyɛ macrame kotokui ni akɛ tsɔji srɔtoi tsuɔ nii kɛfeɔ lɛ he miishɛɛ. Ani obaanyɛ otsɔɔ bɔ ni afeɔ baagi kɛtsɔ diagonal half hitch gbɛ nɔ lɛ mli?
I'm interested in learning more about customer relationship management in the hotel industry. What are some key findings from the research?,Miyɛ he miishɛɛ akɛ makase nibii babaoo ni kɔɔ wekukpaa ni kã mɛi ni heɔ nii lɛ ateŋ lɛ he yɛ hotɛl nitsumɔhe lɛ. Mɛni ji nibii titrii komɛi ni ana kɛjɛ nikasemɔ lɛ mli?
What is happening with the Royal Senchi Hotel due to the coronavirus outbreak?,Mɛni miiya nɔ yɛ Royal Senchi Hotel yɛ corona hela lɛ hewɔ?
I'm interested in learning about water quality in Ghana. Can you tell me about the research findings on the concentration of salmonella in drinking water sources in Nkawie?,Miyɛ he miishɛɛ akɛ male nu ni yɔɔ Ghana lɛ he saji. Ani obaanyɛ okɛɛ mi niiamlitaomɔ ni ana yɛ salmonella ni yɔɔ nu ni anuɔ yɛ Nkawi lɛ mli lɛ he sane?
