anchor,positive
There has been a delay in the distribution of food during the lockdown.,Wɔankyekyɛ nnuane ntɛm berɛ a na wɔmma nnipa mpue abɔntene no.
Fake seeds were found on sale in certain markets.,Waho aba a ɛnyɛ wɔ dwa ahorow bi mu
Taxis load and off load passengers in the middle of the road.,Taksi ahorow de nneɛma gu akwantufo so na wɔde nneɛma gu mu wɔ ɔkwan no mfinimfini.
Thank you.,Akpe na wò.
The government has stopped the distribution of food in quarantine centres.,Aban no mfa nnuane nkɔ mmeaeɛ a wɔde nnipa a wɔnya yareɛ no bi kɔgu no bio.
Please.,Kindly.
Take care.,Prends soin de toi.
Farmers produce enough food for both local and international markets.,Akuafo nya nnuan a ɛbɛso wɔn a wɔwɔ ɔman no mu ne aman foforo so nyinaa.
My whole family is going to starve!,Dɔwuame le ƒonyemea takã wu ge.
Welcome,Woezɔ̃
I'm interested in learning about water disinfection methods. Can you tell me about the slug method?,Miyɛ gbɛi ni atsɔɔ nɔ ashɛɔ nu he lɛ he miishɛɛ. Ani obaanyɛ okɛɛ mi slog gbɛ lɛ he sane?
You're welcome.,It's my pleasure.
People in the Northern region need free health services like family planning and HIV testing.,Nnipa a wɔwɔ Atifi mantam no hia apɔmuden nhyehyɛeɛ a wɔntua hwee te sɛ awoɔ ho nhyehyɛeɛ ne HIV nhwehwɛmu.
Money should not be the only reason for leaders to work hard.,Ɛnsɛ sɛ sika nkutoo na ɛma akannifo yɛ adwumaden.
I heard that Agbeshie's new song 'Alakpator' is about a true story involving two of his friends in the music industry. Can you tell me more about it?,Mi nuɔ akɛ Agbeshiye lala hee ni ji ‘Alakator’ lɛ ji anɔkwale sane ko ni kɔɔ nanemɛi enyɔ ni yɔɔ lalafeemɔ nitsumɔ lɛ mli lɛ ahe. Ani obaanyɛ okɛɛ mi ehe saji babaoo?
The water project takes advantage of the slope and gravity.,Nsu adwuma no de ɔkwan a ɛkɔ fam ne tumi a ɛtwe ade ba fam no di dwuma.
No.,Non.
"The head of the family is himself called Baba Segi in reference to his first daughter,",woyɔa ƒome tatɔ hã ŋutɔ be baba segi na sɔli dodo via gbãtɔ
"During the celebration on Saturday, people go around many Ga households in the Gamashie area to share the festal food with them.","Wɔ afahyɛ no mu Kwasida no, nkurɔfo kyinkyin Ga afie pii mu wɔ Gamashie mpɔtam hɔ kɔkyɛ afahyɛ no mu nnuan no kyerɛ wɔn."
Please help me.,S'il vous plaît aidez-moi.
She runs every morning to stay fit and maintain a healthy lifestyle.,Otu mmirika anɔpa biara sɛnea ɛbɛyɛ a ɔbɛkɔ so ayɛ den na wakura asetra kwan a ahoɔden wom mu.
What is your name?,Can you tell me your name?
The price of meat is determined by the butcher.,"Nam bo a wɔbɛtɔ no, nea ɔkum nam no na ɔkyerɛ."
This company will provide crops and market for the farmers produce.,Saa adwumakuo yi de nnuaba ne ɛdwa bɛma akuafoɔ nnɔbaeɛ.
"I've been reading about the Ghanaian stock market. What's the current state of the market, and how does it compare to other more advanced stock exchanges?","Mikane Ghana jarayelihe lɛ he sane. Mɛni ji jarayeli shihilɛ ni yɔɔ amrɔ nɛɛ, ni te ekɛtoɔ jarayeli hei krokomɛi ni etee hiɛ lɛ ahe ehaa tɛŋŋ?"
I'm interested in learning more about how people in Ghana perceive herbal medicine. What role do friends and relatives play in promoting herbal medicine?,Miyɛ he miishɛɛ akɛ makase bɔ ni mɛi ni yɔɔ Ghana lɛ nuɔ tsofafeemɔ ni akɛ tsofai fɔji tsuɔ nii amɛhaa lɛ he nii babaoo. Mɛɛ gbɛfaŋnɔ nanemɛi kɛ wekumɛi tsuɔ yɛ tsofafeemɔ ni akɛ tsofa-kɛ-ŋma fee lɛ he nitsumɔ mli?
What is the current price?,How much are you charging now?
He was very grateful to the leaders for the good work.,Ɔdaa akannifoɔ no ase paa wɔ adwuma pa no ho.
How may I help you?,How may I serve you?
They banned the movement and sale of animals and their products in the markets.,Wɔde taboɔ too mmoa a wɔnenam ne mmoa a wɔtɔn wɔn ne mmoa ho biribiara a wɔtɔn no dwa so no so.
Many officers in Ghana steal the government's money.,Adwumayɛfoɔ pii a wɔwɔ Ghana wia aban no sika.
How to make planktons in the fish pond?,Ɔkwan bɛn so na wɔyɛ plankton wɔ mpataa atare no mu?
No.,Daabi.
People need to understand the importance of education.,Ɛsɛ sɛ nkorɔfoɔ te hia a nwomasua ho hia ase.
What were the main sources of data collection in the research on e-business adoption in Ghana hotels?,Mɛni ji hei titri ni abua saji anaa yɛ niiamlitaomɔ ni kɔɔ e-business ni akɛtsuɔ nii yɛ Ghana gbɔiatoohei lɛ amli lɛ mli?
I'm interested in learning more about family planning in Ghana. What were the main findings of the study on family planning among married couples in the Akwapim North District of Ghana?,"Miyɛ he miishɛɛ akɛ makase weku gbɛjianɔtoo he nii babaoo yɛ Ghana. Mɛni ji nibii titrii ni ana yɛ weku gbɛjianɔtoo he nikasemɔ ko ni afee yɛ gbalashihilɛ mli hefatalɔi ateŋ yɛ Akwapim North District, yɛ Ghana lɛ mli?"
I'm interested in learning more about the stock market in Ghana. Can you tell me about the Ghana Stock Exchange?,Miyɛ he miishɛɛ akɛ makase nibii babaoo yɛ Ghana jarayeli he. Ani obaanyɛ okɛɛ mi Ghana Shikatoohe lɛ he sane?
How is your family?,How is your family doing?
The money will now go to the youth groups immediately.,sika no bɛkɔ mmabunu nkabɔm kuo ahodoɔ no hɔ seisei ara.
Please come in.,Please enter
"I am fine, thank you.",Doing well thanks.
"I'm interested in learning more about hand hygiene practices in Ghana, particularly among food vendors. Can you tell me about the general attitude of Ghanaians towards hand washing?","Miyɛ he miishɛɛ akɛ makase nine mli hetsemɔ he nii babaoo yɛ Ghana, titri lɛ yɛ mɛi ni kɛ niyenii haa lɛ ateŋ. Ani obaanyɛ okɛɛ mi bɔ ni Ghanabii lɛ fɛɛ susuɔ nine mli tsɔsemɔ he amɛhaa lɛ he sane?"
You're welcome here.,You're welcome anytime.
What strategies did Barclays Bank in Ghana implement to improve customer service?,Mɛɛ gbɛi Barclays Bank ni yɔɔ Ghana lɛ etsɔ nɔ ekɛha mɛi ni heɔ nii lɛ anitsumɔ aya hiɛ?
Feel free to look around.,You can check everything.
Good evening,Good evening to you
What measures has Ghana taken to combat terrorism and money laundering?,Mɛɛ gbɛi Ghana etsɔ nɔ ekɛwu eshi awuiyeli kɛ shika ni akɛwoɔ shika mli lɛ?
How can I assist you today?,How can I assist you today?
I've been reading about food safety in Ghanaian schools. What are some common issues that schools face in terms of food safety?,Mikane niyenii he shweshweeshwefeemɔ he sane yɛ skul ni yɔɔ Ghana lɛ mli. Mɛni ji saji komɛi ni skulbii kɛkpeɔ yɛ niyenii he shweshweeshwefeemɔ he?
See you later.,I'll see you later.
"It's okay, no worries.","It's fine, don't worry."
Hi,Nice to see you.
I'm interested in learning more about the research conducted on food safety in hotels in Ghana. Can you tell me about the population studied?,Miyɛ he miishɛɛ akɛ makase niiamlitaomɔ ni kɔɔ niyenii ni yɔɔ Ghana gbɔiatoohei lɛ ahe lɛ he nii babaoo. Kɛɛmɔ mi gbɔmɛi ayibɔ ni akase lɛ he sane?
"The money raised will be used to help children with their education and to finance art workshops at the Eulis Center,",ho siwo miaxɔ akpeɖe miaŋu miaxe ɖeviawo ƒe suku fe kple aɖaŋu nu wɔwɔ le centre eulis
Some people are eagerly engaged in family disputes over land.,Nnipa binom de ahopere de wɔn ho hyɛ abusua mu ntawntawdi mu wɔ asase ho.
I did not understand the need to create a specifically Islamic school of excellence,nyemese esiawɔwɔ gɔme gobii o
What would you like to buy?,Which product do you need?
»Others will not always understand our intentions,ame bubuwo mate ŋu ase mia susuwo gɔme o
Can you tell me the price?,Wubetumi aka ne bo akyerɛ me?
Communities lack funds to invest in fish farming.,Mpɔtam hɔfo nni sika a wɔde bɛto mpataa a wɔyɛn mu.
I've been reading about food preservation and I'm curious about the role of organic acids in jam production. Can you tell me more about it?,Mikane niyenii ni akɛtoɔ he lɛ he nii ni miitao male kɛ gbɛfaŋnɔ ni organic acids tsuɔ yɛ jam feemɔ mli lɛ he nii. Ani obaanyɛ okɛɛ mi ehe saji babaoo?
People save small sums of money on mobile money for emergency use.,Nkorɔfoɔ sie sika kakraa bi wɔ foono (mobile money) so ma tebea a ɛhia ntɛm so.
How much would everything cost?,How much will everything come to?
"I read that President John Dramani Mahama praised the Food and Agriculture Minister, Eric Opoku. What did he say exactly?","Mikane akɛ Maŋ onukpa John Dramani Mahama jie Niyenii kɛ Okwaafoi Ahe Nɔkwɛlɔ, Eric Opoku yi. Mɛni tuuntu yɔɔ jɛmɛ?"
What's the cost of all these?,Dɛn na wɔbɔ wɔ eyinom nyinaa ho?
What are the names of some rural banks in the Ashanti Region of Ghana?,Mɛni ji akrowai amli shikatoohei komɛi ni yɔɔ Ashanti kpokpaa ni yɔɔ Ghana lɛ nɔ lɛ agbɛi?
How can we connect the buyer to the seller?,Yɛbɛyɛ dɛn atumi de nea ɔtɔ ade no abata nea ɔtɔn no ho?
The headteacher was arrested for asking students' money to bribe invigilators.,Wɔkyeree sukuupanin no so ɔbisaa sika firii asuafoɔ no hɔ sɛ ɔde reyɛ ademudeɛ ama wɔn a wɔhwɛ nsɔhwɛ so no.
How much per basket?,Ga home nenie le kusi ɖeka me?
What are the recommended action levels for radon concentration in air and water?,Mɛni ji nifeemɔi ni atsɔɔ akɛ afee kɛha radon ni yɔɔ kɔɔyɔɔ kɛ nu mli lɛ?
How much are you selling this for?,Ga home nenie nèle esia dzram ɖo?
How much does this cost?,How much for this?
I've been reading about the types of vegetables used in Ghanaian senior high schools. Can you tell me more about the ranking of vegetables by the students?,Mikaneɔ aduawai srɔtoi ni akɛtsuɔ nii yɛ sɛkɛndre skul wuji ni yɔɔ Ghana lɛ ahe saji. Ani obaanyɛ okɛɛ mi bɔ ni nikaselɔi lɛ le abɔɔ mli nitsumɔ amɛhaa lɛ he saji babaoo?
"What are some of the issues with the land market in Ghana, particularly affecting the urban poor?","Mɛni ji saji komɛi ni saa shikpɔŋ jarayeli he yɛ Ghana, titri lɛ maŋtiase mli ohiafoi lɛ?"
You're welcome here.,You are welcome here
"I did not return the greeting to my mother, who welcomed me",nyemeɖo nɔnye ƒe woezɔ doname ŋu o
What's the cheapest one?,Which costs the least?
"What are some of the key factors that affect the handling and storage of vegetables in Ghana, according to the research questionnaire?","Taakɛ niiamlitaomɔ sanebimɔ wolo lɛ tsɔɔ lɛ, mɛni ji nibii titrii komɛi ni náa bɔ ni akɛ aduawai tsuɔ nii ahaa kɛ bɔ ni akɛtoɔ he yɛ Ghana lɛ nɔ hewalɛ?"
The leader bought a car as a present for her daughter's twelfth birthday.,ɔkannifoɔ no tɔɔ kaa deyɛɛ akyɛdeɛ de maa ne ba baa wɔ ne mfinhyia du mmienu a wanya no mu.
Thank you.,Thanks.
People in rural areas share water with animals.,Nkorɔfoɔ a wɔwɔ nkuraase no ne mmoa nom nsuo korɔ.
I heard that Ghana's economy has been doing well lately. What's behind this turnaround?,Minu akɛ Ghana shika helɛtemɔ miiya nɔ jogbaŋŋ nyɛsɛɛ nɛɛ. Mɛni ji nɔ ni hɔ tsakemɔ nɛɛ sɛɛ?
Is this the final price?,Can you make it cheaper?
"In this era of working parents who feel guilty, please share the guilt equally,","ke le dziladɔwɔlawo siwo kpɔa be yewo dze agɔ la, taflatsɛ mina woanyae be amesiame vodadae"
Videos to watch Thank you!! already a very nice article.,"enyo be mǐakpɔ nɔnɔmetata sia,agbalẽ sia hã nyo"
Traditional religions in Ghana have retained their influence because of their intimate relation to family loyalties and local mores.,Amammerɛ mu som binom atumi anya nnipa so tumi abɛsi sɛsɛɛ ɛsiane ayɔnkofa kɛseɛ a ɛwɔ wɔ da mmusua binom nhyehyɛeɛ mu ne nkuro binom mu dwumadie mu no.
I came across a research article about the costs of chronic kidney disease in Ghana. Can you tell me more about the data collection technique used in the study?,Miyana niiamlitaomɔ wolo ko ni kɔɔ shika ni akɛwoɔ tsɛŋemɔ hela ni ehiii tsamɔ he yɛ Ghana lɛ he. Ani obaanyɛ okɛɛ mi gbɛ ni atsɔɔ nɔ abua saji anaa yɛ nikasemɔ lɛ mli lɛ he saji babaoo?
The church finance committee keeps all money collected from the Christians.,Asɔre no sikasɛm boayikuw no de sika a wogye fi Kristofo hɔ nyinaa sie.
I am a trader.,I sell goods for a living.
Farmers have to sign the document to acknowledge the receipt of seeds.,Ɛsɛ sɛ akuafo de wɔn nsa hyɛ krataa no ase de kyerɛ sɛ wɔn nsa aka aba no.
The district will construct new markets and trading centers.,Mansini no bɛsisi adwadibea foforɔ nne mmeaeɛ ahodoɔ a wɔbɛtumi adi dwa bebree
Drivers with vehicles in the poor mechanical state should be made to pay fines.,Ɛsɛ sɛ wɔma karkafo a wɔn kar ntumi nyɛ adwuma yiye no tua ka.
Most of the agricultural products are food for us.,Kuadwuma mu nneɛma dodow no ara yɛ aduan ma yɛn.
"What are some key findings from research on water management in Ghana, particularly in relation to the informal economy and urban water supply?","Mɛni ji nibii titrii komɛi ni ana yɛ nikasemɔi ni kɔɔ nu he nitsumɔ he yɛ Ghana, titri lɛ yɛ shika helɛtemɔ ni bɛ gbɛjianɔtoo mli kɛ maŋtiase mli nu ni akɛhaa lɛ he?"
What is the name of the new gospel show launched by Nii Noi on Hitz FM?,Mɛni ji sanekpakpa nifeemɔ hee ni Nai Noi je shishi yɛ Hitz FM lɛ gbɛi?
Safe travels.,Mɔzɔzɔ siwo le dedie.
How can I assist you today?,What do you need today?
Can you give me today's price?,How much does it cost today?
Good morning,Mema wo akye
Do you have a price list?,Where is your price list?
Money donations to people cannot help fight poverty in villages.,Sika a wɔde ma nkurɔfo no ntumi mmoa mma wɔnko ntia ohia wɔ nkuraa ase.
I've been reading about rice production in Ghana and I'm curious about the different methods used for threshing. What are some of the methods mentioned in the research?,Mikaneɔ bɔ ni afeɔ ŋmãa yɛ Ghana lɛ he nii ni miitao male gbɛi srɔtoi ni atsɔɔ nɔ ashwieɔ ŋmãa lɛ. Mɛni ji gbɛi ni atsɔɔ nɔ akaseɔ nii lɛ ekomɛi?
"But avocado is not the only food to be endowed with such quality, reports Sputnik",ke hã menyte peya ɖeka ko mee ŋusẽ sia le o
"Can you explain the process of measuring volumetric water content in soil, as described in the Ghanaian research article?",Ani obaanyɛ otsɔɔ gbɛ ni atsɔɔ nɔ asusuɔ nu ni yɔɔ shikpɔŋ mli lɛ mli taakɛ atsɔɔ mli yɛ Ghana niiamlitaomɔ sane lɛ mli lɛ mli?
Good to see you again.,Glad to see you again
Good to see you again.,It is good to see you again
Goodbye.,Akyire.
I've been reading about ackee aril flours and their potential uses in food and industrial applications. Can you tell me more about the effects of drying methods on their properties?,Mikane aqui aril powders kɛ bɔ ni akɛtsuɔ nii yɛ niyenii kɛ nitsumɔhei amli lɛ he nii. Ani obaanyɛ okɛɛ mi bɔ ni gbɛi ni atsɔɔ nɔ agbiɔ nii lɛ saa amɛnibii ahe ehaa lɛ he saji babaoo?
I've been reading about water treatment in Ghana and I came across the term 'AOCC'. What does it stand for?,Mikaneɔ nu he nitsumɔ he sane yɛ Ghana ni mikɛ wiemɔ ni ji 'AOCC' lɛ kpe. meni oshɔɔ?
I heard that the Trades Union Congress (TUC) is warning about an imminent water crisis in Ghana. Can you tell me more about this?,Minu ni Nitsumɔhe Nine Ajinafoi Akuu (TUC) lɛ miibɔ kɔkɔ yɛ nu he naagba ni miiba Ghana lɛ he. Ani obaanyɛ okɛɛ mi enɛ he saji babaoo?
The amount of money dispersed to each youth group is dependent on its project proposal.,Sika dodow a wɔbɛpete ama mmabun kuw biara no gyina ne dwumadi ho nyansahyɛ so.
I've been reading about the high levels of pesticide residues in vegetables in Ghana. Can you tell me more about the risks associated with consuming these contaminated vegetables?,"No mli lɛ, mikaneɔ tsofai ni gbeɔ kooloi ni yɔɔ aduawai amli ni fa babaoo yɛ Ghana lɛ he sane. Ani obaanyɛ okɛɛ mi osharai ni yɔɔ nɛkɛ aduawai ni mli ewo muji nɛɛ ayeli he babaoo?"
What's your best price?,What's your final offer?
Good morning,Morning.
People fear accessing loans because of the conditions involved in paying them.,Nkorɔfoɔ suro sɛ wɔbɛgye bosea ɛsiane nhyehyɛeɛ a ɛwɔ bosea a wotua mu nti.
Can you tell me the price?,How much should I pay?
How much are you selling this for?,What is your selling price?
The taxi driver is blamed for over speeding causing a tyre burst hence the accident .The dead and injured people had not yet been identified by press time.,Wɔde asodi to taksikafo no so sɛ ɔde mmirika boro so ma tae bi paee enti akwanhyia no sii .Na wonnya nhuu nnipa a wɔawuwu ne wɔn a wɔapirapira no wɔ nsɛm ho amanneɛbɔ bere mu.
"Her boss has been forcing her to steal money from the company on his behalf, and she lied about her mother's sickness.","N’adwumawura ahyɛ no ma wawia sika afi adwumakuw no hɔ wɔ ne din mu, na odii atoro faa ne maame yare no ho."
"I've been reading about family planning in Ghana, specifically in the Wa municipality. What are some of the challenges postpartum women face when it comes to accessing family planning services?","Mikane weku gbɛjianɔtoo he sane yɛ Ghana, titri lɛ yɛ Wa Maŋtiase lɛ mli. Mɛni ji naagbai komɛi ni yei ni fɔ yɛ fɔmɔ sɛɛ lɛ kɛkpeɔ yɛ weku gbɛjianɔtoo nitsumɔi ni amɛaaná lɛ mli?"
"– Hello Audrey, how are you doing",Medogbe Audrey ale ke nefɔ ɖoe?
What's your best price?,What's the lowest price you can give me?
"I am fine, thank you.",I'm doing great.
What is the Telecel More Money promo and how does it work?,Mɛni ji Telecell Shika Kroko He Nɔyaa lɛ ni te etsuɔ ​​nii ehaa tɛŋŋ?
Aba also buys scholastic materials for her children.,Aba nso tɔ sukuu ho nneɛma ma ne mma.
Adobea encouraged her friend to pursue her dreams and never give up.,Adobea hyɛɛ n’adamfo no nkuran sɛ onni n’adaeso akyi na ɔmpa abaw da.
Local Defence Units should understand that they are not above the law.,Ɛsɛ sɛ Local Defence Units te ase sɛ wɔnyɛ nea wɔboro mmara so.
I'm interested in learning about the production of macrame bags using different yarns. Can you explain the process of creating a bag using the diagonal half hitch technique?,Miyɛ macrame kotokui ni akɛ tsɔji srɔtoi tsuɔ nii kɛfeɔ lɛ he miishɛɛ. Ani obaanyɛ otsɔɔ bɔ ni afeɔ baagi kɛtsɔ diagonal half hitch gbɛ nɔ lɛ mli?
The way the government is providing clean water is not liked by the people,"Ɔkwan a aban no fa so de nsu pa ma no, ɔmanfo no ani nnye ho"
The water standard of cleanliness was still lacking.,Ná nsu ho gyinapɛn a ɛfa ahotew ho no da so ara nni hɔ.
I've been reading about a study on regeneration and disposal of AOCM used for defluoridation of drinking water in Ghana. Can you explain the main findings of the study?,"Mikane nikasemɔ ko ni kɔɔ bɔ ni ajieɔ AOCM ni akɛtsuɔ nii kɛwoɔ nu ni anuɔ lɛ mli fluoride mli yɛ Ghana lɛ he, ni ajieɔ lɛ ashwieɔ shi lɛ he. Ani obaanyɛ otsɔɔ nibii titrii ni ana yɛ nikasemɔ lɛ mli lɛ mli?"
Which one costs less?,Lequel coûte le moins cher ?
How much for two?,What's the price for two?
"2- Google the person I often do Google searches of my name,",mewɔa numekuku kuɖe nye ŋukɔ ŋu to Google dzi
"These are the shrouds offered by family and friends,",enye ameɖivɔ si ƒome la kle xlɔ̃wo na
My name is Kofi.,Je m'appelle Kofi.
"I repeat to myself internally,",menɔ gbɔgblɔm le ɖokuinye me be
The people will get money after selling the construction materials to the company.,Nkurɔfo no benya sika bere a wɔatɔn adansi nneɛma no ama adwumakuw no awie no.
I'm interested in learning more about the impact of dividend policy on share prices in emerging markets. Can you tell me about a study that was conducted on this topic in Ghana?,Miyɛ he miishɛɛ akɛ makase bɔ ni shika ni ajaa lɛ he mla lɛ saa shika ni akɛwoɔ jarayeli hei ni miiya hiɛ lɛ ahe lɛ he nii babaoo. Ani obaanyɛ okɛɛ mi nikasemɔ ko ni afee yɛ Ghana yɛ saneyitso nɛɛ he lɛ he sane?
Christine is my best friend,Christine nye xɔ̃nye vevitɔ
How much per kilogram?,How much is it for a kilo?
Availability of ready market for agriculture products encourages farmers.,Guadi a wɔasiesie a wɔde besi kuayɛ mu nneɛma a wobenya no hyɛ akuafo nkuran.
Health workers are only people allowed to sell drugs.,Akwahosan ho adwumayɛfo yɛ nnipa a wɔma wɔn kwan ma wɔtɔn nnuru nkutoo.
"But the bread was intact,",gake abolo la li
There are high chances of the whole family suffering from malaria.,Yɛwɔ akwanya kɛseɛ sɛ abusua no nyinaa fa yeaa mu firi atiridii mu.
"It's okay, no worries.","Menyo o, dzimaɖitsitsi aɖeke meganɔ eme o."
"I've been hearing about Ghana's high cost of living. What are some of the key areas that contribute to this issue, according to Dr. Mahamudu Bawumia?","Miyaa nɔ minuɔ bɔ ni shihilɛ jara wa waa yɛ Ghana lɛ he. Taakɛ Dr. Mahamudu Bawumia tsɔɔ lɛ, mɛni ji hei titrii komɛi ni kɛ sane nɛɛ baa?"
I heard that FIFA officials received expensive watches as gifts. What's the story behind this?,Minu akɛ FIFA onukpai lɛ nine shɛɔ watsii ni jara wa nɔ akɛ nikeenii. Mɛni ji sane ni yɔɔ enɛ sɛɛ?
I want to buy a car this year.,Mepɛ sɛ metɔ kaa afe yi.
What's the cheapest one?,Which one is the least expensive?
I read that an accountant from the Produce Buying Company Limited lost a significant amount of money meant for cocoa farmers. Can you tell me more about the incident?,Mikane kɛjɛ Producer Purchase Company Limited lɛ akɔntaabuu he nitsulɔ lɛ dɛŋ akɛ shika babaoo ni ato he gbɛjianɔ aha kookoo okwaafoi lɛ elaaje. Ani obaanyɛ okɛɛ mi nɔ ni ba lɛ he saji babaoo?
How can I assist you today?,Is there anything you need today?
I read that Real Madrid paid Liverpool around eight point four zero  pounds sterlingm for Trent Alexander-Arnold. Why did they decide to pay the fee instead of waiting a month to get him for free?,Mikane akɛ Real Madrid wo Liverpool nyɔmɔ ni ji pound 8 kɛ ejwɛ ni ji zero pounds kɛha Trent Alexander-Arnold. Mɛni hewɔ esa akɛ owo he nyɔmɔ moŋ fe ni ooomɛ nyɔŋ kome ni onine ashɛ nɔ yaka?
I've been reading about Activity-Based Costing (ABC) and its benefits in organisations. Can you explain how ABC helps in identifying ineffective or duplicative procedures within a company?,Mikaneɔ nitsumɔ ni damɔ shika nɔ (ABC) kɛ sɛɛnamɔi ni yɔɔ he yɛ gbɛjianɔtoo ko mli lɛ he sane. Ani obaanyɛ otsɔɔ bɔ ni ABC baanyɛ aye abua ni ana nifeemɔi ni tsuuu nii jogbaŋŋ loo ni afee ekome yɛ nitsumɔhe ko lɛ mli?
Thanks for your help.,I appreciate your help.
But the third fruit came and hit the lion on its royal snout!,Ke kutsetse etɔlia vadze ƒe nugbɔ siŋu bubu le la.
Corruption among district officials has led to leaders selling the animals meant for the people to non-beneficiaries.,Adifudepɛ a ɛkɔ so wɔ ɔmantam mpanyimfo mu no ama akannifo atɔn mmoa a wɔahyɛ da ayɛ ama ɔmanfo no ama wɔn a wonnya so mfaso.
People who are selling pork have gone out of business.,Nnipa a wɔtɔn mprako nam no agyae adwuma.
What's your best price?,What is your lowest price?
Thank you.,Meda wo ase.
I've been reading about food-borne illnesses in Ghana. What are some of the most common pathogens causing foodborne illness?,Mikaneɔ helai ni jɛɔ niyenii mli baa yɛ Ghana lɛ ahe sane. Mɛni ji helai komɛi ni kɛ helai ni jɛɔ niyenii mli baa lɛ baa?
The bus ticket will be used to pay the players' bills.,Wɔde bɔs tekiti no bedi dwuma de atua agodifo no ka.
Who was named the GNCCI Media Personality of the Year two thousand and twenty-four?,Namɔ ji 224 GNCCI adafitswaa mli gbɔmɔ lɛ?
I shouldn't let the child with money out of sight.,Ɛnsɛ sɛ mema abofra a ɔwɔ sika no fi baabi a obiara nhu no.
What's the latest news on the Netflix series 'Blood and Water'?,Mɛni ji adafitswaa hee ni yɔɔ Netflix sini ni ji ‘La kɛ Nu’ lɛ mli?
He sold the young cow to his immediate neighbor.,Ɔtɔn nantwi ba no maa ne fipamfo a ɔbɛn no pɛɛ no.
I heard that Ghana's domestic tourism sector is doing well. Can you tell me more about it?,Minu akɛ Ghana maŋ lɛ mli shisharamɔ nitsumɔ lɛ miitsu nii jogbaŋŋ. Ani obaanyɛ okɛɛ mi ehe saji babaoo?
I'm interested in learning more about family planning services in Ghana. Can you tell me about the challenges providers face in delivering these services?,Miyɛ he miishɛɛ akɛ makase weku gbɛjianɔtoo nitsumɔi ni yɔɔ Ghana lɛ ahe nii babaoo. Ani obaanyɛ okɛɛ mi naagbai ni mɛi ni kɛ nitsumɔi nɛɛ haa lɛ kɛkpeɔ yɛ nitsumɔi nɛɛ amli lɛ?
What is the significance of the anaerobic digestion process in the context of water hyacinth and sewage sludge?,Mɛni ji sɛɛnamɔ ni yɔɔ anaerobic digestion gbɛjianɔtoo he kɛha nu mli sũ kɛ muji?
Hi,Hey
Have a seat.,There's a seat for you.
Mark Zuckerberg's company has just put an end to it in an email sent to its customers,Markzukenberg ƒe adzɔa wu enu le lɛta aɖe si wona eƒe asisinɔwoe la me
Five men were arrested on suspicion of selling drugs illegally.,Wɔkyeree mmarima baanum esiane sɛ wosusuw sɛ wɔretɔn nnubɔne a mmara mma ho kwan nti.
"The medical stores buys, stores and distributes drugs to health centers.","Aduruyɛ sotɔɔ ahodoɔ no tɔ nnuru, sie na wɔkyekyɛ ma apɔmuden asoɛe ahodoɔ no."
People are selling their land to get money.,Nkorɔfoɔ retɔn wɔn nsase anya sika.
How much does this cost?,What is the amount?
I heard that Stonebwoy paid tribute to a music legend. Can you tell me more about that?,Minu akɛ Stonebwoy wo lala he abɛbua ko hiɛ nyam. Ani obaanyɛ okɛɛ mi enɛ he saji babaoo?
"She couldn't have done it if I hadn't used the same name everywhere,",mateŋu wɔ esia ne nye mezã ŋukɔ ɖeka le afimawo katã o
Thanks for your help.,Merci pour votre aide.
I really don't understand why we give such information without the slightest explanation.,nukata woɖe nu sia fia esime womena gɔmeɖeɖe aɖeke oa
I came across a research article about the effect of crude oil prices and monetary policy on economic growth in Ghana. Can you tell me more about the data used in the study?,Miyana niiamlitaomɔ wolo ko ni kɔɔ bɔ ni mu ni akɛwoɔ tsɔne mli lɛ jara kɛ shika he gbɛjianɔtoo lɛ náa shika helɛtemɔ mli hiɛyaa nɔ hewalɛ ehaa yɛ Ghana lɛ he. Ani obaanyɛ okɛɛ mi saji babaoo ni kɔɔ saji ni akɛtsu nii yɛ nikasemɔ lɛ mli lɛ he?
Maybe.,Perhaps.
Not too bad.,Pas trop mal.
Do you have a price list?,Can I see the price list?
I am doing well.,Mereyɛ yiye.
Can you tell me the price?,What's the amount?
Is this the final price?,Is this your final price?
So it's even more difficult to find AB blood bags-,eyata wosesẽ be woakpɔ ʋuƒomevi sia
"In the afternoon on Sunday, the ancestral marketplace, “Tsetse guaso” is filled to capacity for the sacrifice.","Kwasida awiabere no, nananom gua so, “Tsetse guaso” no yɛ ma ma afɔrebɔ no."
I've been reading about family planning in Ghana. What are some of the reasons why men might not be involved in family planning decisions?,Mikane weku gbɛjianɔtoo he sane yɛ Ghana. Mɛni ji yiŋtoi komɛi ahewɔ ni hii kɛ amɛhe wooo weku gbɛjianɔtoo he yiŋkpɛɛi amli lɛ?
Artificial ways of preserving food are not good.,Akwan a wɔde nsa ayɛ a wɔfa so kora aduan so no nyɛ papa.
How old are you?,How many years old are you?
Nice to meet you.,It's nice meeting you.
"At one time, a girl on a bicycle disgraced her family because her skirts would be seen while she pedaled,",Le ɣeyiyiaɖeme vayi la nyɔnuvi ƒe keke kuku medea bubu eƒe ƒomela ŋu o elabe wodoa kpoyɛkpoyɛ yiadzi
Good to see you again.,I'm happy to see you again.
Parents are obliged to pay school fees at the school.,Ɛyɛ nhyɛ ma awofoɔ sɛ wɔtwea wɔn mma sukuu feese.
"If you decide to save your money, it shall accumulate with time.","Sɛ wusi gyinae sɛ wobɛkora wo sika a, bere kɔ so no, ɛbɛboaboa ano."
"Those for whom you have been a beacon, a Brother, a Friend, a Guide, a Companion, a Partner","ame siwo nenye kekeli, xɔ̃, kplɔla kple hadɔwɔla na"
How may I help you?,Te mafee tɛɛ maye mabua bo?
How much per basket?,What's your price for a basket?
I am doing well.,Things are going well for me.
It requires a lot of money to smoothly run the health sector and this year the money budgeted for the main hospital is very little.,Ɛgye sika pii na ama wɔatumi ayɛ apomuden adwuma no yie na afe yi sika a wɔayɛ ama ayaresabea kɛseɛ no sua koraa.
How much for two?,How much should I pay for two?
Some sports team players are paid a monthly salary.,Wotua agumadi kuo mu agodifoɔ binom akatua ɔsram biara.
Can you tell me the price?,How much are you selling it?
"In a Nigeria of the 80s and 90s which advocated birth control, Mr Agwu decided to have a large family,","le ƒe 80-90 mela, esime Nigeria ɖoe be woaɖiɖi vi dzidzi la, aƒetɔ Agwu ɖoe be yeado ƒome gãɖe"
I'm interested in learning more about traditional herbal medicine in Ghana. How do sellers ensure customer safety when buying their products?,Miyɛ he miishɛɛ akɛ makase tsofafeemɔ ni jɛ blema tsofafeemɔ mli yɛ Ghana lɛ he nii babaoo. Te mɛi ni hɔ̃ɔ nii lɛ feɔ tɛŋŋ amɛkwɛɔ koni mɛi ni baahe nii lɛ ahi shi shweshweeshwe kɛ́ amɛheɔ amɛnibii lɛ?
She spent a lot of money on the tickets to the soccer game.,ɔsɛee sika pii wɔ tekiti a wɔde bɛkɔ bɔɔlbɔ no ho
I am a little tired today.,Mebrɛ kakra nnɛ.
Each child brought him a pitcher of water.,Ɖevi ɖe sia ɖe ku tsi zevi ɖeka ɖeka vɛ.
A tendency that other members of the family also hate,nu sia ɖea fu na ƒometɔ mlɔeawo hã
You're welcome here.,Woxɔ wò nyuie le afisia.
The incident occurred at 5:30 am on Saturday morning .,Asɛm yi sii Memeneda anɔpa 5:30.
I'm trying to understand Generalized Estimating Equations (GEE) and their application in correlated data. Can you explain the basic concept of GEE and how it differs from traditional GLMs?,Miibɔ mɔdɛŋ ni manu bɔ ni asusuɔ nii ahe ahaa (GEE) kɛ bɔ ni akɛtsuɔ nii ahaa lɛ shishi kɛ saji ni kɔɔ he. Ani obaanyɛ otsɔɔ shishijee shishinumɔ ni yɔɔ GLM he kɛ bɔ ni esoro lɛ yɛ blema GLMi lɛ ahe lɛ mli?
He was found guilty and arrested for misusing the market funds.,Wobuu no fɔ na wɔkyeree no sɛ ɔde gua so sika anni dwuma ɔkwammɔne so.
I read an article about a man named Winston who had a bad experience with his girlfriend Rhoda on Valentine's Day. What happened?,Mikane sane ko ni kɔɔ nuu ko ni atsɛɔ lɛ Winston ni kɛ enaanyo yoo Rhoda ná niiashikpamɔ gbonyo yɛ Valentine gbi lɛ nɔ lɛ he. meni ba?
"We wrote a long shopping list, preparing for our upcoming shopping trip.","Yɛtwerɛɛ nneɛma tenten a na yɛrekɔtotɔ, yɛresiesie yɛn ho ama adwadie akwantuo a na ɛda yɛn anim no."
If your husband is irresponsible then use family planning.,Sɛ wo kunu nni asɛyɛde a ɛnde fa abusua nhyehyɛe di dwuma.
Thank you for coming.,It is good to have you here
How much is this?,Combien ça coûte?
Do you have a price list?,Can you show me your prices?
Do you have a price list?,Is there a list of your prices?
Parents were requested to pay school fees in time as private schools have different school fees structure.,Wɔka kyerɛɛ awofoɔ sɛ wɔntua sukuu ka wɔ berɛ ano ɛfiri sɛ ankorɛankorɛ sukuu ahodoɔ wɔ sukuu ka nhyehyɛeɛ sononko.
I read that the International Monetary Fund (IMF) has stated that conditionality helps countries solve balance of payments problems. Can you tell me more about this?,"Mikane akɛ, Jeŋmaji Ateŋ Shika He Nitsumɔhe (IMF) lɛ shihilɛ mli nibii (shihilɛ mli nibii) yeɔ ebuaa maji ni amɛtsuɔ nyɔmɔwoo he naagbai ahe nii. Ani obaanyɛ okɛɛ mi enɛ he saji babaoo?"
I came across a research article about the impact of branding on buying behavior in Ghana's telecommunication industry. Can you tell me more about it?,Mikɛ niiamlitaomɔ wolo ko ni kɔɔ bɔ ni nibii ni afee lɛ ahe nii lɛ saa nihɔɔmɔ he subaŋ he yɛ tɛlifon nitsumɔhe ni yɔɔ Ghana lɛ he lɛ kpe. Ani obaanyɛ okɛɛ mi ehe saji babaoo?
Which one costs less?,Which has the lower cost?
Many people in rural areas are now turning to vegetable growing.,Mprempren nnipa pii a wɔwɔ nkuraase redan akɔ atosodeɛ a wodua so.
"Faced with the enmity of his colleagues at Shell Côte d'Ivoire and thanks to the encouragement of some of his friends, Mr.","esi wole eyome tim leshell ta eye ɖe xɔ̃a aɖewo ƒe ŋusẽdoame ta, aƒetɔ"
"I've been reading about the AIDA model, which tries to explain the mental process a customer goes through before buying. Can you tell me more about it?",Mikane AIDA nɔkwɛmɔnɔ ni bɔɔ mɔdɛŋ ni etsɔɔ jwɛŋmɔŋ gbɛjianɔtoo ni jarayelɔ tsɔɔ mli dani eheɔ nii lɛ mli lɛ he sane. Ani obaanyɛ okɛɛ mi ehe saji babaoo?
Can I help you find something?,Can I help you locate something?
The fisherman said there is a low fish market now.,"Ɔfareni no kaa sɛ, adwene ho adwadie no nkɔ so saa seesei."
I do not have enough money to pay for my children's school fees this term.,Minni sika a ɛdɔɔso a mede betua me mma sukuu ka wɔ tɛm yi mu.
And you?,Ni bo hu?
What advice did Prof. Patrick Asuming give to the John Mahama government regarding food security?,Mɛɛ ŋaa Nilelɔ Patrick Assuming wo John Mahama nɔyeli lɛ yɛ niyenii he shweshweeshwefeemɔ he?
How much per basket?,How much is each basket?
"That is a very attractive piece of cloth. How much does it cost? I would like to get one for my wife. Her birthday is coming up, and I would like for her to have a good time.","Ɛno yɛ ntama a ɛyɛ fɛ yiye. Ɛho ka yɛ ahe? Mepɛ sɛ minya bi ma me yere. N’awoda reba, na mɛpɛ sɛ ogye n’ani."
Kalilou did not answer but left the next morning on his trip.,"Kalilu meɖo nya aɖe nu nae o, boŋ efɔ ŋdi hezɔ mɔ."
Some individuals sell sandals to earn a living.,Ankorankoro binom tɔn mpaboa de nya wɔn asetrade.
I heard about a mobile money vendor being attacked in Ghana. Can you tell me more about the incident?,Minu akɛ atutua mɔ ko ni hɔ̃ɔ shika yɛ mobile phone nɔ yɛ Ghana. Ani obaanyɛ okɛɛ mi nɔ ni ba lɛ he saji babaoo?
How old are you?,Woadi mfeɛ sɛn?
"I'm interested in learning more about the 'caged' cubes made with bread, royal icing, and colored granulated sugar. What do they represent in the context of the research?","Miyɛ he miishɛɛ akɛ makase ‘studded’ cubes ni akɛ blodo, maŋtsɛ icing kɛ sugar ni yɔɔ kɔla fee lɛ ahe nii babaoo. Mɛni amɛtsɔɔ yɛ nikasemɔ lɛ mli?"
"What sampling technique was used in the study to select local tanners, leather sellers, teachers, and pupils?","Mɛɛ sample gbɛ nɔ akɛhala maŋbii ni feɔ kooloo hewolo, kooloo hewolofeelɔi, tsɔɔlɔi kɛ nikaselɔi ni yɔɔ nikasemɔ lɛ mli lɛ?"
The payment was only done after a cry from the councillors.,Wɔyɛɛ akatua no bere a agyinatufo no teɛteɛɛm akyi nkutoo.
I just read that Frontiers Healthcare Services made a lot of money from Covid tests at KIA. Can you tell me more about this?,Mikane akɛ Frontiers Healthcare nitsumɔhei lɛ ná shika babaoo kɛjɛ covid kaai ni afee yɛ KIA lɛ nɔ. Ani obaanyɛ okɛɛ mi enɛ he saji babaoo?
"What do entrepreneurs do, and how do they impact the market?",Mɛni jarayelɔi feɔ ni te amɛnáa jarayeli lɛ nɔ hewalɛ amɛhaa tɛŋŋ?
I don't understand.,Nye mese egɔme o.
"“But have we understood that”? Will we stop overloading taxis, elevators, trains, motorbikes etc.? ""","ke ɖe míese egɔme be ele vevie be míadzidzɔ agbadodo gbɔ eme na míaƒe ʋuwo,dzokekewo,ketekewo kple bubuwo......."
A refrigerator is available to keep icepacks for medical purposes and cool drinks for the players during the game.,Fridge bi wɔ hɔ a wɔde icepacks besie de ayɛ aduruyɛ ne anonne a ɛyɛ nwini ama agodifo no bere a wɔredi agoru no.
We were requested to condole with the family of the deceased.,Wɔka kyerɛɛ yɛn sɛ yɛnkyekye deɛ wawu no abusua no werɛ.
Where are you from?,Where is home for you?
Thank you for coming.,Thanks for coming.
Thank you for coming.,Thank you for visiting
I'm interested in learning about the regulations surrounding street food vendors in Ghana. What are the different licenses and individual needs required to operate fully as a vendor?,Miyɛ mlai ni kɔɔ gbɛjegbɛ nɔ niyenii ni ahɔ̃ɔ yɛ Ghana lɛ he lɛ he miishɛɛ. Mɛni ji gbɛŋmɛɛ woji srɔtoi kɛ taomɔ nii ni aŋkroaŋkroi taoɔ koni amɛtsu nii jogbaŋŋ akɛ nihɔɔlɔ?
I'm interested in learning more about the Makola Shopping Mall in Ghana. What are some of the amenities that the mall offers to its customers?,Miyɛ he miishɛɛ akɛ male Makola Nihɔɔmɔ He ni yɔɔ Ghana lɛ he saji babaoo. Mɛni ji nibii komɛi ni jarayelihe lɛ kɛhaa mɛi ni baahe nii yɛ jɛmɛ lɛ?
Hello,Hello there
"While the contents of my glass were stirring with pieces of ice, Marc retreated into the shower, at the end of the corridor.",esi menɔ nye aha mlɔm le kɔpua me la Marc yi tsi le ge
Who paid a condolence visit to the family of Ghanaian highlife legend Daddy Lumba?,Namɔ basara Ghana shihilɛ mli gbɔmɔ ni he gbɛi waa ni atsɛɔ lɛ Daddy Lumba lɛ weku lɛ he awerɛhoyeli?
I am doing well.,I'm doing well.
What is the reason behind Turkey's request to change its name to Turkiye?,Mɛni he je nɛ Turkey tsake e biɛ kɛ pee Turki ɔ?
Good afternoon,"Good afternoon, madam."
"I've heard that energy drink consumption has been on the rise in Ghana, especially among workers in certain industries. Can you tell me more about this trend?","Minu akɛ nibii ni haa mɔ hewalɛ ni anuɔ lɛ miiya hiɛ waa yɛ Ghana, titri lɛ yɛ nitsulɔi ni tsuɔ nii yɛ nitsumɔhei komɛi amli lɛ ateŋ. Ani obaanyɛ okɛɛ mi nibii babaoo yɛ nɛkɛ nifeemɔ nɛɛ he?"
What is your name?,Te atsɛɔ bo tɛŋŋ?
You're welcome.,Ahere bo atuu
What's the cost of all these?,How much is the total for these items?
How are you?,Everything okay?
I'm trying to understand the history of insurance. Can you tell me about its origins?,Miibɔ mɔdɛŋ ni manu inshuɔrans he yinɔsane shishi. Tsɔɔmɔ mi he ni ejɛ?
Thank you very much.,Merci beaucoup.
What are the names of the three schools competing in the two thousand and twenty-five NSMQ Grand Finale?,Mɛni ji skul etɛ ni kɛ amɛhe baawo 2025 NSMQ Grand Final lɛ mli lɛ agbɛi?
How much per kilogram?,What's the price per kilogram?
Mobile money is the simplest and easiest way of transferring money.,Fon sika yɛ ɔkwan a ɛyɛ mmerɛw na ɛnyɛ den a wɔfa so de sika kɔ baabi foforo.
I'm trying to understand the algorithm described in the research article. Can you explain how the Main Procedure works?,Miibɔ mɔdɛŋ ni manu algorithm ni atsɔɔ mli yɛ niiamlitaomɔ wolo lɛ mli lɛ shishi. Ani obaanyɛ otsɔɔ bɔ ni gbɛjianɔtoo titri lɛ tsuɔ nii ehaa lɛ mli?
Individuals around the world have lost family members due to coronavirus .,Ankorankoro a wɔwɔ wiase nyinaa ahwere wɔn abusua mufo esiane koronavirus nti .
How much money is needed to change one's way of living?,Sika ahe na ehia na ama obi asesa n’asetra kwan?
"The first minutes of shock passed, I thought about eating my condiment bread,","miniti sesẽawo megbe la, mesusu be maɖu nye abolo"
I've heard that the banking industry in Ghana is highly competitive. What are some of the challenges banks face in this market?,Minu akɛ shikatoohe nitsumɔ ni yɔɔ Ghana lɛ mli akaŋshii wa waa. Mɛni ji naagbai komɛi ni shikatoohei kɛkpeɔ yɛ jarayeli nɛɛ mli?
I am very happy today.,M’ani agye yiye nnɛ.
School fees paid by parents can be used for many things in developing a school.,sukuu ka a awofo tua no betumi ayɛ nneɛma pii wɔ sukuu nkɔso mu.
Many officials are claiming not to have received any money after misusing it.,Aban mpanyimfoɔ pii reka sɛ wɔannya sika biara bere a wɔde dii dwuma ɔkwammɔne so akyi.
"The money that I took pleasure in counting every evening before falling asleep,",ho si mexlẽna ɣesiayi hafi mlɔ anyi
Which one costs less?,Which one should I buy if I want to save money?
What's the current price of petrol and diesel in Ghana?,Mɛɛ pɛtrol kɛ diesel jara ji yɛ Ghana?
I've been reading about the water quality in Ghanaian wells. What are some of the key findings from recent research on this topic?,Mikane bɔ ni nu ni yɔɔ nubui ni yɔɔ Ghana lɛ mli lɛ hi ha lɛ he sane. Mɛni ji nibii titrii komɛi ni ana kɛjɛ niiamlitaomɔ ni afee nyɛsɛɛ nɛɛ mli yɛ saneyitso nɛɛ he?
"He was imprisoned for forging receipts, stating the reason for someone's imprisonment.","Wɔde no too afiase esiane sɛ ɔyɛɛ atoro nkrataa a wɔde gye sika, na ɔkaa nea enti a wɔde obi too afiase nti."
I've been reading about the uses of certain plants in Ghana. Can you tell me more about the other uses of plants besides food?,Mikaneɔ bɔ ni akɛ tsei komɛi tsuɔ nii yɛ Ghana lɛ he sane. Ani obaanyɛ okɛɛ mi nibii babaoo ni kɔɔ tsei ni akɛtsuɔ nii kɛfataa niyenii he lɛ he?
I read that Ghana is vulnerable to external shocks due to its high food imports. Can you tell me more about this?,Mikane akɛ Ghana nyɛɔ ekɛ kponɔgbɛ shoofeemɔi baa yɛ niyenii babaoo ni ekɛbaa maŋsɛɛ lɛ hewɔ. Ani obaanyɛ okɛɛ mi enɛ he saji babaoo?
What led to Strategic Mobilisation Ghana Limited (SML) changing its name from Strategic Mobilisation Enhancement Limited (SMEL)?,Mɛni ha nitsumɔhe nine ni feɔ nibii ni haa mɔ tsui nyɔɔ emli lɛ tsake egbɛi kɛjɛ nitsumɔhe nine lɛ mli?
The running water caused serious damage to the school.,Nsu a ɛsen no sɛee sukuu no kɛse.
"During the lockdown, food shops and supermarkets were allowed to operate.","Wɔ lockdown no mu no, wɔmaa aduantɔnbea ne aguadidan akɛse kwan ma wɔyɛɛ adwuma."
What were the findings of the National Summary Report on Heavy Metal Contaminant Assessment conducted by the Food and Drugs Authority (FDA) in Ghana?,Mɛni ji nɔ ni maŋ lɛ amaniɛbɔɔ kuku ni kɔɔ dade ni tsii ni Food and Drug Administration (FDA) ni yɔɔ Ghana lɛ kwɛ mli lɛ he lɛ na?
Thank you for coming.,Thanks for coming
Refined water passes through pipes in order to get to the user.,nsu a wɔayɛ no yiye fa nsu afiri mu sɛnea ɛbɛyɛ a ebetumi akɔ nea ɔde di dwuma no nkyɛn.
Welcome,You're welcome.
"Is it healthy for vendors to sleep in the market? Considerations should be made for the well-being and safety of vendors, including providing suitable accommodation outside the market premises.","So ɛyɛ papa sɛ adetɔnfoɔ bɛda dwa so? Ɛsɛ sɛ wɔsusu adetɔnfoɔ yi yedie ne ahobammɔ ho, a da berɛ a ɛfata a wɔbɛma wɔ dwa no akyi ka ho."
The little hare thanked his friend by saying:,"Fɔmizia gblɔna xɔa kple akpedada be,"
What is the opportunity cost incurred by individuals seeking malaria care in Ghana?,Mɛni ji hegbɛ ni aŋkroaŋkroi ni miitao atiridii helatsamɔ yɛ Ghana lɛ yɔɔ lɛ he nyɔmɔwoo?
The number of previous water connections request will determine your waiting time for water.,Nsuo nkitahodie a wɔabisa deda no na ɛbɛkyerɛ ɛberɛ a wode bɛtwɛn nsuo no.
I'm interested in learning more about maize farming in Ghana. What are some challenges that smallholder farmers face in terms of water availability?,Miyɛ he miishɛɛ akɛ makase ŋmãa ŋmɔshi nibii babaoo yɛ Ghana. Mɛni ji naagbai ni okwaafoi bibii kɛkpeɔ yɛ nu ni amɛnáa lɛ he?
"Thanks to Allah for this incredible experience,",akpe na Mawu ɖe numetoto sia ta
What's the cheapest one?,Which option is cheaper?
Some cattle keepers move from one place to another looking for grass and water.,Anantwihwɛfo binom tu fi baabi kɔ baabi foforo kɔhwehwɛ sare ne nsu.
"I've heard that sweetpotato is a nutritious food, especially in Africa. What are some of the health benefits of consuming sweetpotato?",Mi nu akɛ sweet potato ji niyenii ni hewalɛ yɔɔ mli titri yɛ Afrika. Mɛni ji hewalɛnamɔ he sɛɛ komɛi ni yɔɔ ŋmɔtɔ ni ayeɔ lɛ he?
Hi,Hey there.
Good morning,Morning! Nice to see you.
"But in the event of divorce, “only the part of the dowry given in cash can be reimbursed","ke ne woklã la, agbã ƒe akpa si nye ga asiasi koe woaxe"
"During the lockdown, prices of some food items were high.","Wɔ lockdown no mu no, na nnuan bi bo yɛ den."
"I am fine, thank you.",Miida bo shi
"What is the current situation with the local rice market in Ghana, and how is the government addressing it?","Te maŋ lɛ mli ŋmãa jarayeli lɛ yɔɔ ha tɛŋŋ yɛ Ghana, ni te nɔyeli lɛ miitsu naagba lɛ he nii eha tɛŋŋ?"
The president sensitized us about the importance of paying taxes.,Ɔmampanyin no maa yɛtee hia a ɛho hia sɛ yetua tow no ase.
Reading “Sealed Nectar” was important for me to better understand my religion and the Prophet Muhammad (saw),agbalẽ sia xexlẽ na menya xɔsea kple profeta la nyuie
What's your best price?,Te ojara wa tɛɛ?
The local community benefits when away fans come to watch football because people in the community sell their products to visiting football fans.,Kuro manfoɔ no nyaa mfasodeɛ pii firi akyitaafoɔ a wɔbɛhwɛɛ bɔɔlobɔ akansie no bi no ɛfiri sɛ wɔtɔn wɔn adwatɔndeɛ de maa ahɔho a wɔba no.
I've been reading about a research study on irrigation water contamination in Ghana. Can you tell me more about it?,Mikane niiamlitaomɔ ko ni kɔɔ bɔ ni nu ni akɛshwieɔ shi yɛ Ghana lɛ mli ewo muji lɛ he. Ani obaanyɛ okɛɛ mi ehe saji babaoo?
Thank you for coming.,We're glad you came.
"It is only at the end of the day that the phone of Guillermo, Head of Staff of the hotel, rings: It’s Madame Philomène","ɣetrɔme hafi aƒenɔ Philomene yɔ Guillermo, dɔwɔladzikpɔla la"
What would you like to buy?,Te obaasumɔ ni ohe?
"Due to pride, he forgot all about his friends.","Esiane ahantan nti, ne werɛ fii ne nnamfo nyinaa."
"I will take care of my husband until his last breath, and I will get all my money back,",male be na srɔ̃nye va se ɖe eƒe gbɔgbɔ mamlɔe eye maxɔ nye howo katã
Take care of the environment you live in.,Hwɛ nneɛma a atwa wo ho ahyia a wote mu no yiye.
Can I know the price first?,Can I have the price first?
What are the primary sources of domestic water in the Nasia river catchment?,Mɛni ji shia nu ni yɔɔ Nasia Faa lɛ mli lɛ jɛɛhei titri?
There are high chances of a team to succeed if they have a lot of money.,Ɛnyɛ den sɛ ekuo a wɔwɔ sika pii bɛtumi agyina
The headteacher was arrested for asking students' money to bribe invigilators.,Wɔkyeree Sukuupanin no no sɛ ɔka kyerɛɛ asuafoɔ no sɛ wɔmfa sika mmra mma wɔmfa mma nnipa a wɔhwɛ nsɔhwɛ no soɔ no.
My name is Kofi.,My name's Kofi.
"On men and women, who has loves money most.","Wɔ mmarima ne mmea fam no, hena na ɔwɔ ɔdɔ ma sika kɛse."
This investigation is one of multiple legal fronts concerning Donald Trump and his family,"numekukusia nye ɖeka le ʋɔnudr,onya siwo le trump kple eƒe ƒomea dzie"
Can you give me today's price?,How much are you selling it for today?
What is the current price?,Can you tell me the current price?
I heard that a large quantity of fertilisers was intercepted in the Volta Region. What happened?,Minu akɛ ŋmɔshi nibii babaoo yɛ Volta kpokpaa lɛ nɔ. meni ba?
"The couple, who faced a lot of criticism due to their age difference, never paid attention to the gossipers",srɔ̃tɔ siawo si amewo  kpɔa baɖae la mekea nu de eme na wo o
Can I know the price first?,I would like to know the price first.
Can you tell me the price?,Would you tell me the price?
Local leaders should prioritize the safety of market vendors by implementing measures to protect their health and well-being.,Ɛsɛ sɛ mpɔtam hɔ akannifoɔ de dwa so adetɔnfoɔ ahobammɔ di kan denam nneɛma a wɔde begu akwan mu de abɔ wɔn akwahosan ne wɔn yiyedi ho ban no so.
What are the factors that determine an individual's decision to pay for NHIS premium using the Mobile Payment Platform System (MPPS) in Ghana?,Mɛni ji nibii ni haa mɔ aŋkro ko kpɛɔ eyiŋ akɛ ebaawo NHIS nyɔmɔ kɛtsɔ Mobile Payment Platform System (MPPS) ni yɔɔ Ghana lɛ nɔ?
How is your family?,W’abusua te dɛn?
I heard that onion traders at the Kwadaso Market were forcefully ejected on Monday by the Ashanti Regional Security Council. What happened?,Mi nu akɛ Ashanti Kpokpaa nɔ Shweshweeshwefeemɔ Kuu lɛ shwie onion jarayelɔi ni yɔɔ Kwadasso jarayelihe lɛ yɛ yiwalɛ gbɛ nɔ nyɛ. meni ba?
I'm trying to understand the Agreement on Customs Valuation (ACV). Can you explain what the transaction value of goods means in the context of customs valuation?,Miibɔ mɔdɛŋ ni manu Customs Valuation (ACV) kpaŋmɔ lɛ shishi. Ani obaanyɛ otsɔɔ nɔ ni nibii ni akɛheɔ jara lɛ tsɔɔ yɛ kusum mli jara ni akɛhaa lɛ mli?
"I heard that PBC Limited, Ghana's biggest indigenous cocoa-buying company, is facing financial troubles. What's happening?","Mi nuɔ akɛ Ghana maŋbii anitsumɔhe ni da fe fɛɛ ni heɔ kookoo, ni ji PBC Limited lɛ, ebote shika he naagba mli. nɔ ni yaa nɔ lɛ"
The municipal council will solicit funds to establish market stalls for fishmongers.,Mansini no kansele no bɛsrɛsrɛ sika de asi dwa de ama mpataa adwadifoɔ
What are you looking for?,What would you like?
The whole villages gets water from the borehole.,Nkuraase no nyinaa nya nsu fi tokuru no mu.
"I'm interested in learning more about the impact of macroeconomic variables on stock markets, especially in emerging markets. Can you tell me more about this topic?","Miyɛ he miishɛɛ akɛ makase babaoo yɛ bɔ ni shika helɛtemɔ mli nibii ni tsakeɔ lɛ náa shika helɛtemɔ jarayeli nɔ hewalɛ ehaa lɛ he, titri lɛ jarayeli hei ni miiya hiɛ lɛ. Ani obaanyɛ okɛɛ mi enɛ he saji babaoo?"
All people must officially register their names with government registrars.,Ɛsɛ sɛ nnipa nyinaa kyerɛw wɔn din wɔ aban akyerɛwfo nkyɛn wɔ aban kwan so.
This company will provide crops and market for the farmers produce.,Saa adwumakuo de nnuaba ne edwa bɛbrɛ akuafoɔ no nnɔbaeɛ.
It is very expensive to build a nice house.,Ɛyɛ den yie sɛ wobɛsi efie fɛfɛɛfɛ.
I'm trying to understand the concept of multiple logistic regression. Can you explain how it works and how it's different from univariate logistic regression?,Miibɔ mɔdɛŋ ni manu shishinumɔ ni ji logistic regression babaoo lɛ shishi. Ani obaanyɛ otsɔɔ bɔ ni etsuɔ ​​nii ehaa kɛ bɔ ni esoro lɛ kwraa yɛ univariate logistic regression he lɛ mli?
You're welcome.,You are welcome.
What is the difference between paddy rice and brown rice?,Mɛni ji srɔtofeemɔ ni yɔɔ ŋmãa kɛ ŋmãa ni tsuɔ tamɔ ŋmɔtɔ teŋ?
Which one costs less?,Which one is less expensive?
I'm interested in learning more about the relationship between employee courtesy and consumer perception of water bottle products. Can you tell me more about it?,Miyɛ he miishɛɛ akɛ makase wekukpaa ni kã nitsulɔi ahe bulɛ kɛ mɛi ni yeɔ nu ni akɛwoɔ tɔ mli lɛ ateŋ lɛ he nii babaoo. Ani obaanyɛ okɛɛ mi ehe saji babaoo?
Hello,Hello
Boreholes will be established to improve water supply.,Wɔbɛhyehyɛ ntokuru a wɔde bɛto mu na ama nsuo a wɔde ma no atu mpɔn.
What factors influence consumer behavior in the bottled mineral water industry in Ghana?,Mɛni nibii náa mɛi ni heɔ nii lɛ ajeŋba nɔ hewalɛ yɛ nu ni akɛwoɔ tɔ mli ni akɛtsuɔ nii yɛ Ghana lɛ mli?
No problem.,Naagba ko bɛ.
The students shall have a physics practical lesson tomorrow morning.,Asukuufoɔ no bɛyɛ 'fisiks' (physics) adesua dwumadie ɔkyena anɔpa.
Safe travels.,Travel safely.
"In the darkness, Youma saw something like a floating island emerge from the water and swim towards her: it was the old caiman.","Le vivitia me la, Yuma kpɔ nane dogo heƒu tsia gbɔna egbɔ abe anyigba si le tsi dzi la ene. Lo tsitsi la ye."
Can you give me today's price?,Can you tell me today's price?
What are you looking for?,What do you need?
Government money should be well utilised to satisfy people's needs.,Ɛsɛ sɛ wɔde aban sika di dwuma yiye de te nkurɔfo ahiade.
I'm trying to understand the concept of lipid peroxidation. Can you explain it to me?,Miibɔ mɔdɛŋ ni manu shishinumɔ ni ji lipid peroxidation lɛ shishi. obaanyɛ otsɔɔ mi mli
"She went to the hospital to test for breast cancer, whiles civil workers were paid their pension on retirement.","Ɔkɔɔ ayaresabea kɔhwɛɛ nufu mu kokoram, bere a na wotua aban adwumayɛfo pɛnhyen sika bere a wɔakɔ pɛnhyen no."
See you later.,Miado go emegbe.
I'm interested in learning more about the research on water quality in Ghana. Can you tell me about the types of projects that were supervised by the CWSA?,Miyɛ he miishɛɛ akɛ makase nu he niiamlitaomɔ babaoo yɛ Ghana. Ani obaanyɛ okɛɛ mi nitsumɔi srɔtoi ni yɔɔ CWSA kwɛmɔ shishi lɛ ahe sane?
Have a seat.,Please make yourself comfortable.
What was notable about the funeral ceremony of the Gagbo family in the Oti Region on the seventh of August in the year twenty twenty-one?,Mɛni ji nɔ ni sa kadimɔ waa yɛ afi ni ji 21 ni akɛfu Gagbo weku lɛ yɛ Oti kpokpaa lɛ nɔ yɛ August gbi kpawo lɛ nɔ?
"What's the significance of the International Day of Awareness of Food Loss and Waste, and how does it relate to avocado seeds?",Mɛni ji Jeŋ Niyenii ni Laajeɔ kɛ Nibii ni Efiteɔ lɛ He Nilee Gbi lɛ shishinumɔ ni te ekɛ avocado dumɔwu lɛ yɔɔ tsakpaa tɛŋŋ?
I'm trying to understand the importance of formalizing risk management procedures in a company. Can you explain the concept and its benefits?,Miibɔ mɔdɛŋ ni manu bɔ ni ehe hiaa ni afee osharai ahe gbɛjianɔtoo yɛ nitsumɔhe ko lɛ shishi. Ani obaanyɛ otsɔɔ susumɔ lɛ kɛ sɛɛnamɔi ni yɔɔ he lɛ mli?
All pensioners should be given their money without fail,Ɛsɛ sɛ aban adwumayɛfoɔ a wɔwɔ ahomegyeɛ mu no nya wɔn sika wɔ berɛ nkuguo biara nni mu.
He used the money to add capital in his business.,Ɔde sika no de kapital kaa n’adwuma ho.
See you later.,Catch you later.
SolarCity intervenes in Tesla car charging stations and was bought by it,Solarcity naa kpekpeɖeŋu le Tedslaʋuwo dzodemeƒewo eye Tesla va ƒlee
How can I assist you today?,How may I help you today?
Over fifty taxis have been impounded for overloading.,Wɔagye lɔɔre (taksi) bɛboro aduonum asi hɔ wɔ amirikatuo pii nti.
People these days no longer use family planning.,Nnansa yi nkorɔfoɔ mfa awoɔ nhyehyɛeɛ nni dwuma bio.
"People contributed foodstuff, money to the government during the coronavirus pandemic.","Nkorɔfoɔ de aduane, sika boaa aban wɔ coronavirus ɔyaredɔm no mu."
I'm interested in learning more about the purchasing behavior of bottled water consumers in Ghana. Can you tell me more about a recent study on this topic?,Miyɛ he miishɛɛ akɛ makase bɔ ni mɛi ni heɔ nu ni akɛwoɔ tɔ mli yɛ Ghana lɛ feɔ amɛnii amɛhaa lɛ he nii babaoo. Ani obaanyɛ okɛɛ mi nikasemɔ ko ni afee nyɛsɛɛ nɛɛ yɛ saneyitso nɛɛ he lɛ he saji babaoo?
What is your name?,Quel est ton nom?
Many parents have opted to pay school fees using mobile money.,Awofoɔ pii apaw sɛ wɔde sika a egu elɛktrɔnik afidie so betua sukuu ka.
And you?,Et toi?
Good evening,Have a good evening
Our teachers are on a sit down strike over pay raise.,Yɛn akyerɛkyerɛfoɔ retena fie wɔ wɔn akatua mu toɔ ho.
Fish is highly perishable and needs proper preservation.,Mpataa tumi sɛe ntɛmntɛm na ehia sɛ wɔkora so yiye.
I'm interested in learning more about the relationship between materials handling practices and store performance in Ghana. Can you tell me more about this topic?,Miyɛ he miishɛɛ akɛ makase wekukpaa ni yɔɔ nibii ni akɛtsuɔ nii kɛ shwapo mli nitsumɔ teŋ yɛ Ghana lɛ he nii babaoo. Ani obaanyɛ okɛɛ mi enɛ he saji babaoo?
Good afternoon,Afternoon
Is this the final price?,Is this your last price?
Good afternoon,Afternoon.
Jim CollinsWe often hear about the importance of having a vision and the people who buy into that vision,ebe ele vevie be taɖodzinu nanɔ miasi kple ame siwo alɔ̃ ɖe esia dzi hã
I'm interested in learning about the impact of mobile money on the payment system in Ghana. Can you tell me more about this topic?,Miyɛ bɔ ni mobile money lɛ saa nyɔmɔwoo gbɛjianɔtoo ni yɔɔ Ghana lɛ he lɛ he miishɛɛ. Ani obaanyɛ okɛɛ mi enɛ he saji babaoo?
"In addition, the English championship no longer seems to be active on the market with a peak of activity occurring a few weeks ago.","ga wu la, ɛŋlisiawo megale dzodzom ɖe nuƒeƒle ŋu abe alesi wonɔ  va yi ene o"
I'm interested in learning more about the fish farming industry in Ghana. Can you tell me about the common challenges that fish farmers face in the area?,Miyɛ he miishɛɛ akɛ makase loo alɛɛ nitsumɔ yɛ Ghana lɛ he nii babaoo. Kɛɛmɔ mi naagbai ni maŋ lɛ mli lookwɛlɔi kɛkpeɔ lɛ he sane?
The money was meant to boast their businesses.,sika no wɔde baa sɛ ɛmmɛ boa wɔn nwuma.
I understand better why Christine always takes so long to prepare,mese egɔme azɔ nu si ta Christine wɔa ɣeyiɣi geɖe ŋudɔ hedzrana ɖo
How much does this cost?,Combien cela coûte-t-il ?
I'm trying to understand the concept of measurement error covariance in the context of the Kalman filter. Can you explain it in simple terms?,Miibɔ mɔdɛŋ ni manu paramita tɔmɔ ni tsakeɔ yɛ Kalman filta lɛ mli lɛ shishi. Ani obaanyɛ okɛ wiemɔi ni waaa atsɔɔ mli?
"On Friday afternoon, the body was collected at the Korhogo morgue followed by the requiem mass.",fiɖa ɣétrɔ nye ŋutilã kukua kɔkɔ le korhogo kple tsɔtsi wɔwɔ le emegbe
What is the significance of Accra being named the UNESCO World Book Capital for two thousand and twenty-three?,Mɛni ji shishinumɔ ni yɔɔ Accra ni atsɛɔ lɛ UNESCO Jeŋ Wolo Maŋtiase kɛha afii akpei enyɔ kɛ nyɔŋmai enyɔ kɛ etɛ lɛ he?
"What is the current state of the Ghana stock exchange, and how has it impacted the capital market?","Te Ghana shikatoohe lɛ shihilɛ yɔɔ amrɔ nɛɛ, ni te ena maŋtiase lɛ jarayelihe lɛ nɔ hewalɛ eha tɛŋŋ?"
"The usual greetings will be received in the church square,",Asinanakɔnuawo woayi edzi le agbadɔa mɔ nu
Where are you from?,Nɛgbɛ ojɛ?
"For a story of pride, brothers from the same religious brotherhood and the same family rejected one of their own,","ɖe dada ɖe ŋutinya ta la, habɔbɔ ɖeka kple ƒome ɖeka me nɔlawo gbe wo nɔovi ɖeka"
onsommer Local is found in markets not supermarkets!,ŋuɖoɖo sie menana ame siwo lɔ̃am lae nye esi
Thank you for coming.,Hope to see you again.
Chefs must put on aprons while cooking to get rid of some characters and avoid splashing dirty water on others.,Ɛsɛ sɛ aduannoafo hyɛ apron bere a wɔrenoa aduan no na ama wɔayi nnipa bi afi hɔ na wɔakwati sɛ wɔbɛpete nsu fĩ agu afoforo so.
What is the current price?,Nukae nye asi si woxena fifia?
I'm trying to understand the concept of Mixed Constraint Transportation Problems. Can you explain it to me?,Miibɔ mɔdɛŋ ni manu shishinumɔ ni ji gbɛfaa mli naagbai ni futuɔ amɛhe lɛ shishi. obaanyɛ otsɔɔ mi mli
I'm sorry.,I am sorry.
I don't understand.,Je ne comprends pas.
How much is this?,Eyi yɛ dodow ahe?
I'm interested in learning about the challenges associated with implementing Total Quality Management (TQM) in small towns' water supply systems. Can you give me an overview of the common challenges?,Miyɛ he miishɛɛ akɛ makase naagbai ni yɔɔ Total Quality Management (TQM) ni akɛtsuɔ nii yɛ maji bibii amli nu ni akɛhaa lɛ mli lɛ he nii. Ani obaanyɛ oha mi naagbai ni afɔɔ namɔ lɛ ahe sane kuku?
"I'm interested in learning more about the research methods used in a study about bank customer service quality in Techiman, Ghana. Can you tell me more about the sampling technique used in the study?","Miyɛ he miishɛɛ akɛ makase gbɛi ni atsɔɔ nɔ ataoɔ nii amli ni akɛkaseɔ shikatoohe ni mɛi ni heɔ nii yɛ mli lɛ tsuɔ nii jogbaŋŋ yɛ Techman, Ghana lɛ he nii babaoo. Ani obaanyɛ okɛɛ mi gbɛ ni atsɔɔ nɔ ahala mɛi yɛ nikasemɔ lɛ mli lɛ he saji babaoo?"
I discovered Scheena Donia during a competition she organized with Orange Money for African entrepreneurs.,menyae to Orange money hoʋiʋli aɖe si wowɔ na afrika dɔ;woƒeɖolawo la me
I'm trying to understand genetic algorithms and I came across a concept called 'crossover'. Can you explain what crossover is in the context of genetic algorithms?,Miitao manu Genetic Algorithm shishi ni mikɛ susumɔ ko ni atsɛɔ lɛ 'krosover' kpe. Ani obaanyɛ otsɔɔ nɔ ni crossover ji yɛ Genetic Algorithms lɛ mli?
"Can you tell me what happened in Kfar Aza on Saturday morning, the seventh of October in the year twenty twenty-three?","Kɛɛmɔ mi nɔ ni ba yɛ Kfar Aza Hɔgbaa leebi, October 7th, afii nyɔŋmai enyɔ kɛ etɛ?"
What happened to a mobile money operator in Ngleshie Amanfro on Tuesday night?,Mɛni ba mobile shika he nitsulɔ Ngalshi Amanfro nɔ Hɔgbaa gbɛkɛ?
Where are you from?,Which place are you from?
I don't speak the language well.,I don't speak it very well.
The amount of money received could not cover all the necessary costs.,Sika dodow a wonyae no antumi antua ɛka a ɛho hia nyinaa
How much per basket?,Combien par panier ?
How much does this cost?,Can I know the cost?
Good to see you again.,Glad you're back.
I've been reading about disaster management in Ghana. Can you tell me about the effectiveness of fire risk communication in the central market of Kumasi?,Mikane bɔ ni atsuɔ osharai ahe nii yɛ Ghana lɛ he nii. Ani obaanyɛ okɛɛ mi bɔ ni la he sanegbaa ni yɔɔ Kumasi Central Market lɛ tsuɔ nii jogbaŋŋ ehaa lɛ he sane?
I came across a research article about the relationship between oil price and business cycle in Ghana. Can you tell me more about the data used in the study?,Miyana niiamlitaomɔ wolo ko ni kɔɔ wekukpaa ni kã mu jara kɛ jarayeli shihilɛ teŋ yɛ Ghana lɛ he. Ani obaanyɛ okɛɛ mi saji babaoo ni kɔɔ saji ni akɛtsu nii yɛ nikasemɔ lɛ mli lɛ he?
The organization won't have enough revenue to pay all employee at once.,adwumakuo no rennya sika a ɛdɔɔso a ɛbɛma wɔatua adwumayɛfo nyinaa ka prɛko pɛ.
Please help me.,"Please, help me out."
Receipts are evidence that a payment has been made.,nkrataa a wɔde gye sika yɛ adanse a ɛkyerɛ sɛ wɔatua sika bi.
What's the process for determining the physicochemical properties of tomato cultivars?,Mɛni ji gbɛ ni atsɔɔ nɔ aleɔ bɔ ni tomato henɔi lɛ yɔɔ ha lɛ?
What's your best price?,Give me your best offer.
It is said that we are never ready to welcome a child,wogblɔa be wome dzrana ɖo ɖi na vitɔ́nyenye o
Good to see you again.,It's great to have you back.
How can I assist you today?,What can I assist you with today?
"She saw my name and googled me,",ekpɔ ŋkɔ nye eye wodim to google di
Do you have a price list?,Ðe asixɔxɔ ƒe xexlẽdzesi aɖe le asiwòa?
I heard that there might be a food shortage in Ghana. Is this true?,Minu akɛ ekolɛ niyenii faaa yɛ Ghana. Ani enɛ ji anɔkwale?
You are the family members of Madame Kouassi Amoin Alice Sephora,miawoe nye aƒenɔ Kouassi Amoin Alice Sephora ƒometɔa
Fishermen complained about the water hyacinth on the lake.,Afarefoɔ no nwiinwii sɛ nsu mu nhwiren wɔ ɔtare no mu.
People are getting water at the same place where animals feed.,Nkorɔfoɔ renya nsuo wɔ beaeɛ korɔ no ara mmoa didi hɔ no.
Doctors in public hospitals are not well paid and there is no medicine in public hospitals.,Nnuruyɛfo a wɔwɔ ɔman ayaresabea ahorow no nnya akatua pa na aduru biara nni ɔman ayaresabea ahorow mu.
I just read that NGIS Money Market Fund posted strong financials in two thousand and twenty-four point  wattshat was the main reason for the slight dip in gross investment income?,Mikane akɛ NGIS Money Market Fund lɛ tsɔɔ shika helɛtemɔ ni mli wa yɛ yibɔi akpei enyɔ kɛ nyɔŋmai enyɔ kɛ ejwɛ mli Mɛni ji yiŋtoo titri ni ha shika ni akɛwoɔ nitsumɔ mli lɛ fɛɛ ba shi fioo lɛ?
Safe travels.,Voyages en toute sécurité.
What is the current price?,What price are you charging now?
Many innovators are now focusing on creating cheaper testing alternatives.,Mprempren nnipa pii a wɔyɛ nneɛma foforɔ de wɔn adwene asi so sɛ wɔbɛyɛ akwan foforɔ a wɔfa so sɔ nneɛma hwɛ a ne bo nyɛ den.
What happened to the driver who allegedly stole his former boss' cash?,Mɛni ba tsɔne kudɔlɔ ni akɛɛ eju amɛtsutsu nitsumɔtsɛ lɛ shika lɛ nɔ?
Can I know the price first?,May I know the price before buying?
The school set a time for morning prep hours.,Sukuu no de bere bi sii hɔ maa anɔpa ahosiesie nnɔnhwerew.
I'm interested in learning more about family planning in Ghana. What are some key elements of fertility stages in the country?,Miyɛ he miishɛɛ akɛ makase weku gbɛjianɔtoo he nii babaoo yɛ Ghana. Mɛni ji nibii titrii komɛi ni haa fɔmɔ yaa hiɛ yɛ maŋ lɛ mli?
What were the results of the study on the overall cost of labour turnover to Public Technical Universities in Ghana?,Mɛni ji nɔ ni jɛ nikasemɔ ni kɔɔ nitsumɔ ni akɛyaa maŋ ŋaa nitsumɔ he univɛsitii ni yɔɔ Ghana lɛ fɛɛ he lɛ mli ba?
What's the cost of all these?,How much do I pay altogether?
I recently came across a study about customer retention techniques in the Ghanaian insurance industry. Can you tell me more about the research?,Etsɛko tsɔ ni mikɛ nikasemɔ ko ni kɔɔ gbɛi ni atsɔɔ nɔ ahiɛɔ mɛi ni heɔ nii lɛ amli yɛ inshuɔrans nitsumɔhe ni yɔɔ Ghana lɛ he lɛ kpe. Ani obaanyɛ okɛɛ mi nikasemɔ lɛ he saji babaoo?
Welcome,You are welcome here
Good afternoon,Hope you're having a good afternoon.
I read that Ghana spent money at the AFCON two thousand and twenty-three. Can you tell me how much was spent?,Mikane akɛ Ghana ye akpei enyɔ kɛ nyɔŋmai enyɔ kɛ etɛ yɛ AFCON mli. Ani obaanyɛ okɛɛ mi shika enyiɛ ejara?
What is the current price?,Quel est le prix actuel ?
The taxi driver is blamed for over speeding causing a tyre burst hence the accident .The dead and injured people had not yet been identified by press time.,Wɔbɔɔ taski drɔba no soboɔ sɛ wɔkɔɔ amirika mmorɔsoɔ maa tae no paeɛ a akwanhyia no siiɛ. Nnipa a wɔawu na wɔapra no nkorɔfodɔm no nya nhunuu wɔn.
"Some youths fail to get jobs after graduation, but he has injected more money into his businesses in the area to help women increase household income.","Mmabunu binom ntumi nnya nnwuma bere a wɔawie sukuu no, nanso ɔde sika pii ahyɛ n’adwumayɛbea ahodoɔ a ɛwɔ mpɔtam hɔ no mu de aboa mmea ma afie mu sika akɔ soro."
Aristide's wife was informed by the Director of the Hotel in person of the death of her husband,Amedzrodzeƒedzikpɔla ŋutɔe aristide ƒe kunya la na srɔ̃a
I am a trader.,Je suis commerçant.
I'm trying to understand the concept of stakeholder theories in the context of Ghanaian research. Can you explain the main idea behind stakeholder theory?,Miibɔ mɔdɛŋ ni manu shishinumɔ ni kɔɔ mɛi ni yɔɔ hegbɛ lɛ ahe yɛ Ghana niiamlitaomɔ mli lɛ shishi. Ani obaanyɛ otsɔɔ susumɔ titri ni yɔɔ stakeholder theory lɛ sɛɛ?
What is the name of the Ghanaian-owned music label that has entered a partnership deal with Ubuntu Enterprises LLC?,Mɛni ji gbɛi ni akɛtsɛɔ lalai ahe nitsumɔhe ni Ghanabii yɔɔ ni kɛ Ubuntu Enterprises LLC fee ekomefeemɔ he kpaŋmɔ lɛ?
Programs that provide access for women to better markets should be started.,ɛsɛ sɛ wofi nhyehyɛe ahorow a ɛma mmea nya kwan kɔ gua pa so ase.
I'm interested in understanding how consumers' behavior towards food safety is influenced by their demographic dimensions. Can you explain this concept?,Miyɛ he miishɛɛ akɛ manu bɔ ni amɛ gbɔmɛi ayibɔ ni amɛyɔɔ lɛ náa mɛi ni yeɔ niyenii lɛ anɔ hewalɛ amɛhaa lɛ shishi. Ani obaanyɛ otsɔɔ susumɔ nɛɛ mli?
"In commercial agriculture, farmers sell their produce to get money.","Wɔ aguadi kuayɛ mu no, akuafo tɔn wɔn nnɔbae de nya sika."
See you later.,À plus tard.
"Sometimes success and money can cause him to lose sight of what's most important,","gaɖewome, ho kple  ŋugɔ yiyi ateŋu na miabu nusi le vevie"
Do you have a price list?,So wowɔ bo a wɔakyerɛw?
"Thanks again to the CIE, Jeunesse Créa, Team 2A-D, and all those people who support me without expecting anything in return,","medakpe na  CIE, Jeunesse Créa, Team 2A-D kple amesiwo katã kpeɖe ŋunye megbe makpɔmakpɔ tɔe"
The family cannot do anything more because they are financially down.,Abusua no rentumi biribiara bio ɛfiri sɛ wɔnni sika bio
Good to see you again.,Welcome back again.
"I told him that he was a brother to me, my best friend, that nothing could happen between us beyond friendship","megblɔ nae be fofo wonye nam, xɔ̃nye eye naneke mate ŋu adzɔ le mia dome ŋu xɔ̃ o"
I'm trying to understand the concept of motivation in the public sector. Can you explain it to me?,Miibɔ mɔdɛŋ ni manu shishinumɔ ni ji kanyamɔ ​​ni yɔɔ maŋ nitsumɔhe lɛ shishi. obaanyɛ otsɔɔ mi mli
Please help me.,"I need your help, please."
People were educated and they understood the importance of screening and testing.,Wɔkyerɛkyerɛɛ nkorɔfoɔ na wɔtee hia a ɛho hia sɛ wɔyɛ nhwehwɛmu na yɛsɔ wɔn hwɛ ase.
How can I assist you today?,How may I serve you today?
"He kept saying how much he missed my food, how poorly he ate since I left, and other nonsense like that.",ebe nye nuɖuɖu dzo ye eye yemegaɖu nu nyuie alea kpɔ tso esime medzo o kple lãnya bubuwo
The newly constructed bridge is swept away by running water.,Nsu a ɛsen fa abɔntenban a wɔasi foforo no so.
What's the cost of all these?,What's the total price?
What are the key factors to consider when choosing a site for a water treatment plant in a community like Obuasi?,Mɛni ji nibii titrii ni esa akɛ asusu he kɛ́ oohala he ko ni abaama nu he nitsumɔhe ko yɛ akutso ko tamɔ Obuasi mli?
I'm interested in learning more about the research on rice crop science in Ghana. Can you tell me more about the types of soil used in the study?,Miyɛ he miishɛɛ akɛ makase ŋmãa ŋmɔshi nibii ahe niiamlitaomɔ babaoo yɛ Ghana. Ani obaanyɛ okɛɛ mi shikpɔŋ henɔi ni akɛtsu nii yɛ nikasemɔ lɛ mli lɛ ahe saji babaoo?
The truck was stolen as soon as it was bought.,Wowiaa lɔre no bere a wɔtɔɔ no ara pɛ.
I'm interested in learning about the production of fresh fruit juices in Ghana. What are some common fruits used for processing in Ghana?,Miyɛ aduawai amli nu heei ni afeɔ yɛ Ghana lɛ he miishɛɛ. Mɛni ji aduawai komɛi ni afɔɔ dumɔ yɛ Ghana?
There was an increase in prices of basic food Staples during the lockdown.,Nnuane ho nneɛma binom boɔ bubɔɔ ho wɔ mmerɛ a na wɔmma kwan mma nnipa mpue abɔntene no mu.
What's the price of this item?,Nukae nye nu sia ƒe asi?
I'm interested in learning more about the tourism industry in Ghana. Can you tell me about the factors that influence tourists' satisfaction with hotel services?,Miyɛ he miishɛɛ akɛ makase shisharamɔ nitsumɔ ni yɔɔ Ghana lɛ he nii babaoo. Ani obaanyɛ okɛɛ mi nibii ni saa bɔ ni shisharalɔi lɛ tsui nyɔɔ amɛmli yɛ hotɛl nitsumɔi ahe lɛ he?
I really appreciate it.,That means a lot to me.
I'm curious about the rice industry in Ghana. How has the demand for rice changed over the years in the country?,Miitao male omɔ nitsumɔ ni yɔɔ Ghana lɛ he nii. Te bɔ ni ataoɔ ŋmãa lɛ etsake yɛ maŋ lɛ mli yɛ afii ni eho lɛ amli eha tɛŋŋ?
Can I know the price first?,Can you tell me the price first?
How are you?,How are things?
I'm interested in learning more about the loan repayment process in Ghanaian banks. Can you explain the importance of cash flows in determining a borrower's ability to repay a loan?,Miyɛ he miishɛɛ akɛ male bɔ ni awoɔ nyɔmɔ yɛ Ghana shikatoohei lɛ ahe nii babaoo. Ani obaanyɛ otsɔɔ bɔ ni shika ni hoɔ lɛ he hiaa ha yɛ nyɛmɔ ni mɔ ni heɔ shika lɛ yɔɔ ni ekɛwoɔ shika ni efa lɛ mli lɛ mli?
I heard that there have been some water meter thefts in Ghana. Can you tell me more about what's been happening?,Minu akɛ aju nu mitai komɛi yɛ Ghana. Ani obaanyɛ okɛɛ mi nɔ ni ba lɛ he saji babaoo?
How much would everything cost?,Combien coûterait tout cela ?
Not too bad.,Not bad at all.
The hospital keeps the medicine in the medical stores.,Ayaresabea no kora nnuro no wɔ ɛdan a wɔkora nnuro wɔ mu no mu.
Good afternoon,A very good afternoon
Some people use these animals for bride price.,Nnipa binom de saa mmoa yi di dwuma de gye ayeforo bo.
I heard that some customers of Gold Coast Fund Management are planning to stage a protest. What's the reason behind this protest?,Mi nu akɛ Gold Coast Fund Management lɛ mli mɛi komɛi miifee gbɛjianɔ koni amɛtsi amɛhe kɛjɛ he ni amɛyɔɔ lɛ he. What is the reason behind this objection?
What are some of the physical stressors that affect workers in the fish processing industry in Ghana?,Mɛni ji gbɔmɔtsoŋ haomɔi komɛi ni saa nitsulɔi ni tsuɔ nii yɛ loofeemɔ nitsumɔhe ni yɔɔ Ghana lɛ ahe?
How old are you?,Quel âge as-tu?
The government needs to increase on the funds allocated to the water sector.,Ɛsɛ sɛ aban no de sika a watwa ama asoeɛ a ɛhwɛ nsuo ho nsɛm so no bi ka ho
"We talk with motorcycle taxi drivers,",miele dze ɖom kple zémidjan kulawo
Do you have a price list?,Do you have prices for your products?
"I am fine, thank you.",I'm well thank you.
What's the main message in the 'Message from the Morning Man: Sharp' article published on the twenty-seventh of May in the year twenty twenty-one?,mii
See you later.,Akyire yɛbɛhyia.
How can I assist you today?,How may I assist you today?
I've heard that sweet potatoes are difficult to store in tropical regions. What makes them so hard to store?,Minu akɛ ewa akɛ abaato sweet potato yɛ hei ni kɔɔyɔɔ mli edɔ waa lɛ. Mɛni haa ewaa akɛ abaato amɛ?
What happened to the Ghana Water Company Limited in the Ashanti Region?,Mɛni ba Ghana Nu Nitsumɔhe ni yɔɔ Ashanti kpokpaa lɛ nɔ lɛ nɔ?
Good afternoon,"Good afternoon, nice to see you."
And you?,Kple wò?
Can I help you find something?,Ani manyɛ maye mabua ni ona nɔ ko lo?
Having a family whose members practice different religions has taught me a lot about respecting choices,esi metso ƒome si mee amewo le xɔse vovovo me la na be medea bubu amewo tsatsiã ŋ:ue
"I've seen some pictures of damaged spark plugs on social media, and people are blaming the petrol they bought from pumps in Ghana. Is this true?",Mi na kanei ni ekumɔ lɛ ahe mfonirii yɛ social media nɔ ni mɛi kɛ fɔ fɔɔ pɛtrol ni amɛheɔ kɛjɛɔ pɔmpii ni yɔɔ Ghana lɛ amli lɛ nɔ. Ani enɛ ji anɔkwale?
Have a seat.,Asseyez-vous.
My name is Kofi.,Nye ŋkɔe nye Kofi.
My name is Kofi.,I am called Kofi.
What is the current price?,Mɛni ji jara ni yɔɔ amrɔ nɛɛ?
Kadio-Morokro to pay when he could,aƒetɔ kadio na xe fea ne ekpɔ ga ko
I'm sorry.,Kafra.
I heard that mobile money transactions in Ghana have seen significant growth. What were the total mobile money transactions in two thousand and twenty-four?,Minu akɛ shika ni akɛtsuɔ nii yɛ mobile money nɔ yɛ Ghana lɛ etee hiɛ waa. Shika ni akɛyaa mobile nɔ lɛ jara ji enyiɛ yɛ afi 2024 mli?
"I could settle for working, having money, reading, eating and traveling as much as possible,","madzro ko be mawɔ dɔ, akpɔ hotsui, axlẽ nu, aɖunu eye mazɔ̃ mɔ alesi medi"
"The land supports cultivation of crops such as maize, rice, guinea corn, yam, millet, sweet potato, soybean, groundnut, Bambara beans, cassava, watermelon, and many others.","Nneɛma a wɔbɛtumi adua no asase no so no binom ne aburoo, ɛmo, bayerɛ. atokoɔ, aborɔdwomaa, nkatea, adua. akyee, bankye, anamuna, ne deɛ ɛkeka ho."
"What happened to the family of George Mireku Duker, the Tarkwa-Nsuaem MP, on Saturday, October ten?","Mɛni ba George Mireku Duker, ni ji Tarqua-Nsuwem maŋ onukpa lɛ weku lɛ nɔ yɛ Hɔgbaa, Otukwajaŋ 10?"
The accident happened on Thursday morning a few kilometers from Underbridge bridge on the Motorway.,Akwanhyia no sii Dwoda anɔpa wɔ kilomita kakraa bi fi Underbridge bridge a ɛwɔ Motorway no so.
What are some key traits that plant breeders look for when improving tomato crop species?,Mɛni ji sui titrii komɛi ni mɛi ni kwɛɔ aduawai anɔ lɛ taoɔ beni amɛkwɛɔ tomato ŋmɔshi nibii lɛ?
What were the main findings of the study on tomato genotypes in Ghana?,Mɛni ji nibii titrii ni ana yɛ nikasemɔ ni kɔɔ tomato genotypes he yɛ Ghana lɛ mli?
The price of charcoal keeps on changing every year.,Fango bo kɔ so sakra afe biara.
Good morning,Morning
A friend in need is a friend indeed.,Adamfoɔ wɔ ohia berɛ mu yɛ adamfo papa ampa.
"What is the importance of water in human life, and why is access to it a fundamental human right?",Mɛni ji bɔ ni nu he hiaa yɛ adesa shihilɛ mli? Mɛni hewɔ nu ni anáa lɛ ji adesai ahegbɛ titri lɛ?
Please come in.,Feel free to come in.
Can you explain the difference between distributive and integrative negotiation methods? I'd like to understand the key characteristics of each.,Ani obaanyɛ otsɔɔ srɔtofeemɔ ni yɔɔ sanegbaa gbɛi ni ajaa kɛ gbɛi ni akɛwoɔ ekomefeemɔ mli lɛ ateŋ? Miisumɔ ni manu nibii titrii ni yɔɔ eko fɛɛ eko mli lɛ shishi.
I'm interested in learning about the relationship between market orientation and firm performance in Ghana. Can you tell me about any studies that have been conducted on this topic?,Miyɛ wekukpaa ni yɔɔ jarayeli he gbɛjianɔtoo kɛ nitsumɔ ni yɔɔ shiŋŋ yɛ Ghana lɛ teŋ lɛ he miishɛɛ. Ani obaanyɛ okɛɛ mi niiamlitaomɔ ni afee yɛ saneyitso nɛɛ he lɛ he sane?
Government injects money in schemes to transform the nation into a middle-income state.,Aban no de sika akɔhyɛ nhyehyɛe ahorow mu sɛ wɔbɛdan ɔman no ayɛ ɔman a sika a wonya fi mu dɔɔso.
I heard that the Ghana Police Service has a special all-female unit named after Asantehene Otumfuo Osei Tutu II. What's the name of this unit?,Minu akɛ Ghana Polisifoi anitsumɔhe lɛ yɛ yei akuu krɛdɛɛ ko ni akɛ Asantehene Otumfuo Osei Tutu II gbɛi wo mli. Mɛni ji klas nɛɛ gbɛi?
"On that road, there is a gang of boys who snatch people's bags.","Wɔ saa kwan no so no, mmarimaa kuw bi wɔ hɔ a wogye nkurɔfo baagɛ."
Reusable pads are cheaper compared to other sanitary pads.,Pads a wotumi de di dwuma bio no bo yɛ mmerɛw sɛ wɔde toto sanitary pads afoforo ho a.
You're welcome here.,We're happy to have you here.
"The chief administrative officer berieves there is a lot of money not accounted for , and so he decides to keep the figure confidential.","The chief administrative officer berieves there is a lot of money not accounted for , na enti osi gyinae sɛ ɔbɛma akontaabu no ayɛ kokoamsɛm."
You're welcome here.,Woama wo akwaaba wɔ ha.
Some youths participate in sports betting expecting to win big money.,Mmabunu binom de wɔn ho hyɛ agumadi mu kyakyatow mu a wɔhwɛ kwan sɛ wobenya sika kɛse.
The process will benefit farmers because food crops have got a ready market.,Nhyehyɛeɛ no bɛboa akuafoɔ ɛfiri sɛ aduane nnuaba wɔ mprɛnprɛn dwa.
Politicians are still donating food to members of their constituencies during the lockdown.,amammuifoɔ da so ara de aduane rema wɔn amansin mufoɔ wɔ lockdown no mu
The church has helped people understand the values of Christians faith.,Asɔre no aboa nkurɔfo ma wɔate Kristofo gyidi gyinapɛn ahorow ase.
I heard that the Ghanaian government has committed a significant amount of money to its Agriculture for Economic Transformation Agenda. Can you tell me more about it?,Mi nu akɛ Ghana nɔyeli lɛ kɛ shika babaoo ewo ekwaayeli shika helɛtemɔ tsakemɔ he gbɛjianɔtoo lɛ mli. Ani obaanyɛ okɛɛ mi ehe saji babaoo?
Kidnapped people go missing from their families and friends,Nnipa a wɔkyere wɔn sie no yera fi wɔn mmusua ne wɔn nnamfo nkyɛn.
I've been reading about a research study on the cost benefits of delayed payment to clients in Ghana. Can you tell me more about the study's objectives and what it aimed to explore?,Mikane niiamlitaomɔ ko ni kɔɔ sɛɛnamɔi ni yɔɔ nyɔmɔwoo ni sɛɛ tsɛɔ he kɛha mɛi ni heɔ nii yɛ Ghana lɛ he. Ani obaanyɛ okɛɛ mi otii ni yɔɔ nikasemɔ lɛ hiɛ kɛ nɔ ni ekɛmamɔ ehiɛ akɛ ebaapɛi mli lɛ he saji babaoo?
I heard that the VAT Service in Ghana has come up with a new method to encourage retailers in the informal sector to pay VAT. Can you tell me more about it?,Minu akɛ Value Added Tax Service ni yɔɔ Ghana lɛ kɛ gbɛ hee ko eba ni amɛkɛbaawo jarayelɔi ni yɔɔ nitsumɔhei ni bɛ gbɛjianɔtoo mli lɛ hewalɛ koni amɛwo VAT. Ani obaanyɛ okɛɛ mi ehe saji babaoo?
Please come in.,You can come in
Which one costs less?,Which is more affordable?
I am a little tired today.,Je suis un peu fatigué aujourd'hui.
I heard Airtel is leaving Ghana's telecom market. Is that true?,Mi nu akɛ Airtel miijie ehe kɛmiijɛ Ghana tɛlikom jarayeli lɛ mli. lɛ ji anɔkwale?
I have to get something better at all costs,makpɔ dɔ nyui bubu godoo
My tenants have failed to pay their rent.,Wɔn a wɔagye me dan no antumi antua wɔn dan ka.
How much are you selling this for?,How much do you want for this?
I'd like to know more about the credit management practices of Adansi Rural Bank Ltd in Ghana. Can you tell me about the target customers for their credit disbursement?,Miisumɔ ni male bɔ ni Adansi Rural Bank Limited ni yɔɔ Ghana lɛ tsuɔ shika he nii ehaa lɛ he saji babaoo. Ani obaanyɛ okɛɛ mi mɛi ni okɛ amɛ woɔ shika ni okɛwoɔ shikatoohe lɛ mli lɛ ahe sane?
I came across a research article about the household cost of diabetes mellitus in Ghana. Can you tell me more about the study and its objectives?,Miyana niiamlitaomɔ wolo ko ni kɔɔ weku shika ni yeɔ sikli hela he yɛ Ghana lɛ he. Ani obaanyɛ okɛɛ mi nikasemɔ lɛ kɛ otii ni yɔɔ mli lɛ ahe saji babaoo?
What is the current price?,What's the current selling price?
I planted water meron seeds in my garden.,Miduaa wɔtamelɔ aba wɔ me turo mu.
I'm interested in learning about weaning foods in Ghana. What are some strategies used to improve their nutritional value?,Miyɛ he miishɛɛ akɛ male niyenii ni ashɛrɛɔ ashwieɔ shi yɛ Ghana lɛ he sane. Mɛɛ gbɛi akɛtsuɔ nii koni akɛha amɛ niyenii mli hewalɛ aya hiɛ?
"We also learned how to produce a magazine thanks to an issue of Planète Okapi,",mesrɔ̃ alesi hã alesi hã miawɔ nya dzɔdzɔ gbãlɛ to Planète Okapi ƒe agbãlɛ aɖe dzi
I've heard that ATMs were invented by a man named Shepherd-Barron. Can you tell me more about him and how he came up with the idea?,Minu akɛ nuu ko ni atsɛɔ lɛ Shepherd-Barron lɛ ji mɔ ni fee ATM lɛ. Ani obaanyɛ okɛɛ mi ehe saji babaoo kɛ bɔ ni fee ni oná susumɔ lɛ?
Please help me.,"Mesrɛ mo, mommoa me."
What's happening with the food arrangements for frontline workers at the University of Ghana Medical Centre Intensive Care Unit?,Mɛni miiya nɔ yɛ niyenii ni asaa he ahaa nitsulɔi ni yɔɔ hiɛ yɛ helatsamɔhe ni akwɛɔ helatsɛmɛi ni hela mɔ amɛ yɛ University of Ghana Tsofafeemɔ He lɛ mli lɛ he?
What's your best price?,Can you reduce it a little?
Please.,If you please.
Some youths do not understand the importance of Education.,Mmabunu binom nte hia a Nhomasua ho hia no ase.
"All seed needs water, oxygen, and warmth to grow.","Aba nyinaa hia nsu, mframa pa, ne ɔhyew na ama anyin."
"What is the current water situation in Tamale, Ghana?","Te nu he shihilɛ yɔɔ ha tɛŋŋ yɛ Tamale, Ghana?"
People should preserve fish and get modern ways of displaying it to customers.,Ɛsɛ sɛ nkorɔfoɔ kora mpataa so na wɔnya nnɛyi akwan a wɔfa so de kyerɛ adetɔfoɔ.
Farmers have acquired an interest in rice growing.,Akuafo ani abegye ɛmo a wodua no ho.
What is the main finding of the research article regarding the impact of outsourcing on a firm's cost-efficiency and productivity?,Mɛni ji nɔ titri ni niiamlitaomɔ wolo lɛ na yɛ bɔ ni nitsumɔ ni akɛwoɔ mɛi krokomɛi adɛŋ lɛ saa gbɛjianɔtoo lɛ shika helɛtemɔ kɛ nitsumɔ he lɛ he?
What happened at Kejetia Market in Kumasi on the twenty-ninth of March in the year twenty twenty-one?,Mɛni ba yɛ Kejetia Jarayelihe ni yɔɔ Kumasi lɛ yɛ March nyɔŋmai enyɔ kɛ nɛɛhu lɛ nɔ afii nyɔŋmai enyɔ kɛ ekome?
What factors determine the quality of fresh citrus fruits during harvesting?,Mɛɛ nibii tsɔɔ bɔ ni citrus yibii heei lɛ hi ha yɛ kpamɔ be mli?
Hi,Hi
I've been trying to understand how ICT can help students learn economics. Can you explain how it fosters learner autonomy?,Miibɔ mɔdɛŋ ni manu bɔ ni ICT baanyɛ aye abua nikaselɔi ni amɛkase shika helɛtemɔ he nii lɛ shishi. Ani obaanyɛ otsɔɔ bɔ ni ehaa nikaselɔi lɛ yeɔ amɛhe nɔ amɛhaa lɛ mli?
Hello,Good to see you.
Foxes and leopards belong to the cat family.,Sakraman ne etwie nyinaa ka agyinamoa  abusua no ho
"Could you repeat that, please?","Mesrɛ wo, so wubetumi atĩ saa asɛm no mu?"
Businessmen pay a lot of taxes to the government.,Aguadifoɔ tua toɔ pii ma aban no.
I've been reading about the effects of phosphates on water quality. Can you explain how phosphates end up in water?,Mikane bɔ ni fosfat lɛ tsuɔ nii ehaa yɛ nu mli lɛ he sane. Ani obaanyɛ otsɔɔ bɔ ni fosfat lɛ baa naagbee yɛ nu mli lɛ mli?
I heard that Nana Konadu Agyeman-Rawlings paid tribute to some victims of a helicopter crash. Can you tell me more about this?,Minu akɛ Nana Konadu Agyeman-Rawlings wo mɛi komɛi ni gboi yɛ helikɔpta lɛ gbee shi lɛ ahiɛ nyam. Ani obaanyɛ okɛɛ mi enɛ he saji babaoo?
I'm interested in learning more about the pricing strategies used by Ghanaian football clubs. Can you tell me about the strategies they use to sell players?,Miyɛ he miishɛɛ akɛ makase gbɛi ni Ghana bɔɔlutswaa kui kɛtsuɔ nii kɛwoɔ jara lɛ he nii babaoo. Kɛɛmɔ mi ŋaa ni okɛtsuɔ nii kɛhɔ̃ɔ shwɛlɔi lɛ he sane?
Who was named 'Male Personality of the Year' at the Ghana Executive Awards two thousand and twenty-five?,Akɛ ‘Afi lɛ Nuu’ lɛ ha lɛ yɛ Ghana Nɔyeli Kuu lɛ Awards 2025 lɛ mli?
Good to see you again.,Nice to see you back
I am doing well.,I am well.
Is this expensive?,Does this cost a lot?
Thank you.,Thank you so much.
What is the latest development in the Ghanaian automotive market?,Mɛni ji nɔ ni eba ehee yɛ Ghana tsɔnei ahe jarayeli mli?
I just read that the Ghanaian government needs a significant amount of money for external debt service in two thousand and twenty-four. Can you tell me more about this?,Mikane akɛ shika babaoo he miihia Ghana nɔyeli lɛ koni ekɛtsu maŋsɛɛ nyɔmɔ ni ewo lɛ he nii yɛ afi akpei enyɔ kɛ nyɔŋmai enyɔ kɛ ejwɛ mli. Ani obaanyɛ okɛɛ mi enɛ he saji babaoo?
I bought those shoes at six thousand Ghanaiancedis.,Metɔɔ saa mpaboa no wɔ Ghana cedi no mpem nsia.
"The princess donated soap, clothes and food to the orphans.","Ɔhemmaa no de samina, ntade ne aduan maa nyisaa no."
"The predominant fauna or food rich wildlife and animal species encountered in the Ashanti Empire were the hen, sheep, goat, duck, turkey, rabbit, guinea fowl, fish, and the porcupine.","Mmoa anaa wuram mmoa ne mmoa ahodoɔ a wɔhyiaa wɔn wɔ Asante Ahennie no mu titire ne akokɔ, odwan, apɔnkye, dabodabo, kurokuro, adanko, guinea nnomaa, mpataa, ne kɔtɔkɔ."
Can I know the price first?,Ani manyɛ male jara lɛ klɛŋklɛŋ?
Nice to meet you.,It's nice to meet you.
I'm interested in learning more about the challenges of preserving fruits and vegetables in Ghana. Can you tell me about the methods used to prevent deterioration?,Miyɛ he miishɛɛ akɛ makase naagbai ni yɔɔ aduawai kɛ aduawai ni akɛtoɔ he yɛ Ghana lɛ ahe nii babaoo. Ani obaanyɛ okɛɛ mi gbɛi ni otsɔɔ nɔ otsiɔ nibii ni fiteɔ lɛ anaa?
The numbers of coronavirus disease have continued to increase slowly.,Coronavirus yareɛ dodoɔ akɔ so akɔ soro nkakrankakra.
I hated it just as much when he tried to get family news,evenam ne ele ƒomea ta biam se
Good to see you again.,Good seeing you again
"The Kpone Katamanso District officials will hold a meeting to discuss people's challenges, including the pressing issue of Ashaiman market lacking a public toilet.","Kpone Katamanso Mantam mu mpanyimfo bɛyɛ nhyiam bi de asusuw nkurɔfo nsɛnnennen ho, a asɛm a ɛho hia a ɛfa Ashaiman gua a enni ɔmanfo tiafi ho ka ho."
"What's the importance of customer retention for businesses in Ghana, according to a recent article?","Yɛ sane ko ni aŋma nyɛsɛɛ nɛɛ mli lɛ, Mɛni He Hiaa yɛ Nihɔɔlɔi Ahiɛ Kɛha Nitsumɔhei ni yɔɔ Ghana lɛ?"
What's the cost of all these?,How much for everything here?
How much are you selling this for?,What will you take for this?
I really appreciate it.,I truly appreciate that.
Can you tell me the price?,May I know the price?
How safe is the meat we buy from butcheries?,Nam a yɛtɔ fi mmeae a wokum nam no yɛ nea asiane biara nni ho dɛn?
I've been reading about the National Health Insurance Scheme (NHIS) in Ghana. Can you tell me more about how much people typically pay aside from their health insurance membership?,Mikaneɔ maŋ hewalɛnamɔ he inshɔransi gbɛjianɔtoo (NHIS) ni yɔɔ Ghana lɛ he sane. Ani obaanyɛ okɛɛ mi babaoo yɛ shika ni mɛi woɔ yɛ amɛ helatsamɔ he inshuɔrans mli bii lɛ asɛɛ lɛ he?
All school payments are to be postponed until end of the tragedy.,Ɛsɛ sɛ wɔtwe sukuu ka nyinaa kɔsi sɛ awerɛhosɛm no bɛba awiei.
Can you tell me the price?,Can you give me the price?
Some residents of our community earn money from selling stones.,Wɔn a wɔte yɛn mpɔtam hɔ no bi nya sika fi abo a wɔtɔn mu.
"What's the significance of rice in Ghana, and how does it impact the country's food policy?","Mɛni ji omɔ he hiamɔ yɛ Ghana, ni te enaa maŋ lɛ niyenii he mla lɛ nɔ hewalɛ ehaa tɛŋŋ?"
The food distributed was less than the number of people to receive it.,Na aduane a wɔrekyekyɛ no sua kyɛn nnipa a ɛsɛ sɛ wɔn nsa ka bi no.
I heard that the Dome market women in Accra are experiencing some health issues. What's causing their health problems?,Mi nu akɛ yei ni yɔɔ Dom Market ni yɔɔ Accra lɛ kɛ helai komɛi miikpe. Mɛni kɛ amɛgbɔmɔtsoŋ naagbai lɛ baa?
"And speaking of men, I finally see mine getting out of his taxi",ke mekpɔ srɔ̃nye wole dodom le tagzi me
What's the price of this item?,Can you tell me what this item costs?
Pending payments will be worked on the coming month.,Wɔbɛyɛ akatua a ɛda hɔ no ho adwuma bosome a ɛreba no mu.
I read that Heath Goldfields Ltd paid a significant amount to settle salary arrears. Can you tell me more about this?,Mikane akɛ Heath Goldfields Ltd ewo shika babaoo koni ekɛwo nyɔmɔwoo ni eshwɛ lɛ he nyɔmɔ. Ani obaanyɛ okɛɛ mi enɛ he saji babaoo?
What did Finance Minister Dr. Cassiel Ato Forson say about borrowing from the international capital market?,"Mɛni Shika He Saji Ahe Nɔkwɛlɔ, Dr. Cassiel Ato Forson kɛɛ yɛ shika ni akɛfaa kɛjɛɔ majimaji ateŋ shikatoohe lɛ?"
"You can buy “Vaudace” in electronic version on Kusoma,",miateŋu ƒlẽ «Vaudace» le Kusoma dzi
I'm interested in learning more about sub-national governments in Ghana. How do they determine the cost of their developmental projects?,Miyɛ he miishɛɛ akɛ makase maji bibii anɔyelii ni yɔɔ Ghana lɛ ahe nii babaoo. Te amɛfeɔ tɛŋŋ amɛleɔ shika ni amɛkɛbaatsu amɛ shweremɔ nitsumɔi lɛ ahe nii?
How may I help you?,How may I be of help?
The machines help the farmers from removing the brown husks off the rice.,Mfidie no boa akuafoɔ no wɔ berɛ a wɔreyiyi nwura afiri mmoo mu.
People should be given alternative pieces of land.,Ɛsɛ sɛ wɔma nkorɔfoɔ asase foforɔ.
Girls are taught how to take care of a home once they are married.,Wɔkyerɛkyerɛ mmabea sɛnea wɔbɛhwɛ fie bere a wɔaware
"Thomas, professor of Sciences-Physics at the Collège Moderne de Mahapleu, told me that he would be happy to welcome me to his home.",Thomas si nye nuƒoxlame fiala le Mahpleu titina sukua me la be anye dzidzɔ na ye be mava yegbɔ
"She gave herself a deadline of one year to raise money and return to open a farm in her country,",etsɔ eɖokui na to yaʋala dzi ƒe ɖeka xekpɔ ga gbɔ va ɖo agble aɖe le eƒe du me
I heard the Ghana cedi has been doing well lately. Can you tell me more about it?,Mi nu akɛ Ghana CD lɛ miitsu nii jogbaŋŋ nyɛsɛɛ nɛɛ. Ani obaanyɛ okɛɛ mi ehe saji babaoo?
He borrowed money from his father to set up a studio.,Ɔfɛm sika fii ne papa hɔ de sii studio.
"What's happening with Nigeria's state-owned oil company, NNPC Ltd, and fuel prices?","Mɛni miiya nɔ yɛ Nigeria mu nitsumɔhe ni maŋ lɛ kudɔɔ, NNPC Ltd, kɛ mu jara nɔ?"
Good morning,Good morning to you.
Can you explain the relationship between poverty and access to potable water in Ghana?,Ani obaanyɛ otsɔɔ wekukpaa ni kã ohia kɛ nu ni anuɔ ni anáa yɛ Ghana lɛ teŋ lɛ mli?
Maybe.,Maybe so.
The health centres should provide medical services at a reasonable price.,Ɛsɛ sɛ apɔmuden asoeɛ no de nnuruyɛ dwumadie ma a nteaseɛ wɔ ne boɔ no mu.
I am from Accra.,Accra ye metso.
"What is Ghana's goal for food self-sufficiency, and when does the government expect to achieve it?","Mɛni ji oti ni ma Ghana hiɛ akɛ ebaaná niyenii ni eye ehe, ni mɛɛ be nɔyeli lɛ kpaa gbɛ akɛ ebaashɛ enɛ he?"
Community leaders have closed a factory for polluting the water stream.,Mpɔtam hɔ akannifo ato adwumayɛbea bi mu esiane sɛ wɔde efĩ ba nsu asuten no mu nti.
Please come in.,You can come in now.
I'm trying to understand the simplex method for solving linear programming problems. Can you explain the basic steps involved?,Miibɔ mɔdɛŋ ni manu gbɛ ni yɔɔ mlɛo ni atsɔɔ nɔ atsuɔ linear programming naagbai ahe nii lɛ shishi. Ani obaanyɛ otsɔɔ gbɛi titrii ni kɔɔ he lɛ amli?
What is the importance of establishing a target cost in construction projects?,Mɛni ji sɛɛnamɔ ni yɔɔ shika ni ato he gbɛjianɔ yɛ tsumaa nitsumɔi amli lɛ he?
What's the latest news on fuel prices in Ghana?,Mɛni ji adafitswaa hee ni kɔɔ fuɛl jara he yɛ Ghana?
The community raised money for him to be transferred to another hospital.,Mpɔtam hɔfo boaboaa sika ano maa wɔde no kɔɔ ayaresabea foforo.
The village leaders have ensured the availability of regular water supply.,Akuraa no ase akannifo ahwɛ ahu sɛ wobenya nsu a wɔde ma daa.
"I'm interested in learning about the research on pito, a traditional drink in Ghana. Can you tell me more about the methods used to identify the moulds in the drink?","Miyɛ pito, ni ji kusum nii ni anuɔ yɛ Ghana lɛ he niiamlitaomɔ he miishɛɛ. Ani obaanyɛ okɛɛ mi gbɛi ni atsɔɔ nɔ ayɔseɔ ŋmeii ni yɔɔ nibii ni anuɔ lɛ amli lɛ ahe saji babaoo?"
My friend kindly invited me to attend her wedding ceremony.,M’adamfo no fi ayamye mu too nsa frɛɛ me sɛ memmra n’ayeforohyia guabɔ no ase.
Officially one that has made a payment should be given a receipt.,"Wɔ aban kwan so no, ɛsɛ sɛ wɔma obi a watua sika no krataa a wɔde di adanse."
I've been trying to understand the challenges associated with weight loss programs in Ghana. Can you provide some insights on this topic?,Mibɔ mɔdɛŋ ni manu naagbai ni yɔɔ gbɛjianɔtoi ni akɛbaagbɔjɔ gbɔmɔtso lɛ he yɛ Ghana lɛ shishi. Ani obaanyɛ okɛ shishinumɔ ko aha yɛ saneyitso nɛɛ he?
People's names also differ according to their tribes.,Nkorɔfoɔ din gyina wɔn mmusuakuo so sesa.
Parents are advised to raise more money to cater for structural development .,Wɔtu awofo fo sɛ wɔmpɛ sika pii mfa nni nhyehyɛeɛ mu nkɔsoɔ ho dwuma.
What's the arrangement for paying winning bonuses to the Black Stars technical team?,Mɛni ji gbɛjianɔtoo ni ato koni akɛwo Black Stars ŋaa kuu lɛ nyɔmɔ ni akɛyeɔ kunim lɛ?
No problem.,No worries at all.
The district has sensitized people to create food reserves in their homes.,Ɔmantam no ama nkurɔfo ate nka sɛ wɔnyɛ aduan a wɔde besie wɔ wɔn afie mu.
Her option of lowering prices to entice more customers failed.,Ɔkwan a ɔfaa so sɛ ɔbɛtew nneɛma bo so de atwetwe adetɔfo pii no ankosi hwee.
"“This means that the apartment cannot be sold, given away, or mortgaged,” specifies Kira Iarmich, in a video posted on Twitter",Kira Iarmich gblɔ le nɔnɔmetata si woɖe ɖe go me be womate ŋu asa aƒea alo atsɔe ana ame alo adee awoba o
"Finally, this evening, I want to express my gratitude to Al-Khaliq, the Creator",ye metsɔ nye akpedadawo katã na Allah mia ɖola la
I'm trying to understand the concept of cointegration in the context of economic time series. Can you explain it to me?,Miibɔ mɔdɛŋ ni manu shishinumɔ ni ji convergence lɛ shishi yɛ shika helɛtemɔ be mli nibii amli. obaanyɛ otsɔɔ mi mli
"I'm interested in learning more about customer service in the banking industry, specifically in Ghana. Can you tell me about a study that analyzed the customer service of Ecobank Ghana Limited?","Miyɛ he miishɛɛ akɛ makase nibii babaoo ni kɔɔ mɛi ni heɔ nii yɛ shikatoohe lɛ ahe, titri lɛ yɛ Ghana. Ani obaanyɛ okɛɛ mi nikasemɔ ko ni pɛi Ecobank Ghana Limited lɛ nitsumɔ mli lɛ he sane?"
The minister donated twenty bags of cement in renovation of the council building.,Ɔsoafoɔ no de Sɛmɛnte (Cement) kotokuo aduonu maae sɛ wɔmfa nsiesie afotufoɔ dan no.
I'm trying to understand the basics of graph theory and algorithms. Can you explain Dijkstra's algorithm and its applications?,Miibɔ mɔdɛŋ ni manu shishitoo mlai ni kɔɔ graph theory kɛ algorithms he lɛ shishi. Ani obaanyɛ otsɔɔ Dijkstra algorithm lɛ kɛ bɔ ni akɛtsuɔ nii ahaa lɛ mli?
"at length in fact, since I was still present when she began to distribute the food into various containers","dzidzie, elabe menɔ anyi hafi wole nuawo kam de agbawo me"
How much for two?,How much is two?
"I read that Kalybos, a Ghanaian actor and comedian, received a large sum of money from a fan. What happened?",Mikane akɛ Ghana sini mli shwɛlɔ kɛ shwɛlɔ Kalibos nine shɛ shika babaoo nɔ kɛjɛ mɔ ko ni sumɔɔ sini lɛ dɛŋ. meni ba?
Learning about the past could help us better understand the present and better prepare for the future,tsɔmenyanya ana miawɔ egbe ŋu nyuie hena tsɔ sigbɔna dzadzraɖo
How much are you selling this for?,Tu vends ça à combien ?
Thank you for coming.,Thank you for your time.
"In addition, the gentleman pays a dowry and one or more rings of 10,000 carats that he will offer her for their engagement and their wedding,","gawu la, ŋutsu na tabianu kple alɔgavi xɔasiwo si woatsɔ na le woƒe srɔ̃ɖeɖe me"
The government advises people to use family planning.,Aban no hyɛ ɔmanfoɔ no nkuran sɛ wɔmfa abɛɛfo kwan so ntete wɔn awoɔ mu
Farmers should control their animals as people acquire income from selling their fruits.,Ɛsɛ sɛ akuafo hwɛ wɔn mmoa so efisɛ nkurɔfo nya wɔn nnuaba ho sika.
How old are you?,May I ask your age?
"On the sixth of August in the year twenty twenty-one, President Akufo-Addo bid farewell to two envoys. Who were they?","Yɛ August gbi ni ji ekpaa lɛ nɔ afii nyɔŋmai enyɔ kɛ ekome lɛ, Maŋtsɛ Akufo-Addo kɛ najiaŋdamɔlɔi enyɔ fã gbɛ. Namɛi ji amɛ?"
Nice to meet you.,It is good meeting you
I've heard that microbial contamination of irrigation water and vegetables is a significant issue in Ghana. Can you tell me more about the current state of research in this area?,Minu akɛ nu ni akɛshwieɔ shi kɛ aduawai amli helai bibii ni fiteɔ lɛ ji sane ko ni he hiaa waa yɛ Ghana. Ani obaanyɛ okɛɛ mi bɔ ni niiamlitaomɔ ni yɔɔ nɛkɛ he nɛɛ yɔɔ ha lɛ he saji babaoo?
Welcome,Welcome in.
I just read a report that said the cost of a healthy diet in Ghana has increased significantly. Can you tell me more about this?,Mikane amaniɛbɔɔ ko ni tsɔɔ akɛ niyenii ni haa mɔ he waa lɛ jara etee ŋwɛi shɔɔŋ yɛ Ghana. Ani obaanyɛ okɛɛ mi enɛ he saji babaoo?
Can I help you find something?,Puis-je vous aider à trouver quelque chose ?
You're welcome.,Vous êtes les bienvenus.
How old are you?,Afii enyiɛ oye?
I've been reading about the risks of norovirus gastroenteritis from consuming vegetables irrigated with wastewater in Ghana. Can you tell me more about this?,Mikane nɔ ni norovirus gastroenteritis ni jɛɔ aduawai ni akɛwoɔ nu ni mli ewo muji mli lɛ mli baa yɛ Ghana lɛ he sane. Ani obaanyɛ okɛɛ mi enɛ he saji babaoo?
"In addition, not everyone has the means to buy books and many people depend on state structures,","gawu la, amesiame meɖo mɔnukpɔkpɔ aflẽ agbãlɛwo o, eye fiohaɖoɖowo kpɔa ame geɖewo gbɔ"
Can you give me today's price?,What's today's selling price?
"The Kpone Katamanso District officials will hold a meeting to discuss people's challenges, including the pressing issue of Ashaiman market lacking a public toilet.","Kpone Katamanso Mansini no mu mpanimfoɔ bɛyɛ nhyiamu bi de asusu ɔmanfoɔ no haw ho, a Ashaiman dwa a agyananbea nni mu no nso ka ho."
How are you?,Comment vas-tu?
You're welcome here.,You are welcome
You must buy a cultural marriage certificate for a successful introduction.,Ɛsɛ sɛ wotɔ amammerɛ mu awareɛ nkrataa sɛdeɛ ɛbɛyɛ wo nhunuanimu bɛyɛ kama.
Is this expensive?,Is this costly?
"For a doctor to serve well , he needs to be well paid.","Sɛ oduruyɛfo bi bɛsom yiye a, ɛsɛ sɛ wotua no ka yiye."
What's your best price?,Nukae nye wò asi nyuitɔ kekeake?
Good evening,"Good evening, madam."
David told me to pay attention and that it might be my bus,David gblɔ nam be maɖo ŋu ɖo elabe ate ŋu anye nye ʋu la
Hi,Good to see you.
Not too bad.,Ejeee nɔ ni ehiii tsɔ.
The people have clean sources of water supply.,Nkurɔfo no wɔ nsu fibea ahorow a ɛho tew.
Have a seat.,Take a chair.
What would you like to buy?,What would you like to shop for?
I heard about a new song by Strongman. What's the name of the song?,Minu lala hee ko ni kɔɔ Strongman he. Mɛni ji lala lɛ gbɛi?
The education system is too expensive to be afforded by everyone.,Nwomasua no boɔ yɛ den dodo sɛ obiara bɛtumi atua ɛho ka.
I am the eighth child in a family of eleven.,Meyɛ abofra a meto so awotwe wɔ abusua a emufo yɛ du-baako mu.
And you had to repeat the operation two or three times during the day,eye nawɔ esia zi eve alo etɔ̃ le ŋkekea me
What's the cost of all these?,Quel est le coût de tout cela ?
"“years have passed since you left, until now I have not yet said Goodbye to you, at least not in my own way.”",ƒe geɖewo enye esia esi nedzo gake nyeŋutɔ nyemedo hede nyui nawò haɖe l
The last one was more than a year ago and thank God he will continue his professional adventure in other lands.,ame mamlɔetɔ wɔ wu ƒè ɖeka eye wokpɔ ɖo bubu fifia
Nice to meet you.,Pleased to meet you
Who was named Fintech Executive of the Year at the Ghana Executive Awards two thousand and twenty-five?,Ahala lɛ akɛ 2025 FinTech Nɔkwɛlɔ ni Fe Fɛɛ yɛ Ghana Nɔkwɛlɔi Awards lɛ mli?
"“Please know how powerful your voice and presence are and never stop sharing these gifts with others,”","« Please know how powerful your voice and presence are and never stop sharing these gifts with others »,"
Poverty is the leading cause of people selling the cows.,Ohia ne ade titiri a ɛma nkurɔfo tɔn anantwie no.
Hello,Greetings.
The municipal council needs to carry out water extension services in other areas.,Mansini no kansele no hia sɛ wɔde nsua kɔ nkuro ahodoɔ mu wɔ mmeaeɛ nkae no.
"Abena gave her son a sweet to calm him down, and she bathes her baby with warm water.","Abena maa ne ba no aduane dɛdɛ sɛ ɔma ne bo dwo, na ɔde nsuo a ɛyɛ hyeɛ guare ne ba no."
Some people did not understand that these key expressions had nothing to do with free laptops or the latest tractors.,ame aɖewo mese egɔme o be  kadede aɖeke mele nusiawo katã me o
It is your responsibility to take care of your life and hence it is not good to prepare food in a dirty place.,Ɛyɛ w’asɛdeɛ sɛ wobɛhwɛ w’asetena so na ɛno nti ɛnyɛ papa sɛ wobɛsiesie aduane wɔ baabi a ɛho ntew.
What's the price of this item?,What's your selling price?
Can you tell me the price?,Àte ŋu agblɔ ga si woaxe nam?
How much per kilogram?,Ɛka ahe wɔ kilogram biara mu?
The food truck is his main source of income.,Ɔnya ne sika nyinaa firi aduane a ɔtɔn no lɔre mu no mu.
I'm interested in learning about water analysis. Can you explain the process of determining total hardness in water?,Miyɛ nu mlipɛimɔ he miishɛɛ. Ani obaanyɛ otsɔɔ gbɛ ni atsɔɔ nɔ aleɔ bɔ ni nu mli wa ha kwraa lɛ mli?
"The first manager of the hotel reported the facts as they happened, while avoiding mentioning the chambermaids.",dzikpɔla la gblɔ ale si nuawo va eme ke meyɔ xɔmedzraɖolawo ŋkɔ o
Read a man up to the task 1Read a man up to the task 2“Good evening sir,mixlẽ un homme à la hauteur 1 kple un homme à la hauteur 2 fiɛ na wo aƒetɔ
What was the purpose of the Climate Education Summit held at Radach Hotel in Tamale on the twenty-fifth of November in the year twenty twenty-five?,"Mɛni ji yiŋtoo ni yɔɔ kɔɔyɔŋ tsakemɔ he nikasemɔ kpee ni afee yɛ November 25, afii nyɔŋmai enyɔ kɛ enumɔ ni eho nɛ yɛ Radach Hotel lɛ sɛɛ?"
I heard Reggie Rockstone is going to receive an honorary award at the Ghana Music Awards UK two thousand and twenty-two point  wattshat is the name of the award?,Mi nu akɛ Reggie Rockstone miiya ni enine ashɛ woo nɔ yɛ Ghana Lala Awards UK akpei enyɔ kɛ nyɔŋmai enyɔ kɛ enyɔ mli nɔ ni ji gbɛi ni akɛwoɔ jweremɔ nii lɛ nɔ?
"All this with the aim of helping our economy and supporting our farmers and producers""€¦!!! Thank you Anne Marie C.",Anne Marie C. Akpe na wò ɖe wò kpekpeɖeŋu si nèwɔ na míaƒe gbledede kple ganyawo la
Airbnb: Cape Coast / Accra / Lomé Hotel Résidence les Cocotiers: Cotonou,Airbnb : Cape Coast  / Accra / Lomé Hôtel Résidence les Cocotiers : Cotonou
Cocoa farmers are assured of a market for their produce.,Wɔma koko akuafo awerɛhyem sɛ wobenya gua a wɔde bɛtɔ wɔn nnɔbae.
What is the EDC Money Market Fund and what is its main objective?,Mɛni ji EDC shika jarayeli shikatoohe ni mɛni ji oti titri ni ma ehiɛ?
"What are some common hazards associated with food, particularly in the context of aquatic products?","Mɛni ji osharai komɛi ni afɔɔ namɔ yɛ niyenii he, titri lɛ yɛ nu mli nibii ahe?"
Good morning,Leebi kpakpa
And you?,Ne wo?
How can a health facility be managed without money?,Ɔkwan bɛn so na wobetumi ahwɛ akwahosan ho adwumayɛbea bi so a sika nni hɔ?
I heard that the Food and Beverage Importers Association is planning to reduce prices of some foodstuffs and products. Is this true?,Minu akɛ Niyenii kɛ Nibii ni Anuɔ ni Akɛbaa Maŋsɛɛ lɛ Kuu lɛ miifee gbɛjianɔ koni eba niyenii kɛ nibii komɛi ahe jara shi. Ani enɛ ji anɔkwale?
"I'm interested in learning about the process of creating a mixed-media art piece using wood, fabric, and other materials. Can you describe the initial steps in creating such a piece?","Miyɛ gbɛ ni atsɔɔ nɔ afeɔ mixed media art ni akɛ tsei, atadei kɛ nibii krokomɛi tsuɔ nii yɛ mli lɛ he miishɛɛ. Ani obaanyɛ otsɔɔ klɛŋklɛŋ gbɛi ni atsɔɔ nɔ afeɔ fã ni tamɔ nɛkɛ?"
Can you give me today's price?,How much are you selling it today?
How much is this?,Ga home nenie nye esia?
"What is the name of the NSMQ semi-finalist who received the Academic City presidential scholarship, and what is the value of the scholarship?","Mɛni ji NSMQ semi-finalist ni enine shɛ Academic City Nɔyeli Shika lɛ nɔ lɛ gbɛi, ni shika ni akɛhaa lɛ jara ji enyiɛ?"
Let us keep the togetherness at all costs.,Momma yɛmma nkabom no nkɔ so sɛnea ɛte biara.
Welcome,"Welcome, please come in."
I heard that fuel prices in Ghana are expected to rise. Can you confirm this and provide more details?,Minu akɛ ekolɛ fuɛl jara baaya ŋwɛi yɛ Ghana. Ani obaanyɛ oma enɛ nɔ mi ni okɛ saji krokomɛi aha?
Bar owners should understand the challenges of their business.,Ɛsɛ sɛ asanombea wuranom te nsɛnnennen a ɛwɔ wɔn adwuma no mu ase.
"The variant name ""Ashanti"" comes from British reports transcribing ""Asante"" as the British heard it pronounced, as-hanti.","Edin soronko ""Ashanti"" no fi Britania amanneɛbɔ ahorow a ɛkyerɛw ""Asante"" sɛnea Britaniafo tee sɛ wɔbɔ no, sɛ hanti."
I'm interested in learning about the research on Mobile Money systems in Ghana. Can you tell me a bit about the data collection process?,Miyɛ shika ni akɛyaa he fɛɛ he lɛ he niiamlitaomɔ he miishɛɛ yɛ Ghana. Ani obaanyɛ okɛɛ mi bɔ ni abuɔ saji anaa ahaa lɛ he sane fioo?
I heard about a police officer who died in a hotel room in Nkawkaw. Can you tell me more about what happened?,Minu polisifonyo ko ni gbo yɛ hotɛl tsu ko mli yɛ Nkawkaw lɛ he. Ani obaanyɛ okɛɛ mi nɔ ni ba lɛ he saji babaoo?
Nice to meet you.,Nice meeting you
More equipment has been bought to scan heart conditions.,Wɔatɔ nnwinnade pii a wɔde bɛhwɛ koma tebea horow.
I'm trying to understand the factors that contribute to loan delinquency in Ghana. Can you tell me more about the relationship between loan delinquency and external factors?,Miibɔ mɔdɛŋ ni manu nibii ni haa shika ni akɛwoɔ mɔ dɛŋ yɛ Ghana lɛ shishi. Ani obaanyɛ okɛɛ mi wekukpaa ni yɔɔ nyɔmɔwoo ni awoɔ kɛ nibii ni jɛɔ kponɔgbɛ lɛ ateŋ lɛ he saji babaoo?
How much per basket?,Dodow ahe wɔ kɛntɛn biara mu?
I'm trying to understand the process of risk management in construction projects. Can you explain the initial phase of risk management according to ISO thirty-one thousand?,Miibɔ mɔdɛŋ ni manu bɔ ni akwɛɔ osharai anɔ yɛ tsumaa nitsumɔi amli lɛ shishi. Ani obaanyɛ otsɔɔ klɛŋklɛŋ gbɛ ni atsɔɔ nɔ akwɛɔ osharai anɔ yɛ ISO 31000 lɛ naa?
What are the key dimensions of service quality that organizations should focus on to enhance customer satisfaction?,Mɛni ji gbɛjianɔtoi titrii ni esa akɛ gbɛjianɔtoi lɛ kɛ amɛjwɛŋmɔ ama nɔ koni amɛha mɛi ni heɔ nii lɛ atsui anyɔ amɛmli?
I'm interested in learning more about corporate governance and its impact on cost of capital. Can you tell me about a study that examined this relationship in Ghana?,Miyɛ he miishɛɛ akɛ makase nitsumɔhe nɔyeli kɛ bɔ ni enáa shika helɛtemɔ nɔ hewalɛ ehaa lɛ he nii babaoo. Ani obaanyɛ okɛɛ mi nikasemɔ ko ni pɛi wekukpaa ni yɔɔ Ghana lɛ mli?
The evicted people that were helped were grateful.,Nnipa a wɔyii wɔn firii mu a wɔboaa wɔn no ani sɔɔ mmoa no p ara.
I heard that the Ghanaian government introduced a new road and bridge toll in two thousand and ten. How much money has been collected from this toll so far?,Mi nu akɛ Ghana nɔyeli lɛ ewo gbɛjegbɛi kɛ blɔji ahe nyɔmɔ heei akpei enyɔ kɛ nyɔŋma. Shika enyiɛ abua naa kɛjɛ nyɔmɔwoo nɛɛ mli kɛbashi amrɔ nɛɛ?
I'm trying to understand the concept of PIEP in the context of discrete modeling and factor analysis. Can you explain what PIEP is and how it's used?,Miibɔ mɔdɛŋ ni manu PEEP shishinumɔ lɛ shishi kɛjɛ nɔkwɛmɔnɔ ni yɔɔ srɔtoi kɛ nibii amlipɛimɔ mli. Ani obaanyɛ otsɔɔ nɔ ni PIEP ji kɛ bɔ ni akɛtsuɔ nii ahaa lɛ mli?
Certified outlets are the only ones allowed to sell seeds.,Nneɛma a wɔtɔn aba a wɔagye atom nkutoo na wɔma ho kwan sɛ wɔtɔn aba.
People fear to wed because of the huge costs incurred.,Nkorɔfoɔ suru sɛ wɔbɛyɛ ayeforɔ ɛsiane ɛka kɛseɛ a ɛwɔ mu nti.
How much would everything cost?,How much would I pay for everything?
Do you have a price list?,Do you keep a price catalogue?
What is customer loyalty and why is it important for businesses?,"Mɛni ji anɔkwayeli ni mɛi ni heɔ nii lɛ yeɔ lɛ, ni mɛni hewɔ ehe hiaa yɛ jarayeli mli lɛ?"
"On the evening of the wake, the palace was overflowing with people.","Ɣetrɔ si wole ŋudɔdɔa wɔge la, fiasa la yɔ fuu kple amewo."
I'm interested in learning about financial and accounting instructions for schools in Ghana. Can you tell me about the procedures for handling receipts?,Miyɛ shika kɛ akɔntaabuu he gbɛtsɔɔmɔi ni kɔɔ skul ni yɔɔ Ghana lɛ he lɛ he miishɛɛ. Ani obaanyɛ okɛɛ mi gbɛjianɔtoo ni akɛtsuɔ nii yɛ invoice lɛ he lɛ he sane?
"I don't like dates, yet it is the first food recommended by the Prophet Muhammad (saw) to break the fast",dat tikutsetse medoa dzidzɔ nam o ke hã eyae nyagblɔɖila muhamad ɖo be enye nyuitɔ hena nuʋuʋu
The district has failed to ensure proper hygiene in the market and the district health officers asserted that toilets will be constructed in the market.,Ɔmansin no ntumi nhwɛɛ sɛ ahotew pa bɛba gua so na ɔmantam no akwahosan ho adwumayɛfo no sii so dua sɛ wobesi tiafi wɔ gua no so.
Which one costs less?,Te nɔ ni jara waaa tɛɛ?
How much for two?,Can I know the price for two?
Nice to meet you.,It is nice to meet you
What's the current status of the Human Sexual Rights and Family Values Bill in Ghana?,Mɛni ji shihilɛ ni yɔɔ Adesai Ahegbɛi kɛ Weku Shihilɛ He Mla lɛ mli yɛ Ghana amrɔ nɛɛ?
It's easy to understand why few civil servants want to stay in small towns.,miese egɔme nu si tae dudɔwɔla sɔgbɔ melɔ̃na duviwo me nɔnɔ o ɖo la
"Thank you to all those people who continue to inspire and encourage me,",akpe na amesiwo katã kpɔtɔ le ŋusẽ domem kple siwo nye kpɔɖeŋu nam
"At that moment, my phone began to vibrate once again in my bag.",ɣeyiɣi sia tututu nye kaƒomɔp dze ʋuʋum le kpɛtɛa me
Welcome,Welcome here
How much for one?,Ga home nenie na ame ɖeka?
Can I help you find something?,Can I help you with anything?
Bring me some water! I'm dying of thirst! I'm dying of thirst!,Miku tsi va nam. Tsikɔ le wuyem. Tsikɔ le wuyem.
"Hello, I'm interested in learning about the financial literacy of staff at KNUST. Can you tell me about the importance of maintaining adequate financial records?",Miyɛ miishɛɛ akɛ male shika he nilee ni nitsulɔi ni yɔɔ KNUST lɛ yɔɔ lɛ ahe. Ani obaanyɛ okɛɛ mi bɔ ni ehe hiaa ni akwɛ shika he saji anɔ jogbaŋŋ lɛ he sane?
I'm trying to understand the concept of Granger causality in economics. Can you explain it to me?,Miibɔ mɔdɛŋ ni manu Granger causality shishi yɛ shika helɛtemɔ mli. obaanyɛ otsɔɔ mi mli
Do you have a price list?,Can I see your price list?
Have a seat.,Take a seat
I am a trader.,I work as a trader.
A book that leads us to turn our gaze towards these women and young girls who are murdered in the name of family honor,eɖe ale si wowua nyɔnu kple ɖetugbuiwo le ƒome ƒe dzedze ta
The government has laid aside funds towards the construction of boreholes to improve on the accessibility of water in the region.,Aban no ayi sika bi ato nkyɛn a wɔde bɛtutu nsuo sɛdeɛ ɛbɛyɛ ɛbɛboa ama ɔmanfoɔ anya nsu pa wɔ mantam no mu
People are furious over water scarcity in the area.,Nkorɔfoɔ bu afu wɔ nsuo a ɛnni mpɔtam hɔ.
How much would everything cost?,What is the total amount?
How much can a swimming pool construction cost?,Sika ahe na wobetumi de asi asuguarebea?
"Why don't you go start your own family instead of spending your time eating my brother's rice and wearing out his sheets,",nukata meyi ɖa do ƒome anɔte nɔvi ƒe mɔlu ɖuɖu kple eƒe abadi vɔwo zazã
What is COCOBOD's stance on the new producer price for cocoa farmers for the next crop season?,Mɛni ji COCOBOD shidaamɔ yɛ nibii ni afeɔ lɛ jara hee kɛha kookoo okwaafoi yɛ ŋmɔshi nibii akwɛmɔ be ni baa lɛ mli?
Refugees have started practicing farming so as to earn a living and were advised to save money If they want to succeed in farming.,aguanfo afi ase reyɛ kua sɛnea ɛbɛyɛ a wobenya wɔn asetrade na wotuu wɔn fo sɛ wɔmfa sika nsie Sɛ wɔpɛ sɛ wodi yiye wɔ kuayɛ mu a.
I'm interested in learning about the Gram staining procedure. Can you walk me through the steps?,Miyɛ he miishɛɛ akɛ makase gram staining gbɛjianɔtoo lɛ he nii. Ani obaanyɛ onyiɛ mi gbɛ kɛtsɔ atswere lɛ nɔ?
Farmers now sell their crops to earn money.,Mprempren akuafo tɔn wɔn nnɔbae de nya sika.
Many Ghanaians have no access to clean water.,Ghanafo pii nnya nsu pa.
Some parents don't want to take the responsibility of paying school fees for their children.,Awofo binom mpɛ sɛ wɔfa asɛyɛde a ɛne sɛ wobetua wɔn mma sukuu ka no.
I am from Accra.,My home is Accra.
The local governments should create simple mechanisms through which people would pay tax.,Ɛsɛ sɛ aban a ɛwɔ nkuro ahodoɔ mu no yɛ nneɛma binom a ɛbɛma nkurɔfoɔ atua wɔn toɔ.
"“The proof is that the sums of money involved are generally derisory, they are rarely greater than 0,000 FCFA. """,eye mesusu be amesi xɔ nu la ye woabu ƒɔ̃ wu amesi nunala la
Good evening,Bonne soirée
I'm trying to understand the different types of distributions used in hydrology. Can you explain the gamma distribution and its application in this field?,Miibɔ mɔdɛŋ ni manu mlijaai srɔtoi ni akɛtsuɔ nii yɛ nu he nikasemɔ mli lɛ shishi. Ani obaanyɛ otsɔɔ gamma mlijaa kɛ bɔ ni akɛtsuɔ nii yɛ nɛkɛ nitsumɔ nɛɛ mli lɛ mli?
What are the key factors that affect the functioning of the land market in Ghanaian cities?,Mɛni ji nibii titrii ni saa shikpɔŋ jarayeli nitsumɔ he yɛ Ghana maji wuji amli lɛ?
What would you like to buy?,Nukae nàdi be yeaƒle?
I'm interested in learning about sanitizers for produce. What are some common sanitizers used in the food industry?,Miyɛ he miishɛɛ akɛ makase sanitizers ni akɛtsuɔ nii kɛfeɔ nii lɛ ahe nii. Mɛni ji nibii komɛi ni afɔɔ feemɔ yɛ niyenii afeemɔ nitsumɔhei lɛ?
I heard that the National Lottery Authority (NLA) donated some money to an organization that supports persons with disabilities. Can you tell me more about this?,Minu akɛ National Lottery Authority kɛ shika ko eha gbɛjianɔtoo ko ni yeɔ ebuaa mɛi ni bɛ hewalɛ lɛ. Ani obaanyɛ okɛɛ mi enɛ he saji babaoo?
I'm trying to understand fuzzy logic systems. Can you explain how the fuzzy inference engine works in a fuzzy controller?,Miibɔ mɔdɛŋ ni manu shishitoo mlai ni bɛ faŋŋ lɛ ashishi. Ani obaanyɛ otsɔɔ bɔ ni fuji inversion tsɔne lɛ tsuɔ nii yɛ fuji kudɔmɔ tsɔne mli lɛ mli?
How much for one?,How much will one be?
I read that street food vendors in Ghana have been found to be selling food with high levels of heavy metals. Can you tell me more about this?,Mikane akɛ ana akɛ mɛi ni hɔ̃ɔ niyenii yɛ gbɛjegbɛ nɔ yɛ Ghana lɛ miihɔ niyenii ni dade ni tsii babaoo yɔɔ mli. Ani obaanyɛ okɛɛ mi enɛ he saji babaoo?
Hello,"Hello, how are you?"
My name is: camel.,Kposɔ woyɔam.
What is the current status of Ghana's Promotion of Proper Human Sexual Rights and Ghanaian Family Values Bill?,Mɛni ji shihilɛ ni Ghana adesai abɔlɛnamɔ hegbɛi kɛ Ghana Weku Shihilɛ He Mla lɛ he nitsumɔ ni sa lɛ yɔɔ amrɔ nɛɛ?
"Right next to us, a woman is removing water from a canoe,","le miaƒe akpa dzi la, nyɔnuaɖe le kpam le tɔdziʋuaɖe me"
What motivated Bolanle to leave her family and join Baba Segi's household?,Mɛni tsirɛ Bolanle ni eshi eweku lɛ ni eyafata Baba Segi weku lɛ he?
Excuse me.,Ago nam.
Every paper money note has a unique serial number.,Krataa biara a wɔde kyerɛw sika wɔ no namba
The accountant in that district are unhappy over delayed salary payments.,Akontaabufo a wɔwɔ saa mantam no mu no ani nnye akatua a wɔakyɛ ho.
I heard that cocoa prices have increased significantly in Ghana. Can you tell me more about this?,Minu akɛ kookoo jara etee ŋwɛi waa yɛ Ghana. Ani obaanyɛ okɛɛ mi enɛ he saji babaoo?
How may I help you?,Can I assist you?
I'm interested in understanding the factors that influence a customer's decision to use a bank's services in Ghana. Can you tell me more about the key factors that affect this decision?,Miyɛ he miishɛɛ akɛ manu nibii ni náa mɔ ni heɔ nii lɛ yiŋkpɛɛ akɛ ekɛ shikatoohe nitsumɔi baatsu nii yɛ Ghana lɛ nɔ hewalɛ. Ani obaanyɛ okɛɛ mi nibii titrii ni náa yiŋkpɛɛ nɛɛ nɔ hewalɛ lɛ ahe saji babaoo?
Safe travels.,Have a safe journey.
Buses and taxis were also banned from moving during the lockdown.,Wɔbaraa bɔs ne taksi nso sɛ ɛnkɔ baabiara wɔ bere a wɔatoto mu no
"I'm interested in learning about the Posuban, a structure associated with the Asafo Company in Ghana. What does the name Posuban mean?",Miyɛ he miishɛɛ akɛ male Posuban ni kɛ Asafo Company ni yɔɔ Ghana lɛ yɔɔ tsakpaa lɛ he sane. Mɛni ji wiemɔ Posuban lɛ shishi?
What is the main goal of the study on the production of sliced pineapple at a fruit processing plant in Ghana?,Mɛni ji oti titri ni yɔɔ nikasemɔ ni kɔɔ ŋmei ni afolɔ afeemɔ he yɛ tso yibii ahe nitsumɔhe ko ni yɔɔ Ghana lɛ sɛɛ?
What is MTN planning to do with its mobile money operations in Ghana?,Mɛni MTN eto gbɛjianɔ koni ekɛ e-mobile money nitsumɔ lɛ afee yɛ Ghana?
What's the cheapest one?,What is the cheapest option?
"What are the main causes of apparent losses in water distribution systems, and how do they affect customers?",Mɛni ji nibii titri ni kɛ nibii ni laajeɔ yɛ nu mlijaa gbɛjianɔtoi amli lɛ baa ni te amɛnáa mɛi ni heɔ nii lɛ anɔ hewalɛ amɛhaa tɛŋŋ?
"What is life cycle costing, and how is it applied in the construction industry?","Mɛni ji wala shihilɛ he nyɔmɔwoo, ni te akɛtsuɔ nii ahaa tɛŋŋ yɛ tsumaa nitsumɔ mli?"
How much for one?,How much do I pay for one?
Hello,Hey
Yes.,"Yes, that's right."
"Some told him that they didn't think they would ever understand some of the concepts he explained,",ameaɖewo gblɔ be yéwo mesusu be yéwoase eƒe nu aɖewo gɔme ɖeɖe gbe ɖeka o
What reforms does Dr. Opuni-Frimpong think the Ghana Commodity Exchange (GCX) needs to ensure food security in Ghana?,"Dr. Opuni-Frimpong, mɛɛ tsakemɔi osusuɔ akɛ ehe miihia ni Ghana Nibii Ajarayelihe (GCX) lɛ afee koni niyenii ahi Ghana?"
Can you tell me about the Labour minister who was named in an investigation into corruption claims in Bangladesh?,Ani obaanyɛ okɛɛ mi nitsumɔ he sɔɔlɔ ni atsɛ egbɛi yɛ niiamlitaomɔ ni kɔɔ ju kɛ fɔ̃ ni awieɔ yɛ Bangladesh lɛ he lɛ he sane?
Thanks are given to the bishop for equally considering gender in the diocese.,Yɛda ɔsɔfopɔn no ase sɛ osusuw ɔbarima ne ɔbea nna ho pɛpɛɛpɛ wɔ asɔre no mu.
Hello,Hello there.
The big pachyderm had finished gobbling up tons and tons of food and was resting in the setting rays of the sun.,Lã lolo kpemi la nuɖuɖu ƒe agba kpekpewo na eɖokui henɔ ɖiɖim ɖe eme le ɣetoɖoɖo ƒe alɔdzewo te.
Good afternoon,Afternoon! How are you?
How may I help you?,How may I assist you?
To have much yields you need to have a big piece of land.,"Nea ɛbɛyɛ na woanya nnɔbaeɛ bebree no, ɛsɛ sɛ wonya asase kɛseɛ."
What's the price of this item?,Mɛɛ sɛɛnamɔ yɔɔ nibii nɛɛ ahe?
He used some of his money to construct his home.,Ɔde ne sika no bi sii ne fie.
I've heard that local rice is preferred by many consumers in Ghana. What are some reasons behind this preference?,Minu akɛ mɛi ni yeɔ nii yɛ Ghana lɛ ateŋ mɛi babaoo sumɔɔ maŋ lɛ mli ŋmãa. Mɛni ji yiŋtoi komɛi ahewɔ ni ahala nɛkɛ?
Is this the final price?,Ðe esia nye asi mamlɛtɔa?
Most of her friends attended her wedding launch.,Ne nnamfo dodow no ara kɔɔ n’ayeforohyia a wɔde sii hɔ no ase.
"What is the Internal Market Bill, and why are former Prime Ministers Tony Blair and Sir John Major opposing it?","Mɛni ji Guɔyeli He Ko Mla lɛ, ni mɛni hewɔ tsutsu maŋsɔɔlɔi Tony Blair kɛ Sir John Major teɔ shi woɔ lɛ?"
Some youths deliberately refuse to pay back the money.,Mmabunu binom hyɛ da pow sɛ wobetua sika no.
Hi,Hello.
I'm interested in learning about the eating habits of people in Ghana. What percentage of people know about the importance of eating fruits and vegetables?,Miyɛ he miishɛɛ akɛ makase bɔ ni mɛi ni yɔɔ Ghana lɛ yeɔ nii amɛhaa lɛ he nii. Mɛi enyiɛ le bɔ ni ehe hiaa ni aye aduawai kɛ aduawai?
The people will get money after selling the construction materials to the company.,Nkorɔfoɔ no bɛnya sika sɛ wɔtɔn adansie nnoɔma no ma adwumakuo no wie a.
"“Under” our skies, the public media are in the pay of the regime in place. """,mia ŋtɔwo miekpɔe be dziɖuɖua ƒe nya nyui ko fioha nyakakadɔwɔƒewo gblɔna
What is proximate analysis in the context of food products?,Mɛni ji mlipɛimɔ ni bɛŋkɛ kpaakpa yɛ niyenii ni afee lɛ he?
Have a seat.,Please sit down
I heard that the Food and Agriculture Organisation (FAO) is pushing for higher investment in agriculture. What's the main goal of this initiative?,Mi nu akɛ Niyenii kɛ Okwaayeli He Gbɛjianɔtoo (FAO) lɛ miitswa shika babaoo yɛ okwaayeli mli. Mɛni ji oti titri ni ma nɛkɛ nifeemɔ nɛɛ hiɛ?
I've heard that water scarcity is a significant issue in Ghana. Can you tell me more about the current state of water supply in the country?,Minu akɛ nu ni faaa lɛ ji sane ko ni he hiaa waa yɛ Ghana. Ani obaanyɛ okɛɛ mi nu ni akɛhaa maŋ lɛ mli amrɔ nɛɛ he saji babaoo?
What is MTN Ghana doing to tackle mobile money fraud?,Mɛni MTN Ghana miifee koni ekɛwu eshi mobile shika he shishiumɔ?
What's the cost of all these?,What's the amount for all these?
What's your best price?,What's the lowest you'll accept?
I've been reading about different healthcare payment models. Can you explain the concept of supplier-induced demand in the context of fee-for-service (FFS) payment systems?,Mikane helatsamɔ he nyɔmɔwoo henɔi srɔtoi ahe saji. Ani obaanyɛ otsɔɔ shishinumɔ ni kɔɔ nibii ni akɛhaa lɛ ahe lɛ mli yɛ nyɔmɔwoo gbɛjianɔtoi ni akɛwoɔ nyɔmɔ kɛha nitsumɔ (FFS) lɛ mli?
"I've heard about the dangers of pesticides, but I don't really understand what they are. Can you explain?","Minu osharai ni yɔɔ tsofai ni gbeɔ kooloi lɛ ahe, shi minuuu nɔ ni amɛji lɛ shishi jogbaŋŋ. obaanyɛ otsɔɔ mli"
Someone wants to know how those without access to clean water can be helped.,Obi pɛ sɛ ohu sɛnea wobetumi aboa wɔn a wonni nsu pa.
Good to see you again.,Eye sɛ yebehu wo bio.
Some teachers complain that they are poorly paid by the government.,Akyerɛkyerɛfoɔ binom nwiinwii sɛ aban no ntua wɔn ka yiye.
The students complained about the expensive laboratory fees.,Sukuufo no nwiinwii wɔ aduruyɛdan mu ka a ne bo yɛ den no ho.
What is the current price?,How much does it currently cost?
"During the upcoming weekend, my friends plan to enjoy themselves at the disco.","Wɔ dapɛn awiei a ɛreba no mu no, me nnamfonom ayɛ nhyehyɛe sɛ wobegye wɔn ani wɔ disko no mu."
Farmers were educated how to run a water efficient fish farm.,Wɔkyerɛɛ akuafo sɛnea wobetumi ayen nsuo mu nam wɔ ɔkwan a ɛfata so.
"My cousin was charged with armed robbery, and he was arrested for trying to cash a forged cheque at the bank.","Wɔbɔɔ me wɔfase no sobo sɛ ɔde akode abɔ korɔn, na wɔkyeree no sɛ ɔrebɔ mmɔden sɛ obeyi sikakrataa a ɛnyɛ nokware wɔ sikakorabea hɔ."
Each home in the district should have a food reserve.,Ɛsɛ sɛ afie biara a ɛwɔ ɔmantam no mu nya aduan a wɔde asie
The reedbuck and waterbucks belong to the antelope family.,Reedbuck ne waterbucks yɛ antelope abusua no mufo.
I'm reading about a study on salt stress in rice plants. What does SES stand for and how is it used to measure tolerance in rice?,Mikaneɔ nikasemɔ ko ni kɔɔ ŋmei ni yɔɔ ŋmãa tsei amli lɛ he. Mɛni ji SES ni te asusuɔ tsuishitoo ni yɔɔ ŋmãa mli lɛ he ahaa tɛŋŋ?
I'm trying to understand portfolio optimization using genetic algorithms. Can you explain the basic concept of a portfolio in the context of financial assets?,Miibɔ mɔdɛŋ ni manu nitsumɔ he gbɛjianɔtoo lɛ shishi kɛtsɔ wala yibii ahe gbɛjianɔtoo nɔ. Ani obaanyɛ otsɔɔ shishijee shishinumɔ ni yɔɔ nitsumɔhe wolo ko mli yɛ shika helɛtemɔ nibii ahe lɛ mli?
People do not want to pay water bills.,Nkorɔfoɔ mpɛ sɛ wɔbɛtua wɔn nsuo ka.
Goodbye.,De nyuie.
I've heard that zeolites are being researched for their potential in water treatment. Can you tell me more about this?,Minu akɛ akwɛɔ zeolites mli koni ana bɔ ni amɛbaanyɛ amɛtsu nu he nii amɛha. Ani obaanyɛ okɛɛ mi enɛ he saji babaoo?
What are you looking for?,What brings you here today?
I'm interested in learning more about the factors that affect customer satisfaction in e-banking. Can you tell me more about the research that's been done on this topic?,Miyɛ he miishɛɛ akɛ male nibii babaoo ni saa mɛi ni heɔ nii lɛ atsui ni nyɔɔ mɔ mli yɛ e-banking mli lɛ ahe. Ani obaanyɛ okɛɛ mi niiamlitaomɔ ni kɔɔ saneyitso nɛɛ he lɛ he saji babaoo?
"What are the nutritional benefits of soybean as a food source, especially for people with allergies?","Mɛni ji niyenii mli hewalɛ ni yɔɔ soy he akɛ niyenii jɛɛhe, titri lɛ kɛha mɛi ni yeɔ allergy lɛ?"
They demanded a large quantity of monkey brains to cure him.,Wobia kese fe ahɔhɔ ƒe agbɔsɔsɔ aɖe ne woatsɔ ada dɔa nae.
Hi,"Hi, good to see you"
I don't speak the language well.,I'm still learning the language.
"What is the significance of packaging in the Ghanaian market, particularly in the bottled water industry?","Mɛni ji sɛɛnamɔ ni yɔɔ nibii ni akɛwoɔ kotoku mli lɛ he yɛ Ghana jarayelihe lɛ, titri lɛ yɛ nu ni akɛwoɔ tɔ mli lɛ nitsumɔhe lɛ?"
How can I assist you today?,Te mafee tɛɛ maye mabua bo ŋmɛnɛ?
Is this the final price?,Are you sure that's your final price?
I'm interested in learning more about the use of mobile money in Ghana. Can you tell me a bit about the current state of mobile money in the country?,Miyɛ he miishɛɛ akɛ makase bɔ ni akɛ mobile money tsuɔ nii yɛ Ghana lɛ he nii babaoo. Kɛɛmɔ mi bɔ ni mobile money yɔɔ maŋ lɛ mli amrɔ nɛɛ he sane fioo?
People need to be educated about the importance of paying taxes.,Ɛsɛ sɛ yɛkyerɛ nkorɔfoɔ adeɛ fa hia a ɛhia sɛ wɔtua toɔ.
Please.,S'il te plaît.
Thank you for coming.,Akpe na wò be nèva.
He was arrested for the illegal selling of timber.,Wɔkyeree no sɛ ɔtɔn nnua a mmara mma ho kwan.
I heard about a kidnapping incident in Ghana where the perpetrators used the name of a wellness company. Can you tell me more about this?,Minu gbɔmɔ ko ni aŋɔ lɛ nom yɛ Ghana ni mɛi ni fee nakai lɛ kɛ helatsamɔ he gbɛjianɔtoo ko gbɛi tsu nii lɛ he sane. Ani obaanyɛ okɛɛ mi enɛ he saji babaoo?
You're welcome.,No problem at all.
I'm interested in learning about the relationship between materials handling practices and store performance. Can you tell me more about this topic?,Miyɛ wekukpaa ni yɔɔ nibii ahe nitsumɔ kɛ shwapo mli nitsumɔ teŋ lɛ he miishɛɛ. Ani obaanyɛ okɛɛ mi enɛ he saji babaoo?
I still haven't had the courage to tell him that I've been in a relationship with his best friend for a month.,nyemete ŋu gblɔe nae be nye kple xɔ̃a vevitɔe li ɣleti ɖekae nye esia o
A discontented parent said failure to pay three thousandcedis got her daughter sent home.,Awofoɔ bi a ne bo nnwo ne ho kaa sɛ tua a wantumi antua Ghana sika sidi mpem mmiɛnsa na ɛde ne ba baa baa efie.
How much for one?,Enyiɛ?
I heard about a new song from Cina Soul addressing domestic violence. What's the name of the song and when was it released?,"Mi nu lala hee ko ni jɛ Sina Soul ŋɔɔ ni kɔɔ yiwalɛ nifeemɔi ni yaa nɔ yɛ shia lɛ he. Mɛni ji lala lɛ gbɛi, ni mɛɛ be ajie lɛ kpo?"
How much would everything cost?,Can you calculate the total price?
What are the main crops in the root and tuber-based food system in South Eastern Nigeria?,Mɛni ji ŋmɔshi nibii titrii ni damɔ shishifãi kɛ ŋmeii anɔ yɛ Nigeria Anaigbɛ Bokagbɛ?
"Well, I guess they're just friends",mebui be nenemae
Bridge construction will cost over eighteen billion Ghana cedis but will promote business activities in the area.,Bridge a wɔbɛsi no bɛbɔ ka bɛboro Ghana cedis ɔpepepem dunwɔtwe nanso ɛbɛma adwumayɛ akɔ so wɔ mpɔtam hɔ.
Buyers in many of the shopping arcades have reduced because of coronavirus .,Adetɔfo a wɔwɔ mmeae a wɔtɔn nneɛma pii no so atew esiane coronavirus nti .
What is the significance of the research by Maina et al. in two thousand and four on fish marketing in South-Western Ghana?,Mɛni ji shishinumɔ ni yɔɔ nikasemɔ ni Maina kɛ ekrokomɛi fee lɛ he. Akpei enyɔ kɛ ejwɛ yɛ loo jarayeli he yɛ Ghana wuoyi-anaigbɛ?
I hug my son every morning before he goes to school.,Meyɛ me ba no atuu anɔpa biara ansa na wakɔ sukuu.
I heard that there's an issue with delayed payments to cocoa road contractors in Ghana. What's happening with that?,Minu akɛ naagba ko yɛ nyɔmɔwoo ni sɛɛ tsɛɔ ni akɛhaa cocoa gbɛ he nitsulɔi ni yɔɔ Ghana lɛ ahe. Mɛni miiya nɔ lɛ?
"Guys, it's not that it's expensive, it's me who's not the target","menye ɖee woxɔ asi o, ke boŋ menye wowɔe na o"
How is your family?,Is your family well?
"What was the method used to slice the fruits in the experiment, and what were the thickness sizes of the slices?","Mɛni ji gbɛ ni atsɔ nɔ afo aduawai lɛ yɛ kaa lɛ mli, ni mɛɛ ŋtayaai lɛ amli tsɔi lɛ mli tsɔ?"
Taxi drivers were warned not to move past curfew time.,Wɔbɔɔ taksikafo kɔkɔ sɛ ɛnsɛ sɛ wotu baabi foforo ntra bere a wɔahyɛ sɛ wɔmfa nkɔ fie no.
I've been reading about the bacteria found in fish ponds in Ghana. Can you tell me more about the types of bacteria that were isolated?,"No mli lɛ, mikaneɔ helai ni gbeɔ mɔ ni yɔɔ loo ŋshɔi ni yɔɔ Ghana lɛ amli lɛ ahe sane. Ani obaanyɛ okɛɛ mi helatsɛmɛi ahe nibii ni ayɔse lɛ ahe saji babaoo?"
I've been reading about a study on using sweet orange and cassava peels to manage root-knot nematodes in tomato plants. Can you explain what root-knot nematodes are and how they affect tomato plants?,Mikane nikasemɔ ko ni akɛ sweet orange kɛ cassava ŋmɔji tsu nii kɛkudɔ root-knot nematodes ni yɔɔ tomato tsei amli lɛ he sane. Ani obaanyɛ otsɔɔ nɔ ni root-knot nematodes ji kɛ bɔ ni amɛnáa tomato tsei anɔ hewalɛ amɛhaa lɛ mli?
"In order for a family to prosper, they should live in peace and harmony.","Sɛnea ɛbɛyɛ na abusua bi bedi yiye no, ɛsɛ sɛ wɔtra ase wɔ asomdwoe ne biakoyɛ mu."
How much does this cost?,Eyi bo yɛ ahe?
The water used to be contaminated by sewage from the nearby toilet.,"Kan no, na nsu fĩ a efi tiafi a ɛbɛn hɔ no mu gu fĩ."
Excuse me.,"Excuse me, please."
How much per basket?,Can I know the basket price?
"I'm trying to understand the soil composition in Ghana, specifically in the study areas of Mampong and Wenchi. Can you explain the main differences between Ferric Lixisol and Chromic Luvisol?","Miibɔ mɔdɛŋ ni manu bɔ ni shikpɔŋ ni yɔɔ Ghana lɛ yɔɔ ha lɛ shishi, titri lɛ yɛ Mampong kɛ Wenchi nikasemɔ hei lɛ. Ani obaanyɛ otsɔɔ srɔtofeemɔi titri ni yɔɔ Ferric Lisolisol kɛ Chromic Luvisol teŋ lɛ mli?"
Can I help you find something?,Do you need help finding something?
How can one identify real money from fake money?,Ɔkwan bɛn so na obi betumi ahu sika ankasa afi atoro sika mu?
Feel free to look around.,Feel ni aheee nɔ ko akɛ ebaakwɛ he ni eyɔɔ lɛ.
The water sources were fenced to protect them from animals.,Ná wɔabɔ nsu a ɛwɔ hɔ no ho ban de abɔ wɔn ho ban afi mmoa ho.
The village chairperson sold off that land illegally.,Akuraa no ase guamtrani no tɔn saa asase no wɔ ɔkwan a mmara mma ho kwan so.
I'm trying to understand the behavior of the HIV-one virus on CD4+ T-cells. Can you explain what happens when the fractal dimensions and fractional orders decrease?,Miibɔ mɔdɛŋ ni manu bɔ ni HIV-1 hela lɛ feɔ enii ehaa yɛ CD4+ T-cells lɛ shishi. Ani obaanyɛ otsɔɔ nɔ ni baa kɛji akɛ fãi amli fãi kɛ fãi amli fãi amli gbɛjianɔtoo lɛ ba shi lɛ mli?
What's the price of this item?,How much is this product selling for?
What's the cost of all these?,How much for everything?
I've been reading a research article from Ghana about customer-centric companies. Can you explain to me what the authors mean by 'lack of understanding about customer needs'?,Mikaneɔ niiamlitaomɔ wolo ko ni jɛ Ghana ni kɔɔ nitsumɔhei ni kɛ amɛhe woɔ mɛi ni heɔ nii lɛ amli lɛ ahe. Ani ofainɛ obaanyɛ otsɔɔ mi nɔ ni woloŋmalɔi lɛ tsɔɔ yɛ ‘nibii ni heɔ nii lɛ ahiamɔ nii ahe shishinumɔ ni bɛ’ lɛ mli?
Excuse me.,Ma me kwan.
"A pilot project is conducted to evaluate the feasibility, cost and duration of a project.","Wɔyɛ nhwehwɛmu adwuma bi de hwɛ sɛnea adwuma bi betumi ayɛ yiye, ɛho ka ne bere tenten a ɛbɛkyɛ."
"I am fine, thank you.","I am good, thanks"
The poor organization was as a result of not having enough money.,Ahyehyɛde a enye no fi sika a na ɛnnɔɔso.
"I’m done with the hotel and so I’m going to change inside in the toilets,” explained Bb Bouche Pointue",medzo le Hotel vɔ ekem mayi tsileƒea mayi ɖoli nu
"“For my part, I think that without it being so, the thousand franc note given as a thank you is a corruptive tactic”€¦ However “€¦.”",mesusu be ga home frã akpe ɖeka si wòtsɔ nae la nye zãnuɖuɖu ƒe nɔnɔme aɖe
"But as the appetite comes with eating, the family would always need the money from Sidiki Diabaté","eye esime detsi ivie xea kplɔ ta la, ƒomea gale sidiki ƒe ga dzim kokoko"
You're welcome here.,This place is open to you.
I recommend the “Quartz Africa Weekly Brief” newsletter received in emails every Sunday morning.,"mebia tso woasi be woaxle  newsletter de"" Quartz Africa Weekly Brief si kɔsiɖa ƒe email la me"
I came across a research article about cash management practices in Ghana. Can you tell me more about the study's methodology?,Mina niiamlitaomɔ wolo ko ni kɔɔ bɔ ni akɛ shika tsuɔ nii ahaa yɛ Ghana lɛ he. Ani obaanyɛ okɛɛ mi gbɛ ni atsɔɔ nɔ ataoɔ nii amli lɛ he saji babaoo?
I've received so many threats from my other friends because of you that I don't know if I should really continue talking about you,xɔ̃nye sɔgbɔ tsɔ nya le ŋunye ɖe ta wo alebe nyemenya ne magaƒo  u tso ŋu wo o
How much for two?,Combien pour deux ?
delayed payments were as a result of dwindling revenue.,Na sika a wɔkyɛe no fi sika a wonyae a ɛso tew.
"What factors influence soil structure and its effects on water movement, crop root growth, and water uptake in Ghana?","Mɛni nibii saa shikpɔŋ lɛ nɔ nibii kɛ nu ni hoɔ, ŋmɔshi nibii ashishifãi ni yaa hiɛ kɛ nu ni anáa yɛ Ghana lɛ he?"
How are you?,How are you doing?
Please come in.,"Please, come in."
See you tomorrow.,I'll see you tomorrow.
"A long, long time ago (yes it was at the beginning of the world) three friends: the vulture, the hornbill and the hen fell ill.","Tsã xoxo le blema,xexea ƒe gɔmedzedze me la, xɔlɔ etɔ, kãga, kalao kple koklo wodze dɔ."
I've been reading about the impact of inventory management on customer satisfaction. Can you tell me more about the conceptual framework used to study this relationship?,Mikane bɔ ni nibii ni akɛwoɔ mli lɛ ahe nitsumɔ saa mɛi ni heɔ nii lɛ atsui ni nyɔɔ mɔ mli lɛ he. Ani obaanyɛ okɛɛ mi babaoo yɛ susumɔ gbɛjianɔtoo ni akɛkase wekukpaa nɛɛ he?
Budgets indicate expected cash inflows and cash outflows.,Budget ahodoɔ kyerɛ sika a wɔhwɛ kwan sɛ wobenya ne sika a ɛbɛba.
I'm trying to understand the concept of hedging in finance. Can you explain it in simple terms?,Miibɔ mɔdɛŋ ni manu shishinumɔ ni ji hedging yɛ shika helɛtemɔ mli lɛ shishi. Ani obaanyɛ okɛ wiemɔi ni waaa atsɔɔ mli?
"I've heard that food security is a growing concern in Africa, especially in sub-Saharan Africa. Can you tell me more about this issue?","Minu akɛ niyenii ni anáa lɛ ji nɔ ko ni miiya nɔ yɛ Afrika, titri lɛ Afrika Sahara anaigbɛ. Ani obaanyɛ okɛɛ mi enɛ he saji babaoo?"
Welcome,You are welcome
Hi,Hey.
Hello,Bonjour
Welcome,Glad to welcome you
Is this the final price?,Est-ce le prix final ?
"It is once again because or rather thanks to Lalla that I bought €œSelf-portrait of the author as a long-distance runner€,",eye to Lalla dzi kee meto ƒle «Autoportrait»
Private hospitals are usually expensive for some patients to afford.,ankorankoro ayaresabea ahorow no bo yɛ den ma ayarefo binom sɛ wobetumi atua.
I'm interested in learning more about the shelf-stability of dried meat products. Can you explain what factors contribute to shelf-stability?,Miyɛ he miishɛɛ akɛ makase babaoo yɛ bɔ ni loo ni egbi lɛ baanyɛ ahi shi yɛ shɛlɛf mli lɛ he. Ani obaanyɛ otsɔɔ nibii ni haa shɛlɛf lɛ hiɔ shi jogbaŋŋ lɛ mli?
Man is the only animal that sets his price on the market.,amegbetɔ enye lã ɖeka sie dee asixɔxɔ ye ŋutɔ eɖokui ŋu
I'm trying to understand the concept of cash management in a business setting. Can you explain what cash management is and its importance?,Miibɔ mɔdɛŋ ni manu shika he gbɛjianɔtoo he susumɔ lɛ shishi yɛ jarayeli shihilɛ mli. Ani obaanyɛ otsɔɔ nɔ ni shika he gbɛjianɔtoo ji kɛ bɔ ni ehe hiaa ha lɛ mli?
I'm interested in learning about the physical properties of grains. Can you tell me about the relationship between microstructure and water absorption in cowpeas?,Miyɛ he miishɛɛ akɛ makase bɔ ni ŋmaa lɛ yɔɔ ha lɛ he nii. Ani obaanyɛ okɛɛ mi wekukpaa ni kã microflora kɛ nu ni shwieɔ tsina ŋmei mli lɛ teŋ?
I'm interested in learning more about the street food sector in Ghana. Can you tell me about the different types of street food vendors in Kumasi?,Miyɛ he miishɛɛ akɛ makase gbɛjegbɛ nɔ niyenii nitsumɔ ni yɔɔ Ghana lɛ he nii babaoo. Ani obaanyɛ okɛɛ mi gbɛjegbɛ nɔ niyenii ni ahɔ̃ɔ yɛ Kumasi lɛ ahe sane?
Parents are advised to look for money earlier so that children sit exams.,Yɛtu awofoɔ fo sɛ wɔnhwehwɛ sika ntɛm sɛdeɛ ɛbɛyɛ a wɔn mma bɛtwerɛ nsɔhwɛ no bi.
"What factors determine the adoption and use of electronic financial services among market traders in Accra, Ghana?","Mɛni nibii tsɔɔ bɔ ni jarayelɔi ni yɔɔ Accra, Ghana lɛ kpɛlɛɔ shika helɛtemɔ nitsumɔi ni yɔɔ kɔmpiuta nɔ lɛ anɔ ni amɛkɛtsuɔ nii?"
Welcome,Come in.
I'm interested in learning more about water pollution in Ghana. Can you tell me a bit about the current state of water pollution in the country?,Miyɛ he miishɛɛ akɛ makase nu mli mujiwoo ni yɔɔ Ghana lɛ he nii babaoo. Kɛɛmɔ mi nu mli mujiwoo shihilɛ ni yɔɔ maŋ lɛ mli amrɔ nɛɛ he sane fioo?
It's very hard to find a clean community market.,Ɛyɛ den yiye sɛ wubenya mpɔtam gua a ɛhɔ tew.
The market vendors advocated for early sex education.,Wɔn a wɔtɔn nnoɔma wɔ dwam no kyerɛɛ sɛ wɔnyɛ nkyerekyerɛ mfa mmaa ne mmarima nhyiamudie ho.
I'm trying to understand the research on road traffic fatalities in Ghana. Can you explain to me what the random slope model M2 is and how it's used in this context?,Miibɔ mɔdɛŋ ni manu niiamlitaomɔ ni afee yɛ gbɛjegbɛ nɔ tsɔnei ni gbeɔ mɛi yɛ Ghana lɛ shishi. Ani obaanyɛ otsɔɔ mi nɔ ni random slope model M2 lɛ ji kɛ bɔ ni akɛtsuɔ nii yɛ sane nɛɛ mli?
"What are some key factors that influence purchases in subsistence markets, according to research?","Taakɛ niiamlitaomɔ tsɔɔ lɛ, mɛni ji nibii titrii komɛi ni náa ŋmaa jarayeli nɔ hewalɛ?"
What's the price of this item?,How much is this item?
"It's okay, no worries.","Ɛnyɛ hwee, dadwen biara nni ho."
The cost of building the bridge on the river is very high.,Ɛka a wɔbɔ wɔ asubɔnten no so abɔntenban no ho no yɛ kɛse yiye.
Not too bad.,Menye nu gbegblẽ akpa o.
"I've been considering investing in Ghana, but I want to make sure I understand the economic landscape. Can you tell me about the relationship between fiscal policy and the stock market in Ghana?","Misusuɔ shika ni mikɛwoɔ Ghana lɛ he, shi miisumɔ ni mana nɔmimaa akɛ minuɔ shika helɛtemɔ shihilɛ lɛ shishi. Ani obaanyɛ okɛɛ mi wekukpaa ni kã shika he gbɛjianɔtoo kɛ Ghana shikatoohe lɛ teŋ?"
I am a little tired today.,I'm feeling worn out today.
"The environment, the personnel, the tools used, all this costs enormously,","nuƒoxlãwo, nufialawo, dɔ wɔnuwo esiawo katã xɔ ti ŋutɔ"
Thank you for coming.,Thanks for your visit.
"What is the current status of cement prices in Ghana, according to Michael Okyere Baafi?","Taakɛ Michael O’Kier Buffy tsɔɔ lɛ, bɔ ni simenti jara yɔɔ Ghana amrɔ nɛɛ."
How are you?,How is everything?
"This is not the story of a young girl who was forced to sell her body,",menye ɖetugbuivi ŋutinya ɖe si dzi wote ɖo be woawɔ ahasi o
What factors can affect the colour of drinking water in Ghana?,Mɛɛ nibii baanyɛ aná nu ni anuɔ yɛ Ghana lɛ su nɔ hewalɛ?
People go to the market to buy goods from traders.,Nkorɔfoɔ kɔ dwam kɔtɔ nnoɔma firi adwadifoɔ nkyɛn.
People should understand the word of the Lord.,Ɛsɛ sɛ nnipa te Awurade asɛm no ase.
The armed robberies have stolen money from the hardware business.,Adwowtwa a wɔde akode ayɛ no awia sika afi hardware adwuma no mu.
I've been reading about the use of sweetpotato puree in bread making in Ghana. Can you tell me more about this research?,Mikane bɔ ni akɛ ŋmɔtɔ ni mli tse tsuɔ nii yɛ blodofeemɔ mli yɛ Ghana lɛ he sane. Ani obaanyɛ okɛɛ mi niiamlitaomɔ nɛɛ he saji babaoo?
Can I help you find something?,May I assist you?
Fake seeds should be banned from the market.,Ɛsɛ sɛ twamu fri dwadie mu
I've been hearing about the West African Capital Market Integration. What are the expected benefits of this initiative?,Minu Afrika Anaigbɛ maŋtiase jarayeli ni akɛwoɔ mli lɛ he. Mɛni ji sɛɛnamɔi ni akpaa gbɛ kɛjɛɔ nɛkɛ nifeemɔ nɛɛ mli?
The groom gives bride price to his future in-laws.,Ɔbarima a ɔrekɔware no tua tire adeɛ ma ne nsenom
Money is needed in the fight against diseases.,Sika ho hia wɔ nyarewa a wɔko tia no mu.
I'm trying to understand the concept of red tape and its effects on service delivery. Can you explain what red tape is and how it originated?,Miibɔ mɔdɛŋ ni manu red tape he susumɔ lɛ kɛ bɔ ni enáa sɔɔmɔ nitsumɔ nɔ hewalɛ eha lɛ shishi. Ani obaanyɛ otsɔɔ nɔ ni red tape ji kɛ bɔ ni fee ni eba lɛ mli?
I'm sorry.,Medze agᴐ.
Newlyweds need to enrol for life insurance to plan for their family.,Ɛsɛ sɛ awarefo foforo kyerɛw wɔn din wɔ nkwa honsiakyibaa mu na wɔatumi ayɛ nhyehyɛe ama wɔn abusua.
See you later.,Naa bo yɛ sɛɛ mli.
Good evening,Evening.
"After saving some money, he started selling sandals.","Bere a ɔkoraa sika bi so akyi no, ofii ase tɔn mpaboa."
Some people name their children after their deceased parents.,Nnipa binom de wɔn mma din to wɔn awofo a wɔawuwu no so.
Have a good day.,Enjoy your day.
Have a seat.,Please sit down.
Can you give me today's price?,What is the current price today?
How may I help you?,How can I help you?
Most markets sell goods at a cheaper price.,Guadibea dodow no ara tɔn nneɛma a ne bo nyɛ den.
"His father did not live with the family, but worked in Half Assini where he pursued his goldsmith business until his death.","Ne papa ne abusua no antra, na mmom ɔyɛɛ adwuma wɔ Half Assini baabi a ɔyɛɛ ne sika kɔkɔɔ adwumfo adwuma no kosii ne wu mu."
How much is this?,How much is this item?
I figured the need to pay taxes would force me to look for ways to generate profits,amlɔkɔexexe ana be madi ga na dɔw;;fea
I'm interested in learning more about the water and sanitation concerns in Ghana. Can you tell me about the opportunities for participation by major stakeholders?,Miyɛ he miishɛɛ akɛ makase nu kɛ hetsemɔ he saji babaoo yɛ Ghana. Ani obaanyɛ okɛɛ mi hegbɛi ni yɔɔ ni okɛ mɛi titri ni yɔɔ hegbɛ lɛ baabɔ he sane?
Non health workers are still selling drugs to people.,Wɔn a wɔnyɛ akwahosan ho adwumayɛfo da so ara tɔn nnuru ma nkurɔfo.
How are you?,Hope you're doing well.
People need better equipment for proper fish storage.,Nkorɔfoɔ hia nnwinnadeɛ a ɛyɛ na ama wɔatumi de mpataa asie yie.
We must also pay particular attention to our relationships with others.,miedɔ la tsɔ belele tɔhɛ ana kadede si nɔa mi kple miatɔwo dome la
Welcome,You're most welcome.
Have a seat.,You may sit down
Lack of funds to establish processing plants has encouraged fish contamination.,Sika a wonnya mfa nsi mmeae a wɔyɛ nneɛma a wɔde yɛ nneɛma no ahyɛ mpataa a wɔde efĩ ba ho nkuran.
Can I know the price first?,What's the amount before I buy?
People lack machines to carry out rice processing.,Nkorɔfoɔ nni mfidie a wɔde bɛyɛ ɛmo ho adwuma.
I heard the Ghanaian government is planning to ban rice imports. Is this true?,Mi nu akɛ Ghana maŋ nɔyelɔi lɛ miito gbɛjianɔ koni amɛtsi omɔ ni akɛbaa maŋ lɛ mli lɛ naa. Ani enɛ ji anɔkwale?
How much for one?,How much is a single one?
Good afternoon,Ŋdᴐ
I'm interested in learning more about water quality in Ghana. Can you tell me about the physico-chemical characteristics of the Tano River?,Miyɛ he miishɛɛ akɛ makase nu ni yɔɔ Ghana lɛ he nii babaoo. Kɛɛmɔ mi Tano Faa lɛ mli nibii ni yɔɔ gbɔmɔtsoŋ kɛ tsofafeemɔ mli lɛ ahe sane?
"“I take care of everything at home, sometimes I even wonder why we’re getting married!” she says with a burst of laughter. ""","nye kpɔ nuwo katã gbɔ le aƒe la me ,ɣe aɖewo ɣi la ,mebiaa ɖokuinye se be nukata woɖea srɔ̃ mahã?"
"Two pieces, three pieces, four pieces then my fingers cross other fingers...Two flashes, then the light comes back","deka, eve etɔ̃ ene eye nye alɔ kli asibiɖe eve bubu... Eve nyɛ̃ɛ wona dzoa"
I came across a research article about Ghanaian goldsmiths and silversmiths. Can you tell me more about their traditional methods for creating jewelry pieces?,Mina sane ko ni kɔɔ Ghana shika tsuru kɛ jwiɛtɛi sɔ̃lɔi ahe. Ani obaanyɛ okɛɛ mi amɛ kusum gbɛi ni amɛtsɔɔ nɔ amɛfeɔ nibii ni akɛwulaa shi lɛ ahe saji babaoo?
Can I know the price first?,How much does it cost before I decide?
My brother has gone to fetch water from the tap.,Me nuabarima akɔbu nsuo afiri nsutwebea no mu.
Olanna is the type to try to please others,Olanna dzi be yeadze ame ŋu
How much for one?,How much for a single one?
"What is the main concern of the author in this opinion piece, published on the fifth of July in the year twenty twenty-four?",mii
"She will want me to come over to her place to drink some fruit juice, or eat something",abe mavano atikutsetsetsi alo aɖu nane le ye gbɔ
Kukua borrows money from groups and uses it as capital for briquette making.,kukua bɔ bosea fi akuw ahodoɔ hɔ na ɔde yɛ kapital de yɛ briquette.
"If we can meet before the match, or maybe at the hotel it will be easier","na miado go do ŋgɔ na ʋiʋlia alo le amedzrodzeƒea, anyo wú"
Good to see you again.,Enyo be míagakpɔ wò ake.
Veterans are to be paid in cash as resolved by the commissioner.,Ɛsɛ sɛ wɔde sika hyɛ asraafoɔ a wɔdi ako no nsam de tua wɔn ka sɛdeɛ ɔpanin no kaeɛ no.
I'm interested in learning more about the effects of small-scale mining on food production in Ghana. Can you tell me about a research study that investigated this issue?,Miyɛ he miishɛɛ akɛ makase bɔ ni shika bibii ni ajieɔ kɛjɛɔ shikpɔŋ lɛ nɔ lɛ saa niyenii ni anáa yɛ Ghana lɛ he lɛ he nii babaoo. Ani obaanyɛ okɛɛ mi nikasemɔ ko ni tao sane nɛɛ mli lɛ he sane?
What is the name of Maya Blu's debut EP and when was it released?,Mɛni ji Maya Blue klɛŋklɛŋ EP lɛ gbɛi ni mɛɛ be ajie lɛ kpo?
I heard that Dr. Mahamudu Bawumia has started a 'Thank You Tour'. Can you tell me more about it?,Mi nu akɛ Dr. Mahamudu Bawmia eje e-‘Shidaa Gbɛfaa’ lɛ shishi. Ani obaanyɛ okɛɛ mi ehe saji babaoo?
"""""» No difference with the case of the man who has several rights and duties towards his wife and family.",enye dzɔgbevɔ̃e la ƒe dzɔtsoƒe eye woxea mɔ na ame le Mawu ƒe fetu na ame la ŋu
Road construction works are expensive to the districts.,Akwan a wɔyɛ no bo yɛ den ma amansin no
The minister visited the piece of land where construction will take place.,Ɔsoafoɔ no kɔɔ asase no a dwumadie no rebɛkɔ so no so.
"I've been reading about mobile money services in Ghana, specifically in Bongo District. Can you tell me more about how mobile money promotes savings mobilization among the people there?","Mikane shika ni akɛyaa tsɔne mli lɛ he nitsumɔi yɛ Ghana, titri lɛ yɛ Bongo kpokpaa lɛ nɔ. Ani obaanyɛ okɛɛ mi babaoo yɛ bɔ ni mobile money baanyɛ aha shikatoo aya hiɛ yɛ mɛi ni yɔɔ jɛmɛ lɛ ateŋ lɛ he?"
Can you give me today's price?,Ani obaanyɛ oha mi ŋmɛnɛ jara?
I'm trying to understand the VAT system in Ghana. Can you explain the different departments within the VAT Service?,Miibɔ mɔdɛŋ ni manu VAT gbɛjianɔtoo ni yɔɔ Ghana lɛ shishi. Ani obaanyɛ otsɔɔ fãi srɔtoi ni yɔɔ VAT nitsumɔ lɛ mli lɛ mli?
I've been reading about the Ghanaian banking sector and I'm curious about the relationship between service quality and customer loyalty. Can you tell me more about this?,Mikaneɔ Ghana shikatoohe lɛ he saji ni miitao male kɛ wekukpaa ni kã nitsumɔ ni hi jogbaŋŋ kɛ anɔkwayeli ni mɛi ni heɔ nii lɛ yeɔ lɛ teŋ lɛ. Ani obaanyɛ okɛɛ mi enɛ he saji babaoo?
"Could you repeat that, please?",Please repeat that.
I don't understand.,Mente aseɛ.
I'm interested in learning about the relationship between fruit and vegetable consumption and health. What are some common misconceptions people have about fruits and vegetables?,Miyɛ wekukpaa ni kã aduawai kɛ aduawai ni ayeɔ kɛ hewalɛnamɔ teŋ lɛ he miishɛɛ. Mɛni ji susumɔi ni ejaaa ni mɛi hiɛ yɛ aduawai kɛ aduawai ahe?
I'm interested in learning more about how family income affects students' career aspirations in Ghana. What are some key findings from recent research?,Miyɛ he miishɛɛ akɛ makase babaoo yɛ bɔ ni weku shika ni anáa lɛ saa nikaselɔi anitsumɔ he shwelɛi ahe yɛ Ghana lɛ he. Mɛni ji nibii titrii komɛi ni ana kɛjɛ niiamlitaomɔ ko ni afee nyɛsɛɛ nɛɛ mli?
I'm interested in learning about pricing strategies in quantity surveying consultancy services. Can you tell me more about the current state of research in this area?,Miyɛ gbɛi ni atsɔɔ nɔ awoɔ jara kɛha nibii ahe nyɔmɔwoo he ŋaawoo nitsumɔ he miishɛɛ. Ani obaanyɛ okɛɛ mi bɔ ni niiamlitaomɔ ni yɔɔ nɛkɛ he nɛɛ yɔɔ ha lɛ he saji babaoo?
I am always grateful to have loved ones with whom I can talk about doubts,mekpɔ dzidzɔ be amewo li sie memaa nye ɖikekewo kplie
People do not have enough food to eat.,Nkorɔfoɔ nni aduane pii a wɔbɛdi.
I am a little tired today.,Ðeɖi te ŋunye vie egbea.
He was naturally social and enjoyed being around people. He was thus able to make friends easily.,Ná ɔyɛ obi a ɔne afoforo bɔ fi awosu mu na na n’ani gye ho sɛ ɔne nkurɔfo bɛbɔ. Ɔnam saayɛ so tumi faa nnamfo ntɛm.
Millions of people rery on animals for food.,Nnipa ɔpepem pii de wɔn ho to mmoa so na  ama wonya aduan.
"What is bread staling, and how does it affect the quality of bread?","Mɛni ji blodo ni kpɛtɛɔ he, ni te enáa blodo kpakpa nɔ hewalɛ ehaa tɛŋŋ?"
What are the basic carving skills that can enable a person to cater for their family or themselves?,Mɛni ji shishijee ŋaa nitsumɔi ni haa mɔ ko nyɛɔ ekwɛɔ eweku loo lɛ diɛŋtsɛ ehe nɔ?
I've heard about the novel 'In the Country of Men' which portrays the life of a young boy named Suleiman. Can you tell me more about his life and the society he lives in?,Minu wolo ko ni atsɛɔ lɛ ‘Yɛ Hii Amaŋ lɛ Mli’ ni tsɔɔ gbekɛ nuu fioo ko ni atsɛɔ lɛ Sulaiman shihilɛ mli lɛ he. Ani obaanyɛ okɛɛ mi eshihilɛ kɛ akutso lɛ mli saji babaoo?
Good evening,A very good evening
What's your best price?,Can you give me a better price?
Medicine and surgery students require more money compared to the rest.,Aduroyɛ ne oprehyɛn ho adesuafo hwehwɛ sika pii sɛ wɔde toto wɔn a aka no ho a.
Feel free to look around.,Take a look at what we have.
Maybe.,Possibly.
I'm interested in learning about the impact of climate variability on tomato production in Ghana. Can you tell me more about the Offinso North District and why it's relevant to this topic?,Miyɛ bɔ ni kɔɔyɔŋ tsakemɔi saa tomato ni afeɔ yɛ Ghana lɛ he lɛ he miishɛɛ. Ani obaanyɛ okɛɛ mi Offinso North Kpokpaa lɛ he saji babaoo kɛ nɔ hewɔ ni ekɔɔ saneyitso nɛɛ he lɛ?
I heard that the Energy Sector Levy Act (ESLA) raised a significant amount of money. Can you tell me more about it?,"Mi nu akɛ, Energy Sector Levy Act (ESLA) lɛ eha shika babaoo eba. Ani obaanyɛ okɛɛ mi ehe saji babaoo?"
"I am fine, thank you.","I'm fine, thank you."
Negative forces are sabotaging our values striking the family and the youth,Tumi bɔne kuw resɛe yɛn gyinapɛn ahorow na ɛrebɔ abusua no ne mmerante ne mmabaa
I'm interested in learning more about green supply chain management practices in Ghana. Can you tell me about the adoption rates of GSCM among food processing firms and agri-businesses in the country?,Miyɛ he miishɛɛ akɛ makase nibii babaoo yɛ bɔ ni akwɛɔ nibii ni akɛhaa mɛi ni yɔɔ ŋmɔ mli lɛ anɔ yɛ Ghana lɛ he. Ani obaanyɛ okɛɛ mi bɔ ni niyenii afeemɔ nitsumɔhei kɛ agri nitsumɔhei ni yɔɔ maŋ lɛ mli lɛ kpɛlɛɔ GSCM nɔ amɛhaa lɛ he sane?
"Don't wait for me tonight, my love, because I really want to hang out with my friends",megatɔ́ te kpɔm ɣetrɔ sia o elabe medibe manɔ xɔ̃nyewo gbɔ vie fiɛ̃ sia
"What is the Proper Human Sexual Rights and Ghanaian Family Values Bill, two thousand and twenty-one and why is Professor Henry Kwasi Prempeh speaking out against it?","Mɛni hewɔ Adesai Ahegbɛi kɛ Ghana Weku Shihilɛ He Mla diɛŋtsɛ, akpei enyɔ kɛ nyɔŋmai enyɔ kɛ ekome kɛ Prof. Henry Kwasi Prempeh teɔ shi woɔ lɛ?"
I'm interested in learning about the importance of inventory management in businesses. Can you explain how it affects customer satisfaction?,Miyɛ bɔ ni nibii ni akɛwoɔ jarayeli nitsumɔi amli lɛ ahe hiaa ha lɛ he miishɛɛ. Ani obaanyɛ otsɔɔ bɔ ni enaa mɛi ni heɔ nii lɛ atsui ni nyɔɔ mɔ mli lɛ nɔ hewalɛ ehaa lɛ mli?
The vendors do not have accountability for their money.,Wɔn a wɔtɔn nneɛma no nni wɔn sika ho akontaabu.
Which one costs less?,Which one is cheaper?
Feel free to look around.,N'hésitez pas à regarder autour de vous.
Thank you very much.,I really thank you.
I've been trying to understand how property transaction taxes work in Ghana. Can you tell me more about the different types of taxes that are imposed?,Mibɔ mɔdɛŋ ni manu bɔ ni nibii ahe jarayeli he tooyeli tsuɔ nii yɛ Ghana lɛ shishi. Ani obaanyɛ okɛɛ mi tooi srɔtoi ni awoɔ lɛ ahe saji babaoo?
I read about a University of Ghana student who mysteriously blacked out and lost money. Can you tell me what happened?,Mikane nikaselɔ ko ni yɔɔ Ghana Yunivɛsiti lɛ ni shika laaje yɛ teemɔŋ gbɛ nɔ lɛ he sane. Ani obaanyɛ okɛɛ mi nɔ ni ba?
Can I help you find something?,Can I help you?
Main markets are inspected for hygiene issues to ensure the cleanliness and safety of the vendors and customers.,Wɔhwɛ dwa atitire mu hwɛ sɛ ahoteɛ ho nsɛm bi wɔ hɔ de hwɛ hu sɛ adetɔnfoɔ ne adetɔfoɔ no ho tew na wɔwɔ ahobammɔ.
What percentage of respondents in the Ghanaian research article knew where to get family planning methods?,Mɛi enyiɛ ni abibii amɛ saji yɛ Ghana niiamlitaomɔ sane lɛ mli lɛ le he ni amɛbaanyɛ amɛna gbɛi ni atsɔɔ nɔ atoɔ weku he gbɛjianɔ yɛ?
Some children are unable to access basic needs like clean water.,Mmofra binom ntumi nnya ahiade atitiriw te sɛ nsu pa.
Can I help you find something?,Would you like help finding something?
What's the cheapest one?,What's your most affordable one?
"People have easy accessibility to schools, health services and areas of the market.","Nkorɔfo wɔ kwan a ɛnyɛ den sɛ wɔbɛkɔ sukuu, apɔmuden ho adwumayɛbea ne mmeaeɛ a ɛwɔ dwa so."
"Could you repeat that, please?",Can you say that again?
Not too bad.,Could be worse.
I'm interested in learning more about the insurance industry in Ghana. Can you tell me about a recent study on customer relationship management in the industry?,Miyɛ he miishɛɛ akɛ makase inshuɔrans nitsumɔ ni yɔɔ Ghana lɛ he nii babaoo. Ani obaanyɛ okɛɛ mi nikasemɔ ko ni afee nyɛsɛɛ nɛɛ yɛ mɛi ni heɔ nii lɛ ateŋ wekukpaa nɔkwɛmɔ he yɛ nitsumɔhe lɛ he sane?
Good to see you again.,Welcome back.
Which one costs less?,Which one has a lower price?
What do you do for work?,What kind of work do you do?
I repeat my sentence,megagblɔ nyanyea
I am doing well.,Mele edzi dzem nyuie.
Thank you for this much appreciated contribution! Thank you Fabrice.,"akpe ɖe wò nyatsɔkpenyawo  ta,Fabrice"
Motorcycles are the cheapest and fastest means of transport.,Moto ne akwantu afiri a ne bo nyɛ den na ɛyɛ ntɛm sen biara.
Oral histories of the Kingdom tell that it was founded by a warrior named Tohazie.,Ahenni no ho abakɔsɛm a wɔde ano ka kyerɛ sɛ ɔkofo bi a wɔfrɛ no Tohazie na ɔde sii hɔ.
Is this expensive?,Is this cheap or expensive?
"Without paying attention to these words, Baffo threw twenty coins on the ground and walked away taking the canary.","Bafo metsɔ nya siawo wɔ dɔe o, etsɔ klosalo blave ƒugbe ɖe afima eye wotsɔ zevi la dzoe."
I came across a research article about Customer Relationship Management (CRM) in Ghana. Can you tell me more about the scope of the study?,Miyana niiamlitaomɔ wolo ko ni kɔɔ mɛi ni heɔ nii lɛ ateŋ wekukpaa he gbɛjianɔtoo (CRM) he yɛ Ghana. Ani obaanyɛ okɛɛ mi bɔ ni nikasemɔ lɛ yaa hiɛ ehaa lɛ he saji babaoo?
What's the price of this item?,How much is this going for?
The food donated during the pandemic lockdown was of poor quality.,"Aduane a wɔkyekyɛɛ no berɛ a aban ahyɛ sɛ obiara mpue no, na ɛnyɛ papa biara saa."
Kingdoms get a lot of money from their various projects.,Ahennie ahodoɔ nya sika pii fi wɔn nnwuma ahodoɔ no mu.
What is the Ghana Maritime Authority doing to reduce water transport-related accidents?,Mɛni Ghana Ŋshɔ hiɛ Nitsumɔhe lɛ miifee koni ekɛba osharai ni jɛɔ nu mli gbɛfaa mli baa lɛ shi?
I'm trying to understand the impact of non-compliance to diabetes management protocols. Can you explain why compliance is crucial?,Miibɔ mɔdɛŋ ni manu nɔ ni jɛɔ sikli hela he gbɛjianɔtoo he mlai ni ayeee lɛ mli baa lɛ shishi. Ani obaanyɛ otsɔɔ nɔ hewɔ ni ehe hiaa waa akɛ aye nɔ lɛ mli?
I have a loan debt to pay for a period of over five years.,Mewɔ bosea a ɛsɛ sɛ mitua bɛboro mfe anum.
Maybe.,Ɖewohĩ.
I've been reading about mobile money services in Ghana. What are some of the benefits of using these services?,Mikane shika ni akɛyaa he fɛɛ he yɛ Ghana lɛ he sane. Mɛni ji sɛɛnamɔi komɛi ni yɔɔ nitsumɔi nɛɛ ni akɛtsuɔ nii lɛ he?
"Only family is allowed,",.Fomea koe woɖe mɔ na
I understand.,Mese egᴐme.
Is it cheaper to get your health insurance through your employer?,So ne boɔ nyɛ den sɛ wobɛfa w’adwumawura so anya w’apɔmuden ho insurance?
Special thanks were conveyed to the bishop for his visionary leadership.,Wɔde aseda soronko maa bishop no wɔ n’anisoadehunu akanni no ho.
What is the purpose of the sensory evaluation forms used by the Department of Food Science and Technology at Kwame Nkrumah University of Science and Technology?,"Mɛni ji yiŋtoo ni yɔɔ henumɔi amlipɛimɔ woji ni Niyenii He Nilee kɛ Teknɔlɔji Nitsumɔhe, Kwame Nkrumah Jeŋ Nilee kɛ Teknɔlɔji Yunivɛsiti lɛ kɛtsuɔ nii lɛ sɛɛ?"
It requires a lot of money to traver around the country soliciting for votes.,Egye sika pii na wɔatumi atu kwan akɔ ɔman no mu akɔhwehwɛ abatow.
What are some common misconceptions about family planning in Ghana?,Mɛni ji susumɔi ni ejaaa ni mɛi pii hiɛ yɛ weku gbɛjianɔtoo he yɛ Ghana?
How can I assist you today?,How may I be of service today?
What are some factors that influence the market price of fresh fruits and vegetables in Ghana?,Mɛni ji nibii komɛi ni saa aduawai kɛ aduawai heei ahe jara ni yɔɔ Ghana lɛ he?
Is this expensive?,Why is this so expensive?
"But thanks to his new coach and his determination, Agassi won the Roland Garros final in 1999,",gake kple nufiala yéyé la ekpɔ dzi ɖuɖu le Roland Garros le 1999 lia me
He advised the locals to use the money for developing their livelihoods.,Ɔtuu kurom hɔfo fo sɛ wɔmfa sika no nyɛ wɔn asetra ho adwuma.
The girl complained about being denied food at home.,Abaayewa no kaa sɛ wɔmma no aduane nni wɔ fie.
People are always promised money each time the general elections approach.,Wɔhyɛɛ nkorɔfoɔ no bɔ sɛ wɔbɛma wɔn sika berɛ biara ɔman no nyinaa abatoɔ ɛreba so no.
I've heard that construction projects in Ghana often experience delays and cost overruns. What are some of the common causes of conflicts in these projects?,"Minu akɛ bei pii lɛ, tsumaa nitsumɔi ni yaa nɔ yɛ Ghana lɛ sɛɛ tsɛɔ, ni amɛheɔ shika babaoo. Mɛni ji nibii komɛi ni kɛ béi baa nitsumɔi nɛɛ amli?"
I'm trying to understand the Multiple Knapsack Problem (MKP) and its algorithm. Can you explain it to me?,Miibɔ mɔdɛŋ ni manu Knapsack Naagbai Srɔtoi (MKP) lɛ kɛ e-algorithm lɛ shishi. obaanyɛ otsɔɔ mi mli
Can I help you find something?,Can I help you find anything?
I'm interested in learning about post-harvest losses in rice production. Can you tell me about the stages where these losses occur?,Miyɛ ŋmãa ni laajeɔ yɛ ŋmaakpamɔ sɛɛ lɛ he miishɛɛ. Ani obaanyɛ okɛɛ mi fãi ni nɛkɛ nibii ni laajeɔ nɛɛ baa mli lɛ ahe sane?
I'm interested in learning about the effects of small-scale mining on food production in Ghana. Can you tell me more about this topic?,Miyɛ bɔ ni shika bibii ni ajieɔ kɛjɛɔ shikpɔŋ lɛ nɔ lɛ saa niyenii ni afeɔ yɛ Ghana lɛ he lɛ he miishɛɛ. Ani obaanyɛ okɛɛ mi enɛ he saji babaoo?
Please come in.,"Ofainɛ, ba mli."
I heard that the National Health Insurance Authority (NHIA) has made some significant payments to healthcare providers in Ghana. Can you tell me more about it?,"Minu akɛ, maŋ lɛ mli helatsamɔ he inshuɔrans nitsumɔhe lɛ (NHIA) ewo helatsamɔ he nitsulɔi ni yɔɔ Ghana lɛ nyɔmɔ komɛi ni he hiaa waa. Ani obaanyɛ okɛɛ mi ehe saji babaoo?"
Good afternoon,Bon après-midi
You always have to thank those people who help you in bad times because it's a sign of respect to thank people who help you when you are in need.,Berɛ biara ɛsɛ sɛ woda nnipa a wɔboa wo wɔ mmerɛ bɔne mu no ase ɛfiri sɛ ɛkyerɛ obuo sɛ wobɛda nnipa a wɔboa wo wɔ ahokyerɛ berɛ mu no ase.
Welcome,"Welcome, make yourself comfortable."
Which one costs less?,"Between these, which is cheaper?"
"In addition, tomato puree is positioned as an alternative to a product that has since become increasingly criticized...",ke timati tutu la va abe xɔnametɔ ene le xoxotɔ si ta amewo le ɣli dom le la gbɔ
So thank you for drawing attention to this very basic fact (let's talk) but very important.,"akpe be nehe míaƒe susu va nusia dzi be míƒo nu le eŋu,ele vevie"
Market vendors were asked to follow the health guiderines to survive the pandemic.,Wɔka kyerɛɛ wɔn a wɔtɔn nneɛma wɔ dwa soɔ no sɛ wonni akwahosan ho akwankyerɛ ahodoɔ no akyi na ama wɔanya wɔn ti adidi mu wɔ ɔyaredɔm berɛ no mu.
I understand.,Mete aseɛ.
"I've been reading about the textile industry in Ghana. What types of textiles are commonly sold, and what challenges do indigenous textile producers face?","Mikane atadefeemɔ nitsumɔ ni yɔɔ Ghana lɛ he sane. Mɛɛ atadei ahe nibii ahɔ̃ɔ fe fɛɛ, ni mɛɛ naagbai maŋbii ni feɔ atadei lɛ kɛkpeɔ?"
What happened to the Ugandan TikTokers who allegedly insulted President Yoweri Museveni and his family?,Mɛni ba Uganda TikTokbii ni akɛɛ amɛgbe maŋ onukpa Yoweri Museveni kɛ eweku lɛ he guɔ lɛ anɔ?
Family dream trip will be in western Ghana.,Abusua akwantu a wɔn ani da so no wɔ Ghana atɔe fam.
"What is Ghana's twenty-four-hour economy initiative, and how does it relate to the global green transition market?","Mɛni ji Ghana ŋmɛlɛtswai nyɔŋmai enyɔ kɛ ejwɛ shika helɛtemɔ he gbɛjianɔtoo lɛ, ni te ekɛ jeŋ muu fɛɛ ŋmɔshi nibii tsakemɔ jarayeli lɛ yɔɔ tsakpaa ha tɛŋŋ?"
How much would everything cost?,What is the cost of everything?
The agricultural sector was allocated a lot of money.,Wɔkyekyɛɛ kuayɛ adwuma no sika pii.
Nice to meet you.,Good to meet you.
There is a specific amount of money we are supposed to pay every month.,Sika pɔtee bi wɔ hɔ a ɛsɛ sɛ yɛtua no bosome biara.
Hello,Hey there.
"Segregation too was rising as payments, rent ,and meals weren't equally distributed by contractors.","na mpaapaemu nso rekɔ soro bere a na adwumayɛfo a wɔyɛ adwuma wɔ hɔ no nkyekyɛ sikatua, dan ka ,ne aduan pɛpɛɛpɛ no."
I'm trying to understand more about HIV-one and HIV-two point  wattshat are the key differences between these two types of viruses?,Miibɔ mɔdɛŋ ni manu hiv-one kɛ hiv-two lɛ shishi babaoo mɛni ji srɔtofeemɔi titrii ni yɔɔ nɛkɛ helai enyɔ nɛɛ ateŋ?
What's the current state of food prices in Ghana?,Mɛni ji niyenii jara shihilɛ ni yɔɔ Ghana amrɔ nɛɛ?
Sorry to bother you.,I don't mean to bother you.
"The kingdom has a diverse selection of foods. Common foods are Sa-am (Tuozaafi), Sakoro (pounded yam), Tuya (rice and beans), Tubani, Gablee, wasawasa, yaankahanda, yaanmonda, yaankikalli, and others.","Ahennie no sane wɔ fa bi a ɛyɛ nnuane ahodoɔ nyinna bi. Nnuane a abu so no binom ne Sa-am (Tuozaafi), Sakoro (bayerɛ a wɔawɔ), Tuya (ɛmo ne adua), Tubani, Gablee, wasawasa, yaankahanda, yaanmonda, yaankikalli, ne deɛ ɛkeka ho."
I understand.,I understand you.
The food was distributed to the erderly and the vulnerable only.,Wɔkyekyɛɛ nnuane no mmaa wɔn a wɔn mfeɛ akɔ anim ne ahiafoɔ nko ara.
"My friends, my sisters, my aunts, my mothers","x$nyewo, nɔɖinyewo, n;lonyewo"
I've been reading about pesticide residues in fruits and vegetables. Can you tell me more about the risks associated with consuming these contaminated foods?,Mikane tsofai ni gbeɔ kooloi ni yɔɔ aduawai kɛ aduawai amli lɛ ahe saji. Ani obaanyɛ okɛɛ mi osharai ni yɔɔ niyenii ni mli ewo muji nɛɛ ni ayeɔ lɛ he babaoo?
Can you give me today's price?,Pouvez-vous me donner le prix d'aujourd'hui ?
The swimmer gracefully glided through the water. He completed each stroke with precision.,Asudwareni no yɛɛ adom faa nsuo no mu. Ɔwiee ɔhweɛ biara pɛpɛɛpɛ.
Safe travels.,Gbɛfaa ni yɔɔ shweshweeshwe.
You're welcome here.,Make yourself at home.
What are the sources of opportunities in the global market for the cable and wire manufacturing firms in Ghana?,Mɛni ji hegbɛi ni yɔɔ jeŋ muu fɛɛ jarayeli mli kɛha nitsumɔhei ni feɔ waya kɛ waya yɛ Ghana lɛ jɛɛhei?
The district leader has employed a new watchman in the market.,Ɔpanin a ɔda Mansini no ano no afa awɛmfoɔ sɛ wɔnnwɛn edwa no.
What is the Tema Port Expansion Project and how much did it cost?,Tema ŋshɔkpɔ lɛ nɔ lɛlɛdaamɔhe lɛ mlilɛɛmɔ nitsumɔ lɛ ji shika enyiɛ ni shika enyiɛ akɛtsu nii?
I've heard that the use of modern family planning methods is increasing in some African countries. Can you tell me more about this trend?,Minu akɛ ŋmɛnɛŋmɛnɛ beaŋ gbɛi ni atsɔɔ nɔ atoɔ weku he gbɛjianɔ lɛ miiya hiɛ waa yɛ Afrika maji komɛi amli. Ani obaanyɛ okɛɛ mi nibii babaoo yɛ nɛkɛ nifeemɔ nɛɛ he?
Fish farms should be constructed near water sources.,Ɛsɛ sɛ wosi Nsuomu nam adwuma a ben nsu a ano yɛ.
What makes Ghana's payment system unique in Africa?,Mɛni haa Ghana nyɔmɔwoo gbɛjianɔtoo lɛ feɔ nɔ ni yɔɔ srɔto kwraa yɛ Afrika?
Hi,Hi there
I don't understand.,I do not understand you.
I read that the administrator of Common Fund has been borrowing to pay District Assemblies. Can you confirm this and explain the situation?,Mikane akɛ maŋ shikatoohe lɛ nɔkwɛlɔ lɛ miifa shika koni ekɛwo kpokpaa nɔ kpeei ahe nyɔmɔ. Ani obaanyɛ oma enɛ nɔ mi ni otsɔɔ shihilɛ lɛ mli?
The government needs to buy more land from people to help improve agriculture.,Ɛsɛ sɛ aban no totɔ nsase bebree firi nkurɔfoɔ hɔ de boa ma kuayɔ tu mpɔn
"The children came every morning from 10 a.m. to 12 p.m., and afternoons from 2 p.m. to 5 p.m.,",ɖeviawo va na ŋdi sia ŋdi tso 10h yi 12h eye tso 14h yi 17h le ɣetrɔ me
I heard that SIC Insurance PLC paid a large insurance claim to VRA. Can you tell me more about this?,Mi nu akɛ SIC Insurance PLC lɛ wo inshuɔrans he nyɔmɔ babaoo eha VRA. Ani obaanyɛ okɛɛ mi enɛ he saji babaoo?
Have a seat.,Please take a seat
Thanks for your help.,Thanks for helping me out.
Drivers stop at fuel stations to buy fuel for their vehicles.,Karkafo gyina mmeae a wɔtɔn pɛtro kɔtɔ pɛtro ma wɔn kar ahorow.
What can you tell me about the relationship between market risk and profitability in the context of the Asset Liability Committee (ALCO) of a bank in Ghana?,Mɛni obaanyɛ okɛɛ mi yɛ wekukpaa ni yɔɔ jarayeli mli osharai kɛ sɛɛnamɔ ni anáa lɛ teŋ kɛjɛ Asset Liability Committee (ALCO) ni yɔɔ Ghana lɛ susumɔ mli?
I admit that I was amazed by what is being done at Baby Lab and what will still be done thanks to donations from the Orange foundation.,nusiwo wole wɔwɔm nyo eye egayi edzi kple nunana sia
Some districts do not have access to clean water.,Amansin bi nni nsu pa.
I've been reading about the levels of heavy metals in fish species in Ghana. Can you tell me more about the risks associated with consuming these fish?,Mikaneɔ bɔ ni dade ni tsii ni yɔɔ loo henɔi ni yɔɔ Ghana lɛ amli lɛ fa ha lɛ he sane. Ani obaanyɛ okɛɛ mi osharai ni yɔɔ loo nɛɛ yeli he babaoo?
I heard that there's a new law being proposed in Nigeria to change the way people pay rent. Can you tell me more about it?,Mi nu akɛ awo mla hee ko yɛ Nigeria ni baa tsake bɔ ni gbɔmɛi woɔ amɛ shĩa nyɔmɔ amɛhaa lɛ. Ani obaanyɛ okɛɛ mi ehe saji babaoo?
"Mariko, please stop killing animals like you do.","Mariko, dzudzɔ lãwo wuwu alea."
I'm trying to understand the concept of random walk hypothesis in the context of stock prices. Can you explain it to me?,Miibɔ mɔdɛŋ ni manu shishinumɔ ni ji random walk hypothesis lɛ shishi yɛ nibii ahe jara he. obaanyɛ otsɔɔ mi mli
"""To say that a student doesn't need anything other than Office is to misunderstand their needs.""",mienyaa sukukɔkɔdela ƒe hihiãwo tae miegblɔa be womehiã naɖeke to vovo na Office o
How much money does the Electricity Company of Ghana (ECG) need to operate efficiently each month?,Shika enyiɛ he hiaa ni Ghana La He Nitsumɔhe (ECG) lɛ atsu nii jogbaŋŋ daa nyɔŋ nɔ?
Safe travels.,Safe journey home.
I'm interested in learning about the different types of pepper varieties produced in the Ashanti Region of Ghana. Can you tell me more about the varieties mentioned in the research article?,Miyɛ he miishɛɛ akɛ makase ŋmeii srɔtoi ni aduɔ yɛ Ashanti kpokpaa ni yɔɔ Ghana lɛ nɔ lɛ ahe nii. Ani obaanyɛ okɛɛ mi kooloi srɔtoi ni atsĩ tã yɛ niiamlitaomɔ wolo lɛ mli lɛ ahe saji babaoo?
I heard the National Health Insurance Levy has been uncapped. What does this mean and how much money is expected to be raised?,Mi nu akɛ awoko maŋ lɛ helatsamɔ he inshuɔrans Levy lɛ. Mɛni enɛ tsɔɔ kɛ shika enyiɛ akpaa gbɛ akɛ abaabua naa?
I came across the name Brenda Antwi Donkor while reading about Ghanaian TV productions. Can you tell me more about her?,"Beni mikaneɔ Ghana TV nɔ nibii ni ajieɔ lɛ ahe saji lɛ, mikɛ gbɛi ni ji Brenda Antwi Donkor lɛ kpe. Ani obaanyɛ okɛɛ mi ehe saji babaoo?"
Sorry to bother you.,Sorry to disturb you.
Please come in.,"Come in, please."
Is this the final price?,Is that the last amount?
Every family should think about starting its own business.,Ɛsɛ sɛ abusua biara dwen ho sɛ wobehyɛ wɔn ankasa nnwuma ho dwuma.
Agents can immediately access money from the bank to meet customer demands.,Adwuma bi nanmusifoɔ betumi anya sika afi sikakorabea hɔ ntɛm ara de adi adetɔfo ahiade ho dwuma.
Some village youths have resorted to pushing travelers through the mud for quick money.,Akuraa ase mmabun binom de wɔn ho ahyɛ akwantufo a wɔbɛpia wɔn afa atɛkyɛ mu so de anya sika ntɛm
She was imprisoned for failing to pay the loan.,Wɔde no too afiase esiane sɛ wantua bosea no.
Hi,Salut
"What percentage of women in several African countries, including Ghana, are using modern family planning methods postpartum?","Yei oha mlijaa enyiɛ ni yɔɔ Afrika maji srɔtoi anɔ, ni Ghana fata he lɛ kɛ ŋmɛnɛŋmɛnɛ beaŋ weku gbɛjianɔtoo gbɛi tsuɔ nii yɛ fɔmɔ sɛɛ?"
Please come in.,Go ahead and come in.
I haven't had a pay raise in three years.,"Mfe abiɛsa ni a, minnyaa akatua a ntumuu."
The water spirits of this place are called “mousous”.,Woyɔa teƒe ma ƒe tɔmevoduawo be Mamiwo.
What are some internal factors that can influence the market orientation of a firm?,Mɛni ji nibii komɛi ni yɔɔ mli ni náa nitsumɔhe ko jarayeli gbɛ nɔ hewalɛ?
"Some project leaders involved in construction projects were found to have embezzled the allocated funds, falsely claiming to have sent the funds using mobile money transactions.","Wohui sɛ adwuma no akannifo binom a wɔde wɔn ho hyɛɛ adansi adwuma mu no sɛee sika a wɔde ama no, na wodii atoro kae sɛ wɔde sika a wɔde di dwuma wɔ telefon so na ɛde sika no kɔmaa wɔn."
The customers are few ever since the tax was introduced.,"Fi bere a wɔde tow no bae no, adetɔfo no sua."
The doctor encouraged us to eat fruits and vegetables.,Dɔkotafoɔ no hyɛɛ yɛn nkuran sɛ yɛnni nnuabe ne atosodeɛ
comment * name * I have too often been criticized for criticizing and doing nothing other than criticizing what is decided in Chad.,comment * name wogblɔa nam be nyemewɔa naneke wu be matsitre ɖe nyametsotso siwo katã wowɔa le Tchad le ŋu o
"It is in the family that values ​​are instilled in them from the first years of their life which should serve as a reference for them. """,wogbesese na dzi dzea eme nam
"As a family, we opened up a group savings account in the bank.","Sɛ́ abusua no, yebuee kuw bi a wɔde sie sikakorabea wɔ sikakorabea."
You're welcome here.,You are always welcome here
Mothers should feed on good food and sleep under a treated mosquito net and go for antenatal care.,Ɛsɛ sɛ ɛnanom di aduan pa na wɔda ntontom adan a wɔayɛ no ase na wɔkɔhwɛ wɔn ho wɔ awo akyi..
I'm interested in learning more about food safety in Ghana. What are some common sources of foodborne illnesses in the country?,Miyɛ he miishɛɛ akɛ makase niyenii ni yɔɔ Ghana lɛ he nii babaoo. Mɛni ji nibii komɛi ni fɔɔ helai ni jɛɔ niyenii mli baa yɛ maŋ lɛ mli lɛ?
How much does this cost?,How much money does this cost?
I was asked to pay for drugs at the health center.,Wɔka kyerɛɛ me sɛ mintua nnubɔne ho ka wɔ akwahosan asoɛe hɔ.
I'm trying to understand the concept of logistic regression in the context of a research study. Can you explain how it's used in the Ghana Child Labour Survey?,Miibɔ mɔdɛŋ ni manu shishinumɔ ni ji logistic regression lɛ shishi yɛ niiamlitaomɔ nikasemɔ ko mli. Ani obaanyɛ otsɔɔ bɔ ni akɛtsuɔ nii yɛ gbekɛbii anitsumɔ he nikasemɔ mli yɛ Ghana lɛ mli?
I've been reading about water quality in Ghana. What are some of the main issues with uncovered wells in Ghana?,Mikane nu ni yɔɔ Ghana lɛ he sane. Mɛni ji saji titrii komɛi ni kɔɔ nubui ni ajieee nɔ ko nɔ yɛ Ghana lɛ ahe?
How much money was generated from COVID-nineteen testing at the Kotoka International Airport between September and December two thousand and twenty?,Shika enyiɛ ana kɛjɛ Kotoka Jeŋmaji Ateŋ Kɔɔyɔŋ Lɛlɛdaamɔhe lɛ yɛ Gbo kɛ Alemle 2019 teŋ kɛjɛ Covid-19 kaa lɛ mli?
Can you tell me the price?,What's the price?
Schools should provide food for all children at school.,ɛsɛ sɛ sukuu ahodoɔ ma mmofra nyinaa aduan wɔ sukuu mu.
Do you have a price list?,Do you have a list of prices?
Thank you for coming.,Merci d'être venu.
So see you at Day 18 in shaa Allah,miado go le ŋkeke 18 lia gbee ne allah lɔ ko
"I read an article about Richard Quaye, the founder and board chairman of Bills Microcredit, who bought a private jet. What inspired him to make this purchase?","Mikane sane ko ni kɔɔ Richard Quay, ni ji Bills Microcredit nitsumɔhe lɛ shishitolɔ kɛ sɛinɔtalɔ, ni he tsɔne ni akɛyaa ŋwɛi lɛ he lɛ he. Mɛni tsirɛ lɛ ni ehé nii nɛɛ?"
Can I know the price first?,Puis-je connaître le prix d'abord ?
"What are the critical barriers to Tender Price Index development in Ghana, and how were they ranked?",Mɛni ji gbɛtsii nii ni he hiaa waa ni tsiɔ tender price index lɛ naa yɛ Ghana kɛ bɔ ni asusuɔ amɛhe ahaa?
No.,"No, not that."
I heard that Ghana has a significant issue with water quality. Can you tell me more about it?,Minu akɛ Ghana yɛ naagba wulu ko yɛ nu he. Ani obaanyɛ okɛɛ mi ehe saji babaoo?
I heard there was a severe accident at Anyaa Market in Accra on Thursday morning. Can you tell me what happened?,Minu akɛ oshara ko ni naa wa ba yɛ Anya jarayelihe ni yɔɔ Accra lɛ Hɔɔ leebi. Ani obaanyɛ okɛɛ mi nɔ ni ba?
"Could you repeat that, please?",Taflatse àte ŋu agbugbɔ nya ma agblɔ?
Can you explain the process of collecting water samples in the Ghanaian research study?,Ani obaanyɛ otsɔɔ bɔ ni abuɔ nu mli saji anaa yɛ niiamlitaomɔ nikasemɔ ko ni afee yɛ Ghana lɛ mli?
I am a trader.,Asitsalae menye.
What's the cost of all these?,How much is the total?
Money should be used for its intended purpose.,Ɛsɛ sɛ wɔde sika di dwuma a wɔahyɛ sɛ wɔmfa  nyɛ.
Some people can't afford to buy indoor sprays.,Nnipa binom ntumi ntɔ nnuru a wɔde petepete dan mu.
What are the latest developments in the controversy surrounding the alleged aircraft involved in drugs and money laundering?,Mɛni ji nɔ hee yɛ sanegbaa ni kɔɔ kɔɔyɔŋ lɛlɛi ni akɛɛ amɛkɛ amɛhe woɔ tsofai fɔji kɛ shika ni akɛtsuɔ nii yɛ gbɛ ni ejaaa nɔ lɛ he lɛ mli?
How much are you selling this for?,What price are you selling this at?
See you tomorrow.,À demain.
I saw a viral image of a price hike for kidney dialysis at Korle-Bu Teaching Hospital. Has the hospital actually increased the cost of dialysis?,Mina mfoniri ko ni gbɛ eshwa ni tsɔɔ bɔ ni tsofa ni akɛwoɔ tsitsi mli lɛ jara etee hiɛ yɛ Korle-Bu Nitsɔɔmɔ Helatsamɔhe lɛ. Ani helatsamɔhe lɛ eha shika ni akɛwoɔ lá mli lɛ etee hiɛ diɛŋtsɛ?
But I wouldn't pity her because it's for such challenges that intelligent people get up every morning.,anɔ abe ɣleti ɖeka enye esi si Tchad ƒe nyakaka dudɔnunɔla kpem va egbɔe
They banned the movement and sale of animals and their products in the markets.,Wɔtwaa mmoa nanteɛ ne wɔn tɔn ne wɔn nam wɔ dwa no mu.
People who cut down trees were fined because they should understand the significance of trees in the environment.,Wɔbɔɔ nnipa a wɔtwitwaa nnua no ka ɛfiri sɛ ɛsɛ sɛ wɔte deɛ nnua ho hia wɔ beaeɛ a yɛte no ase.
What is the Ghana Hotel Association suing GHAMRO and ARSOG for?,Mɛni hewɔ Ghana Hotel Kuu lɛ kɛ GHAMRO kɛ ARSOG miiwo kojomɔhe lɛ?
I'm interested in learning more about irrigation farming in Ghana. Can you tell me what the study found to be the main challenge faced by irrigation farmers in terms of market information?,Miyɛ he miishɛɛ akɛ makase okwaayeli ni akɛ nu shwieɔ nɔ yɛ Ghana lɛ he nii babaoo. Kɛɛmɔ mi mɛni ji kaa titri ni okwaafoi ni akɛ nu shwieɔ amɛnɔ lɛ kɛkpe yɛ nikasemɔ lɛ mli yɛ jarayeli he saji ahe?
How much does it cost to start a fish farm?,Ɛka ahe na wɔbɔ na wɔafi mpataa afuw ase?
How much are you selling this for?,What's your price?
Can you explain the market dynamics of egg sales in Ghana compared to poultry meat sales?,Ani obaanyɛ otsɔɔ bɔ ni jarayeli nibii ni kɔɔ ŋshɔŋlooi ni ahɔ̃ɔ kɛ tsina loo ni ahɔ̃ɔ yɛ Ghana lɛ yaa nɔ ehaa lɛ mli?
And you?,And how are you?
How can I assist you today?,Aleke mate ŋu akpe ɖe ŋuwò egbea?
I'm interested in learning more about the demand for local rice in Ghana. Can you explain how the price of local rice affects its demand?,Miyɛ he miishɛɛ akɛ makase bɔ ni maŋ lɛ mli ŋmãa biɔ yɛ Ghana lɛ he nii babaoo. Ani obaanyɛ otsɔɔ bɔ ni maŋ lɛ mli ŋmãa jara saa nibii ni ataoɔ lɛ ahe ehaa lɛ mli?
What is the moisture content of fresh tomato fruit?,Mɛni ji ŋmɔtɔ ni yɔɔ tomato aduawai heei amli?
What is Nana Ohene Ntow's opinion on the Legislative Instrument (L.I) aimed at regulating cement prices in Ghana?,Mɛni ji Nana Ohene Nto susumɔ yɛ Mla He Nibii (LI) ni yiŋtoo ji ni akudɔ simenti jara yɛ Ghana lɛ he?
Swindle is to get money dishonestly from someone by cheating or deceiving them.,Nsisi ne sɛ wubenya sika afi obi hɔ wɔ nokwaredi mu denam nsisi anaa nnaadaa a wobɛdaadaa no so.
"Please enlighten me on the subject,",meɖekuku be miakɔ nya sia me nam
My friend makes chalk and supplies it to schools.,M’adamfo no yɛ kyerɛwboba na ɔde ma sukuu ahorow.
I am from Accra.,Ejɛ Ga
"There was no question of him abandoning some of his habits to please his wife,",mele nae be woaɖe asi le eƒe agbenɔnɔ ɖewo ŋu be yeado dzidzɔ na srɔ̃a o
There is always misappropriation of money whenever the people do not follow up on the expenditures.,Berɛ biara wɔyɛ sika no basabasa berɛ a nkurɔfoɔ no amfa sika ho nhyehyɛeɛ a wɔayɛ no anyɛ adwuma.
I'm trying to understand the process of detecting antibodies in a lab setting. Can you explain the general steps involved in the test?,Miibɔ mɔdɛŋ ni manu gbɛ ni atsɔɔ nɔ anaa tsofai ni gbeɔ helai yɛ laboratori lɛ mli lɛ shishi. Ani obaanyɛ otsɔɔ gbɛi ni atsɔɔ nɔ atsuɔ nii yɛ kaa lɛ mli lɛ mli?
Some people are fond of borrowing even when they cannot pay.,Nnipa binom ani gye boseabɔ ho bere mpo a wontumi ntua.
The chief administrative officers will monitor the process of giving money to elders.,Aban mpanyimfo mpanyimfo no bɛhwɛ ɔkwan a wɔfa so de sika ma mpanyimfo no so.
People have a ready market for agricultural produce.,Nkorɔfoɔ wɔ dwa ma wɔn kuayɛ nnoɔma.
Customer care is key for businesses that are to last long in the market.,Adetɔfo hwɛ yɛ ade titiriw ma nnwuma a ɛsɛ sɛ ɛtra hɔ kyɛ wɔ gua so.
I'm trying to understand the concept of reliability in research. Can you explain the two primary approaches to assessing reliability of constructs?,Miibɔ mɔdɛŋ ni manu shishinumɔ ni ji hekɛnɔfɔɔ yɛ niiamlitaomɔ mli lɛ shishi. Ani obaanyɛ otsɔɔ gbɛi titrii enyɔ ni atsɔɔ nɔ akwɛɔ bɔ ni anyɛɔ akɛ he fɔ̃ɔ nibii ni ama lɛ anɔ lɛ mli?
People earn money from tenants in form of rent.,Nkorɔfoɔ nya sika firi wɔn a ɛbɛhan wɔn da ho sɛ wɔde dan no han a.
I heard that Ghana received a significant amount of money from the IMF. Can you tell me more about this?,Mi nu akɛ Ghana enine eshɛ shika babaoo nɔ kɛjɛ IMF lɛ dɛŋ. Ani obaanyɛ okɛɛ mi enɛ he saji babaoo?
Some people never want to pay off their debts.,Nnipa binom mpɛ sɛ wobetua wɔn ka da.
Living without clean water for a couple of days can lead to complaints by the people.,"Sɛ obi tena ase a nsu pa nni hɔ nna kakra a, ebetumi ama nkurɔfoɔ no anwiinwii."
"What is customer service, and why is it important for businesses?",Mɛni ji mɛi ni heɔ nii lɛ anitsumɔ ni mɛni hewɔ ehe hiaa yɛ jarayeli mli lɛ?
Feel free to look around.,Take a look around
I understand.,I get it.
"Failure to follow the standard operating procedures can lead to the closure of the market, emphasizing the importance of adhering to guidelines for public safety.","Sɛ wɔanni nhyehyɛe a wɔde yɛ adwuma no so a, ebetumi ama wɔato gua no mu, na eyi si hia a ɛho hia sɛ wodi akwankyerɛ ahorow a ɛfa ɔmanfo ahobammɔ ho so no so dua."
How are you?,Efɔ̃a?
Good to see you again.,Nice seeing you again.
Hi,"Hi, how are you?"
How much per basket?,What's the price per basket?
What is the main objective of the study on digitalization in the agri-food industry in Ghana?,Mɛni ji oti titri ni yɔɔ nikasemɔ ni kɔɔ dijitaal nibii ahe yɛ agri-food nitsumɔhe ni yɔɔ Ghana lɛ sɛɛ?
I'm interested in learning about the research on rice accessions in Ghana. Can you tell me about the SSR markers used in the study?,Miyɛ he miishɛɛ akɛ mafee niiamlitaomɔ yɛ ŋmãa ni anáa yɛ Ghana lɛ he. Ani obaanyɛ okɛɛ mi SSR kadimɔi ni akɛtsu nii yɛ nikasemɔ lɛ mli lɛ he sane?
More people now have access to clean water than before.,Mprempren nnipa pii nya nsu pa sen kan no.
How much is this?,Can you tell me the price?
Yes.,"Yes, correct."
I'm interested in learning more about Roselle plants. What parts of the plant are typically harvested and used as vegetables?,Miyɛ he miishɛɛ akɛ makase Roselle tsei lɛ ahe nii babaoo. Mɛɛ tsei ahe nibii afɔɔ kpamɔ ni akɛtsuɔ nii akɛ aduawai?
Nice to meet you.,Great meeting you.
The elders use the money to pay their medical bills.,Mpanimfoɔ no de saa sika no tua wɔn ayarehwɛ ho aka
The market for food items is readily available.,Adwadie a ɛfa aduane ho no nso kɔ so berɛ nyinaa.
Good evening,"Good evening, boss."
What are you looking for?,What would you like to find?
Good evening,Evening
Hi,Alekee
What was the Producer Price Inflation rate in October two thousand and twenty-four inches Ghana?,Mɛni ji nibii ni afee lɛ ahe jara ni tee hiɛ yɛ Ghana yɛ October 2014?
Good morning,"Good morning, boss."
What is the Ghana National Fire Service doing to promote fire safety in markets?,Mɛni Ghana Maŋ La He Nitsumɔhe lɛ miifee koni ekɛwo la he shweshweeshwefeemɔ he hewalɛ yɛ jarayeli hei?
What is your name?,What's your name?
We were requested to condole with the family of the deceased.,Wɔsrɛɛ yɛn sɛ yɛnkyekye owufoɔ no abusuafoɔ werɛ.
I heard there's a new market opening in Accra. What's the current status of the Pedestrians Shopping Mall?,Minu akɛ agbele jarayelihe hee ko naa yɛ Accra. Mɛni ji gbɛfalɔi ashwapo lɛ shihilɛ amrɔ nɛɛ?
I heard about a capital market quiz competition for students in Ghana. Can you tell me more about it?,Minu maŋtiase jarayeli he sanebimɔ akaŋshii ko ni akɛhaa skulbii ni yɔɔ Ghana lɛ he. Ani obaanyɛ okɛɛ mi ehe saji babaoo?
A new toilet is under construction at the old taxi park.,Wɔresi tiafi foforo wɔ taksi gyinabea dedaw no.
I'm interested in learning more about the research on tomato cultivation in Ghana. Can you tell me about the effects of potassium magnesium chloride on tomato growth?,Miyɛ he miishɛɛ akɛ makase nii babaoo yɛ tomato feemɔ he niiamlitaomɔ he yɛ Ghana. Ani obaanyɛ okɛɛ mi bɔ ni potassium magnesium chloride lɛ tsuɔ nii ehaa yɛ tomato dalɛ nɔ lɛ he sane?
I'm trying to understand how markets work in Ghana. Can you explain what a Bilateral Monopolist Market is?,Miibɔ mɔdɛŋ ni manu bɔ ni jarayeli hei tsuɔ nii yɛ Ghana lɛ shishi. Ani obaanyɛ otsɔɔ nɔ ni jarayeli ni ji binary monopolist lɛ ji?
Good afternoon,Good afternoon to you.
Thank you for coming.,Thanks for visiting
I'm interested in learning more about the insect pests that affect okra and tomato crops in Ghana. Can you tell me about the types of pests that were identified in a recent study?,Miyɛ he miishɛɛ akɛ makase kooloi ni yeɔ okra kɛ tomato ŋmɔshi nibii anɔ yɛ Ghana lɛ ahe nii babaoo. Ani obaanyɛ okɛɛ mi tsɛŋemɔ helai ahe nibii ni ana yɛ nikasemɔ ko ni afee nyɛsɛɛ nɛɛ mli lɛ ahe sane?
The person dealing in money must be very integral.,Ɛsɛ sɛ onipa a ɔde sika di gua no yɛ obi a ɔyɛ ade titiriw.
What research design did the study on the effect of exchange rates volatility on stock prices use?,Mɛɛ niiamlitaomɔ gbɛjianɔtoo nikasemɔ lɛ pɛi bɔ ni shika tsakemɔ ni tsakeɔ lɛ saa shika ni akɛtsuɔ nii lɛ jara he lɛ mli?
Welcome,"Welcome, please come in"
"Could you repeat that, please?","Pourriez-vous répéter, s'il vous plaît?"
The students do some bricklaying to get money for school fees.,Asukuufoɔ no yɛ birikisi adwuma binom de nya sika ma sukuu feese.
- I understand,Mese wonyaa gɔme
What's the price of this item?,Can I know the price?
I heard that the Tema Traditional Council is planning to ban expensive funerals. What's behind this decision?,Minu akɛ Tema Kusum Kuu lɛ miiya ni eyagu gbohiiashitee ni jara wa. Mɛni ji nɔ ni hɔ yiŋkpɛɛ nɛɛ sɛɛ?
How may I help you?,Comment puis-je vous aider ?
I'm interested in learning about biogas projects in Nigeria. Can you tell me about the economic evaluation of a family-sized biogas project in Nigeria?,Miyɛ he miishɛɛ akɛ male biogas nitsumɔi ni yɔɔ Nigeria lɛ ahe nii. Ani obaanyɛ okɛɛ mi shika helɛtemɔ mlipɛimɔ ni kɔɔ weku mli biogas nitsumɔ ko ni yɔɔ Nigeria lɛ he?
He was arrested and taken to prison until the debt was paid.,Wɔkyeree no de no kɔɔ afiase kosii sɛ wotuaa ɛka no.
I'm trying to understand the factors that affect the profitability of commercial banks in Ghana. Can you explain the internal factors?,Miibɔ mɔdɛŋ ni manu nibii ni saa jarayeli shikatoohei ni yɔɔ Ghana lɛ ahe lɛ shishi. Ani obaanyɛ otsɔɔ shihilɛi ni yɔɔ mli lɛ amli?
The cola bag rots completely from one bad kola nut slipping in or being slipped into it.,gorosako la gblẽna kemkem ɖe goro gbegblẽ ɖeka si me eme la ta
How may I help you?,How can I be of assistance?
What is the government's plan to address illegal mining activities on water bodies in Ghana?,Mɛni ji gbɛjianɔtoo ni nɔyeli lɛ eto koni ekɛtsu shika tsuru ni ajieɔ yɛ Ghana nui amli yɛ gbɛ ni ejaaa nɔ lɛ he nii?
How much would everything cost?,What's the total cost for everything?
A new tax has been imposed on mobile money transactions.,Wɔde tow foforo ahyɛ telefon so sika a wɔde di dwuma ho.
His ‘cash talk’ earns him both admirers and critics,esiae nye nusɔsrɔ̃ nyuitɔ si ŋu mi kple eve miekpɔ dzidzɔ le
There was poor accountability of the food relief that was distributed.,Waɔmmu nnuane a wɔkyekyɛeɛ no ho akontaa yie.
Clean water is safer and better for use.,Nsu a ɛho tew yɛ nea ahobammɔ wom na eye sɛ wɔde bedi dwuma
"Dibahou is the paébou, the court chief of his family,",Dibahou nye paébou  tatɔ na eƒe ƒomea
The organization paid one millioncedis as a partner for the beauty pageant.,adwumakuo no tuaa ɔpepem biako sɛ ɔhokafo maa ahoɔfɛ akansi no.
How much would everything cost?,What's the grand total?
What's your best price?,Dɛn ne wo bo a eye sen biara?
I heard that KNUST's Food Laboratory has achieved a significant milestone. Can you tell me more about it?,Mi nu akɛ KNUST niyenii he nitsumɔhe lɛ eshɛ he ko ni da waa. Ani obaanyɛ okɛɛ mi ehe saji babaoo?
The government is trying to reduce on the costs of providing clean water.,Aban no rebɔ mmɔden ɔbɛte ka a wɔbɔ ansa na wɔatumi atu nsuo a ɛyɛ papa no so
I'm interested in learning about the safety of rice consumption in Ghana. Can you tell me about the levels of heavy metals found in rice samples in a recent study?,Miyɛ bɔ ni ŋmãa ni ayeɔ yɛ Ghana lɛ yɔɔ shweshweeshwe lɛ he miishɛɛ. Ani obaanyɛ okɛɛ mi dade ni tsii ni ana yɛ ŋmãa nɔkwɛmɔnii amli yɛ nikasemɔ ko ni afee nyɛsɛɛ nɛɛ mli lɛ falɛ he sane?
What is causing the surge in fuel prices in Ghana?,Mɛni ji nɔ ni ha fuɛl jara etee ŋwɛi yɛ Ghana lɛ?
Can you tell me the price?,Pouvez-vous me dire le prix ?
What was the best-selling album of two thousand and twenty-one inches the UK?,Mɛni ji lala wolo ni dalɛ ji 221 inch ni ahɔ̃ɔ fe fɛɛ yɛ UK?
People did not receive the cattle provided by the government because leaders slaughtered the cattle for meat.,Nkorɔfoɔ annye anantwie a aban no de maeɛ no ɛfiri sɛ na akannifoɔ no kunkum anantwie no de yɛ nam.
People are paying a lot of tax to the government.,Nkorɔfoɔ retua ɛtoɔ beberee ama aban no.
What are you looking for?,What can I get for you?
I'm interested in learning more about the Ghanaian cocoa market. Can you tell me about the key players in the marketing of cocoa?,Miyɛ he miishɛɛ akɛ makase kookoo jarayeli ni yɔɔ Ghana lɛ he nii babaoo. Ani obaanyɛ okɛɛ mi mɛi titri ni tsuɔ nii yɛ kookoo jarayeli mli lɛ ahe sane?
"I've been reading about a new trend in plastic surgery. Apparently, some people are paying seventy-six thousand  US dollarsto have their legs lengthened. Can you tell me more about this procedure?",Mikaneɔ nibii heei ni yaa nɔ yɛ plastic opireshɛn mli lɛ he sane. Mɛi komɛi miiwo dɔlai akpei nyɔŋmai kpawo kɛ enumɔ koni amɛha amɛnaji lɛ alɛɛ. Ani obaanyɛ okɛɛ mi gbɛjianɔtoo nɛɛ he saji babaoo?
"Can you speak slowly, please?",Please speak more slowly.
Can I help you find something?,So metumi aboa wo ma woanya biribi?
Thanks for your help.,Yɛda mo ase wɔ mo mmoa no ho.
Good evening,Mema wo adwo
I've heard about the potential of organic fruits and vegetables in Ghana. Can you tell me more about the current state of research in this area?,Minu bɔ ni aduawai kɛ aduawai ni akɛ tsofai tsuuu nii yɛ mli lɛ baanyɛ atsu nii aha yɛ Ghana lɛ he. Ani obaanyɛ okɛɛ mi bɔ ni niiamlitaomɔ ni yɔɔ nɛkɛ he nɛɛ yɔɔ ha lɛ he saji babaoo?
How much per kilogram?,How much is one kilogram?
Is this the final price?,Ani enɛ ji naagbee jara lɛ?
Nice to meet you.,Pleased to meet you.
I've been reading about the challenges rice farmers face in Ghana due to climate change. Can you tell me more about the impact of off-farm jobs on their ability to adapt to these changes?,Mikane naagbai ni ŋmãa okwaafoi ni yɔɔ Ghana lɛ kɛkpeɔ yɛ kɔɔyɔŋ tsakemɔ hewɔ lɛ he sane. Ani obaanyɛ okɛɛ mi bɔ ni nitsumɔ ni afeɔ yɛ ŋmɔ mli lɛ saa amɛnyɛmɔ ni amɛkɛtsakeɔ amɛhe amɛwoɔ tsakemɔi nɛɛ amli lɛ he babaoo?
What is the effect of mechanical fruit thinning on pecan yield and quality?,Mɛni ji hewalɛ ni tsɔne ni akɛwoɔ yibii amli lɛ tsuɔ yɛ pecan yibiiwoo kɛ ekpakpafeemɔ nɔ?
The school committee will find a solution for the running water.,Sukuu boayikuw no benya ano aduru ama nsu a ɛreworo so no.
I'm interested in learning more about how people consume fruits and vegetables in Ghana. What are some common challenges people face when it comes to consuming these food groups?,Miyɛ he miishɛɛ akɛ makase babaoo yɛ bɔ ni gbɔmɛi yeɔ aduawai kɛ aduawai yɛ Ghana. Mɛni ji naagbai komɛi ni gbɔmɛi kɛkpeɔ kɛ́ amɛmiiye niyenii kui nɛɛ?
I heard that Joy FM is hosting a family pop quiz show. Can you tell me more about it?,Mi nu akɛ Joy FM feɔ weku pop sanebimɔ nifeemɔ ko. Ani obaanyɛ okɛɛ mi ehe saji babaoo?
Nice to meet you.,Ɛyɛ sɛ mahyia wo.
The number of previous water connections request will determine your waiting time for water.,Nsuo nkitahodi dodow a woabisa dedaw no na ɛbɛkyerɛ bere a wode bɛtwɛn nsu.
"What is the Rotary Family Health Day, and what was its aim in two thousand and twenty-four?","Mɛni ji Rotary Weku Hewalɛ Gbi lɛ, ni mɛni ji yiŋtoo ni yɔɔ sɛɛ yɛ afi 2024 mli?"
What is ground penetrating radar and how is it used in soil water content determination?,"Mɛni ji radar ni boteɔ shikpɔŋ mli, ni te akɛtsuɔ nii ahaa tɛŋŋ koni akɛna nu ni yɔɔ shikpɔŋ mli lɛ?"
A little bottle of candy to motivate the unbearable geek won't be able to ruin him,aha vivi ɖeka mana maɖu; agba o
I'm trying to understand how to measure the risk of a mutual fund investment. Can you explain the concept of beta and how it relates to systematic risk?,Miibɔ mɔdɛŋ ni manu bɔ ni asusuɔ oshara ni yɔɔ shika ni akɛwoɔ shikatoohe lɛ mli lɛ shishi. Ani obaanyɛ otsɔɔ shishinumɔ ni ji beta lɛ mli kɛ bɔ ni ekɛ oshara ni yɔɔ gbɛjianɔtoo mli lɛ yɔɔ tsakpaa ha lɛ mli?
"If the private sector is not well monitored, then they may just do work as they please.","Sɛ wɔanhwɛ ankorankoro adwumayɛkuw no so yiye a, ɛnde ebia wɔbɛyɛ adwuma sɛnea wɔpɛ ara."
He was very disappointed by the little pay.,Akatua kakraa bi a onyae no maa n’abam bui kɛse.
What would you like to buy?,What would you like today?
Landlords in Akatsi are to start paying taxes for their houses.,Ɛsɛ sɛ afiewuranom a wɔwɔ Akatsi firi aseɛ tua toɔ wɔ wɔn afie ho.
"What is the main reason for the delay in payment of National Service allowances, according to the Executive Director of the National Service Authority?","Taakɛ maŋ nitsumɔ he nitsumɔhe lɛ nɔkwɛlɔ nukpa lɛ tsɔɔ lɛ, mɛni ji yiŋtoo titri ni ha maŋ nitsumɔ he nyɔmɔwoo lɛ sɛɛ tsɛɔ?"
My father didn't understand either when I told him that I was going to leave IBSA to devote myself to the Eulis Center and my blog.,tɔnye hã mese eme esi mebe madzo le IBSA ahe wɔ yaʋaladɔ kple eulisdɔ o
"As for drawing water from it, you shouldn't think about it either!","Ne tsi kuku tɔ ya la, mega susui gɔ hã o."
Stagnant water around homes can lead to an increased number of mosquitos.,Nsu a egyinagyina wɔ afie ho no betumi ama nwansena adɔɔso.
"What are some key factors that influence farmers' willingness to pay for biofertilizers in Ghana, according to a recent study?","Taakɛ nikasemɔ ko ni afee nyɛsɛɛ nɛɛ tsɔɔ lɛ, mɛni ji nibii titrii komɛi ni náa okwaafoi ni sumɔɔ ni amɛwo tsofai ni akɛwoɔ ŋmɔ mli nibii amli lɛ ahe nyɔmɔ yɛ Ghana lɛ nɔ hewalɛ?"
Nice to meet you.,Happy to meet you.
"What is the significance of water in human life, and how does it relate to economic development?","Mɛni nu he hiaa yɛ adesai ashihilɛ mli, ni mɛɛ gbɛ nɔ ekɔɔ shika helɛtemɔ mli hiɛyaa he?"
The bar business is one of the profitable ventures in Ghana though the challenges of the business should be understood,Bar adwuma no yɛ nnwuma a mfaso wɔ so wɔ Ghana no mu biako ɛwom sɛ ɛsɛ sɛ wɔte adwuma no mu nsɛnnennen ase
I'm interested in learning about the use of indigenous Ghanaian vegetable tanned leather in fashion. Can you tell me more about it?,Miyɛ he miishɛɛ akɛ makase bɔ ni akɛ Ghanabii akutsoŋbii ahewolo tsuɔ nii yɛ atadewoo mli lɛ he nii. Ani obaanyɛ okɛɛ mi ehe saji babaoo?
I bought the pain killers from the pharmacy outside the hospital.,Metɔɔ nnuru a wɔde kum ɛyaw no fii nnurutɔnbea a ɛwɔ ayaresabea no akyi no.
He urged people to take care of their properties.,Ɔhyɛɛ nkurɔfo nkuran sɛ wɔnhwɛ wɔn agyapade so.
Thank you very much.,Akpe na wò kakaaka.
The company couldn't afford to pay the salary arrears.,Adwumakuw no antumi antua akatua a aka no.
Hello,Hi there.
I do not accept that the people of Marseille are victims of political decisions that no one can understand,nyemalɔ̃ be Marseilletɔwo nanye gbɔ ayi asi na politikiɖoɖo aɖeke i gɔme ame aɖeke mese o
Please.,Taflatsɛ.
Can I know the price first?,I'd like to know the price first.
I'm curious about the factors that influence consumer buying behavior of local cuisine in Ghana. Can you tell me more about it?,Miitao male nibii ni náa maŋbii ni yeɔ niyenii yɛ Ghana lɛ ahemɔ su nɔ hewalɛ. Ani obaanyɛ okɛɛ mi ehe saji babaoo?
Can I know the price first?,How much is it before I choose?
I've been reading about dividend policies and their effects on share prices. What's the main goal of financial management in modern times?,Mikaneɔ shika ni ajaa lɛ he mlai kɛ bɔ ni amɛtsuɔ nii amɛhaa yɛ shika ni akɛwoɔ jara nɔ lɛ he. Mɛni ji oti titri ni ma shika he gbɛjianɔtoo hiɛ ŋmɛnɛ?
A good friend of your father,tɔ́wo xɔ̃lɔ̃ vevie wonye
I've been reading about the causes of delay and cost overruns in construction of groundwater projects in Ghana. Can you tell me more about this issue?,Mikane nɔ ni kɛ sɛɛkuu kɛ shika ni fa fe nine ni akɛtsuɔ nii yɛ shikpɔŋ shishi nu nitsumɔi amli yɛ Ghana lɛ baa lɛ he nii. Ani obaanyɛ okɛɛ mi enɛ he saji babaoo?
I'm interested in learning about the effects of poultry manure and NPK fertilizer on tomato plants. Can you tell me about a study that was conducted in Ghana?,Miyɛ bɔ ni kooloi kɛ NPK ni akɛwoɔ amɛmli lɛ tsuɔ nii ehaa yɛ tomato tsei anɔ lɛ he miishɛɛ. Ani obaanyɛ okɛɛ mi nikasemɔ ko ni afee yɛ Ghana lɛ he sane?
What are some key factors that influence customers' bank choice in Ghana?,Mɛni ji nibii titrii komɛi ni náa shikatoohe ni mɛi ni heɔ nii lɛ halaa yɛ Ghana lɛ nɔ hewalɛ?
"What are the potential health risks associated with contaminated drinking water in Ghana, and what methods have been researched for water treatment?",Mɛni ji hewalɛnamɔ he osharai ni baanyɛ aba kɛjɛ nu ni anuɔ ni mli ewo muji mli yɛ Ghana kɛ mɛɛ gbɛi ni atsɔɔ nɔ atsuɔ nu he nii akwɛ mli?
"I've heard that public entities in Ghana often procure items in small quantities, resulting in high transaction costs. Can you tell me more about this issue?","Minu akɛ bei pii lɛ, nɔyeli nitsumɔhei ni yɔɔ Ghana lɛ hɔɔ nibii fioo, ni no haa shika ni akɛheɔ lɛ yaa hiɛ waa. Ani obaanyɛ okɛɛ mi enɛ he saji babaoo?"
I didn't realize it before buying it.,Nyemede dzesii alea hafi ƒlee o
The malnourished children have been put on therapeutic foods.,Mmɔfra a wɔanya aduane papa anie kane no wɔde wɔn ato nnsuro nnuane so.
I've heard that there's a food shortage in some Senior High Schools in Ghana. Can you tell me more about it?,Minu akɛ niyenii faaa yɛ skul wuji komɛi amli yɛ Ghana. Ani obaanyɛ okɛɛ mi ehe saji babaoo?
Nice to meet you.,Enyo be míedo go.
What's your best price?,Can you lower the price?
My friend performed poorly because of irregular attendance.,M’adamfo no anyɛ adwuma yiye esiane sɛ na ɔnkɔ hɔ daa nti.
She didn't understand my choice and that was completely normal.,mese nye tsatsia la me o eye mese egɔme nae
My name is Kofi.,They call me Kofi.
I'm interested in learning more about the effects of heat treatment on pineapple fruits. Can you tell me about the research that's been done on this topic in Ghana?,Miyɛ he miishɛɛ akɛ makase bɔ ni hulutsoo ni akɛtsuɔ nii yɛ ŋmei mli lɛ saa ŋmei yibii ahe lɛ he nii babaoo. Ani obaanyɛ okɛɛ mi niiamlitaomɔ ni afee yɛ Ghana yɛ saneyitso nɛɛ he lɛ he sane?
I'm interested in learning more about the methods used in a Ghanaian research article. Can you explain how the food samples were prepared for analysis?,Miyɛ he miishɛɛ akɛ makase gbɛi ni akɛtsu nii yɛ Ghana niiamlitaomɔ wolo lɛ mli lɛ ahe nii babaoo. Ani obaanyɛ otsɔɔ bɔ ni asaa niyenii ni ajieɔ lɛ kpo lɛ mli koni akɛpɛi mli lɛ mli?
"If you have a large family, some scenes will probably be familiar to you,","ne miele ƒome sɔgbɔ mela, miateŋu nya naɖewo"
I can send and receive money through a mobile money agent.,Metumi amena asan agye sika afiri mobaa sika ohwefo nkyen.
"This is why it is expensive throughout the market,",eyatae wò xɔ asi nene ma ɖo
I came across a research article about HFC Bank in Ghana. What was the general finding regarding customer retention?,Mi na niiamlitaomɔ wolo ko ni kɔɔ HFC Bank ni yɔɔ Ghana lɛ he. Mɛni ji nibii fɛɛ ni ana yɛ mɛi ni baahe nii lɛ ahiɛmɔ he?
"What happened at the Adabraka Market in Accra on Saturday, November two?",Mɛni ba yɛ Adabraka jarayelihe ni yɔɔ Accra lɛ yɛ Hɔgbaa November 2?
"Students who understand faster will not be delayed by others,",sukuvi siwo sea nu gɔme kaba la magahe ɖe megbe o
Thank you for coming.,Thanks for stopping by.
What would you like to buy?,Que souhaiteriez-vous acheter ?
"I'm trying to understand time series data, but I keep hearing about different types of variations. Can you explain the differences between seasonal, cyclical, and random variations?","Miibɔ mɔdɛŋ ni manu be mli saji ni ato he gbɛjianɔ lɛ shishi, shi miyaa nɔ minuɔ srɔtofeemɔi srɔtoi ni yɔɔ mli lɛ ahe. Ani obaanyɛ otsɔɔ srɔtofeemɔ ni yɔɔ be mli, be mli nibii kɛ tsakemɔi ni baa trukaa lɛ ateŋ?"
I heard that the Bank of Ghana printed some money without parliamentary approval. Can you tell me more about that?,Minu akɛ Ghana Bank of Ghana lɛ ekala shika komɛi ni Parliament lɛ ekpɛlɛɛɛ nɔ. Ani obaanyɛ okɛɛ mi enɛ he saji babaoo?
"“It is important that our elites understand that the issue is not their power, but the fate of entire generations of young people.”",ele vevie be míaƒe agbalẽnyalawo nanyae be menye woƒe ŋusẽ ye le vevie o ko boŋ dzidzime si gbɔna la ƒe tsɔme
Is this the final price?,Is that the lowest price?
The project generally aims at creating a market for farm products and gives farmers a number of benefits in the Nandom districts,Dwumadie no botaeɛ ne sɛ ɛbɛma wɔanya dwa ama kuayɛ nnoɔma na ɛma akuafoɔ nya mfasoɔ dodoɔ bi wɔ Nandom mansini mu.
"What is the current situation with global funding for family planning, and how is it affecting access to contraceptives?","Te majimaji ateŋ shika ni akɛhaa weku gbɛjianɔtoo lɛ yɔɔ amrɔ nɛɛ, ni te enaa tsofai ni akɛtsiɔ fɔmɔ naa lɛ anɔ hewalɛ ehaa tɛŋŋ?"
Good to see you again.,Ehi akɛ ooona bo ekoŋŋ.
Not too bad.,Ɛnyɛ bɔne dodo.
I'm trying to understand more about malaria in Ghana. Can you tell me what type of parasite is responsible for most of the deaths and morbidity associated with malaria in Ghana?,Miibɔ mɔdɛŋ ni manu atiridii ni yɔɔ Ghana lɛ he saji babaoo shishi. Kɛɛmɔ mi mɛɛ parasite ji nɔ ni kɛ gbelei kɛ helai ni jɛɔ atiridii mli baa lɛ ateŋ babaoo baa yɛ Ghana?
I've heard about a new pay policy in Ghana. Can you tell me more about it and the concerns surrounding its implementation?,Mi nu nyɔmɔwoo he mla hee ko he yɛ Ghana. Ani obaanyɛ okɛɛ mi ehe saji babaoo kɛ haomɔi ni kɔɔ etsumɔ he lɛ?
I know that by God's grace the best is yet to come until Ghana becomes a household name on the earth.,Minim sɛ ɛnam Onyankopɔn adom so na nea eye sen biara no da so ara reba kosi sɛ Ghana bɛyɛ ofie din wɔ asase so.
I heard that a town in Ghana's Eastern Region had a severe water crisis. Can you tell me more about it?,Minu akɛ maŋ ko ni yɔɔ Ghana bokagbɛ kpokpaa lɛ nɔ lɛ kɛ nu he naagbai ni mli wa miikpe. Ani obaanyɛ okɛɛ mi ehe saji babaoo?
Last evening one person was killed as a land wrangle turned violent.,"Anwummerɛ a etwaam no, wokum nnipa baako berɛ a asase so ntawantawadie danee basabasayɛ no."
How much per basket?,What does one basket cost?
Farmer group members were asked to contribute money to receive fertilizers cheaply.,Wɔka kyerɛɛ akuafo kuw mma no sɛ wɔmfa sika bi mmra na ama wɔanya ɔyɛ-asase-yiya ne bo nyɛ den.
Can you explain the process of detecting sulfate presence in water samples using the SulfaVer four reagent?,Ani obaanyɛ otsɔɔ gbɛ ni atsɔɔ nɔ anaa sulfate ni yɔɔ nu mli lɛ mli kɛtsɔ SulfaVer four reagent lɛ nɔ?
I'm interested in learning more about the research on water quality in the Aboabo River basin. Can you tell me about the sample size and selection process used in the study?,Miyɛ he miishɛɛ akɛ makase nu mli nibii ahe niiamlitaomɔ babaoo yɛ Abobo Faa lɛ mli. Ani obaanyɛ okɛɛ mi nɔkwɛmɔnɔ lɛ dalɛ kɛ gbɛ ni atsɔɔ nɔ ahalaa mɛi ni akɛtsu nii yɛ nikasemɔ lɛ mli lɛ?
Hello,Miŋa bo
You're welcome.,Akwaaba.
"The head of the family traditionally sprinkles kpoikpoi (a process called ""Nishwamo"") and pours drinks to the ground to honor ancestors following the preparation of Homowo food on Saturday.","Abusua ti no petepete kpoipkoi (wɔfrɛ saa nneyɛɛ yi ""Nishwamo"") na ɔgu nsa de hyɛ nananom nsamanfoɔ animouyam de yɛ ahoboa ma Homowo aduane no Memeneda."
Some people give names to their children that praise God's goodness to them.,Nnipa binom to wɔn mma din a ɛkamfo Onyankopɔn papayɛ ma wɔn.
"I was so happy when my friends came to visit me at home, cherishing their presence.","M’ani gyei pa ara bere a me nnamfonom baa me nkyɛn bɛsraa me wɔ fie, m'ani sɔ wɔn ba a wɔbae no."
"He knew I was there, but paid me no attention",enya be meva ke hã meke nu de eme nam o
Welcome,Accueillir
I'm trying to understand the relationship between secure property titles and access to credit in Ghana. Can you explain it to me?,Miibɔ mɔdɛŋ ni manu wekukpaa ni yɔɔ nibii ni yɔɔ shweshweeshwe ni mɔ ko yɔɔ kɛ shika ni anáa yɛ Ghana lɛ teŋ lɛ shishi. obaanyɛ otsɔɔ mi mli
The motorized water source has provided enough water for the people.,Nsuo a wɔde afiri ayɛ yɛ beaeɛ pɔtee a nnipa pii no ara nya nsuo firi.
More security guards were deployed at the market.,Wɔde awɛmfo pii kɔɔ gua no mu.
How can I assist you today?,How can I help you today?
I'm interested in learning about heavy metal exposure from foods. Can you tell me more about it?,Miyɛ he miishɛɛ akɛ makase dade ni tsii ni jɛɔ niyenii mli baa lɛ he nii. Ani obaanyɛ okɛɛ mi ehe saji babaoo?
"Maybe one day, during a traffic jam, I will ask him his name and if he comes from Teranga...",ɖewohĩ gbe ɖekaa le mɔdzadza ta la mabiae eŋkɔ kple ne Terãga wotso lae
I read that Kenya has the highest mobile money penetration globally. Can you tell me more about this?,Mikane akɛ Kenya ji maŋ ni anáa shika babaoo kɛjɛɔ mobile money mli yɛ jeŋ fɛɛ. Ani obaanyɛ okɛɛ mi enɛ he saji babaoo?
What's the cost of all these?,What would I pay for all of these?
Feel free to look around.,Fa ahofadi hwɛ wo ho hyia.
I've been reading about the challenges of water supply and sanitation services in Nigeria. Can you tell me more about the current state of these services in the country?,Mikane naagbai ni yɔɔ nu kɛ hetsemɔ he yɛ Nigeria lɛ he sane. Ani obaanyɛ okɛɛ mi nitsumɔi nɛɛ ahe saji babaoo yɛ shihilɛ ni yɔɔ maŋ lɛ mli amrɔ nɛɛ mli?
Some churches don't account for the money they receive.,Asɔre ahodoɔ bi mmu sika a wonya no ho akontaa.
How much does this cost?,What's the price?
"Bonoman was a medieval Akan kingdom in what is now Bono, Bono East and Ahafo — regions respectively named after Bono, Ahafo and Eastern Ivory Coast.","Na Bonoman yɛ mfinimfini mmere mu Akan ahemman a ɛwɔ nea mprempren wɔfrɛ no Bono, Bono Apuei ne Ahafo — mpɔtam a wɔde Bono, Ahafo ne Apuei Fam Ivory Coast din too so."
coronavirus patients were isolated from their families and friends.,wɔyii coronavirus ayarefoɔ firii wɔn mmusua ne wɔn nnamfonom ho.
What were some of the methods used to teach students about the parts of a fish in the Experimental Class One?,Mɛni ji gbɛi komɛi ni atsɔ nɔ atsɔɔ nikaselɔi lɛ loo lɛ fãi ni yɔɔ Kasemɔ Klɛŋklɛŋ lɛ mli lɛ?
People were complaining about water shortage in that area.,Na nkorɔfoɔ renwiinwii wɔ nsuo a asa wɔ mpɔtam hɔ.
It is expensive to get these health services in rural areas.,Ɛyɛ den sɛ wobenya apomuden ho nhyehyɛe ahorow yi wɔ nkuraase.
The police are investigating the mismanagement of tea project money and disappearance of project files.,Polisifoɔ no reyɛ tea dwumadie sika a wɔanhwɛ so yie no nhwehwɛmu ne dwumadie no nkrataa a ɛyeraeɛ no.
Non-Muslims sometimes celebrate Eid with their Muslim friends.,Ɛtɔ da bi a wɔn a wɔnyɛ Nkramofoɔ ne wɔn nnamfonom Nkramofoɔ di Eid afahyɛ no.
I'm interested in learning more about the effects of small scale mining activities on water bodies in Ghana. Can you explain how these activities affect the electrical conductivity of water?,Miyɛ he miishɛɛ akɛ makase bɔ ni shika bibii ni ajieɔ kɛjɛɔ shikpɔŋ lɛ nɔ lɛ saa nui ni yɔɔ Ghana lɛ ahe lɛ he nii babaoo. Ani obaanyɛ otsɔɔ bɔ ni nɛkɛ nyiɛmɔi nɛɛ saa nu mli srawa hewalɛ he lɛ mli?
She could have even invited him to the restaurant,ate ŋu akpee va nuɖuƒe hã faa
"Aryee does not have the money to buy a car, but the manager hired her out of pity as she is a single mother.","Aryee nni sika a ɔde bɛtɔ kar, nanso ɔpanyin no faa no mmɔborohunu nti efisɛ ɔyɛ ɛna a onni ɔhokafo."
Can you tell me the price?,Can I know how much it costs?
The company has not denied the allegations of not paying the employees' salaries.,Adwumakuw no nnyee sobo a wɔbɔe sɛ wɔantua adwumayɛfo no akatua no
What is the significance of markets in the development of the Asutifi District?,Mɛni ji jarayeli he hiamɔ yɛ Asutifi kpokpaa lɛ hiɛyaa mli?
"I'm looking for information on research articles related to therapeutic, probiotic, and unconventional foods in Ghana. Can you provide some information on the authors and their publications?","Miitao saji ni kɔɔ niiamlitaomɔ saji ni kɔɔ tsofafeemɔ, probiotic kɛ niyenii ni jɛ maŋsɛɛ ni yɔɔ Ghana lɛ he. Ani obaanyɛ okɛ saji komɛi ni kɔɔ niŋmalɔi lɛ kɛ amɛniŋmaai lɛ ahe aha?"
"What is the significance of fire risk communication in the central market of Kumasi, Ghana?","Mɛni ji la he sanegbaa he hiamɔ yɛ Kumasi Central Jarayelihe, Ghana?"
Anloga should not have street children around the city centre begging for money.,Ɛnsɛ sɛ Anloga nya mmofra a wɔwɔ mmɔnten so wɔ kuro no mfinimfini a wɔsrɛsrɛ sika.
How much does this cost?,Ga home nenie esia xɔna?
Patience pays never overtake if you don't feel safe to do so.,Aboterɛ tua ka sɛ ɛmmu obi mfa so sɛ wonte nka sɛ wonni bammɔ biara a.
How much does this cost?,How much will this cost me?
You're welcome here.,You are always welcome.
"I've heard that population growth and urbanization have put a strain on water resources worldwide. Can you tell me more about the specific challenges faced in Accra, Ghana?","Minu akɛ gbɔmɛi ayibɔ ni yaa hiɛ kɛ maŋtiasei amli ni mɛi yaa lɛ kɛ nɔnyɛɛ miiba nu nibii anɔ yɛ jeŋ fɛɛ. Ani obaanyɛ okɛɛ mi naagbai pɔtɛɛ ni akɛkpe yɛ Accra, Ghana lɛ ahe saji babaoo?"
I'm trying to understand how the file download module in SecureMyFiles works. Can you explain it to me?,Miibɔ mɔdɛŋ ni manu bɔ ni faili ni ajieɔ kɛjɛɔ SecureMyFiles lɛ mli lɛ tsuɔ nii eha lɛ shishi. obaanyɛ otsɔɔ mi mli
I am a trader.,I'm a trader.
The cost of investment in agricultural activities is high.,Ɛka a wɔbɔ wɔ sika a wɔde hyɛ kuayɛ mu no yɛ kɛse.
Soybean can be made into other food products.,Wobetumi ayɛ soyabean ayɛ no nnuan afoforo.
"Their mother, busy at the store and with her two youngest children, sees nothing but fire,",woa dada si nɔa agbãdzraɖiƒe kple via eveawo mele naneke kpɔm o
The education system is too expensive to be afforded by everyone.,Nwomasua no boɔ yɛ den dodo nti ɛnyɛ obiara na ɔbɛtumi atua ɛho ka.
Parents struggle to pay their children's school fees.,Awofoɔ bɔ mmɔden sɛ wobɛtua wɔn mma sukuu ka.
What is the current price?,How much is it currently?
Have a good day.,Have a nice day.
Not too bad.,I'm managing.
What are the overall results of the customer relationship experience in the Ghanaian research article?,Mɛni ji nɔ ni jɛɔ mɛi ni heɔ nii lɛ ateŋ wekukpaa mli niiashikpamɔ mli baa yɛ Ghana niiamlitaomɔ niŋmaa lɛ mli?
National medical stores supplied drugs for human immune virus patients.,Ná ɔman no mu nnuruyɛbea ahorow de nnuru ma ayarefo a wɔanya ɔyare mmoawa a wɔko tia nyarewa no.
Some companies are excused from paying taxes for a given period of time.,Wɔma nnwumakuo binomial kyɛ wɔn sɛ wontua tow wɔ bere pɔtee bi mu.
How may I help you?,Aleke mate ŋu akpe ɖe ŋuwòe?
Thank you for coming.,Shidaa aha bo akɛ oba.
What happened to Jay Foley on the Joy Prime Morning show on the twenty-sixth of May in the year twenty twenty?,Mɛni Ba Jay Foley nɔ yɛ Joey Prime Leebi Nifeemɔ lɛ mli yɛ May 26th yɛ ŋmɛlɛtswai nyɔŋmai enyɔ kɛ enyɔ?
How much are you selling this for?,How much are you asking for this?
Can I know the price first?,So metumi adi kan ahu ne bo?
Shortage of water in the area has discouraged agriculture.,Nsuo a ɛho yɛ na wɔ mpɔtam hɔ no ama kuayɛ abam abu.
"I'm interested in learning about emulsions, specifically water-in-oil emulsions. Can you explain how they work and their potential applications?","Miyɛ emulsions he miishɛɛ, titri lɛ emulsions ni akɛ nu ewo mli lɛ. Ani obaanyɛ otsɔɔ bɔ ni amɛtsuɔ nii amɛhaa kɛ bɔ ni abaanyɛ akɛtsu nii amɛha lɛ mli?"
"Could you repeat that, please?",Could you say that one more time?
"Pokuaa does not have money to clear the loan, facing financial difficulties.","Pokuaa nni sika a ɔde betua bosea no, ohyia sikasɛm mu nsɛnnennen."
You have to pay tax if you are carrying out business on a piece of land.,Ɛsɛ sɛ wotua toɔ sɛ woredi dwa wɔ asase ketewa bi so a.
I'm trying to understand a research article about the production of cellulase by Aspergillus niger on CBB2. Can you explain the process of preparing the stock solution?,Miibɔ mɔdɛŋ ni manu niiamlitaomɔ wolo ko ni kɔɔ CBB2 kɛha cellulase ni Aspergillus niger feɔ lɛ shishi. Ani obaanyɛ otsɔɔ gbɛ ni atsɔɔ nɔ atoɔ shika he gbɛjianɔtoo he gbɛjianɔ lɛ mli?
The organisers of the sports gala will be paid.,Wɔbɛtua wɔn a wɔyɛ agumadi afahyɛ no ho nhyehyɛe no ka.
How did some African countries get their names?,Te fee tɛŋŋ ni Afrika maji komɛi ná amɛgbɛi lɛ?
The schools received money from the ministry of Education.,Sukuu ahorow no nyaa sika fii Nhomasua adwumayɛbea hɔ.
Mobile money agents are receiving less commission because of mobile money tax.,Fon sika adwumayɛfo nya ahyɛde a wɔde ma a ɛba fam esiane fon sika tow nti.
The district officials connive with loggers to make money out of trees.,Mpanimfoɔ a wɔda mansini no ano no ne nnipa a wɔbubu nnua no ayɛ baako sɛdeɛ ɛbɛyɛ a wɔnɛnya sika afiri wɔn hɔ
"But it’s a great experience that gives me the opportunity to be paid for things I love: learning, writing, sharing.","nu nyuie wonye be woxea fe nam le nu si melɔna ta, nuxexle, nuŋɔŋlɔ kple numama"
Hamad came from a modest family,Hamad tso wɔmenɔƒome aɖe me
I've been reading about phytoremediation and its potential to clean up contaminated soil and water. Can you explain the concept of phytostimulation and how it works?,Mikane phytoremediation kɛ bɔ ni ebaanyɛ etsumɔ shikpɔŋ kɛ nu ni mli ewo muji lɛ he nii. Ani obaanyɛ otsɔɔ shishinumɔ ni ji phytostimulation kɛ bɔ ni etsuɔ ​​nii eha lɛ mli?
I heard that Marwako Fast Food Limited had a food poisoning incident. What happened?,Mi nu akɛ Marwako Fast Food Limited lɛ yɛ niyenii ni mli ewo muji lɛ he naagba. meni ba?
To be able to get water quickly you have to be at the borehole very early.,"Nea ɛbɛyɛ na woatumi anya nsuo ntɛm no, ɛsɛ sɛ woduru bɔɔhoo no ano anɔpa pa ara."
"This story does not concern me, but I couldn't help hailing a taxi to accompany Madame Kouassi",nya sia mekam o gake ɖeko nyehã meyɔ tagzi hekplɔ aƒenɔ Kouassi ɖo
"I am fine, thank you.","Me ho ye, meda wo ase."
What was the research design used in the study on the influences of service scape on customer satisfaction in the Ghanaian hospitality industry?,Mɛni ji niiamlitaomɔ gbɛjianɔtoo ni akɛtsu nii yɛ nikasemɔ ni kɔɔ bɔ ni sɔɔmɔ mlilɛɛmɔ lɛ saa mɛi ni heɔ nii lɛ atsui ni nyɔɔ mɔ mli yɛ Ghana gbɔfeemɔ nitsumɔ lɛ mli lɛ he lɛ mli?
"Prevention of malaria may be more cost-effective than treatment of the disease in the long run, but the initial costs required are out of reach of many of the world's poorest people.","ebia asramma a wosiw ano no bɛyɛ nea ɛho ka sua sen yare no ayaresa bere tenten, nanso ɛka a wɔbɔ mfiase no yɛ nea wiase ahiafo pii ntumi nnya"
Good to see you again.,Content de vous revoir.
"An adult ox sells for a very high price,",nyititi xɔa tsi ŋutɔ
I'm trying to understand the Augmented Dickey Fuller Test (ADF) and how it's used to determine the order of integration of variables. Can you explain it to me?,"Miibɔ mɔdɛŋ ni manu Augmented Dickey Fuller Test (ADF) lɛ shishi, kɛ bɔ ni akɛtsuɔ nii ahaa koni akɛna bɔ ni nibii ni tsakeɔ lɛ feɔ ekome lɛ. obaanyɛ otsɔɔ mi mli"
I am a little tired today.,I feel tired today.
Is this expensive?,Is this worth the price?
I'm trying to understand the concept of bulk density. Can you explain it to me?,Miibɔ mɔdɛŋ ni manu shishinumɔ ni ji mass density lɛ shishi. obaanyɛ otsɔɔ mi mli
The project generally aims at creating a market for farm products and gives farmers a number of benefits in the Nandom districts,"Mpɛn pii no, adwuma no botae ne sɛ ɛbɛma wɔanya gua ama akuafoɔ nneɛma na ɛma akuafoɔ nya mfasoɔ dodoɔ bi wɔ Nandom mantam mu"
"The medical stores buys, stores and distributes drugs to health centers.","Nnuro sotɔɔ ahodoɔ no wɔtotɔ, wɔsie na wɔsane nso kyekyɛ nnuro de ma ayaresabea ahodoɔ no."
"Improve factors that are associated with health and wellness, including safe communities, clean water and air, stable housing and access to affordable healthy food.","Tu mpɔn wɔ nneɛma a ɛfa akwahosan ne yiyedi ho, a nea ɛka ho ne mpɔtam a ahobammɔ wom, nsu ne mframa pa, adan a ɛyɛ den ne aduan a ahoɔden wom a ne bo yɛ den a wobenya."
I'm trying to understand the effects of diabetes mellitus on the body. Can you explain how hyperglycemia affects the kidneys?,Miibɔ mɔdɛŋ ni manu bɔ ni sikli hela lɛ saa gbɔmɔtso lɛ he ehaa lɛ shishi. Ani obaanyɛ otsɔɔ bɔ ni hyperglycemia lɛ saa tsitsii lɛ ahe ehaa lɛ mli?
Some people traver long distances to access water sources where they can fetch water from,Nnipa binom twa kwan tenten kɔ mmeae a wobetumi anya nsu afi hɔ
How much per basket?,How much do you charge per basket?
What do you do for work?,Dɛn na woyɛ ma adwuma?
"I am fine, thank you.","I am okay, thank you"
How much is this?,How much are you charging?
Not all new seeds on market are resistant to pests and diseases.,Ɛnyɛ aba foforo a ɛwɔ gua so nyinaa na ɛko tia mmoawa ne nyarewa.
I'm interested in learning about the Produce Buying Company (PBC) in Ghana. What are some of the recommendations for improving their customer service?,Miyɛ he miishɛɛ akɛ male Nibii Ahe Nitsumɔhe (PBC) ni yɔɔ Ghana lɛ he sane. Mɛni ji ŋaawoi komɛi ni baaha amɛ nitsumɔ ni amɛtsuɔ amɛhaa mɛi ni heɔ nii lɛ aya hiɛ?
Thank you for coming.,Yɛda mo ase sɛ moaba.
How can we ensure adquate supply of food?,Yɛbɛyɛ dɛn atumi ahwɛ ahu sɛ yebenya aduan a ɛfata?
What would you like to buy?,Which item would you like?
How much would everything cost?,How much will all of these cost?
What's the cost of all these?,How much would all of these cost?
You're welcome here.,We are happy to have you here
What do you do for work?,What is your job?
What was the main objective of the study on health insurance markets in Ghana?,Mɛni ji oti titri ni yɔɔ nikasemɔ ni kɔɔ helatsamɔ he inshuɔrans jarayeli he yɛ Ghana lɛ sɛɛ?
He sang a song that he used to market his music studio.,Ɔtoo dwom bi a ɔde dii ne nnwom adwumayɛbea no ho gua
The students' school fees is paid through the bank.,Wɔnam sikakorabea no so tua asukuufoɔ no feese.
What is weaning food and why is it important for infants?,Mɛni ji nu ni akɛhaa gbekɛbii ni afɔɔ amɛ ehee lɛ?
Parents lack funds to buy food for the children amidst this crisis.,Awofoɔ nni sika a wɔde bɛtɔ aduane ama wɔn mma wɔ saa amanneɛ yi mu.
So I work to be able to organize all these activities and take care of myself with a minimum,Esia ta mele dɔ wɔm hena nusiawo katã gbɔ kpɔkpɔ kple ŋye ŋutɔ ɖokui nye gbɔ kpɔkpɔ
"The money should be used to solve our challenges, addressing our current difficulties.","sika no ɛsɛ sɛ yɛde boa siesie yɛn haw, ɛnhwɛ yɛn mprɛmprɛn haw."
I'm interested in learning about the impacts of climate change on water resources and agriculture in Ghana. Can you provide some information on this topic?,Miyɛ bɔ ni kɔɔyɔŋ tsakemɔ saa nu nibii kɛ okwaayeli he yɛ Ghana lɛ he miishɛɛ. Ani obaanyɛ okɛ saji komɛi ni kɔɔ saneyitso nɛɛ he aha?
I'm interested in learning more about the evolution of stock markets. Can you tell me about the history of the New York Stock Exchange (NYSE) and how it became the largest stock market in the world?,Miyɛ he miishɛɛ akɛ makase tsakemɔi ni yaa nɔ yɛ jarayeli hei lɛ ahe nii babaoo. Ani obaanyɛ okɛɛ mi New York Shikatoohe lɛ yinɔsane kɛ bɔ ni fee ni eji shikatoohe ni da fe fɛɛ yɛ je lɛŋ lɛ he sane?
I'm interested in learning about the water facilities in the Bosomtwe District of Ghana. What types of facilities are available in the district?,"Miyɛ he miishɛɛ akɛ male nu nitsumɔhei ni yɔɔ Bosomtwe Kpokpaa lɛ nɔ, yɛ Ghana lɛ ahe saji. Mɛɛ nibii yɔɔ kpokpaa lɛ nɔ?"
"I'm interested in learning about the Tuafo Asafo Company's symbolic piece, the horse. What does it represent and what's its significance?","Miyɛ Tuafo Asafo nitsumɔhe lɛ okadi ni kɔɔ okpɔŋɔ lɛ he lɛ he miishɛɛ. Mɛni edamɔ shi kɛha, ni mɛni ji eshishinumɔ?"
"I've heard that fresh vegetables are becoming increasingly popular in Ghana, especially among urban dwellers. Can you tell me more about this trend?","Minu akɛ aduawai ni afee ehee lɛ miihe gbɛi waa yɛ Ghana, titri lɛ yɛ maŋtiasei amli bii ateŋ. Ani obaanyɛ okɛɛ mi nibii babaoo yɛ nɛkɛ nifeemɔ nɛɛ he?"
"I will give them new deadlines, for all the money I owe them",maga na ɖoƒe yeyewo wo hena fe siwo menyi la tútu
I've been reading about Ghana's water bodies and I'm curious about the properties of copper. Can you tell me more about it?,Mikaneɔ nuji ni yɔɔ Ghana lɛ ahe saji ni miitao male bɔ ni akɔɔble yɔɔ ha. Ani obaanyɛ okɛɛ mi ehe saji babaoo?
I've been reading about the factors that influence the final cost of a construction project in Ghana. What are some of the most critical factors that contractors consider when preparing estimates?,Mikane nibii ni saa naagbee shika ni akɛbaatsu tsumaa nitsumɔ ko he nii yɛ Ghana lɛ he nii. Mɛni ji nibii komɛi ni he hiaa waa ni mɛi ni tsuɔ nii yɛ nitsumɔ mli lɛ susuɔ he beni amɛtoɔ shika he akɔntaabuu he gbɛjianɔ lɛ?
"I am fine, thank you.","I am doing fine, thank you"
You're welcome here.,Feel at home.
I'm interested in learning more about rice production in Ghana. What are the average yields of rice across different regions in the country?,Miyɛ he miishɛɛ akɛ makase ŋmãa ni afeɔ yɛ Ghana lɛ he nii babaoo. Mɛni ji ŋmãa ni anáa yɛ maŋ lɛ kpokpai srɔtoi anɔ lɛ mlijaa mlijaa?
I've been reading about the impact of digitalization on businesses in Ghana. Can you tell me more about how digitalization affects customer perceived value?,Mikane bɔ ni nibii ni akɛtsuɔ nii yɛ kɔmpiuta nɔ lɛ saa jarayeli nitsumɔi ahe yɛ Ghana lɛ he sane. Ani obaanyɛ okɛɛ mi babaoo yɛ bɔ ni digitalization saa sɛɛnamɔ ni mɛi ni heɔ nii lɛ nuɔ he lɛ he?
No problem.,Megblẽ naneke o.
I've been sitting in the restaurant for five minutes,miniti atɔe nye esia mele nuɖuƒe la
I'm interested in learning more about pepper farming in Ghana. Can you tell me why irrigation is necessary for pepper crops?,Miyɛ he miishɛɛ akɛ makase ŋmɔtɔ ni akɛtsuɔ nii yɛ Ghana lɛ he nii babaoo. Kɛɛmɔ mi nɔ hewɔ ni nu ni akɛshwieɔ nɔ lɛ he hiaa kɛha pepper ŋmɔshi nibii lɛ?
If you take days without eating food you might die..,Sɛ wogye nna a wunnni aduan a ebia wobɛwu.
National water aimed at expanding the water supply system for the people of Gbawe.,Ɔman nsuo de yɛɛ wɔn botaeɛ ne sɛ wɔbɛtrɛ nsuo a wɔde ma Gbawefoɔ no mu.
I'm interested in learning about food safety practices in Ghana. Can you tell me about some common sources of contamination in food preparation?,Miyɛ he miishɛɛ akɛ makase niyenii ni akwɛɔ nɔ jogbaŋŋ yɛ Ghana lɛ he nii. Ani obaanyɛ okɛɛ mi nibii komɛi ni afɔɔ mujiwoo yɛ niyenii ahe saamɔ mli lɛ ahe sane?
What is an example of a company that successfully used the 'split the market' tactic?,Mɛni ji nitsumɔhe ko ni kɛ ‘jarayeli mligbalamɔ’ gbɛ lɛ etsu nii jogbaŋŋ lɛ he nɔkwɛmɔnɔ?
Is this expensive?,Is this item too expensive?
More well s are being constructed for ease of access to safe water.,Wɔresisi abura pii sɛnea ɛbɛyɛ a ɛbɛyɛ mmerɛw sɛ wobenya nsu pa.
She adds that she was finally able to see her father this morning and that he has already taken the bus to return to Abidjan.,egblɔ kpe ɖe eŋu hã be yedze fofoa dzi ŋdi sia eye eya hã dzeʋu me gbɔna xoxo
How much money do you spend on shopping?,Sika ahe na wosɛe no de tɔ nneɛma?
What do you do for work?,Que fais-tu comme travail ?
I came across a research study on pricing quantity surveying consultancy services in Ghana. Can you tell me more about the objectives of the study?,Mikɛ niiamlitaomɔ nikasemɔ ko ni kɔɔ ŋaawoo nitsumɔi ahe yɛ Ghana jarayeli he nikasemɔ mli lɛ ekpe. Ani obaanyɛ okɛɛ mi otii ni yɔɔ nikasemɔ lɛ mli lɛ ahe saji babaoo?
How much are you selling this for?,How much will you sell this?
When I sold yam fries,esi metɔa koliko hedzranae
Huge sums of money have been used to improve people's lives in those areas.,Wɔde sika pii adi dwuma de ama nkurɔfo asetra atu mpɔn wɔ saa mmeae no.
I heard about a new dairy creamer launched by Arla Foods. What's it called and what's its purpose?,Minu mliki mliki hee ko ni Arla Foods jie lɛ kpo lɛ he. Mɛni atsɛɔ lɛ ni mɛni ji yiŋtoo ni yɔɔ sɛɛ?
What are some key factors that influence a customer's decision to switch banks in Dunkwa?,Mɛni ji nibii titrii komɛi ni náa mɛi ni heɔ nii lɛ ayiŋkpɛɛ akɛ ebaatsake shikatoohe ni yɔɔ Dunkwa lɛ nɔ hewalɛ?
The district has banned the selling and consumption of local brewery in the area.,Ɔmantam no abara sɛ wɔbɛtɔn mpɔtam hɔ nsadan a ɛwɔ mpɔtam hɔ no na wɔadi.
How much for one?,How much is one item?
"What I did, I did it as a reaction because there were words that did not please me on the other side,” he said.","nu si mewɔ la, mewɔ hena ŋuɖoɖo nu si tso afi kemɛ lɔm lae"
The headteacher requested all parents to pay school fees in time.,Sukuupanin no srɛɛ awofoɔ nyinaa sɛ wɔntua sukuu fiisi berɛ ano.
"I am fine, thank you.","I'm doing fine, thanks."
I came across a research article about antibiotic use in fish farms in the Ashanti Region of Ghana. Can you summarize the key findings of the study?,Miyana niiamlitaomɔ wolo ko ni kɔɔ tsofai ni gbeɔ helai ni akɛtsuɔ nii yɛ loo alɛɛhe lɛ he yɛ Ashanti kpokpaa ni yɔɔ Ghana lɛ nɔ. Ani obaanyɛ owie nibii titrii ni ana yɛ nikasemɔ lɛ mli lɛ ahe kuku?
Most people in Kpandu buy food from market places.,Nnipa dodow no ara a wɔwɔ Kpandu tɔ nnuan fi gua so.
How much money was raised from the fundraising campaign?,Sika ahe na wonya fii sikakorabea ɔsatu no mu?
A given amount of money is allocated to the youth every year.,Wɔatwa sika bi ato hɔ ama mmaabunu afe biara.
I don't understand.,"Sorry, I don't understand."
Where are you from?,Afi kae nètso?
What's the price of this item?,How much should I pay?
There will be a training about fish farming in the town hall.,Wɔbɛyɛ nteteeɛ afa mpataa kuayɛ wɔ kuro no hyiadan no mu.
"Teachers in Ghana complain about the little salary they get , that they cannot sustain the families and pay back loans with it.","Akyerɛkyerɛfoɔ a wɔwɔ Ghana nwiinwii wɔ akatua ketewa a wɔnya no ho , sɛ wɔrentumi nhwɛ mmusua no na wɔmfa ntua bosea."
"So thank you for helping me carry the heavy burden of introducing the world to the young people of Yopougon,",ke medakpe be miekpeɖe ŋunye metsɔ agba kpekpe sia eye be mena Yopougon sɔhɛwo dzesi xexe
Hello,Good to see you
"What did President Akufo-Addo's address on Sunday evening, the thirtieth of October in the year twenty twenty-two, cover?","Mɛni he Maŋtsɛ Akufo-Addo wie he yɛ ewiemɔ ni ewie yɛ Hɔgbaa gbɛkɛ, October nyɔŋmai etɛ kɛ enyɔ lɛ mli?"
Good to see you again.,It's good to see you again.
The police officers were arrested for receiving a bribe from a taxi driver.,Wɔkyeree polisifo no sɛ wonyaa adanmude fii taksikafo bi hɔ.
I'm interested in learning about water consumption in Ghana. What are some key findings from the research on water consumption in Koforidua?,Miyɛ he miishɛɛ akɛ male nu ni akɛtsuɔ nii yɛ Ghana lɛ he sane. Mɛni ji nibii titrii komɛi ni ana yɛ nikasemɔ ni kɔɔ nu ni akɛtsuɔ nii yɛ Koforidua lɛ he lɛ mli?
Which one costs less?,Wo dometɔ kae ƒe asi bɔbɔ wu?
How much does this cost?,How much do I need to pay?
There is a meeting for the non-teaching staff whiles the organization staff are responsible for distributing food to the refugees.,Wɔayɛ nhyiamu bi ama wɔn a wɔkyerɛ adeɛ ano berɛ a nnipa wɔyɛ adwuma wɔ ahyehyɛdeɛ no mu no dwumadie ne sɛ wɔbɛkyekyɛ nnuane ama atubrafoɔ no.
What are you looking for?,Dɛn na worehwehwɛ?
The public should provide better pay for the youth.,Ɛsɛ sɛ ɔmanfo de akatua a eye ma mmabun no.
I'm trying to understand the concept of perceived value in the context of customer satisfaction. Can you explain it to me?,Miibɔ mɔdɛŋ ni manu sɛɛnamɔ ni asusuɔ he lɛ shishi yɛ mɛi ni heɔ nii lɛ atsui ni nyɔɔ mɔ mli lɛ mli. obaanyɛ otsɔɔ mi mli
Which one costs less?,Which one would cost me less?
Poor farming methods lower the quality and quantity of crop yields.,Akwan pa a wɔfa so yɛ kua no brɛ nnɔbae a wonya no yiye ne dodow ase.
The community needs access to clean and safe water.,Mpɔtam hɔfo hia nsu a ɛho tew na ahobammɔ wom.
"I am fine, thank you.","I'm very well, thank you."
Excuse me.,Pardon me.
It is not good to bath from water sources.,Ɛnyɛ papa sɛ wobɛdware afiri nsuo mu.
"I always drink a refreshing glass of water every morning, but not necessarily to quench my thirst.","Bere nyinaa menom nsu kuruwa a ɛma ahoɔden anɔpa biara, nanso ɛnyɛ nea ɛho hia sɛ mede bedum me sukɔm."
"After a month, he arrived in a place that looked like a piece of paradise.","Le dzinu ɖeka megbe la, evaɖo teƒe aɖe si le abe paradiso me ene."
Nice to meet you.,Glad to meet you
How much per basket?,How much for a basket?
"We have to leave if we want to find a taxi,","Ne míe be míakpɔ ʋu la, ele be míadzo"
"I buy from you often, right?",Me gbɔwoé meƒlea nu le edziedzia?
The new tax discouraged the poor from the use of mobile money.,Tow foforo no maa ahiafo abam bui wɔ telefon a wokura kyin a wɔde bedi dwuma no ho.
See you tomorrow.,Tsɔ míado go.
The rich pay some money to treat them with special care.,Adefoɔ tua sika ma wɔhwɛ wɔn yie.
Criminals are now fond of kidnapping people with aim of asking for money.,Mprempren nsɛmmɔnedifo ani gye ho sɛ wɔbɛkyere nkurɔfo a wɔn botae ne sɛ wɔbɛsrɛ sika.
Parents are encouraged to use the different family planning methods.,Yɛhyɛ awofoɔ nkuran sɛ wɔmfa awoɔ nhyehyɛeɛ ahodoɔ no nni dwuma.
How much per basket?,What is the price for a basket?
I'm trying to understand the concept of Total Dissolved Solids (TDS) in water. Can you explain what it is and how it's measured?,Miibɔ mɔdɛŋ ni manu shishinumɔ ni ji nibii ni mli wa ni mli edɔ fɛɛ (TDS) ni yɔɔ nu mli lɛ shishi. Ani obaanyɛ otsɔɔ nɔ ni eji kɛ bɔ ni asusuɔ lɛ ahaa?
"I'm interested in learning about the market trends in Ghana, specifically in the Asesewa market. Can you tell me about the top agricultural goods traded in that market?","Miyɛ jarayeli shihilɛ ni yɔɔ Ghana lɛ he miishɛɛ, titri lɛ yɛ Aceswa jarayelihe lɛ. Ani obaanyɛ okɛɛ mi okwaayeli nibii ni fe fɛɛ ni ahɔ̃ɔ yɛ nakai jara lɛ nɔ lɛ ahe sane?"
He begged for investigation on the issue of staff claiming money of dismissed workers.,Ɔsrɛɛ sɛ wɔnhwehwɛ adwuma no mu adwumayɛfo a wɔagyae wɔn adwuma no sika a wɔhwehwɛ no mu.
"During our little trip to the market, sellers asked if Chouchou was my mother","esi mieyi asime la, nudzralawo bui be nɔnyee"
We are always proud of these friends who dare to take the step,ne xɔ̃wo aɖe le afɔ sia ɖem la dzidzɔ wonye na
Do you have a price list?,Could I check your prices?
I'm interested in learning about the characteristics of family business owners in Kumasi. What can you tell me about their age and education level?,Miyɛ he miishɛɛ akɛ makase weku nitsumɔtsɛmɛi ni yɔɔ Kumasi lɛ asui. Mɛni obaanyɛ okɛɛ mi yɛ afii ni amɛye kɛ bɔ ni amɛkase nii amɛha lɛ he?
I heard that Appietus paid tribute to Daddy Lumba. Can you tell me more about it?,Minu akɛ Apitus wo Ataa Lumba hiɛ nyam. Ani obaanyɛ okɛɛ mi ehe saji babaoo?
Photo: A Perfect Heart comment * name * We're making a big deal about this accident but let's look at the dark thing with hindsight.,míawo katã míele asi lim afɔkunya sia ŋu gake mina míayi míaɖouiwo me le eŋu
His parents have failed to pay the medical bills.,N’awofo ntumi ntua ayaresa ho ka.
Embarrass or make fun of you in front of your friends or family?,Aniwude anaasɛ wodi fɛw wo nnamfo anaa w'abusuafo anim?
"They will have no other reaction than a sigh, and a sorry look.",nu bubu meli be woatso humm aɖo nublanui mo o
I heard about a new food bank initiative in Ghana. Can you tell me more about it?,Minu niyenii atoohe hee ko ni ato yɛ Ghana lɛ he. Ani obaanyɛ okɛɛ mi ehe saji babaoo?
"When your friends gained confidence, after a beer on stilts, in #Ganvie",dzi ɖo tɔwowo ƒo le atukpa ɖeka megbe
"I'm interested in learning more about the different tomato varieties in Ghana. Can you tell me about the agronomic characteristics of the five tomato varieties studied at KNUST, Kumasi?","Miyɛ he miishɛɛ akɛ makase tomato henɔi srɔtoi ni yɔɔ Ghana lɛ ahe nii babaoo. Ani obaanyɛ okɛɛ mi agronomic su ni yɔɔ tomato henɔi enumɔ ni akase yɛ KNUST, Kumasi lɛ mli lɛ he sane?"
"It's okay, no worries.","C'est bon, pas de soucis."
I read a story about a woman named Sara Peach who had a life-threatening birth experience. Can you tell me more about her condition?,Mikane sane ko ni kɔɔ yoo ko ni atsɛɔ lɛ Sarah Peach ni ná fɔmɔ mli niiashikpamɔ ko ni woɔ ewala he gbeyei lɛ he. Ani obaanyɛ okɛɛ mi shihilɛ ni eyɔɔ mli lɛ he saji babaoo?
Teachers in Ghana are not paid well .,Akyerɛkyerɛfo a wɔwɔ Ghana no nnya akatua pa .
I just heard that Bella Hadid was named the most beautiful woman in the world. What's the basis for this claim?,Minu akɛ atsɛɔ Bella Hadid akɛ yoo ni he yɔɔ fɛo fe fɛɛ yɛ je lɛŋ. Mɛni ji nɔ ni damɔ nɛkɛ wiemɔ nɛɛ nɔ?
"I've been reading about the challenges faced by water treatment plants in Ghana. Can you tell me more about the socio-economic, political, and environmental issues that affect their operations?","Mikane naagbai ni nitsumɔhei ni tsuɔ nu he nii yɛ Ghana lɛ kɛkpeɔ lɛ ahe saji. Ani obaanyɛ okɛɛ mi shihilɛ-shika helɛtemɔ, maŋkwramɔŋ kɛ shihilɛ mli saji ni kɔɔ onitsumɔ lɛ he lɛ ahe saji babaoo?"
Please come in.,Come inside.
The royal family is involved in some land wrangles.,Adehye abusua no de wɔn ho hyɛ asase ho akasakasa bi mu.
These Facebook pages created real communities and we could end up making friends with other readers.,facebookyaʋaladzinu siawo na be mieɖo kadede me kple nuxlẽla bubu woe
I heard that an American company has developed a technique to make bread last longer. What's the story behind this?,Minu akɛ Amerika nitsumɔhe ko efee gbɛ ko ni amɛaatsɔ nɔ amɛha blodo ahi shi be kakadaŋŋ. Mɛni ji sane ni yɔɔ enɛ sɛɛ?
Can I help you find something?,Can I help you find what you need?
I'm interested in learning more about the methods used to manage surface defects on vegetable tanned leather. Can you tell me about some of the common methods used?,Miyɛ he miishɛɛ akɛ makase gbɛi ni atsɔɔ nɔ akudɔɔ ŋmeii ni yɔɔ ŋmeii ahewolo nɔ lɛ ahe nii babaoo. Ani obaanyɛ okɛɛ mi gbɛi komɛi ni afɔɔ nɔ atsuɔ he nii?
I'd like to know more about the research methodology used in a study about consumers' willingness to pay for organic fruits and vegetables in Ghana. Can you explain how the participants were selected?,Miisumɔ ni male niiamlitaomɔ gbɛ ni akɛtsu nii yɛ nikasemɔ ko ni kɔɔ bɔ ni mɛi ni heɔ nii lɛ sumɔɔ ni amɛwo aduawai kɛ aduawai ni akɛ tsofai tsuuu nii yɛ mli lɛ ahe nyɔmɔ yɛ Ghana lɛ he babaoo. Ani obaanyɛ otsɔɔ bɔ ni ahala mɛi ni kɛ amɛhe wo mli lɛ mli?
Good morning,Happy morning.
What is the current producer price of cocoa in Ghana?,Mɛni ji cocoa ni afeɔ yɛ Ghana lɛ jara?
Charity organizations provide help and raise money for those in need.,Adɔe ahyehyɛde ahorow de mmoa ma na wɔboaboa sika ano ma wɔn a wohia mmoa.
Traditional religions in Ghana have retained their influence because of their intimate relation to family loyalties and local mores.,Atetesɛm som ahodoɔ a ɛwɔ Ghana no akura wɔn nkɛntɛnso mu ɛsiane abusuabɔ a ɛmu yɛ den a ɛda abusua mu nokorɛdie ne mpɔtam hɔ amanneɛ ahodoɔ ntam nti.
How are you?,How have you been?
There is easy access to the market for agricultural output and modern inputs.,Ɛyɛ mmerɛ sɛ wɔkɔ dwa wɔ deɛ ɛfiri kuayɛ ba mu ne nnɛ yi nnoɔma a wɔde hyɛ mu ho.
»At what point did he become this mini-man who now knows how to say “please” and “thank you” without being called to order,ɣe ka ɣie wozu ame sie nya alesi si wo:dea kuku alo daa akpe le esime womega fianae oa
I'm interested in learning about the growth performance of fish in different water conditions. Can you tell me about a study that compared the growth of fish in fresh water and re-use water?,Miyɛ bɔ ni loo lɛ daa yɛ nu shihilɛi srɔtoi amli lɛ he miishɛɛ. Ani obaanyɛ okɛɛ mi nikasemɔ ko ni kɔɔ loo dalɛ kɛ nu ni akɛtsuɔ nii ekoŋŋ yɛ nu kpakpa mli lɛ he sane?
He walks around the village every day selling the pancakes that his mother makes.,Ɔkyinkyin akuraa no ase da biara na ɔtɔn pancakes a ne maame yɛ no.
Not enough money has been collected to pay the councillors.,Wɔnnyaa sika a ɛdɔɔso a wɔde betua afutufo no ka.
Commercial farming requires a bigger piece of land.,Kuadwuma a wɔde di gua hwehwɛ sɛ wonya asase kɛse.
How much would everything cost?,Enyiɛ nɔ fɛɛ nɔ baahe?
"The head of the family traditionally sprinkles kpoikpoi (a process called ""Nishwamo"") and pours drinks to the ground to honor ancestors following the preparation of Homowo food on Saturday.","Abusuapanin no nam amammerɛ kwan so pete kpoikpoi (adeyɛ bi a wɔfrɛ no ""Nishwamo"") na wahwie nsa agu fam de ahyɛ nananom animuonyam na wɔde ayɛ ahoboaboa ama Homowo aduane Memeneda no."
What are you looking for?,What do you want to buy?
Please help me.,Can you please help me?
Ripening is a process in fruits that causes them to become more palatable.,ɛbere yɛ adeyɛ a ɛkɔ so wɔ nnuaba mu a ɛma ɛyɛ dɛ kɛse.
I really appreciate it.,Mekpɔ ŋudzedze ɖe eŋu ŋutɔ.
"The water in her bucket poured, accidentally spilling out of the container.","Nsu a ɛwɔ ne bokiti mu no hwiee gui, na ɛhwiee fii ade a wɔde gu mu no mu wɔ akwanhyia mu."
"""""Indeed, as always, there is an entire industry that makes money off the desperation of others. ""","le nyateƒe me la ,amehatsotso aɖewo li siwo le hotsui kpɔm to amewo ƒe dziɖe le ameƒo nɔnɔme si me wole la"
I've been reading about the quality of drinking water in Ghana. What are some common methods used to evaluate its quality?,Mikane bɔ ni nu ni anuɔ yɛ Ghana lɛ hi ha lɛ he sane. Mɛni ji gbɛi komɛi ni afɔɔ nɔ akwɛɔ bɔ ni nibii lɛ hi ha lɛ mli?
"She withdrew her complaint following pressure from Moha La Squale and her family,” he reported.",wokɔkɔ mɛta 40le anyigba gbɔ eye wodzidzime katã le mɛta 350
What happened in Konongo on the evening of the sixth of November in the year twenty twenty-four?,Mɛni ba yɛ Konongo yɛ November 24 gbɛkɛ ni ji ekpaa lɛ nɔ?
Thank you.,Merci.
Leaders have gained a lot of money from the women's projects.,Akannifoɔ anya sika pii afiri mmaa no nnwuma  mu.
I am a trader.,Meyɛ aguadifo.
To be able to get water quickly you have to be at the borehole very early.,Sɛdeɛ ɛbɛyɛ a wobɛnya nsuo ntɛm no ɛsɛ sɛ wokɔ nsuo a wɔatu no ho ntɛm pa ara.
I heard that Ghana's Parliament approved the payment of emoluments to the First and Second Ladies. What's the reasoning behind this decision?,Mi nu akɛ Ghana maŋkwramɔŋ saneyelihe lɛ ekpɛlɛ kaimɔ nyɔmɔwoo nɔ aha yei ni yɔɔ klas klɛŋklɛŋ kɛ klas ni ji enyɔ lɛ. Mɛni ji yiŋtoo ni yɔɔ yiŋkpɛɛ nɛɛ sɛɛ?
"He asks me my name,",ebia ŋukɔnye
"Farmers grow mangoes, apples, avocados and cocoa and acquired income from selling fruits.","Akuafo no dua mango, aprɛ, paya ne cocoa, na wonya wɔn ho sika fi nnuaba a wɔtɔn no mu."
"What are the main reasons why individuals and businesses hold cash, according to the research?","Taakɛ nikasemɔ lɛ tsɔɔ lɛ, mɛni ji yiŋtoi titri ni haa aŋkroaŋkroi kɛ jarayeli hei hiɛɔ shika?"
Good roads ease transportation of goods to the market.,Akwan pa boa ma ɛyɛ mmerɛw sɛ wɔde nneɛma bɛkɔ gua so
Money extortion issues are very common these days.,Sika a wɔde ahoɔden anaa ahunahuna gye ho nsɛm abu so kɛse nnansa yi.
Can you explain the research methodology used in the Ghanaian study on water supply in Funsi?,Ani obaanyɛ otsɔɔ niiamlitaomɔ gbɛ ni akɛtsu nii yɛ Ghana nikasemɔ ni kɔɔ nu ni akɛhaa yɛ Funsi lɛ mli lɛ mli?
The family wants the man to be prosecuted.,Abusua no pɛ sɛ wɔkyere papa no tom
I'm interested in learning more about seed storage and longevity. Can you tell me about the use of zeolite seed 'Drying Beads' for drying rice seeds?,Miyɛ he miishɛɛ akɛ makase dumɔwui ni akɛtoɔ kɛ wala ni sɛɛ tsɛɔ lɛ he nii babaoo. Ani obaanyɛ okɛɛ mi bɔ ni akɛ zeolite dumɔwui ‘Drying Beads’ tsuɔ nii kɛgbiɔ ŋmãa dumɔwui lɛ?
How much for two?,What will two cost?
I understand.,Je comprends.
"Maybe once I'm married I'll buy books in pairs so my husband and I can read and laugh together,","ɖewohĩ ne me ɖe srɔ̃ la, maƒlẽna agbãlɛ eve alebe nye kple srɔ̃nye miateŋu xlee eye akonu ɖe du"
The village doesn't have access to clean water.,Akuraa no ase nni nsu pa.
"Ewurafua did not like the taste of the food, and her mother's friends have learned to be good to their dogs while the twins used to wear similar clothes.","Ewurafua ani annye aduane no dɛ ho, na ne maame nnamfonom asua sɛ wɔbɛyɛ wɔn akraman yie berɛ a na mmanoma no taa hyɛ ntadeɛ a ɛte saa ara."
Please come in.,"Come inside, please"
Quite a number of people have failed to pay back loans and interests.,nnipa dodow bi ntumi ntua bosea ne mfɛntom
"What is hyper-concentrated flow, and how does it differ from clear water?","Mɛni ji nu ni hoɔ babaoo, ni te esoro lɛ kwraa yɛ nu krɔŋŋ he eha tɛŋŋ?"
Good morning,Bonjour
Thanks for your help.,Shidaa aha oyelikɛbuamɔ lɛ.
I'm curious about customer satisfaction in healthcare delivery. What are some factors that contribute to it?,Miyɛ mɛi ni heɔ nii lɛ atsui ni nyɔɔ mɔ mli yɛ helatsamɔ he nitsumɔ mli lɛ he miishɛɛ. Mɛni ji nibii komɛi ni kɛ enɛ baa?
What are the main expectations of regulatory bodies from Access Bank and other commercial banks in Ghana when it comes to dealing with money laundering?,Mɛni ji nibii titri ni Access Bank kɛ jarayeli shikatoohei krokomɛi ni kwɛɔ shikatoohei anɔ yɛ Ghana lɛ kpaa gbɛ yɛ shika ni akɛwoɔ shikatoohei amli lɛ he?
I heard there was a major crackdown on Mobile Money fraud in Ghana. Can you tell me more about it?,Mi nu akɛ atswa mobile money he shishiumɔ he adafi waa yɛ Ghana. Ani obaanyɛ okɛɛ mi ehe saji babaoo?
Local leaders in the Wassa East District have encouraged people to make healthier food choices.,Mpɔtam hɔ akannifoɔ a wɔwɔ Wassa Apuei Fam Mansini no mu ahyɛ nkurɔfoɔ nkuran sɛ wɔnpaw nnuan a ahoɔden wom.
It's said that he paid extra money for construction of two latrines at Ajini landing sites.,Wɔka sɛ otuaa sika foforo kaa deɛ na ɛsɛ otua de si tiafi mmienu wɔ mmeae a  wosi fam wɔ Ajini no.
I want to go to a place where I can settle with my family.,Mepɛ sɛ mekɔ baabi a me ne m’abusua betumi atra.
"I'm interested in learning more about the effects of pH, substrate concentration, temperature, and time on diastatic activity of rice varieties. Can you explain the correlation between these factors?","Miyɛ he miishɛɛ akɛ makase babaoo yɛ bɔ ni pH, aggregate concentration, hulutsoo kɛ be ni yɔɔ ŋmãa ŋmɔshi nibii amli lɛ tsuɔ nii ehaa lɛ he. Ani obaanyɛ otsɔɔ tsakpaa ni kã nibii nɛɛ ateŋ lɛ mli?"
How much per kilogram?,How much does a kilogram cost?
Can you give me today's price?,What's the price today?
The teacher patiently explained the complex concept until all the students understood it. He constantly made analogies to objects and phenomena they could easily realte to in their surroundings.,Ɔkyerɛkyerɛfo no tɔɔ ne bo ase kyerɛkyerɛɛ adwene a ɛyɛ den no mu kosii sɛ sukuufo no nyinaa tee ase. Ɔde nneɛma ne nneɛma a ɛkɔ so a ɛnyɛ den sɛ wobetumi ahu wɔ nneɛma a atwa wɔn ho ahyia no ho nsɛso bere nyinaa.
What is fractional ownership and how does it work in the context of The Pelican Hotel Apartments?,"Mɛni ji fã mli nibii ni mɔ ko yɔɔ lɛ, ni te etsuɔ ​​nii ehaa tɛŋŋ yɛ Pelican Hotel Apartments lɛ mli?"
I came across a research article about the banking sector in Ghana and I'm trying to understand the trends in their performance. Can you tell me more about the Return on Capital Employed (ROCE) ratio?,Mikɛ niiamlitaomɔ wolo ko ni kɔɔ shikatoohe nitsumɔ ni yɔɔ Ghana lɛ he lɛ kpe ni miitao manu bɔ ni amɛtsuɔ nii amɛhaa lɛ shishi. Ani obaanyɛ okɛɛ mi ROCE ratio lɛ he saji babaoo?
I'm interested in learning more about cassava and its uses in Ghana. Can you tell me a bit about how cassava is used as a food source?,Miyɛ he miishɛɛ akɛ makase ŋmei kɛ bɔ ni akɛtsuɔ nii yɛ Ghana lɛ he nii babaoo. Kɛɛmɔ mi bɔ ni akɛ ŋmei feɔ niyenii lɛ he sane fioo?
I've heard that the pH level of tomato pastes can vary. What range of pH levels were found in a study on reconstituted tomato powder?,Minu akɛ pH ni yɔɔ tomato ŋmɔtɔ mli lɛ baanyɛ atsake. Mɛɛ pH sɛɛnamɔ ana yɛ nikasemɔ ko ni afee yɛ tomato powder ni atsake lɛ he lɛ mli?
What's the price of this item?,What is the price of this product?
Nice to meet you.,Nijaa ni okɛ bo akpee.
Many Ghanaian youths suffer from disease like diabetes due to the way the feed and the food the feed on.,Ghana mmabun pii nya nyarewa te sɛ asikreyare esiane ɔkwan a wɔfa so di aduane ne aduane a wodi nti.
I read that the Tony Elumelu Foundation disbursed a significant amount of money to entrepreneurs across Africa in two thousand and twenty-one. Can you tell me more about this?,Mikane akɛ Tony Elumelu Foundation lɛ kɛ shika babaoo eha nitsumɔtsɛmɛi akpei enyɔ kɛ nyɔŋmai enyɔ kɛ ekome ni yɔɔ Afrika lɛ. Ani obaanyɛ okɛɛ mi enɛ he saji babaoo?
Sorry to bother you.,Kpeɖeŋutɔ be meɖe fu na wò.
I'm interested in learning more about the relationship between crude oil prices and economic growth in Ghana. Can you provide some background information on this topic?,Miyɛ he miishɛɛ akɛ makase tsakpaa ni yɔɔ mu jara kɛ Ghana shika gbɛfaŋ dalɛ teŋ lɛ he nii babaoo. Ani obaanyɛ okɛ saji komɛi ni kɔɔ saneyitso nɛɛ he aha?
How much is this?,How much do you want for this?
I heard Vodafone is selling its stake in Ghana. Can you tell me more about it?,Mi nu akɛ Vodafone miihɔ egbɛfaŋnɔ yɛ Ghana. Ani obaanyɛ okɛɛ mi ehe saji babaoo?
"“Dear friends, I invite you to the filming of the program Parlement du Rire from September 24 to October 11, 2020 every day from 1 p.m.",xɔnyewo mele miakpem na nuawoléle metso anyɔnyɔ 24 lia dzio yi kele 11 lia dzi le ŋdɔ ga wui eve me
What did the CEO of Coconut Grove Regency Hotel say at the launch of the Ghana Poultry Festival two thousand and twenty-five?,Mɛni ji nɔ ni Coconut Grove Regency Hotel lɛ nɔkwɛlɔ lɛ kɛɛ yɛ Ghana Kooloi Ayeli Gbi Jurɔyeli 2025 lɛ shishijee mli?
People should put on life jackets when using water transport.,Ɛsɛ sɛ nkorɔfoɔ hyɛ nkwagyeɛ ntadeɛ berɛ a wɔde nsuo mu kaa redi dwuma no.
What would you like to buy?,Dɛn na wobɛpɛ sɛ wotɔ?
Is this expensive?,Est-ce cher?
I read about a study in Ghana that surveyed people's perceptions of organic and conventional fruits and vegetables. Can you tell me more about the survey?,Mikane nikasemɔ ko ni afee yɛ Ghana ni bi bɔ ni mɛi susuɔ aduawai kɛ aduawai ni akɛ tsofai tsuuu nii yɛ mli kɛ nɔ ni afɔɔ feemɔ lɛ he amɛhaa lɛ he sane. Ani obaanyɛ okɛɛ mi niiamlipɛimɔ lɛ he saji babaoo?
I'm trying to understand the different methods for assaying bilirubin. Can you explain the acid diazo method used in the JAS direct bilirubin reagent?,Miibɔ mɔdɛŋ ni manu gbɛi srɔtoi ni akɛkaa bilirubin lɛ shishi. Ani obaanyɛ otsɔɔ gbɛ ni atsɔɔ nɔ akɛ acid diazo tsuɔ nii yɛ JAS tsɔne ni akɛkwɛɔ lá mli tɛ̃ɛ lɛ mli?
How much for two?,How much are two together?
Take care.,Kwɛmɔ.
"I am fine, thank you.",I'm okay thank you.
"their aunts, their neighbors and even their fathers! name * JavaScript is currently disabled. """,wo fiavi sie na nedzo elabena nyɔnu ko dzim nele la
I heard that tea is becoming more expensive in Ghana. Is that true?,Mi nu akɛ tii jara miiba waa yɛ Ghana. lɛ ji anɔkwale?
People selling pork will start selling goat meat.,Nkorɔfoɔ wɔtɔn prɛko nam no bɔhyɛ aseɛ atɔn odwan nam.
What are some common symptoms of root-knot nematode damage on tomato plants?,Mɛni ji okadii komɛi ni afɔɔ namɔ ni tsɔɔ akɛ root-knot nematode lɛ efite tomato tsei?
"The people of the commune are grateful to the heads of state,",nutoa me tɔwo te alilɔ na dumegã
What's the price of this item?,What's the cost of this item?
She is known for being thrifty. She is always finding ways to save money and make wise financial decisions.,Wonim no sɛ ɔyɛ obi a ɔkora sika pii so. Ɔrehwehwɛ akwan a ɔbɛfa so akora sika so na wasisi sikasɛm ho gyinae a nyansa wom bere nyinaa
Can you give me today's price?,What's today's price?
What was the occasion when Bioko Treats hosted patrons to an evening of delightful chorals?,Mɛni ji be ni Bio Medicine lɛ kɛ mɛi ni baahe nii lɛ ye lalafolɔi akuu gbɛkɛ ko ni yɔɔ miishɛɛ?
"No, she had nothing against paying for two",mevee be woatu wokple ve fea o
Money required for the completion of this project is available.,Sika a wohia na wɔde awie adwuma yi wɔ hɔ.
"You had to pick up immediately and reassure her, if you plan to have a pleasant evening","ne medzi be nye ɣetrɔa nanyo la, edze be maɖo eŋu kpooo"
Health workers have been named heroes for subjecting individuals to handwashing and screening.,Wɔabɔ akwahosan ho adwumayɛfo din sɛ abran esiane sɛ wɔhohoro ankorankoro nsa na wɔhwehwɛ wɔn mu nti.
Please.,Mesrɛ wo.
I've heard that the water quality in the Obuasi gold belt in Ghana is a concern. Can you tell me more about it?,Minu akɛ nu ni yɔɔ Obuasi shika tsuru ŋtayaa ni yɔɔ Ghana lɛ mli lɛ ji nɔ ni haoɔ mɔ. Ani obaanyɛ okɛɛ mi ehe saji babaoo?
I am very happy today.,I feel great today.
What is happening with the Royal Senchi Hotel due to the coronavirus outbreak?,Mɛni miiya nɔ yɛ Royal Senchi Hotel yɛ corona hela lɛ hewɔ?
I don't speak the language well.,My understanding of the language is limited.
What's the cheapest one?,What's the cheapest item?
People are living in extended families due to high rental prices in Accra,Nkorɔfoɔ te abusua fie ɛnam ɛdanhan boɔ a akɔ soro wɔ Nkran nti.
Hi,Hi there.
Farmers are being affected by price fluctuation of their products in the market.,Boɔ a ɛregyina faako no reha akuafo wɔ guaso.
"After six successful seasons, Lionel Messi's friend leaves with a heavy heart","le ƒè adẽ siwo me woɖu dzi geɖe la, lionel messi xɔ̃ la dzoe"
I heard that McDan Group is participating in a corporate sports event. What's the name of the event and when is it taking place?,"Mi nu akɛ McDan Group lɛ kɛ ehe miiwo nitsumɔhe ko akaŋshii nifeemɔ ko mli. Mɛni ji nifeemɔ lɛ gbɛi, ni mɛɛ be ebaa mli?"
"Please help me load my goods,","Taflatse, kpeɖeŋu nye maɖɔli nye asigbãa"
"Hotels and bars in areas near the stadium make a lot of money during home games. If a community has many football teams, then there are high chances of development.","Ahɔhodan ne nsãdan a ɛwɔ mmeae a ɛbɛn agumadibea no nya sika pii bere a wɔredi agoru wɔ fie no. Sɛ mpɔtam bi wɔ bɔɔlbɔ akuw pii a, ɛnde hokwan kɛse wɔ hɔ sɛ wobenya nkɔso."
What was the main objective of the research study on project managers' competencies in hotel construction projects in Northern Ghana?,Mɛni ji oti titri ni yɔɔ niiamlitaomɔ nikasemɔ ni kɔɔ nitsumɔ nɔkwɛlɔi ni tsuɔ nii yɛ hotɛl tsumaa nitsumɔi amli yɛ Ghana Kooyigbɛ lɛ ahe lɛ sɛɛ?
See you tomorrow.,Until tomorrow.
What's the cost of all these?,How much do all these cost?
Have a seat.,You can sit here.
People are resorting to saving money on mobile money other than banks.,Nkorɔfoɔ de wɔn sika resie wɔn foono sika so kyɛn sikakorabea.
I heard the Institute of Fiscal Studies has some concerns about Ghana's return to the international bond market. Can you tell me more about that?,Minu akɛ Institute for Fiscal Studies lɛ yɛ haomɔi komɛi yɛ Ghana ni ebaaku esɛɛ kɛba majimaji ateŋ bond jarayeli mli lɛ he. Ani obaanyɛ okɛɛ mi enɛ he saji babaoo?
What is your name?,May I know your name?
I read that a University of Ghana lecturer expressed concerns about food insecurity in Ghana. What are some of the factors contributing to this issue?,Mikane akɛ tsɔɔlɔ ko ni yɔɔ Ghana Yunivɛsiti lɛ tsɔɔ bɔ ni niyenii ni anáaa yɛ Ghana lɛ haoɔ lɛ. Mɛni ji nibii komɛi ni kɛ sane nɛɛ baa?
"What impact has digital payments had on the African economy, and how can NGOs benefit from this trend?","Te dijitaal nyɔmɔwoo lɛ ená Afrika shika helɛtemɔ nɔ hewalɛ eha tɛŋŋ, ni te NGOs lɛ baanyɛ ana nɛkɛ nifeemɔ nɛɛ he sɛɛ amɛha tɛŋŋ?"
"The Chief Executive Officer will be visiting the company branches tomorrow morning, indicating an upcoming event.","Adwumayɛfo Panyin no bɛkɔ akɔsra adwumakuw no baa dwumadibea ahorow ɔkyena anɔpa, na akyerɛ adeyɛ bi a ɛreba."
"What are the key factors in ensuring value for money in public procurement in Ghana, specifically in tertiary institutions?","Mɛni ji nibii titrii ni haa anáa shika ni he hiaa yɛ maŋ nibii ahe nitsumɔ mli yɛ Ghana, titri lɛ yɛ nikasemɔhei wuji amli?"
I heard that the number of people facing insufficient food consumption has declined in some West African countries. Can you provide more information about this?,"Minu akɛ yɛ Afrika Anaigbɛ maji komɛi amli lɛ, mɛi ni yeɔ niyenii ni fa bɔ ni sa lɛ ayibɔ eba shi. Ani obaanyɛ okɛ saji krokomɛi ni kɔɔ enɛ he aha?"
Shops selling general merchandise were allowed to open during the lockdown.,Wɔmaa kwan ma wobuee sotɔɔ ahodoɔ a wɔtɔn nneɛma a wɔde di dwuma nyinaa wɔ bere a na wɔatoto mu no.
Have a good day.,Have a great day.
The traders will pay taxes to the government.,Aguadifo no betua tow ama aban no.
Feel free to look around.,Feel free to browse.
No.,"No, that's not right."
I'm interested in learning more about Listeria monocytogenes and its prevalence in Ghanaian food. Can you tell me about a recent study on the topic?,Miyɛ he miishɛɛ akɛ makase Listeria monocytogenes kɛ bɔ ni egbɛ eshwa Ghana niyenii amli lɛ he nii babaoo. Ani obaanyɛ okɛɛ mi nikasemɔ ko ni afee nyɛsɛɛ nɛɛ yɛ saneyitso lɛ he?
"What happened to the Asante family on the Family Arena episode that aired on Sunday, the thirteenth of April in the year twenty twenty-five?","Mɛni ba Asante weku lɛ nɔ yɛ Family Arena lɛ mli nifeemɔ ni ji nyɔŋmai enyɔ kɛ enumɔ lɛ nɔ yɛ Hɔgbaa, April nyɔŋma kɛ etɛ lɛ?"
"What are the main sources of water in Ghana, particularly in Kumasi Metropolis?","Mɛni ji hei titri ni nu jɛɔ yɛ Ghana, titri lɛ yɛ Kumasi maŋtiase lɛ mli?"
I came across a research article about COVID-nineteen inches Ghana. Can you tell me what the study aimed to understand?,Mikɛ niiamlitaomɔ wolo ko kpe yɛ covid-inchi nyɔŋma kɛ nɛɛhu ghana he. Ani obaanyɛ okɛɛ mi nɔ ni nikasemɔ lɛ yiŋtoo ji ni enu shishi?
I came across a research article about NERICA adoption rates among rice farmers in The Gambia. Can you tell me more about the study?,Miyana niiamlitaomɔ wolo ko ni kɔɔ bɔ ni ŋmãa okwaafoi ni yɔɔ Gambia lɛ kɛ NERICA tsuɔ nii amɛhaa lɛ he. Ani obaanyɛ okɛɛ mi nikasemɔ lɛ he saji babaoo?
You're welcome.,Wòe zɔ.
"But to all those people who read me, who commented on the newspaper and shared with those around them, I am grateful to you",mekpɔ ŋudzedze le mi ame siwo katã xlẽ nu siawo eye miemae kple amewo hãe
The parliament of Ghana has reduced tax on mobile money transactions.,Ghana mmarahyɛ bagua no atew tow a wɔbɔ wɔ mobile money a wɔde di dwuma ho.
The district leaders solicited money from the government to help the people.,Mansini no akannifoɔ no kɔpɛɛ sika firii aban no hɔ de bɛboaa wɔn manfoɔ no.
I've heard that the COVID-nineteen pandemic had a significant impact on the insurance industry. Can you tell me more about how it affected the European insurance market?,Mi nu akɛ covid-19 hela lɛ ena hewalɛ wulu yɛ inshuɔrans nitsumɔ lɛ nɔ. Ani obaanyɛ okɛɛ mi bɔ ni ena Europa inshuɔrans jarayeli lɛ nɔ hewalɛ eha lɛ he saji babaoo?
What's the cheapest one?,Mɛni ji nɔ ni jara waaa fe fɛɛ?
I heard that the New Patriotic Party (NPP) is going on a 'Thank You' tour. What's the purpose of this tour?,Mi nu akɛ Patriots Party hee lɛ miifee ‘Shidaa’ gbɛfaa. Mɛni ji saramɔ nɛɛ yiŋtoo?
How much per kilogram?,What's the cost per kilogram?
I'm trying to understand the process of analyzing plant tissue in a research setting. Can you explain the steps involved in determining total nitrogen in plant samples using Kjeldahl's method?,Miibɔ mɔdɛŋ ni manu bɔ ni akwɛɔ tsei amli fãji amli yɛ niiamlitaomɔ he ko lɛ shishi. Ani obaanyɛ otsɔɔ gbɛi ni atsɔɔ nɔ atsɔɔ nitrogen fɛɛ ni yɔɔ tsei amli lɛ mli kɛtsɔ Kjeldahl gbɛ lɛ nɔ?
The village leaders have ensured the availability of regular water supply.,Akuraase kannifoɔ no ahwɛ sɛ nsuo a wɔma no daa no bi wɔ hɔ.
Have a seat.,Go ahead and sit down.
What are some challenges that Licensed Buying Companies (LBCs) face in Ghana's cocoa market?,Mɛni ji naagbai ni Nitsumɔhei ni Akɛ Hegbɛi Heɔ Nibii (LBCs) lɛ kɛkpeɔ yɛ Ghana kookoo jarayeli mli?
"I'm studying routing protocols in mobile packet networks, specifically three grams/three point five grams networks. Can you tell me more about RIP and its limitations?","Miikaseɔ gbɛtsɔɔmɔ he gbɛjianɔtoi yɛ mobile packet networks amli, titri lɛ gram etɛ/gram etɛ point enumɔ networks. Ani obaanyɛ okɛɛ mi RIP kɛ naatsii ahe saji babaoo?"
I am a little tired today.,Etɔ mi fioo ŋmɛnɛ.
It's important to understand project benefits before implementation.,Ɛho hia sɛ yɛte mfasoɔ a ɛwɔ adwuma bi so ase ansa na yɛafiri aseɛ de adi dwuma.
How much are you selling this for?,Woretɔn eyi agye sika ahe?
The lorry needs to be serviced before they can buy it.,Ɛsɛ sɛ wɔsiesie lɔre no ansa na wɔatumi atɔ.
Hi,Hey there
Feel free to look around.,You are free to look around
Is this the final price?,Can you reduce it further?
His name was not found in the voter's register.,Wɔanhu ne din wɔ abatowfo din mu.
"“We understand the inequalities associated with the previous brand name and face,” she added",yewo se masɔnyenye si nɔ ŋkɔ kple nɔnɔmetata xoxoa me la me
How much for two?,How much do two cost?
"What are some potential strategies for managing fire disasters in central markets, such as the one in Kumasi, Ghana?","Mɛni ji gbɛi komɛi ni abaanyɛ atsɔ nɔ akudɔ la yɛ jarayeli hei wuji tamɔ Kumasi, Ghana?"
I heard that Ghana and Cote d'Ivoire proposed a floor price for cocoa. What is the proposed price and when will it take effect?,"Minu akɛ Ghana kɛ Cote d’Ivoire etsɔɔ akɛ abaawo kookoo jara ni baa shi lɛ. Mɛni ji jara ni ato he gbɛjianɔ lɛ, ni mɛɛ be akɛbaatsu he nii?"
What is the current issue surrounding ex-gratia payments to MPs in Ghana?,Mɛni ji sane ni yɔɔ amrɔ nɛɛ ni kɔɔ ex-gratia ni awoɔ MPs yɛ Ghana lɛ he?
Low pay scales and wages has led to corruption among police officers.,Akatua nsenia ne akatua a ɛba fam no ama adifudepɛ aba polisifoɔ mu.
Avoid trouble please and do not do anything to harm others.,Kwati ɔhaw mesrɛ wo na nyɛ biribiara a ɛbɛpira afoforo.
"Yes, he understood that she had just come back from work, but she could definitely make an effort",ɛ̃e ese egɔme be egbɔ tso dɔme gake ate ŋu ado ŋusẽ nu vie
Products from the park will have markets both locally and across borders.,nneɛma a efi abɔnten so atrae hɔ no benya gua ahorow wɔ mpɔtam hɔ ne ahye so nyinaa.
What are you looking for?,Nuka dim nèle?
Health officers closed all dirty butchers in the district markets last week.,Akwahosan ho adwumayɛfo too namtɔnfo a wɔn ho agu fĩ nyinaa mu wɔ ɔmantam no gua ahorow so dapɛn a etwaam no.
The nanny continued to advance slowly until the water came to her chest.,Mami la nɔ zɔzɔm ɖɔɖɔɖɔ vaseɖe esime tsia ɖo akɔta nae.
Good evening,Nice evening to you.
I'm interested in learning about the effects of sweet orange and cassava peels on tomato plants. Can you tell me more about a specific study on this topic?,Miyɛ bɔ ni sweet orange kɛ cassava ŋmɔtɔ lɛ tsuɔ nii ehaa yɛ tomato tsei anɔ lɛ he miishɛɛ. Ani obaanyɛ okɛɛ mi nikasemɔ pɔtɛɛ ko ni kɔɔ saneyitso nɛɛ he lɛ he saji babaoo?
"No matter the situation, Doka always manages to call on Wednesday afternoon","meka nu sie le dzɔdzɔm o la, Doka yɔna kuɖa sia kuɖa ɣetrɔ kokoko"
The way the government is providing clean water is not liked by the people,Ɔkwan a aban no rema nsuo a ɛmu te no nkorɔfoɔ no mpɛ.
"In the morning, we greet ""good morning"", in the afternoon, ""good afternoon"" and in the evening, ""good evening.""","Anɔpa no, yɛkyia ""anɔpa pa"", awia, ""awia pa"" na anwummere no, ""anwummere pa."""
The child has drowned in the water stream.,Abofra no amene wɔ nsu asuten no mu.
I'm interested in learning more about the Quantity Surveying profession in Ghana. Can you tell me about the history of the profession and how it has evolved over time?,Miyɛ he miishɛɛ akɛ male nibii babaoo yɛ nitsumɔ ni akɛtaoɔ nibii amli yɛ Ghana lɛ he. Ani obaanyɛ okɛɛ mi nitsumɔ lɛ he yinɔsane kɛ bɔ ni etsɔ hiɛ eha yɛ be ni eho lɛ mli?
"The fight costed people expensive property, crops and a life was lost.","Ɔko no maa nnipa hweree agyapadeɛ a ɛsom bo, nnuaba ne nkwa."
The newly elected chairman vowed to promote togetherness and solve issues dividing the party. He added that he wants to make people understand how the party operates.,Oguamtrani a wɔapaw no foforo no kaa ntam sɛ ɔbɛhyɛ biakoyɛ ho nkuran na wadi nsɛm a ɛpaapae akuw no mu no ho dwuma.
"Maeva is one of the incredible people I had the chance to know thanks to social networks,",Maeva ame tɔxɛwo dometɔ ɖeka si me nya to yaʋalawo dzi
I don't understand.,I don't get it.
"Hello, I'm interested in learning more about the treatment of women in Ghanaian society. Can you tell me a bit about the problems that women face in their marriages?","Hi, miyɛ he miishɛɛ akɛ makase bɔ ni akɛ yei yeɔ yɛ Ghana maŋ lɛ mli lɛ he nii babaoo. Kɛɛmɔ mi naagbai ni yei kɛkpeɔ yɛ amɛgbalashihilɛ mli lɛ he sane fioo?"
The article lets me understand that I have been understood.,eye agbalẽa ɖea fiam be nye nyawo mekɔ
What are you looking for?,What are you trying to find?
Nice to meet you.,I'm happy to meet you.
"I'm trying to understand the relationship between energy consumption, trade openness, and carbon emissions. Can you explain the EKC hypothesis mentioned in the research article?","Miibɔ mɔdɛŋ ni manu wekukpaa ni yɔɔ hewalɛ ni akɛtsuɔ nii, jarayeli mlitsɔɔmɔ kɛ kɔɔyɔŋ fɔŋ ni ajieɔ lɛ teŋ lɛ shishi. Ani obaanyɛ otsɔɔ EKC susumɔ ni atsĩ tã yɛ niiamlitaomɔ wolo lɛ mli lɛ mli?"
The little guinea fowl is the friend of the little hare.,Tsaxe sue nye fɔmizi suea ƒe xɔ.
I heard that the European Union has invested a significant amount of money in Ghana's infrastructure development. Can you tell me more about it?,Minu akɛ Europa Kuu lɛ efite shika babaoo yɛ Ghana nibii ahe nitsumɔi ahe. Ani obaanyɛ okɛɛ mi ehe saji babaoo?
Baths were taken from a bucket dropped into water well .,Ná woguare fi bokiti bi a wɔde agu nsu abura mu mu .
I'm interested in learning about the nutritional value of some African indigenous green leafy vegetables in Ghana. Can you tell me more about this topic?,Miyɛ niyenii ni haa mɔ hewalɛ ni yɔɔ Afrikabii akutseiaŋ aduawai komɛi ni yɔɔ Ghana lɛ amli lɛ he miishɛɛ. Ani obaanyɛ okɛɛ mi enɛ he saji babaoo?
The poor organization was as a result of not having enough money.,Nhyehyɛeɛ a ɛnyɛ no yɛ sika dodoɔ a wɔnni nti a.
I'm interested in learning about the methodology used in a research study to derive ambient water quality criteria for the protection of human health. Can you tell me more about it?,Miyɛ gbɛ ni atsɔɔ nɔ atsuɔ nii yɛ niiamlitaomɔ nikasemɔ ko mli koni ana shihilɛ mli nu ni hi jogbaŋŋ lɛ he mlai ni akɛbuɔ adesa hewalɛnamɔ he lɛ he miishɛɛ. Ani obaanyɛ okɛɛ mi ehe saji babaoo?
Efforts are being carried out to ensure food security.,Wɔrebɔ mmɔden sɛ wobenya aduan ho ahobammɔ.
What do you do for work?,Nukae nèwɔna hena dɔwɔwɔ?
I've been reading about the glycemic index of different foods in Ghana. Can you explain to me what the glycemic index is?,Mikaneɔ niyenii srɔtoi ni yɔɔ Ghana lɛ amli glycemic index lɛ he sane. Ani obaanyɛ otsɔɔ mi nɔ ni glycemic index lɛ ji?
"I am fine, thank you.","I am doing well, thank you"
Please wear a mask every time you go into a public place,Yɛsrɛ sɛ hyɛ akatahwene bere biara a wobɛkɔ ɔmanfoɔ beaeɛ
Taxi drivers have rejected the proposal to share the park with trucks.,Taksikafo apow nyansahyɛ a ɛne sɛ wɔne lɔre ahorow bɛkyɛ abɔnten so atrae no.
"I am fine, thank you.",I'm fine thanks.
I came across a research article about customer arrival patterns at banks in Ghana. Can you explain what the study found?,Mikɛ niiamlitaomɔ wolo ko ni kɔɔ shihilɛ ni kɔɔ mɛi ni heɔ nii lɛ ahe yɛ shikatoohei ni yɔɔ Ghana lɛ ahe lɛ ekpe. Can you explain what the study found?
I'm interested in learning about water quality in Ghana. Can you tell me about the research findings on the concentration of salmonella in drinking water sources in Nkawie?,Miyɛ he miishɛɛ akɛ male nu ni yɔɔ Ghana lɛ he saji. Ani obaanyɛ okɛɛ mi niiamlitaomɔ ni ana yɛ salmonella ni yɔɔ nu ni anuɔ yɛ Nkawi lɛ mli lɛ he sane?
I'm trying to understand the best practices for managing school finances in Ghana. Can you tell me about the recommended methods for disbursing high-value funds?,Miibɔ mɔdɛŋ ni manu nifeemɔi ni hi fe fɛɛ ni akɛkwɛɔ skul shika nɔ yɛ Ghana lɛ shishi. Ani obaanyɛ okɛɛ mi gbɛi ni atsɔɔ nɔ awoɔ shika ni jara wa waa lɛ he nyɔmɔ?
How much is this?,How much should I pay for this?
I don't speak the language well.,Menka kasa no yiye.
Do you have a price list?,May I have the price list?
What is the current state of mobile money adoption in Ghana?,Mɛni ji shihilɛ ni yɔɔ mobile money ni akɛtsuɔ nii yɛ Ghana lɛ mli amrɔ nɛɛ?
Good afternoon,Have a good afternoon
"It must be accompanied by a pack of 100 liter garbage bags and a deposit of 20,",miatsɔ gbeɖiɖɔ si axɔ liter alafa ɖeka kpeɖe  ŋu
Good evening,Fiɛ̃
A medical worker was arrested for selling expired drugs to people.,Wɔkyeree ɔduruyɛfoɔ bi sɛ ɔtɔn nnuru a ne bere atwam ma nkurɔfo.
You must then comply with the thousand and one rules imposed by the men of your family and your community.,ɖeko naƒoƒu ɖokuiwo ɖe se akpe akpe siwo wo ƒomeŋutsuwo ɖo ɖi la te
Good afternoon,Good afternoon to you
Take care.,Lebenɛ.
I'm interested in learning more about family planning among public health workers in Ghana. What is the proportion of utilization of family planning among this group?,Miyɛ he miishɛɛ akɛ makase weku gbɛjianɔtoo he nii babaoo yɛ maŋ hewalɛnamɔ he nitsulɔi ni yɔɔ Ghana lɛ ateŋ. Te weku gbɛjianɔtoo ni akɛtsuɔ nii yɛ kuu nɛɛ mli lɛ fa ha tɛŋŋ?
How much per kilogram?,How much for each kilogram?
I'm interested in learning more about mobile money transfer in Ghana. Can you tell me when the service was introduced in the country?,Miyɛ he miishɛɛ akɛ makase babaoo yɛ mobile shika ni akɛyaa Ghana lɛ he. Ani obaanyɛ okɛɛ mi be ni aje sɔɔmɔ lɛ shishi yɛ maŋ lɛ mli?
"I am fine, thank you.",I'm doing well thank you.
What's the cost of all these?,Nukae nye nusiawo katã ƒe asi?
"Indeed, money is one of the most common causes of conflict in a romantic relationship.",elabe ganyawoe hea dzre vana srɔtɔwo domee
How much is this?,What's the price?
I'm sorry.,My apologies.
How much per kilogram?,What's your price per kilo?
Can I know the price first?,Can you give me the price before we continue?
I really appreciate it.,I appreciate it a lot.
Can you give me today's price?,What price are you giving today?
What are you looking for?,Mɛni otaoɔ?
"Together we live with our mother, in the large family courtyard",miele aƒe ɖeka me kple mia nɔ
I'm trying to understand the relationship between interest rates and exchange rates in Ghana. Can you explain how they are connected?,Miibɔ mɔdɛŋ ni manu wekukpaa ni kã shika ni akɛwoɔ shika mli kɛ shika ni akɛtsakeɔ shika yɛ Ghana lɛ teŋ lɛ shishi. Ani obaanyɛ otsɔɔ bɔ ni fee ni amɛkpe?
The deceased's family was quarantined at the health centre.,Wɔde owufo no abusua no too afiase wɔ akwahosan asoɛe hɔ.
I need to learn how to bake cakes and bread.,Ɛsɛ sɛ misua sɛnea wɔtow keeki ne paanoo.
"I am fine, thank you.","I'm fine, thanks."
"My FNAC tote bag was torn by a blade that I guess was sharp,",lãnu aɖe vuvu nye akpo
Club fans will buy bus tickets to support players.,Club akyidifo bɛtɔ bɔs tekiti de aboa agodifo.
Bring the drinks here!,Mikɔ axàwo va afii
The child reported his mother for denying her food.,Abofra no bɔɔ ne maame amanneɛ sɛ wampene n’aduan.
"“Life in the West seems easy with its many financial benefits, its many opportunities for well-paid jobs.”",ale abe agbe le bɔbɔe le Europa le alesi wole bɔbɔe be woakpɔ dɔ kple fetu nyui si le eŋu la
I heard that the latest season of The Crown has caused controversy over its depiction of the royal family. What exactly is the issue with its accuracy?,Minuɔ akɛ maŋtsɛwe lɛ maŋtsɛyeli lɛ he be ni eba naagbee lɛ kɛ ŋwanejee eba maŋtsɛ weku lɛ mfoniri lɛ he. Mɛni tuuntu ji sane ni kɔɔ nɔ ni ja lɛ he?
Please come in.,"Mesrɛ mo, mommra mu."
See you tomorrow.,Ɔkyena yɛbɛhyia.
How much would everything cost?,What would I spend on all of this?
She has vowed to work very hard on the new water project.,waka ntam sɛ ɔbɛyɛ adwumaden kɛse wɔ nsu ho adwuma foforo no mu.
"It's okay, no worries.",That's alright.
How much money was allocated for the construction of the bridge?,Sika ahe na wɔde sii abɔntenban no?
And you?,How about you?
I've been reading about the water quality in Ghanaian lakes and rivers. What are some natural processes that affect water quality in these bodies of water?,Mikaneɔ bɔ ni Ghana kpaakpoi kɛ faai lɛ amli nu lɛ yɔɔ ha lɛ he sane. Mɛni ji adebɔɔ mli nibii komɛi ni saa nu ni yɔɔ nui nɛɛ amli lɛ he?
"I don't think I lacked courage when I held the door for her during our outings, or carried her bag when she was exhausted.",nyemenye gbɔdzɔgbɔdzɔtɔ esi meʋua ʋɔ nae ne miedo alo esi mexɔa eƒe kpɛte ne nu tsi kɔ nae la o
How much for one?,What's the cost of one?
How much per kilogram?,Ga home nenie le kilogram ɖeka me?
How much is this?,What is the cost of this?
What's your best price?,Can you make it cheaper?
I read a news article about a Ghanaian miner winning a large sum of money on a betting platform. Can you tell me more about the story?,Mikane adafitswaa sane ko ni kɔɔ Ghananyo ko ni tsuɔ nii yɛ shika tsuru ŋmɔ mli ni eye shika babaoo yɛ shwɛmɔ he ko lɛ he. Ani obaanyɛ okɛɛ mi sane lɛ he saji babaoo?
What would you like to buy?,What are you buying today?
People suffered from diseases like diarrhoea because of dirty water.,Nkorɔfoɔ nyaa nyarewa te sɛ hurayɛ esiane nsu fi nti.
How much is this?,What will I pay for this?
Refugees were given food relief because it is a rainy season.,wɔmaa aguanfo aduan efisɛ ɛyɛ osutɔ bere.
How can people in rural areas access tap water?,Ɔkwan bɛn so na nnipa a wɔwɔ nkuraase betumi anya tap mu nsu?
Take care.,Stay safe.
What is the current price?,How much is it right now?
Issues regarding tax payment should be openly discussed.,Ɛsɛ sɛ wɔka nsɛm a ɛfa toɔ tua ho asɛm pefee.
See you later.,See you soon.
Good morning,Hope you're having a good morning.
I don't speak the language well.,Nyemedoa gbea nyuie o.
"What are the health benefits of consuming fruits and vegetables, and are there any specific initiatives to promote their consumption in Ghana?","Mɛni ji hewalɛnamɔ he sɛɛ ni yɔɔ aduawai kɛ aduawai ayeli he, ni ani gbɛjianɔtoi pɔtɛɛ komɛi yɛ ni atsɔɔ nɔ awoɔ amɛyeli he hewalɛ yɛ Ghana?"
The elders were happy that the money finally reached them.,"Mpanimfoɔ ani gyee sɛ awieeɛ koraa no, sika no bɛkaa wɔn nsa."
I really appreciate it.,M’ani sɔ no ankasa.
Leaders need to educate members on family planning methods.,Ɛsɛ sɛ akannifoɔ kyerɛkyerɛ asɔremma abusua nhyehyɛe akwan.
A woman takes on her husband's name when they get married officially.,Ɔbaa fa ne kunu din berɛ wɔn aware ankasa wɔ mmara mu.
"What are the key determinants of food quality, specifically for chocolate?",Mɛni ji nibii titrii ni haa niyenii ni yɔɔ tsokolate mli lɛ feɔ nɔ ni hi?
She will be buried tomorrow in the afternoon.,Wɔbɛsie no ɔkyina awiabere.
When and where is the Water Africa and West Africa Building & Construction exhibition taking place?,Mɛɛ be kɛ nɛgbɛ Nu Afrika kɛ Anaigbɛ Afrika Tsumaa kɛ Tsumaa He Kpojiemɔ lɛ yaa nɔ yɛ?
Take care.,Hwɛ yie.
Some animal diseases make their meat unsafe for people's consumption.,Mmoa nyarewa bi ma wɔn nam nyɛ nea asiane biara nni ho sɛ nkurɔfo betumi adi.
Our mother succumbed to breast cancer last year and our father succumbed to tuberculosis this morning.,Yɛn maame wuii wɔ nufoɔ mu kokoram mu afe a ɛtwaam no na yɛn papa nso wuii wɔ nsamanwa mu anɔpa yi.
"Come, we’re going to have fun with the family,” we can read on the comedian’s page this Tuesday, September 22, 2020.",miva miakpɔ dzidzɔ enye nya si nukokuidonamela la ŋlɔ le efe facebook le anyɔnyɔ 22 lia dzie
What inspired the research study on customer motivations for choosing a product in a particular channel using customers of Nestle Ghana Limited?,Mɛni tsirɛ niiamlitaomɔ nikasemɔ ni kɔɔ mɛi ni heɔ nii lɛ ayiŋtoo he lɛ koni amɛhala nɔ ko yɛ gbɛ pɔtɛɛ ko nɔ kɛtsɔ Nestle Ghana Limited mɛi ni heɔ nii lɛ anɔ?
I heard that fuel prices have increased in Ghana. What are the current prices of petrol and diesel?,Mi nu akɛ fuɛl jara etee ŋwɛi yɛ Ghana. Mɛni ji pɛtrol kɛ diesel jara?
What were the main findings of the study on family planning services in the Bosomtwe District?,Mɛni ji nibii titrii ni ana yɛ nikasemɔ ni kɔɔ weku gbɛjianɔtoo nitsumɔi ni yɔɔ Bosomtwe Kpokpaa lɛ nɔ lɛ mli?
Hello,Hey.
How much would everything cost?,Ga home nenie nusianu axɔ?
"Between shopping and cooking, it took me almost the entire afternoon",nuƒeƒlea kple ɖaɖa la siaa xɔ ɣetrɔa katã le asinye
My friend's car was stolen from the parking lot last month.,Wowiaa m’adamfo no kar fii baabi a wɔde kar sisi no ɔsram a etwaam no.
Thank you for this delicious moment,akpe ɖe ɣeyiɣi tɔxɛ sia ta
I'm interested in learning about the factors that affect the decay of free chlorine in water distribution systems. Can you tell me more about the relationship between pipe diameter and chlorine decay?,Miyɛ nibii ni saa chlorine ni fiteɔ ni aheee nɔ ko yɛ nu mlijaa gbɛjianɔtoi amli lɛ he miishɛɛ. Ani obaanyɛ okɛɛ mi wekukpaa ni kã paipii lɛ mli ŋta kɛ klorin ni fiteɔ lɛ teŋ lɛ he saji babaoo?
He spreads rumours to cause fights among his friends.,Ɔtrɛw nsɛm mu de ntɔkwaw ba ne nnamfo mu.
How are you?,How's your day going?
"She resigned from her job because they were paying her little money, but now she has several businesses that are hiring some of the locals in that area.","Ogyaee n’adwuma esiane sɛ na wɔretua no sika kakraa bi nti, nanso mprempren ɔwɔ nnwuma pii a wɔrefa ɛhɔfo a wɔwɔ saa mpɔtam hɔ no bi adwuma."
Can you tell me about the research on tomato fruits and how it was conducted?,Ani obaanyɛ okɛɛ mi tomato yibii amli niiamlitaomɔ lɛ he sane kɛ bɔ ni afee lɛ aha?
She wants her wedding reception to be in the restaurant gardens.,Ɔpɛ sɛ n’ayeforohyia apontoɔ no yɛ adidibea turom hɔ
The men attempting to sell a gun have been arrested.,Mmarima no a ɔpɛɛ sɛ wɔtɔn tuo no wɔakye wɔn.
Hello,Hɛlo
I saw an article about the bond market in Ghana. What happened to the trading activity in government bonds?,Mina sane ko ni kɔɔ bond jarayeli he yɛ Ghana. Mɛni ba jarayeli nitsumɔ ni akɛwoɔ nɔyeli lɛ shikatoohei lɛ amli lɛ nɔ?
Can you tell me the price?,Ani obaanyɛ okɛɛ mi jara lɛ?
Have a seat.,You can sit here
What are some common parasites found in fruits and vegetables in Norway?,Mɛni ji tsɛŋemɔ helai ni anaa yɛ aduawai kɛ aduawai amli yɛ Norway lɛ ekomɛi?
"Can you speak slowly, please?","Could you slow down, please?"
I realized that the main theme of the book is that of family in a more general way.,mese egɔme azɔ̃ be agbalẽa ƒe tanyagãe nye ƒomegbenɔnɔ
At how much did you acquire your piece of land?,Wonyaa w'asase no sɛn?
I'm trying to understand the SEIR model for tuberculosis. Can you explain how it works and what the different compartments represent?,Miibɔ mɔdɛŋ ni manu SEIR nɔkwɛmɔnɔ ni kɔɔ tsɛŋemɔ hela he lɛ shishi. Ani obaanyɛ otsɔɔ bɔ ni etsuɔ ​​nii ehaa kɛ nɔ ni fãi srɔtoi lɛ damɔ shi kɛha lɛ mli?
What's your best price?,Quel est votre meilleur prix ?
How much does this cost?,What do you charge for this?
"What are some of the challenges faced by households in accessing health care, education, and market centers in Ghana?","Mɛni ji naagbai komɛi ni wekui kɛkpeɔ yɛ helatsamɔ, tsɔsemɔ kɛ jarayeli hei ni yɔɔ Ghana lɛ mli?"
I'm interested in learning more about sweet potatoes. Can you tell me about their nutritional value and how they can be used as a functional food ingredient?,Miyɛ he miishɛɛ akɛ makase sweet potato he nii babaoo. Kɛɛmɔ mi amɛ niyenii mli hewalɛ kɛ bɔ ni abaanyɛ akɛtsu nii akɛ niyenii ni tsuɔ nii?
What is the current price?,What's the latest price?
What is the difference between food insecurity and hunger?,Mɛni ji srɔtofeemɔ ni yɔɔ niyenii ni esaaa ni ayeɔ kɛ hɔmɔ teŋ?
People in the rural areas prefer to get water from streams because the boreholes are far away from them.,Nkorɔfoɔ a wɔwɔ nkuraase no pɛ sɛ wɔsa nsuo wɔ nsutene mu ɛfiri sɛ wɔn nsuo a wɔatu ama wɔn no mu wa firi wɔn nkyɛn.
Can I know the price first?,Can I know how much it costs first?
Professor Godfred Bokpin spoke on Joy FM Super Morning Show on February four about Ghana's economy. What did he say about the country's dependence on primary commodities?,Nitsɔɔlɔ Godfred Bokpin wie Ghana shika helɛtemɔ he yɛ Joy FM Super Morning Show lɛ mli yɛ February 4. Ni maŋ lɛ damɔ nibii ni akɛtsuɔ nii titri lɛ anɔ lɛ hu?
What's your best price?,Can you do any better?
Many radio listeners compete for money during radio shows.,Kasafidie so atiefoɔ pii si akan de hwehwɛ sika wɔ kasafidie so dwumadie ahodoɔ mu.
"I'm trying to understand the steps involved in the algorithm used in this research. Can you explain the initial steps, specifically steps eleven and thirteen?","Miibɔ mɔdɛŋ ni manu gbɛi ni yɔɔ algorithm ni akɛtsu nii yɛ nikasemɔ nɛɛ mli lɛ shishi. Ani obaanyɛ otsɔɔ klɛŋklɛŋ gbɛi lɛ amli, titri lɛ gbɛi nyɔŋma kɛ ekome kɛ nyɔŋma kɛ etɛ lɛ?"
What's the price of this item?,How much does this item sell for?
A bed in his shop costs only fifteen thousand cedis.,Mpa baako wɔ ne sotɔɔ mu yɛ Ghana sika side mpem dunum pɛ.
We need to take care of our mental health during this coronavirus pandemic,Ɛsɛ sɛ yɛbɔ yɛn adwene ho ban wɔ Coronavirus yareɛ kɔdiawuo berɛ yi mu.
How much per kilogram?,What is the kilogram price?
No problem.,It's no trouble.
Thank you.,Shidaa aha bo.
I've been hearing that the cost of internet data in Ghana is very high. Can you tell me more about this?,Mi nuɔ akɛ intanɛt data jara wa waa yɛ Ghana. Ani obaanyɛ okɛɛ mi enɛ he saji babaoo?
I heard President Akufo-Addo expressed concerns about the high cost of housing in Ghana. What did he say exactly?,Minu akɛ Maŋtsɛ Akufo-Addo miitsɔɔ bɔ ni shĩai ni jara wa waa yɛ Ghana lɛ haoɔ lɛ. Mɛni tuuntu yɔɔ jɛmɛ?
Is this expensive?,Would you say this is expensive?
Angule possessions that were left behind were sold since it were on the land illegally.,Wɔtɔn Angule agyapade a wogyaw wɔ akyi efisɛ na ɛwɔ asase no so wɔ ɔkwan a mmara mma ho kwan so.
"And on an individual level, in our family circle",eye ame sia ame nawɔe le eƒe ƒome me
I am grateful for the ongoing support from the ministry of health to Ghanaians.,M’ani sɔ mmoa a ɛkɔ so fi asoe a wɔhwɛ apom den so de ma Ghanafo.
I'm interested in learning more about the research methodology used in the study on personal selling and its importance in an organization. Can you tell me more about the data collection methods?,Miyɛ he miishɛɛ akɛ makase niiamlitaomɔ gbɛ ni akɛtsu nii yɛ nikasemɔ ni kɔɔ mɔ diɛŋtsɛ jarayeli he kɛ bɔ ni ehe hiaa ha yɛ gbɛjianɔtoo lɛ mli lɛ he nii babaoo. Ani obaanyɛ okɛɛ mi gbɛi ni atsɔɔ nɔ abuaa saji anaa lɛ ahe saji babaoo?
I'm interested in learning more about customer service in Ghana. Can you tell me about the importance of customer service in building a brand's reputation?,Miyɛ he miishɛɛ akɛ makase nibii babaoo yɛ mɛi ni baahe nii yɛ Ghana lɛ ahe. Ani obaanyɛ okɛɛ mi bɔ ni mɛi ni heɔ nii lɛ anitsumɔ he hiaa ha yɛ gbɛi kpakpa ko maa mli?
Where are you from?,Where do you come from?
I've been reading about the importance of packaging in preserving food products. Can you explain how different packaging methods affect the shelf life of perishable products like morcilla?,Mikane bɔ ni ehe hiaa ni akɛ nibii ni akɛwoɔ kotoku mli awo niyenii ni akɛwoɔ tsɔne mli lɛ mli lɛ he sane. Ani obaanyɛ otsɔɔ bɔ ni gbɛi srɔtoi ni akɛwoɔ nibii amli lɛ saa nibii ni fiteɔ oya tamɔ Morcilla lɛ shihilɛ he lɛ mli?
What is the National Coalition for Proper Human Sexual Rights and Family Values planning to do on the twenty-eighth of October in the year twenty twenty-five?,Mɛni ji nɔ ni Maŋ Kuu ni Kwɛɔ Adesai Abɔlɛ Hegbɛi Diɛŋtsɛ kɛ Weku Shihilɛ Mli lɛ eto gbɛjianɔ akɛ ebaafee yɛ October nyɔŋmai enyɔ kɛ kpaanyɔ yɛ afii nyɔŋmai enyɔ kɛ enumɔ mli?
"Hello my daughter,",ŋdi vinyenyɔnu
I'm interested in learning more about cost management in real estate projects. What are some challenges that hinder effective cost management?,Miyɛ he miishɛɛ akɛ makase shika babaoo ni akɛtsuɔ nii yɛ shiai ahe nitsumɔi amli lɛ he nii. Mɛni ji naagbai komɛi ni tsiɔ shika he gbɛjianɔtoo ni mɔɔ shi jogbaŋŋ lɛ naa?
Have a seat.,Nya akongua.
I am very happy today.,Je suis très heureux aujourd'hui.
"I'm a manager of a company in Ghana, and I want to understand the importance of industry analysis. Can you explain to me why it's crucial for my business?","Miji nitsumɔhe ko nɔkwɛlɔ yɛ Ghana, ni miisumɔ ni manu bɔ ni nitsumɔhe lɛ mlipɛimɔ he hiaa ha lɛ shishi. Tsɔɔmɔ nɔ hewɔ ni ehe hiaa mi nitsumɔ lɛ?"
But I'm tired of hearing you repeat the same things,nyemegale didim be mase nya ɖeka ma ke o
I'm interested in learning about the relationship between corporate image and customer satisfaction in the telecommunications industry. Can you explain this concept to me?,Miyɛ wekukpaa ni kã nitsumɔhe lɛ mfoniri kɛ mɛi ni heɔ nii lɛ atsui ni nyɔɔ mɔ mli yɛ tɛlifon nitsumɔhe lɛ teŋ lɛ he miishɛɛ. Ani obaanyɛ otsɔɔ susumɔ nɛɛ mli?
What was the main objective of the study on Project Environment Factors on Small Town Water Supply System within Ketu South Municipal Assembly?,Mɛni ji oti titri ni yɔɔ nikasemɔ ni kɔɔ nitsumɔ he lɛ he saji ni kɔɔ maŋ bibioo mli nu ni akɛhaa yɛ Ketu South Municipality lɛ he lɛ sɛɛ?
How may I help you?,What do you need?
You're welcome here.,Vous êtes le bienvenu ici.
The judgment creditor is the person who is owed money under a court judgment.,Onipa atɛmmuo no ma no biribi ne onipa a obi de no ka wɔ atɛmmuo bi mu.
What is the current state of water losses in Ghana's urban water systems?,Te nu ni fiteɔ yɛ Ghana maŋtiase lɛ mli nu nitsumɔhei lɛ amli lɛ fa ha tɛŋŋ amrɔ nɛɛ?
The headteacher requested all parents to pay school fees in time.,Sukuupanin no ka kyerɛɛ awofoɔ nyinaa sɛ ɛsɛ sɛ wɔtua wɔn mma sukuu fiisi berɛ ano.
Some health centres have good customer care services.,Akwahosan asoɛe ahodoɔ bi wɔ nnwuma pa a wɔhwɛ adetɔfo so.
Maybe.,Ebia.
How can we ensure proper hygiene in the market.,Yɛbɛyɛ dɛn ahwɛ ahu sɛ ahotew a ɛfata wɔ gua so.
She was conned ten million Ghanaiancedis this morning and became very depressed after testing positive for the Human Immunodeficiency Virus.,Wɔdaadaa no Ghanaiancedi ɔpepem du anɔpa yi na ɔnyaa adwenemhaw kɛseɛ berɛ a wɔhwehwɛɛ mu sɛ ɔwɔ Human Immunodeficiency Virus no.
What are the key dimensions used to measure customer satisfaction in the context of hotel services in Ghana?,Mɛni ji nibii titrii ni akɛsusuɔ bɔ ni mɛi ni heɔ nii lɛ tsui nyɔɔ amɛmli amɛhaa lɛ he yɛ Ghana nitsumɔi ni kɔɔ hotɛl he lɛ mli?
What's the cheapest one?,Nukae nye esi ƒe asi bɔbɔ wu?
How may I help you?,What can I help you with?
I'm trying to understand how antenna radiation regions work. Can you explain the different regions and their characteristics?,Miibɔ mɔdɛŋ ni manu bɔ ni antenna beam ranges tsuɔ nii amɛhaa lɛ shishi. Ani obaanyɛ otsɔɔ kpokpai srɔtoi lɛ kɛ amɛsui lɛ amli?
I am earning very little money from the business.,Sika kakraa bi pɛ na merenya afi adwuma no mu.
Is this expensive?,Is the price high?
How much does this cost?,How much is this?
What would you like to buy?,What would you like to get?
Thank you very much.,Many thanks.
What are you looking for?,Qu'est-ce que tu cherches?
How much are you selling this for?,How much for this item?
How much for one?,Combien pour un ?
Welcome,It's nice to have you here.
How may I help you?,Mɛyɛ dɛn aboa wo?
I'm trying to understand the concept of masculinity and femininity in different cultures. Can you explain Geert Hofstede's views on this topic?,Miibɔ mɔdɛŋ ni manu nuu kɛ yoo he susumɔ ni yɔɔ kusumii srɔtoi amli lɛ shishi. Ani obaanyɛ otsɔɔ Geert Hofstede susumɔ yɛ saneyitso nɛɛ he?
Lake Albert fishermen that lack latrines and clean water access are risking cholera infections.,Lake Albert apofofoɔ a wonni tiafi ne nsuo pa no de wɔn ho to asiane mu sɛ wobenya kɔlera.
What are the main types of computer-aided project planning and control systems? I'm trying to understand the differences between them.,Mɛni ji nitsumɔ he gbɛjianɔtoo kɛ nitsumɔ he gbɛjianɔtoi titri ni akɛ kɔmpiuta yeɔ ebuaa lɛ? Miibɔ mɔdɛŋ ni manu srɔtofeemɔ ni yɔɔ amɛteŋ lɛ shishi.
Is this expensive?,Ani enɛ jara wa?
How much is this?,"Boss, how much be this?"
"Last year, many people deliberately refused to pay taxes in our district.","Afe a etwaam no, nnipa pii hyɛɛ da powee sɛ wobetua toɔ wɔ yɛn mantam no mu."
I am very happy today.,"ŋmɛnɛ lɛ, miyɛ miishɛɛ waa."
The local miners sell stones and get money.,Kuro manfoɔ a wɔtu fam agudeɛ no tɔn aboɔ na wɔde nya sika.
Nice to meet you.,It's a pleasure meeting you.
I'm interested in learning more about the harvesting methods used in rice farming. Can you tell me about the panicle and sickle harvesting methods?,Miyɛ he miishɛɛ akɛ makase gbɛi ni atsɔɔ nɔ akpaa ŋmãa yɛ ŋmãa ŋmɔ mli lɛ he nii babaoo. Ani obaanyɛ okɛɛ mi gbɛi ni atsɔɔ nɔ akpaa panicle kɛ sickle?
Can you tell me the price?,Could you tell me the price?
"Women can play a critical role in promoting, achieving, and maintaining their health and well-being, often with the support of fathers, partners, and other family members.","Mma bɛtumi adi dwuma sononko abɔ dawuro, ayɛ, na wɔama wɔn apɔmuden ne wɔn yiedie agyina, mpɛn pii no denam papanom mmoa so, ahokafoɔ, ne wɔn abusuafoɔ afoforɔ."
Can I know the price first?,Let me know the price first.
Please come in.,Take a seat.
The headteacher advised students not to drink alcohol.,Sukuu panin no tuu sukuufoɔ no fo sɛ ɛnsɛ sɛ wɔnom nsa.
What is the current price?,How much does it cost at the moment?
Which one costs less?,Which item has the lower price?
Eating cold food in the morning is unhealthy.,"Sɛ wudi aduan a ɛyɛ nwini anɔpa a, ɛnyɛ mapomoden"
People have improved their werfare and family well being.,Nkorɔfoɔ ama wɔn asetena ne abusua yiedie atu mpɔn.
I'm interested in learning more about the levels of aflatoxin contamination in maize from major markets in Ghana. What were the findings of the study?,Miyɛ he miishɛɛ akɛ male bɔ ni aflatoxin ni yɔɔ ŋmãa mli ni jɛ jarayeli hei wuji ni yɔɔ Ghana lɛ mli lɛ fa ha lɛ he babaoo. Mɛni ji nibii ni ana yɛ nikasemɔ lɛ mli?
I am doing well.,Je vais bien.
Some people received less money compared to the destruction they got.,"Sɛ wɔde toto ɔsɛe a wonyae no ho a, na nnipa binom nsa ka sika kakraa bi."
"Blogger Yehni Djidji pointed out that there are even books priced at 500 and 1000 francs on the NEI CEDA and Edipresse publishing stand,",yaʋala nuŋlɔla Yehni Djidj gblɔ hã agbãlɛwo le afima le francs alafa atɔ̃ kple akpe ɖeka me le NEI tataƒea kple CEDA dɔwɔƒe
What's the latest news from Ghana's Ministry of Food and Agriculture?,Mɛni ji adafitswaa hee ni jɛ Ghana Niyenii kɛ Okwaayeli Nitsumɔhe lɛ?
I'm interested in learning about customer service delivery. Can you explain what it entails?,Miyɛ nitsumɔ ni akɛhaa mɛi ni heɔ nii lɛ he miishɛɛ. Ani obaanyɛ otsɔɔ nɔ ni ekɔɔ he lɛ mli?
Lack of a consistent water supply affects fish farmers in James Town.,Nsuo a wonnya daa no ka mpataayifoɔ a wɔwɔ James Town.
I heard that the Ghana Water Limited (GWL) has shut down the Kwanyako Headworks. What happened?,Mi nu akɛ Ghana Nu Nitsumɔhe lɛ egbe Kwanyako Yitso Nitsumɔhe lɛ naa. meni ba?
I came across a study on cause promotion among customers of bottled water in Ghana. Can you tell me more about the research?,Mikɛ nikasemɔ ko ni kɔɔ nɔ ni kɛ nu ni akɛwoɔ tɔ mli lɛ tsuɔ nii yɛ Ghana lɛ he lɛ kpe. Ani obaanyɛ okɛɛ mi nikasemɔ lɛ he saji babaoo?
I read about a fifteen-year-old girl who defended her family using an AK-forty-seven rifle. Can you tell me more about the incident?,Mikane gbekɛ yoo ko ni eye afii nyɔŋma kɛ enumɔ ni kɛ AK-47 tu fã eweku lɛ he lɛ he sane. Ani obaanyɛ okɛɛ mi nɔ ni ba lɛ he saji babaoo?
Please come in.,Please have a seat.
Thank you.,I thank you.
What is the current price?,What's the price at the moment?
How much per kilogram?,Enyiɛ ahɔɔ shwiili?
I heard about Chairman Wontumi's comments on vote-buying. Can you tell me more about what happened?,Minu wiemɔi ni oshikifɔɔ hemɔ he sɛinɔtalɔ lɛ wie lɛ. Ani obaanyɛ okɛɛ mi nɔ ni ba lɛ he saji babaoo?
I'm trying to understand the process of preparing a calibration curve for amoxicillin and clavulanic acid. Can you explain it to me?,Miibɔ mɔdɛŋ ni manu gbɛ ni atsɔɔ nɔ asaa tsɔne ni akɛkwɛɔ tsofa ni ji amoxicillin kɛ clavulanic acid lɛ shishi. obaanyɛ otsɔɔ mi mli
The council has informed people to contribute money towards the construction of a stadium.,Agyinatukuo no abɔ nkurɔfo amanneɛ sɛ wɔmfa sika mma mfa nsi agumadibea.
Thanks for your help.,Thank you for helping me.
"I want him to buy me books that he himself liked, with some notes on the first page, about his relationship with the book,",medi be naƒle agbãlɛ siwo wolɔ̃ kple nuŋɔŋlɔ aɖewo si aɖe eƒe kadodo kple agbãlɛ
"I've heard that body marks are a common practice in some cultures, but I don't really understand their significance. Can you tell me more about the connection between body marks and culture?","Mi nu akɛ gbɔmɔtso he okadii ji nifeemɔ ko ni afɔɔ feemɔ yɛ kusumii komɛi amli, shi minuuu bɔ ni amɛtsɔɔ lɛ shishi jogbaŋŋ. Ani obaanyɛ okɛɛ mi wekukpaa ni kã gbɔmɔtsoŋ wiemɔ kɛ kusum teŋ lɛ he saji babaoo?"
What's the price of this item?,Dɛn ne ade yi bo?
"I've heard that water quality is a major issue in Ghana. Can you tell me more about the current state of water quality in the country, specifically in the Wamfie area?","Minu akɛ nu kpakpa ji sane titri ni yɔɔ Ghana. Ani obaanyɛ okɛɛ mi bɔ ni nu lɛ mli shihilɛ yɔɔ amrɔ nɛɛ yɛ maŋ lɛ mli, titri lɛ yɛ Whamfi kpokpaa lɛ nɔ lɛ he saji babaoo?"
"My huge arms allow me to earn more money than any man in this village will ever see in his entire life,",nye abɔ gãwo na mekpɔ ho si ŋutsu aɖeke makpɔ le kɔƒe sia me o
I'm interested in learning about the relationship between oil prices and exchange rates in Ghana. Can you tell me more about the research that has been done on this topic?,I am interested in the relationship between fuel prices and exchange rates in Ghana. Ani obaanyɛ okɛɛ mi niiamlitaomɔ ni kɔɔ saneyitso nɛɛ he lɛ he saji babaoo?
People need water extension services and proper water supplies.,Nkorɔfoɔ hia nsuo a wɔtrɛ mu nnwumadie ne nsupa a wɔde ma.
The seeds are majorly for cultivation since money can be earned from harvests.,Aba no yɛ ma titire sɛ wɔbɛdua ɛfiri sɛ yɛbɛtumi anya sika afiri ne twa mu.
"During the trial, the man claimed to have distributed at least 53 kilos of marijuana through his Dream Market account",tanyae nye aɖaŋudɔwɔnuwo ƒe ameɖeɖe ɖe aga alo xɔxɔɖeme
How much are you selling this for?,What are you charging for this?
What is the name of the Ghanaian-based UK Afro-fusion artist who is set to make a global impact with her latest single?,Namɔ ji Ghana UK Afro-fusion lalafolɔ ni ato he gbɛjianɔ koni ekɛ e-single hee lɛ afee majimaji ateŋ hewalɛ?
Can you give me today's price?,So wubetumi ama me nnɛ bo no?
Is this the final price?,Is this the lowest you'll sell it for?
What's the cheapest one?,Quel est le moins cher ?
I'm trying to understand the process of allocating to the least cost cell in the context of transportation tables. Can you explain how it works?,Miibɔ mɔdɛŋ ni manu gbɛ ni atsɔɔ nɔ akɛ cell ni jara waaa fe fɛɛ haa yɛ gbɛfaa okpɔlɔi lɛ amli lɛ shishi. Ani obaanyɛ otsɔɔ bɔ ni etsuɔ ​​nii ehaa lɛ mli?
What happened to Marwako Fast Food after the two thousand and twenty-two food poisoning incident?,Mɛni ba Marwako niyenii ni ayeɔ oya lɛ nɔ yɛ niyenii ni mli ewo muji akpei enyɔ kɛ nyɔŋmai enyɔ kɛ enyɔ sɛɛ?
"I'm trying to understand this research article about estimating future claims in insurance. What is an accident year cohort, and how does it relate to the calendar year?","Miibɔ mɔdɛŋ ni manu niiamlitaomɔ wolo nɛɛ ni kɔɔ wɔsɛɛ be mli nibii ni abiɔ yɛ inshuɔrans mli lɛ he akɔntaabuu lɛ shishi. Mɛni ji oshara afi ni ato, ni te ekɛ kalanda afi yɔɔ tsakpaa tɛŋŋ?"
Hello,Welcome.
"Can you walk me through the process of analyzing water samples at the Ghana Water and Sewage Corporation Laboratory at Suame, Kumasi?",Ani obaanyɛ otsɔɔ mi gbɛ ni atsɔɔ nɔ akwɛɔ nu mli nibii amli yɛ Ghana Nu kɛ Nu ni Ajieɔ kɛjɛɔ Nibii Amli lɛ mli nitsumɔhe ni yɔɔ Suame Kumasi lɛ mli?
I've heard that zinc can be toxic in large quantities. Is that true?,Minu akɛ zinc baanyɛ afee nɔ ni gbeɔ mɔ kɛji akɛ ebɔi babaoo. lɛ ji anɔkwale?
How may I help you?,What can I do for you?
I'm interested in learning more about preserving the quality of fresh vegetables. Can you explain why pre-cooling is important?,Miyɛ he miishɛɛ akɛ makase babaoo yɛ bɔ ni esa akɛ akwɛ aduawai heei anɔ jogbaŋŋ lɛ he. Ani obaanyɛ otsɔɔ nɔ hewɔ ni pre-cooling he hiaa lɛ mli?
Can you explain the concept of project cost management and its significance in construction projects?,Ani obaanyɛ otsɔɔ bɔ ni nitsumɔ lɛ he nyɔmɔwoo he gbɛjianɔtoo lɛ ji kɛ bɔ ni ehe hiaa ha yɛ tsumaa nitsumɔi amli lɛ mli?
I'm interested in learning more about how climate affects weeds. Can you explain how temperature and water supply impact weeds?,Miyɛ he miishɛɛ akɛ makase bɔ ni kɔɔyɔŋ tsakemɔ saa jwɛi ahe ehaa lɛ he nii babaoo. Ani obaanyɛ otsɔɔ bɔ ni dɔlɛ kɛ nu ni akɛhaa lɛ saa jwɛi ahe ehaa lɛ mli?
Depositing money on personal mobile money accounts is a free-cost service.,Sika a wode bɛto ankorankoro mobile money akontaabu so no yɛ adwuma a wontua hwee.
I'm interested in learning more about customer relationship management in the hotel industry. What are some key findings from the research?,Miyɛ he miishɛɛ akɛ makase nibii babaoo ni kɔɔ wekukpaa ni kã mɛi ni heɔ nii lɛ ateŋ lɛ he yɛ hotɛl nitsumɔhe lɛ. Mɛni ji nibii titrii komɛi ni ana kɛjɛ nikasemɔ lɛ mli?
Is this the final price?,Is that your final offer?
See you tomorrow.,Naa bo wɔ.
Also rivers can be a source of clean water.,Bio asubɔnten bɛtumi ayɛ beaeɛ a yɛnya nsuo pa firi.
What is the name of the real estate company that won the CIMG Marketing Oriented Real Estate Company of the Year award for the third time running?,Mɛni ji shikpɔŋ kɛ tsũi ahe nitsumɔhe ni ye CMG jarayeli nitsumɔ ni fe fɛɛ yɛ afi lɛ mli lɛ jweremɔ nii lɛ gbɛi shii etɛ nɔ?
What is your name?,Ŋkɔwò ɖɛ?
Can I know the price first?,Can you tell me the price before I decide?
I came across a research study on public procurement in Ghana and I'm trying to understand the methodology used. Can you tell me more about the sampling technique employed in the study?,Mikɛ niiamlitaomɔ nikasemɔ ko ni kɔɔ maŋ nibii ahe yɛ Ghana lɛ kpe ni miitao manu gbɛ ni atsɔɔ nɔ atsuɔ nii lɛ shishi. Ani obaanyɛ okɛɛ mi gbɛ ni atsɔɔ nɔ ahalaa mɛi ni akɛtsu nii yɛ nikasemɔ lɛ mli lɛ he saji babaoo?
I heard that fuel prices were supposed to drop in Ghana. Did that happen?,Minu akɛ esa akɛ fuɛl jara aba shi yɛ Ghana. ani eba mli
I'm interested in learning about the safety of drinking water in Ghana. Can you tell me about the acceptable levels of nitrates in drinking water?,Miyɛ bɔ ni nu ni anuɔ lɛ yɔɔ shweshweeshwe yɛ Ghana lɛ he miishɛɛ. Ani obaanyɛ okɛɛ mi nitrates ni yɔɔ nu ni anuɔ lɛ mli ni akpɛlɛɔ nɔ lɛ he sane?
Can you tell me the price?,Please tell me the price.
I've been reading about the challenges Ghana faces with tomato paste imports. Can you tell me more about the current situation?,Mikaneɔ naagbai ni Ghana kɛkpeɔ yɛ tomato ŋmɔtɔ ni akɛbaajɛ maŋsɛɛ aba lɛ he. Ani obaanyɛ okɛɛ mi shihilɛ ni yɔɔ amrɔ nɛɛ he saji babaoo?
How much for two?,How much for two items?
What's the cheapest one?,Which one is the least costly?
It's stated that he paid twice more than the real price for the latrines.,"Wɔka sɛ, otuaa sika a na ɛsɛ sɛ otua  yɛ tiafi no boroo so mmɔho mmienu."
How much are you selling this for?,How much is this?
I'm having trouble understanding the Fisher's F-value in the context of the glycation of Bambara protein-rice starch composites. Can you explain what it means?,Mikɛ naagba miikpe yɛ Fisher F-sɛɛnamɔ lɛ shishinumɔ he yɛ Bambara protein-ŋmãa ŋmãa mli ŋmãa lɛ mli glycation lɛ mli. Ani obaanyɛ otsɔɔ nɔ ni no tsɔɔ?
Take care.,Take care of yourself.
What's your best price?,Is that your lowest price?
Supply of mosquito nets to people living near water bodies in order to combat malaria,Nwansena afiri a wɔde bɛma nnipa a wɔte bɛn nsuo mu sɛdeɛ ɛbɛyɛ a wɔbɛko atia asramma
I'm interested in learning about the impact of Marketing two point zero on business performance in Ghana. Can you provide an overview of the concept and its significance in the Ghanaian market?,Miyɛ bɔ ni Marketing Two Point Zero lɛ saa jarayeli nitsumɔ he yɛ Ghana lɛ he miishɛɛ. Ani obaanyɛ okɛ susumɔ lɛ kɛ bɔ ni ekɛ Ghana jarayeli lɛ kpãa gbee lɛ he sane kuku aha?
Zu!!!! Jessica lack of money in itself is not the problem.,me gamanɔamesie nye nya o
I'm trying to understand the district tender system in Ghana. Can you explain how it works?,Miibɔ mɔdɛŋ ni manu kpokpaa nɔ nibii ni akɛwoɔ jara nɔ yɛ Ghana lɛ shishi. Ani obaanyɛ otsɔɔ bɔ ni etsuɔ ​​nii ehaa lɛ mli?
"How am I doing, when I decide to buy cheese and pickles, instead of buying our mother's medicine?",aleke manɔ ne megbe dada ƒe atsiwo ƒeƒle heyi ɖa ƒle numevivi na ɖokuinye mahã
Parents have no money to send children to school.,Awofoɔ nni sika biara a wɔde wɔn mma bɛkɔ sukuu.
How much would everything cost?,How much do I pay for all these?
How much per kilogram?,How much do you charge per kilo?
I don't speak the language well.,Je ne parle pas bien la langue.
How is your family?,Aleke wò ƒomea le?
How much for two?,How much is two of them?
Is this expensive?,Is this overpriced?
I saw a photo of a vehicle stuck in a muddy pool of water on the Jasikan-Hohoe road. What's the current condition of this road?,Mina tsɔne ko ni efo nubu ko ni mli ewo muji mli yɛ Jasikan-Hoho gbɛjegbɛ lɛ nɔ lɛ mfoniri. Te gbɛ nɛɛ shihilɛ ji tɛŋŋ amrɔ nɛɛ?
It is easier to identify you by your name.,Ɛnyɛ den sɛ wode wo din behu wo.
What is your name?,Wo din de sɛn?
Goodbye.,Farewell.
Even pipes where clean water passes can also get damaged.,Mpo dorobɛn nsu a emu tew mpo betumi asɛe.
What is the significance of detecting E. coli in water?,E. Te ehe hiaa ha tɛŋŋ ni ana coliform yɛ nu mli?
What's the cost of all these?,What is the total cost of these?
Good morning,Good morning to you
Taxi drivers are on a sit down strike over the new express penalty system.,Taksikafoɔ reyɛ adwumaden wɔ tra ase wɔ asotwe nhyehyɛe foforo a wɔde ma ntɛmntɛm no ho.
I read about a study on arsenic levels in water bodies in Ghana. Can you tell me which water body type had the highest arsenic concentrations?,Mikane nikasemɔ ko ni kɔɔ arsenic ni yɔɔ nu mli yɛ Ghana lɛ he. Tsɔɔmɔ mi nu mli henɔ ni arsenic fa fe fɛɛ yɛ mli?
You're welcome here.,You're free to come anytime.
The youth received money to engage in a football competition.,Mmabun no nyaa sika de wɔn ho hyɛɛ bɔɔlbɔ akansi bi mu.
"Due to the heavy rains, roads are being flooded with running water.","Esiane osu kɛse a ɛretɔ nti, nsu a ɛsen fa akwan so."
"History of reconnecting with oneself, one's family, nature, the essential,","alebe miakpɔ miaɖokui, ƒome, xexeame kple nusi le vevie la gbɔ"
Good to see you again.,Good to have you here again.
Yes.,Yeah.
"The only acceptable way to waste your time on earth is online shopping,",mɔnu ɖeka si dzi na to agu wo ɣeyiyi le anyigbãdzi la enye nuƒeƒlẽ to yaʋalawo dzi
I'm interested in learning more about the Akan people's concept of God. Can you tell me about the different names they use to refer to God?,Miyɛ he miishɛɛ akɛ makase bɔ ni Akanbii lɛ susuɔ Nyɔŋmɔ he amɛhaa lɛ he nii babaoo. Tsɔɔmɔ mi gbɛi srɔtoi ni akɛtsɛɔ Nyɔŋmɔ lɛ ahe sane?
I heard Apple made some changes to its App Store rules and fees. Can you tell me more about it?,Mi nu akɛ Apple efee tsakemɔi komɛi yɛ e-App Store mlai kɛ nyɔmɔwoo lɛ mli. Ani obaanyɛ okɛɛ mi ehe saji babaoo?
My name is Kofi.,Me din de Kofi.
Can I help you find something?,Do you need assistance finding something?
What is the current price?,What is the price right now?
The government is educating leaders about family planning.,Aban no rekyerɛkyerɛ akannifoɔ no afa sɛdeɛ wɔbɛtoto wɔn mmusua ne wɔn awoɔ yie ho.
I heard that some African countries pay much more for medicines than others. Is that true?,Minu akɛ Afrika maji komɛi woɔ tsofafeemɔ he nyɔmɔ babaoo fe ekrokomɛi. lɛ ji anɔkwale?
Good evening,Pleasant evening.
I am from Accra.,Meyɛ obi a ofi Accra.
Good to see you again.,Nice seeing you again
Can you give me today's price?,Àte ŋu ana egbe ƒe asi nam?
Good morning,A very good morning
I read that Forte Oil is planning to sell some of its assets. Can you tell me more about this?,Mikane akɛ Forte Oil eto gbɛjianɔ koni ekɛ enibii lɛ ekomɛi ahɔ̃ɔ. Ani obaanyɛ okɛɛ mi enɛ he saji babaoo?
I heard that United Nigeria Airlines named an aircraft after a former Ghanaian leader. Can you tell me more about it?,Mi nu akɛ United Nigeria Airlines wo kɔɔyɔŋ lɛlɛ ko gbɛi yɛ tsutsu Ghana hiɛnyiɛlɔ ko gbɛi nɔ. Ani obaanyɛ okɛɛ mi ehe saji babaoo?
I took over the family poultry business from my father.,Migyee abusua no nkokɔ ho adwuma no fii me papa nsam.
I'm trying to understand performance management in organizations. Can you explain the shift in emphasis from top-down appraisal to self-appraisal in performance management?,Miibɔ mɔdɛŋ ni manu nitsumɔ he gbɛjianɔtoo shishi yɛ gbɛjianɔtoo ko mli. Ani obaanyɛ otsɔɔ tsakemɔ ni eba yɛ nɔ ni ama nɔ mi kɛjɛ ŋwɛi-shishi sɛɛyoomɔ mli kɛtee he-kɛ-afɔleshaa mli yɛ nitsumɔ he gbɛjianɔtoo mli lɛ mli?
You're welcome here.,You're always welcome here.
There will be a training about fish farming in the town hall.,Wɔbɛyɛ nteteɛ ama sɛdeɛ wɔnyɛn nsuomnam ho wɔ kuro no asa so.
Please come in.,Taflatse va ge ɖe eme.
"However, according to him, “Paris is not the city that gives the most money to associations of this type, far from it”","ke hã, ebe menye Paris ye nana ga wú le du siwo dea ga hatsotso siawo gɔme la o"
I'm trying to understand the potential risks associated with deposit-taking institutions. Can you explain how their capital structure contributes to these risks?,Miibɔ mɔdɛŋ ni manu osharai ni yɔɔ shikatoohei amli lɛ shishi. Ani obaanyɛ otsɔɔ bɔ ni amɛ shikatoohe lɛ yeɔ ebuaa osharai nɛɛ?
I heard that the Planting for Food and Jobs policy in Ghana has been quite successful. Can you tell me more about it?,Minu akɛ Niyenii kɛ Nitsumɔi Adumɔ He Mla ni yɔɔ Ghana lɛ ye omanye waa. Ani obaanyɛ okɛɛ mi ehe saji babaoo?
What are some advantages of inland water transportation?,Mɛni ji sɛɛnamɔi komɛi ni yɔɔ nu mli gbɛfaa he?
Issuing water arrear payments requests should be done after coronavirus disease .,"Ɛsɛ sɛ nsuo tua ho ka no, wɔde ma no wɔ coronavirus yareɛ akyi ."
Is this expensive?,Is it costly?
"You have to run and buy these drugs and you come back,",Miƒudzu ƒle atike siawo ne míava
The venue for the next meeting shall be at the hotel.,Beae a wɔbɛyɛ nhyiam a edi hɔ no bɛyɛ ahɔhodan no mu.
"What is the current state of water and sanitation infrastructure in Ghana, and why is it a major concern?",Te Ghana nu kɛ hetsemɔ he nibii lɛ yɔɔ tɛŋŋ ni mɛni hewɔ eji nɔ ni haoɔ mɔ?
I just read that Ghana lost a significant amount of money to tax exemptions in two thousand and twenty-three. Can you tell me how much?,Mikane akɛ Ghana laaje shika babaoo yɛ afi 2023 mli beni ebatsɔ maŋ ni tooyeli bɛ mli lɛ. Ani obaanyɛ okɛɛ mi bɔ ni eji?
I'm interested in learning about the microbial quality of household water sources in Ghana. What are some of the key findings from research studies on this topic?,Miyɛ bɔ ni shĩai amli nu jɛɛhei ni yɔɔ Ghana lɛ amli nibii bibii ni wala yɔɔ mli lɛ yɔɔ ha lɛ he miishɛɛ. Mɛni ji nibii titrii ni ana kɛjɛ niiamlitaomɔi ni kɔɔ saneyitso nɛɛ he lɛ amli lɛ ekomɛi?
What would you like to buy?,What are you looking to buy?
I am very happy today.,Today is a good day for me.
Thank you for coming.,We appreciate your visit.
Can I help you find something?,Would you like me to help you?
I also specify that I gave him my contribution to buy the cement,nyehã mena gae be woatsɔ aƒle simitie
I'd like to know more about the global perspective on food security. Can you tell me about the progress made in the second half of the twentieth century?,Miisumɔ ni male bɔ ni jeŋ muu fɛɛ susuɔ niyenii he shweshweeshwefeemɔ he ehaa lɛ he saji babaoo. Ani obaanyɛ okɛɛ mi hiɛyaa ni ba yɛ afii ohai 20 lɛ fã ni ji enyɔ lɛ mli lɛ he sane?
"And this is what makes it sometimes difficult to understand the extent of the evil that drives us. """,esiae na meinyana nu baɖa si le mia me la ƒe ɖoƒe o
Good evening,Gbɛkɛ kpakpa
Farmers face problems of accessing the areas of the market.,Akuafo no hyia nsɛnnennen wɔ baabi a wɔtɔn wɔn nnɔbae no ho.
How much are you selling this for?,What are you selling this item for?
Have a good day.,Ŋkekea me nenyo.
I'm trying to understand how soil pH affects the conversion of NH4+ to NH3. Can you explain it to me?,Miibɔ mɔdɛŋ ni manu bɔ ni shikpɔŋ pH lɛ saa NH4+ kɛyaa NH3 lɛ shishi. obaanyɛ otsɔɔ mi mli
The bishop informed Christians that holy matrimony is more important than food and drinks.,Ɔsɔfopɔn no bɔɔ Kristofo amanneɛ sɛ aware kronkron ho hia sen aduan ne anonne.
Can you give me today's price?,What is today's price?
What are you looking for?,What are you searching for?
What is the main focus of the study on cost management in the Ghanaian real estate industry?,Mɛni ji nɔ titri ni nikasemɔ ni kɔɔ shika he gbɛjianɔtoo he yɛ Ghana shiai ahe nitsumɔ mli lɛ wieɔ he?
The village leader writes down the names of the people interested.,Akuraase kannifoɔ no twerɛ wɔn a wɔn ani gye ho no din.
"He talked to us about the weather, the population, his family, his kids, stories of broken hearts,","Eƒonu na mi kuɖe yaƒoƒo, dumetɔwo, eƒe ƒome, eƒe xotunya dzigbãwo ŋu"
One ought to love his or her family.,Ɛsɛ sɛ obi dɔ n’abusua.
"I've been reading about the rise of gangs in Kenya. What's behind the unusual names of some of these groups, such as the 'Taliban'?",Mikane bɔ ni awuiyelɔi akui etee hiɛ yɛ Kenya lɛ he sane. Mɛni ji nɔ ni yɔɔ kui nɛɛ agbɛi ni yɔɔ naakpɛɛ tamɔ ‘Taliban’ lɛ sɛɛ?
How much is this?,What do you charge for this?
I'm interested in learning about the impact of macroeconomic fundamentals on the Ghanaian stock market. Can you tell me a bit about a recent study on this topic?,Miyɛ bɔ ni Macroeconomic Foundations lɛ náa shikatoohe ni yɔɔ Ghana lɛ nɔ hewalɛ eha lɛ he miishɛɛ. Ani obaanyɛ okɛɛ mi nikasemɔ ko ni afee nyɛsɛɛ nɛɛ yɛ saneyitso nɛɛ he lɛ he sane fioo?
I'd like to learn about the impact of customer care on the performance of Tobinco Pharmaceutical Limited. Can you provide some insights?,Miisumɔ ni male bɔ ni mɛi ni heɔ nii lɛ akwɛmɔ tsuɔ nii ehaa yɛ Tobinco Tsofafeemɔ Limited lɛ nitsumɔ nɔ lɛ he. Ani obaanyɛ okɛ shishinumɔi komɛi aha?
"I am fine, thank you.","Mele nyuie, akpe na wò."
Good afternoon,Pleasant afternoon.
I'm interested in learning about the impact of Business Process Reengineering on customer satisfaction in the banking industry in Ghana. Can you explain the regression equation derived from the study?,Miyɛ bɔ ni jarayeli gbɛjianɔtoo lɛ mli tsakemɔi lɛ saa mɛi ni heɔ nii lɛ atsui ni nyɔɔ mɔ mli yɛ shikatoohe nitsumɔhe ni yɔɔ Ghana lɛ he lɛ he miishɛɛ. Ani obaanyɛ otsɔɔ sɛɛkuu equation ni jɛ nikasemɔ lɛ mli lɛ mli?
Feel free to look around.,Take your time looking around.
I'm interested in learning more about food labelling laws and regulations in Ghana. Can you tell me a bit about the current state of labelling laws in the country?,Miyɛ he miishɛɛ akɛ makase niyenii he okadi mlai kɛ gbɛjianɔtoi ni yɔɔ Ghana lɛ ahe nii babaoo. Ani obaanyɛ okɛɛ mi bɔ ni akɔntaabuu he mlai ni yɔɔ maŋ lɛ mli lɛ yɔɔ amrɔ nɛɛ he sane fioo?
The district chairman accepted the blame only if payments are not made soon.,"Sɛ wɔantua sika ntɛm nkutoo a, ɔmantam no guamtrani no gyee asodi no toom."
"What are the main insurance products preferred by cashew farmers in Ghana, and how much are they willing to pay for them?","Mɛni ji inshuɔrans nibii titri ni cashew okwaafoi ni yɔɔ Ghana lɛ sumɔɔ waa, ni shika enyiɛ amɛsumɔɔ ni amɛwo he nyɔmɔ?"
"Siriki sat down, then rang the waitress to order another bottle of wine",Siriki n;lo anyi heyɔ nyɔnuvi la hedɔ wein bubu
He agreed to pay all the salary arrears by December.,Ɔpenee so sɛ ɔbɛtua akatua nyinaa wɔ Openima mu.
I've been reading about the water crisis in Ghana. Can you tell me more about the sources of water in the semi-arid regions?,Mikane nu he naagba ni yɔɔ Ghana lɛ he sane. Ani obaanyɛ okɛɛ mi nu jɛɛhei ni yɔɔ hei ni nu bɛ fioo lɛ ahe saji babaoo?
Have a seat.,Na sɛi
Can you tell me the price?,How much is it?
Please help me.,Taflatse kpe ɖe ŋunye.
Goodbye.,Bye.
Women and young adults are advised to take on family planning methods.,Wɔtu mmaa mpanimfoɔ ne mmabunu fo sɛ wɔnyɛ nneɛma a ɛbɛma wɔatete wɔn awoɔ mu.
Farmers after harvesting will have a ready market for their produce.,"Sɛ akuafo twa wɔn nnɔbae wie a, wobenya atɔfoɔ."
People will use the quarry for fish farming.,Nkurɔfo de abodan no bɛyɛ mpataa a wɔyɛn wɔn.
The president advised people to divert from cash crops to food crops.,Ɔmanpanin no tuu nkorɔfoɔ fo sɛ wɔnsesa mfiri sika nnuaba so nkɔ nnuane nnuaba.
What are you looking for?,Which item are you looking for?
Which one costs less?,Emu nea ɛwɔ he na ne bo sua?
Please come in.,Please step inside
Budgets indicate estimates of costs that can be adjusted.,Budget ahorow kyerɛ ɛka a wɔbɔ ho akontaabu a wobetumi ayɛ mu nsakrae.
Some medical doctors refused to do their work due to delayed salary payment.,Nnuruyɛfo binom ampene sɛ wɔbɛyɛ wɔn adwuma esiane akatua a wɔkyɛe nti.
"Common foods for Ghanaians are Kenkey, Palm nut soup, Abolish,Kpoikpoi,Akple and Fetri Detsi,Waakye, Shito, Banku, Groundnut soup, Palm wine, Gari Foto, Omo Tuo and more.","Nnuan a Ghanafo taa di ne Kenkey, Palm nut soup, Abolish,Kpoikpoi,Akple ne Fetri Detsi,Waakye, Shito, Banku, Groundnut soup, Palm wine, Gari Foto, Omo Tuo ne nea ɛkeka ho."
What would you like to buy?,What are you interested in buying?
There was an increase in prices of basic food Staples during the lockdown.,Nnoɔma a yɛdi no boɔ kɔɔ soro wɔ dan-mu-hyɛ berɛ no mu.
I'm interested in learning more about the relationship between Islam and family planning in Ghana. Can you tell me a bit about the research that's been done on this topic?,Miyɛ he miishɛɛ akɛ makase wekukpaa ni kã Islam kɛ weku gbɛjianɔtoo teŋ yɛ Ghana lɛ he nii babaoo. Ani obaanyɛ okɛɛ mi niiamlitaomɔ ni afee yɛ saneyitso nɛɛ he lɛ he sane fioo?
"I've heard that training is important for rice farmers, but I've also heard that it might not always be effective. What does the research say about this?","Minu akɛ tsɔsemɔ he yɛ sɛɛnamɔ kɛha ŋmãa okwaafoi, shi ekolɛ jeee be fɛɛ be ebaatsu nii jogbaŋŋ. Mɛni niiamlitaomɔ lɛ kɛɔ yɛ enɛ he?"
"Come culture killed elephants, snails, Parrot, crab, buffaloes and hippopotamuses for meat.","Bra amammerɛ kumm asono, nnwa, ako, kɔtɔ, ɛkoɔ ne Susono nam."
No new cars sold in California can be equipped with a diesel or gasoline engine from 2035,ʋu yeye siwo katã woadzra le california le ƒè 2035 me la magazã petroĩdzini alo gazuwɔeli o
I heard Ghanaian peacekeeping troops are paid three hundred  US dollarsper day by the UN. Is this true?,Minu akɛ Jeŋmaji Ekomefeemɔ lɛ woɔ Ghana toiŋjɔlɛ he nitsulɔi lɛ nyɔmɔ U.S. dɔlai 300 daa gbi. Ani enɛ ji anɔkwale?
What happened during Dr. Mahamudu Bawumia's Thank You Tour event in London?,Mɛni ba yɛ be mli ni Dr. Mahamudu Bawmia shidaa saramɔ yɛ London lɛ?
People have found alternative medicines because health centres are expensive.,Nkorɔfoɔ anya nnuru foforɔ ɛfiri sɛ apɔmuden asoɛeɛ boɔ yɛ den.
I came across a research article from Ghana about activity-based costing and its relation to customer satisfaction. Can you tell me more about the findings?,Miyana niiamlitaomɔ wolo ko kɛjɛ Ghana ni kɔɔ nitsumɔ mli nyɔmɔwoo kɛ wekukpaa ni yɔɔ ekɛ mɛi ni heɔ nii lɛ atsui ni nyɔɔ mɔ mli lɛ teŋ lɛ he. Ani obaanyɛ okɛɛ mi nibii ni ana lɛ ahe saji babaoo?
Farmers should avoid feeding pigs on leftover food from hotels.,Ɛsɛ sɛ akuafo twe wɔn ho fi nnuan a aka ɛfri ahɔhodan mu a wɔde ma mprako no.
I heard AratheJay is having a concert. What's the name of the concert and when is it happening?,"Mi nu akɛ Arateje miifee lalatswaa. Mɛni ji gbɛi ni akɛtsɛɔ lalatswaa nifeemɔ lɛ, ni mɛɛ be afeɔ lɛ?"
Is this expensive?,Is it affordable?
The money is used by teachers to pay off their loans.,sika no akyerɛkyerɛfoɔ no na ɛde tua wɔn bosea no.
Thank you very much.,Meda wo ase pa ara.
What is the current status of the three hotels owned by the Social Security and National Insurance Trust (SSNIT)?,Mɛni ji shihilɛ ni yɔɔ gbɔiatoohei etɛ ni ji Social Security kɛ Betuwah Leumi Gbɛjianɔtoo (SSNIT) lɛ amli amrɔ nɛɛ?
I'm trying to understand the concept of axiology in research. Can you explain it to me?,Miibɔ mɔdɛŋ ni manu shishinumɔ ni ji axiology yɛ niiamlitaomɔ mli lɛ shishi. obaanyɛ otsɔɔ mi mli
"4- At the restaurantAt the ice cream parlor or at the restaurant, I like to read while waiting for my order to be brought to me,",le nuɖuƒe la melɔ̃ nuxexlẽ xenɔa nye nuɖuɖu lalam
How much for two?,What do you charge for two?
Patients were requested to buy food while in the hospital.,Wɔka kyerɛ ayarefoɔ sɛ wɔntɔ aduane berɛ a wɔwɔ ayaresabea no.
Every citizen of Ghana is obliged to pay tax.,Ɔman ba biara a ɔwɔ Ghana no wɔ asɛde sɛ ɔtua tow.
The organization paid one millioncedis as a partner for the beauty pageant.,Ɛkuo no tuaa sedi mpem de maa ahoɔfɛ dwumadie no sɛ wɔka ho bi.
I really appreciate it.,mihiɛ sɔɔɔ waa diɛŋtsɛ.
I'm interested in learning more about Value for Money assessments in the public procurement system of Sierra Leone. Can you tell me what Value for Money assessment is?,Miyɛ he miishɛɛ akɛ makase shika ni akɛtsuɔ nii yɛ Sierra Leone maŋ nibii ahe gbɛjianɔtoo lɛ mli lɛ he nii babaoo. Ani obaanyɛ okɛɛ mi nɔ ni ji shika helɛtemɔ he sɛɛyoomɔ?
I pledged to give up some money for her wedding.,Mehyɛɛ bɔ sɛ mɛma sika bi ama n’ayeforohyia.
And you?,What about you?
"“Thank you! The impact of these churches, and especially of the preachers, is minimized by the majority, yet the problem is very real.”",kuɣi la li gake amewo menya mawunyagblɔlawo ƒe dɔ ƒe asixɔxɔ o
I'm interested in learning about the internal control systems used by the Ghana Water Company Limited (GWCL). What type of internal control system is mainly employed by GWCL?,Miyɛ he miishɛɛ akɛ makase gbɛjianɔtoi ni akɛkwɛɔ nibii amli ni Ghana Water Company Limited (GWCL) kɛtsuɔ nii lɛ ahe nii. Mɛɛ mligbɛ gbɛjianɔtoo ni GWCL kɛtsuɔ nii titri?
I'm trying to understand why multinational enterprises (MNEs) invest in foreign countries. Can you explain the market imperfection theory?,Miibɔ mɔdɛŋ ni manu nɔ hewɔ ni majimaji ateŋ nitsumɔhei (MNEs) kɛ amɛshika woɔ maŋsɛɛ maji amli lɛ shishi. Ani obaanyɛ otsɔɔ jarayeli mli emuu ni ayeee lɛ mli?
Their company is the leading exporter of fresh fruits and vegetables in Ghana.,Wɔn adwumakuw no na edi kan a ɛde nnuaba ne nhabannuru a ɛyɛ foforo kɔ amannɔne wɔ Ghana.
"Can you speak slowly, please?","Mesrɛ wo, wubetumi akasa brɛoo?"
Thanks for your help.,Akpe na wò ɖe wò kpekpeɖeŋu ta.
"In the evening of one's life, one becomes exhausted more quickly, as I am now","leagbeanuwuwu la, nu tsia kɔ na ame kaba abe ale si wole wɔyem fifia ene"
I heard a disturbing news story about a man attempting to sacrifice his daughter for money in Ghana. What happened?,Minu awerɛho sane ko ni kɔɔ nuu ko ni yɔɔ Ghana ni bɔ mɔdɛŋ akɛ ekɛ ebiyoo baasha afɔle yɛ shika hewɔ lɛ he. meni ba?
Community programs can help people to understand the importance of protecting the environment.,Mpɔtam hɔ nhyehyɛe ahorow betumi aboa nkurɔfo ma wɔate hia a ɛho hia sɛ wɔbɔ nneɛma a atwa yɛn ho ahyia ho ban no ase.
"What is the name of the person who passed away, according to the obituary published on the twenty-second of May in the year twenty eighteen?",Mɛni ji mɔ ni gbo lɛ gbɛi taakɛ gbonyo he wolo ni akala yɛ May gbii nyɔŋmai enyɔ kɛ enyɔ lɛ nɔ yɛ afi ni ji nyɔŋmai enyɔ kɛ kpaanyɔ lɛ mli lɛ tsɔɔ lɛ?
"She listened attentively to her friend's problems. She offered her a sympathetic ear, and sometimes, sympathy is all we can offer.","Ɔde aso tiee n’adamfo no haw ahodoɔ. Ɔmaa no aso a ɛkyerɛ tema, na ɛtɔ mmere bi a, tema nkutoo ne nea yɛbetumi de ama."
What's the cost of all these?,Mɛni ji enɛɛmɛi fɛɛ ahe nyɔmɔwoo?
Do you have a price list?,Is there a catalogue with prices?
How much does this cost?,What is the cost of this?
"But hearing him at dawn preaching salvation through Jesus Christ of Nazareth, I understood that I had indeed returned home,","gake esi mese le fɔŋli sia wole Yesu Christo ƒe nya gblɔm la, menya be meva ɖo aƒe"
Nice to meet you.,Ravi de vous rencontrer.
Is this the final price?,Can the price come down?
The district should provide people with food to eat.,Ɛsɛ sɛ mansini no no boa ma nkurɔfoɔ nya nnuane di
I'm trying to understand the relationship between inflammation and coagulation. Can you explain how they're connected?,Miibɔ mɔdɛŋ ni manu tsakpaa ni yɔɔ fuumɔ kɛ lá ni hoɔ yɛ gbɔmɔtso lɛ teŋ lɛ shishi. Ani obaanyɛ otsɔɔ bɔ ni fee ni amɛkpe?
I heard that Ghana Water Company Limited is facing a tariff hike. Can you tell me more about this?,Mi nu akɛ Ghana Nu Nitsumɔhe Limited lɛ kɛ nyɔmɔwoo ni yaa hiɛ miikpe. Ani obaanyɛ okɛɛ mi enɛ he saji babaoo?
"He bought his wife a gold necklace, surprising her with a luxurious and precious gift.","Ɔtɔɔ ne yere sika kɔnmuade, na ɔde akyɛde a ɛyɛ fɛ na ɛsom bo maa ne ho dwiriw no."
The leader asked for accountability of the distributed food.,ɔkannifoɔ  no bisaa nsɛm faa nkontabuo a ɛfa nnuane a wɔkyekyeɛ no ho.
Can you give me today's price?,How much is it today?
How is your family?,How are your people?
I've been reading about the impact of climate change on agriculture in Ghana. Can you tell me more about the effects of climate change on water resources in the country?,Mikane bɔ ni kɔɔyɔŋ tsakemɔi saa okwaayeli he yɛ Ghana lɛ he sane. Ani obaanyɛ okɛɛ mi babaoo yɛ bɔ ni kɔɔyɔŋ tsakemɔ lɛ saa maŋ lɛ mli nu nibii ahe ehaa lɛ he?
How are you?,How's it going?
"His family decided to settle in the village, seeking stability and a sense of belonging.","N’abusua sii gyinae sɛ wɔbɛtra akuraa no ase, na wɔhwehwɛɛ sɛ wɔbɛgyina pintinn na wɔate nka sɛ wɔyɛ wɔn dea."
I've been reading about the nutritional potential of vegetable oils. Can you tell me more about the fatty acid profiles of different oils?,Mikane niyenii ni haa mɔ he waa ni yɔɔ tsofa-kɛ-ŋma mli lɛ he sane. Ani obaanyɛ okɛɛ mi fatty acid ni yɔɔ fɔ srɔtoi amli lɛ he saji babaoo?
Acquiring a driving permit now days is both not easy and also expensive,Sɛ worenya ɛhyɛnka ho akwanya nnɛ yi mu nna fam na ne boɔ san so yɛ den.
Can you describe the process of determining the pH of a water sample using the Suntex model SP-seven hundred and one pH Meter?,Ani obaanyɛ otsɔɔ gbɛ ni atsɔɔ nɔ aleɔ pH ni yɔɔ nu mli nɔkwɛmɔnɔ ko mli kɛtsɔ Suntex model SP-701 pH mita nɔ?
I understand everything,mese egɔme fifia
"What is transaction cost economics, and when did it start being used in research?","Mɛni ji shika helɛtemɔ he shika helɛtemɔ, ni mɛɛ be aje shishi akɛtsu nii yɛ niiamlitaomɔ mli?"
I'm reading a research article about the relationship between economic growth and insurance market development. Can you tell me what type of data the researchers used for their study?,Mikaneɔ niiamlitaomɔ wolo ko ni kɔɔ wekukpaa ni yɔɔ shika helɛtemɔ mli hiɛyaa kɛ inshuɔrans jarayeli mli hiɛyaa teŋ lɛ he. Ani obaanyɛ okɛɛ mi saji ni niiamlitaolɔi lɛ kɛtsu nii kɛkase nii lɛ?
The expensive education system discourages parents from teaching their children.,Nwomasua a ne boɔ yɛ den no nhyɛ awofoɔ nkuran mma wɔnkyerɛ wɔn mma adeɛ
People fought for food while at the burial ceremony.,Nkorɔfoɔ no peree wɔ aduane ho berɛ wɔreyɛ ayie no.
People working together don't have to be friends.,Ɛnsɛ sɛ nkorɔfoɔ a wɔreyɛ adwuma abɔm no yɛ nnamfoɔ.
I've heard of a popular drink called 'Burkina' in Ghana. Can you tell me more about it?,Mi nu dãa ko ni ehe gbɛi waa yɛ Ghana ni atsɛɔ lɛ 'Burkina' lɛ he. Ani obaanyɛ okɛɛ mi ehe saji babaoo?
The government is encouraging farmers to produce more agricultural products since the market is available.,Aban no rehyɛ akuafoɔ nyinaa sɛ wɔnyere wɔn ho nnɔ nnɔbaeɛ bebree ɛfiri sɛ wɔbɛnya atɔfoɔ
"I've been reading about Eung Ho-Park's work, specifically his piece 'I'm Looking at You'. Can you tell me more about the materials and inspiration behind this piece?","Mikane Eung Ho-Park nitsumɔ lɛ he saji, titri lɛ ‘Mikwɛɔ Bo’ fã lɛ. Ani obaanyɛ okɛɛ mi nibii kɛ mumɔ tsirɛmɔ ni yɔɔ nɛkɛ fã nɛɛ sɛɛ lɛ he saji babaoo?"
My parents can not afford to buy for me books.,M’awofo ntumi ntɔ nhoma mma me.
How can I assist you today?,Mɛyɛ dɛn aboa wo nnɛ?
What is the current price?,What's the price now?
Feel free to look around.,Mite ŋu lé ŋku ɖe nu ŋu faa.
"Salman had given himself a year to manage to support Khan Academy and have enough to support his family,",Salman na ƒe ɖeka eɖokui be yé ana Khan Academy na yi ŋugɔ eye be yé akpɔ eƒe ƒome dzi to gadimɔnuwo dzi
A farmer can own more than one piece of land.,Okauni bɛtumi anya asase bɛboro baako.
"Breakfast is taken in the morning just after sunrise. Traditional breakfast is made of koko or kukua?li (porridge) made from either of maize, millet, guinea or a mixture of flours.","Wɔdi anɔpaduan anɔpa bere a owia apue pɛ. Wɔde koko anaa kukua?li (akutu) a wɔde atoko, atoko, guinea anaa esiam a wɔde afra na ɛyɛ anɔpaduan a wɔde di dwuma wɔ amanne kwan so."
People have been provided with food and clothes.,Wɔama nkorɔfoɔ aduane ne ntaadeɛ.
Justice must prevail at all times and at all costs.,Ɛsɛ sɛ atɛntrenee di nkonim bere nyinaa ne ɔkwan biara so.
"It was with will and courage that he went to get her from his office, to seat her at the table of this pretty restaurant in the capital.",vevdonu woheyi kploe le dɔme yi nuɖuƒe ma
Some rural areas in Ghana have no access to clean water.,Nkuraase mmeaɛ bi wɔ Ghana nni nsu pa.
How much money will be allocated to the project in the next financial year?,Sika ahe na wɔbɛkyekyɛ ama adwuma no wɔ sikasɛm afe a edi hɔ no mu?
"I'm interested in learning more about vegetable farming practices in Ghana, specifically at the Korle-Bu farms. What can you tell me about the demographics of the farmers and their manure practices?","Miyɛ he miishɛɛ akɛ makase bɔ ni akwɛɔ aduawai amli yɛ Ghana lɛ he nii babaoo, titri lɛ Korle-Bu Farms. Mɛni obaanyɛ okɛɛ mi yɛ okwaafoi lɛ ayibɔ kɛ amɛ ŋmɔshi nibii ahe nifeemɔi ahe?"
"He was attacked by two men while he was leaving for work this morning, and my uncle broke his neck when he fell down the stairs.","Mmarima baanu tow hyɛɛ no ​​so bere a na ɔrekɔ adwuma anɔpa yi, na me papa nua barima bubuu ne kɔn bere a ɔhwee antweri no so no."
Maybe.,Peut être.
How much per kilogram?,What do you charge for a kilogram?
"» At the end, she tells us about her friend Sookie, a victim of breast cancer and who invites us not to let fear kill us",emegbe eƒo nu na mi kuɖe xɔ̃a Sookie sie kãsadɔ lé anɔ na eye wole miakpem be vɔvɔ̃ megazu kú awu mi o
Have a good day.,Ɛda no nkɔ yie mma wo.
Please come in.,Veuillez entrer.
The love between a young woman from a wealthy family and a university professor with revolutionary ideas,lɔlɔ̃ le ɖetugbui aɖe si tso gatɔƒome me kple suku kɔkɔ nufiala aɖe si si tɔtrɔ yeye susuwo le la dome
Good evening,Hope you're having a pleasant evening.
What's your best price?,Is there a discount on this?
Feel free to look around.,Please look around.
The students shall have a physics practical lesson tomorrow morning.,Asuafoɔ no bɛnya abɔdeɛ mu nneɛma ho adesua a wɔde di dwuma ɔkyena anɔpa.
The medical body seeks to understand how citizens manage amidst having the disease.,Adɔkotafoɔ ne rehwɛ sɛ wɔbɛte kwan a ɔmanfoɔ no fa so bɔ wɔn ho ban sɛ wɔnya yareɛ no a.
This is the question I asked one of my friends while tears were streaming down my face,nya siae mebia xɔnye ɖeka esi me aɖatsi nɔ gegem le monam
Feel free to look around.,Browse as much as you like.
Patients are encouraged to only buy medicine prescribed by the doctors to only buy medicine prescribed by doctors.,Wɔhyɛ ayarefoɔ nkuran sɛ wɔntɔ nnuru a adɔkotafoɔ akyerɛ ama wɔn nko ara na wɔntɔ nnuru a adɔkotafoɔ akyerɛ ama wɔn nko ara.
I still struggle to understand why Ghanaians generally do not care about the state of affairs of the country. It is very sad and alarming.,Meda so ara repere sɛ mɛte nea enti a mpɛn pii no Ghanafo mfa ɔman no tebea ho asɛm no ase. Ɛyɛ awerɛhow na ɛyɛ hu pa ara.
What are the initial steps in constructing the base of the 'Struggle for Wealth' piece?,Mɛni ji klɛŋklɛŋ nibii ni esa akɛ afee ni akɛma ‘Nibii Ahe Tawuu’ fã ko?
"Can you speak slowly, please?","Speak slowly, please."
I did not pay attention to the brothers who were discussing in the courtyard,nyekpɔ nɔvinye siwo nɔ dze ɖom le xexe o
As people migrate to safer places changes in buying of goods are seen.,"Bere a nkurɔfo tu kɔ mmeae a ahobammɔ wɔ no, wohu nsakrae wɔ nneɛma a wɔtɔ mu."
I heard that a new store has opened at Accra Mall. Can you tell me more about it?,Mi nu akɛ agbele shwapo hee ko naa yɛ Accra Mall. Ani obaanyɛ okɛɛ mi ehe saji babaoo?
Sorry to bother you.,Désolé de vous déranger.
"What is the general description and cultivation of rice, and how does it relate to Liberia?","Mɛni ji bɔ ni atsɔɔ ŋmãa mli ahaa kɛ bɔ ni aduɔ lɛ ahaa, ni te ekɛ Liberia yɔɔ tsakpaa ha tɛŋŋ?"
How much does this cost?,What would I pay for this?
The evening was a wonderful experience of oral storytelling from a master craftswoman.,Anadwo no yɛɛ suahunu nwanwasoɔ bi a ɛfa anansesɛm a maame bi a wakwadare mu toeɛ ho.
"For drinking water, rest assured, there is a borehole that supplies the entire village with it.","ke hena tsi nono la, woɖe vudo aɖe si naa tsi dua katã"
The family of the deceased was grieved and sorrowful.,Owufoɔ no abusuafoɔ no werɛ hoo yie pa ara
We were given free food by the government during the lockdown.,Aban no maa yɛn nnuane kwa berɛ a na wɔmma kwan mma yɛmpue no mu.
What is the impact of initiating dividend payments on shareholders' wealth in Ghana?,Mɛni ji hewalɛ ni shika ni ajaa lɛ ni akɛje shishi lɛ ná yɛ mɛi ni yɔɔ nibii lɛ amli lɛ anibii anɔ yɛ Ghana?
Five people were fired for protesting over delayed payments.,Wɔyii nnipa baanum fii adwuma mu esiane sɛ wɔkasa tiaa akatua a wɔtwentwɛn so nti
Farmers need to take care of their animals daily.,Ɛsɛ sɛ akuafo hwɛ wɔn mmoa daa.
I'm interested in learning more about the effects of urea fertilizers on rice production. Can you tell me a bit about the benefits and limitations of using urea fertilizers?,Miyɛ he miishɛɛ akɛ male bɔ ni urea ŋmɔshi nibii lɛ tsuɔ nii ehaa yɛ ŋmãa yibiiwoo nɔ lɛ he babaoo. Ani obaanyɛ okɛɛ mi sɛɛnamɔi kɛ naagbai ni yɔɔ urea ŋmɔshi nibii ni akɛtsuɔ nii lɛ he lɛ he sane fioo?
What is the current price?,Dɛn ne bo a wɔbɔ mprempren?
Can I help you find something?,Ðe mate ŋu akpe ɖe ŋuwò nàke ɖe nane ŋua?
Thank you for coming.,We appreciate you coming
I heard Lidl is giving its British workers a pay rise. Can you tell me more about it?,Minu akɛ Lidl miiwo e-Britain nitsulɔi lɛ nyɔmɔwoo nɔ. Ani obaanyɛ okɛɛ mi ehe saji babaoo?
I heard that the cost of electricity in Ghana is going to increase. Is that true?,Minu akɛ eshwɛ fioo ni sarawa hewalɛ jara baaya ŋwɛi yɛ Ghana. lɛ ji anɔkwale?
I really appreciate it.,Je l'apprécie vraiment.
How much are you selling this for?,Enyiɛ ahɔɔ enɛ?
How much for one?,What's the price for one?
Have a seat.,Have a seat please.
I came across an article about stock market analysis in Ghana. Can you explain the concept of systematic risk and its relation to stock performance?,Mikɛ niŋmaa ko ni kɔɔ jarayeli nibii amlipɛimɔ he yɛ Ghana lɛ kpe. Ani obaanyɛ otsɔɔ shishinumɔ ni ji systematic risk kɛ wekukpaa ni yɔɔ ekɛ shikatoohe lɛ nitsumɔ teŋ lɛ mli?
Sorry if Hervé comes back to every sentence,"mits,oe kem ne mele hervé ŋkɔ yɔm"
Is this the final price?,Is there any room for negotiation?
I read that Dr Ato Forson has set a record in paying contractors. Can you tell me more about this?,Mikane akɛ Dr. Forson to rekodi ko ni ekɛwoɔ nitsumɔ he kpaŋmɔi lɛ nyɔmɔ. Ani obaanyɛ okɛɛ mi enɛ he saji babaoo?
How can I assist you today?,Comment puis-je vous aider aujourd'hui ?
What is the level of involvement of Quantity Surveyors (QS) in retrofitting and adaptation of existing building projects in Ghana?,Te mɛi ni kwɛɔ nibii amli lɛ ayibɔ (QS) kɛ amɛhe woɔ tsumaa nitsumɔi ni asaa kɛ amɛhe tsakemɔ mli yɛ Ghana lɛ mli tɛŋŋ?
How much is this?,What is the price of this?
Hello,"Hi there, hello"
People who stay next to water bodies don't have issues with water shortages.,Nnipa a wɔte nsuo nkyɛn no nni ɔhaw a ɛfa nsuo a ɛho yɛ na ho.
Food is one of the basic needs for people and should be taken in the right proportions.,"Aduan yɛ nnipa ahiade atitiriw no mu biako, na ɛsɛ sɛ wodi no sɛnea ɛfata."
Some parents pack food for their children while going to school.,Awofo binom boaboa nnuan ano ma wɔn mma bere a wɔrekɔ sukuu no.
"They still give themselves the luxury of coming to share their knowledge every Saturday morning with a group of very excited children,",ke woɖoe ɖe woɖokui dzi yewoa manu kple ɖeviwo le memleɖawogbe
"Thank God this time I didn't really have any problems like the first time,",akpe na Mawu be nye megaɖo kuxi abe zi gbãtɔ ene o
I'm trying to understand how cancer develops. Can you explain the role of tumour suppressor genes?,Miibɔ mɔdɛŋ ni manu bɔ ni kansa baa lɛ shishi. Ani obaanyɛ otsɔɔ gbɛfaŋnɔ ni tsɛŋemɔ helai ni haa mɔ he jɔ̃ɔ ehe lɛ tsuɔ lɛ mli?
What are the main storage challenges faced by Licensed Buying Companies (LBCs) in Ghana's cocoa industry?,Mɛni ji nibii atoohe he naagbai wuji ni Nitsumɔhei ni Akɛ Hegbɛi Heɔ Nibii (LBCs) lɛ kɛkpeɔ yɛ Ghana kookoo nitsumɔhe lɛ?
"He was arrested from his office this afternoon, and his sister is being prosecuted for trespassing on private property.","Wɔkyeree no fii n’adwumayɛbea awia yi, na wɔredi ne nuabea no asɛm sɛ wahyɛn ankorankoro agyapade so."
I came across a research article about water quality in Ghana. Can you explain what Dissolved Oxygen (DO) levels indicate about the suitability of water for aquatic life?,Miyana niiamlitaomɔ wolo ko ni kɔɔ nu ni yɔɔ Ghana lɛ he. Ani obaanyɛ otsɔɔ nɔ ni kɔɔyɔɔ ni mli ewo muji (DO) lɛ falɛ tsɔɔ yɛ bɔ ni nu lɛ sa kɛha nu mli wala he lɛ mli?
Have a good day.,Na gbi kpakpa.
"The Government paid tribute, this Wednesday, September 23, 2020, to the compatriots victims of the terrorist attack of September 23, 1986",dziɖuɖua de bubu dumevi siwo kpɔ kú le akpasesẽduxɔnu siwo va eme le anyɔnyɔ 23 lia le ƒè 1986 lia me dzie
"Can you speak slowly, please?","Meɖe kuku, àte ŋu aƒo nu blewua?"
How old are you?,What is your age?
What was the reaction of former President John Mahama to the news of stolen money from the Sanitation Minister's home?,Mɛni ji tsutsu maŋ onukpa John Mahama hetoo yɛ shika ni aju kɛjɛ Minista ni kwɛɔ Hetsemɔ nɔ lɛ shĩa lɛ he?
Nice to meet you.,Glad to meet you.
I am very happy today.,I'm very happy today.
People have now resorted to underground water sources.,Seesei nkorɔfoɔ tu nsuo wɔ fam.
"I am not afraid of hard work. In fact, I enjoy hard work. My experience in life tells me that honesty and hard work pays.","Minsuro adwumaden. Nokwarem no, m’ani gye adwumaden ho. Osuahu a manya wɔ asetra mu ka kyerɛ me sɛ nokwaredi ne adwumaden tua ka."
"I was telling one of my friends that in 2016, I had a lot of pain because my period came on the 27th night of Ramadan",megblɔ na xɔ̃nye ɖeka be mekpɔ dziku le ƒè 2016 lia me elabe nye asiɖoanyi va le zã 27 lia me tututu
What did Sammy Gyamfi say about Dr. Mahamudu Bawumia's claim on MoMo interoperability?,Mɛni Sammy Giamfi kɛɛ yɛ Dr. Mahamudu Bawmia sanebimɔ ni kɔɔ MoMo nitsumɔ he lɛ he?
I've noticed that I often end up buying things I didn't plan to when I'm at the grocery store. Is there a reason why this happens?,"Miyɔse akɛ bei pii lɛ, kɛ́ mitee shwapo mli lɛ, miheɔ nibii ni misusuuu he po. Ani yiŋtoo ko yɛ hewɔ?"
I'm curious about the sources of water used for vegetable cultivation in Ghana. Can you tell me more about it?,Miitao male kɛya he ni nu ni akɛtsuɔ ŋmɔshi nibii ahe nii yɛ Ghana lɛ jɛɔ. Ani obaanyɛ okɛɛ mi ehe saji babaoo?
Please come in.,You may come in
"We no longer need to repeat that black people cannot read,",mehiã be miaga gblɔ be ameyibɔ mexlea nu o
Most people have small pieces of land that they use to practice farming.,Nnipa dodow no ara wɔ asase nketenkete a wɔde yɛ kua.
What is the relationship between oil prices and exchange rates in Ghana?,Mɛni ji wekukpaa ni yɔɔ Ghana fuɛl jara kɛ shika tsakemɔ teŋ?
See you tomorrow.,See you again tomorrow.
Every morning I take my one year old son to the day care center.,Anɔpa biara mede me ba a wadi afe biako no kɔ sukuu.
"A boy was falsery alleged of accessing his money and on intervention ,he got fired.","Barima bi a wɔtwaa nkotompo too ne so susuu sɛ wabɔ awura ɔbarima bi sika mu na ɔyɛɛ sɛ ɔreboa no, wɔyii no adi."
"I've been trying to understand project management techniques, specifically network analysis. Can you explain the concept of an activity table and how it relates to project planning?","Mibɔ mɔdɛŋ ni manu nitsumɔ lɛ he gbɛjianɔtoo he ŋaai ashishi, titri lɛ, tsɔne ni akɛtswaa adafitswaa lɛ mlipɛimɔ. Ani obaanyɛ otsɔɔ nifeemɔ he mfoniri he susumɔ lɛ mli kɛ bɔ ni ekɔɔ nitsumɔ he gbɛjianɔtoo he lɛ mli?"
Most drink up parties are at home because of the lockdown.,Wɔyɛ Nsã anigye nhyiam dodow no ara wɔ fie esiane anohyeto wɔ pue so nti.
"I'm interested in learning more about the healthcare system in Ghana, particularly the role of Licensed Chemical Sellers. Can you tell me a bit about them?","Miyɛ he miishɛɛ akɛ makase helatsamɔ he gbɛjianɔtoo ni yɔɔ Ghana lɛ he nii babaoo, titri lɛ gbɛfaŋnɔ ni tsofai ni ahɔ̃ɔ ni yɔɔ hegbɛ lɛ tsuɔ lɛ. Kɛɛmɔ mi amɛhe sane fioo?"
"No more water, Coq Batay sang sadly as he left with his head bowed","Batay, koklotsua dzi ha nublanuitɔe hede ta agu be, Tsi aɖeke meli o."
"During a rainy season, people in rural areas use rain water for domestic use.","Osutɔ bere mu no, nnipa a wɔwɔ nkuraase de osutɔ nsu di dwuma wɔ fie."
Terecommunication companies organize marathons to raise money for giving back to the community,Telecommunication nnwumakuo yɛ mmirikatu a wɔde tu mmirika ho nhyehyɛe de hwehwɛ sika de san de nneɛma ma ɔmanfo
"What is the name of the new Netflix show announced by Meghan, the Duchess of Sussex?","Mɛni ji Netflix nifeemɔ hee ni Meghan, ni ji Sussex maŋtsɛ yoo lɛ tswa he adafi lɛ gbɛi?"
Most schools have no access to clean water.,Sukuu dodow no ara nni nsu pa.
I'm interested in learning more about the relationship between stock dividend payout and stock prices in Ghana. Can you tell me about the objectives of the research on this topic?,Miyɛ he miishɛɛ akɛ makase wekukpaa ni kã Ghana shika ni akɛwoɔ mli lɛ mlijaa kɛ shika ni akɛwoɔ mli lɛ jara teŋ lɛ he nii babaoo. Ani obaanyɛ okɛɛ mi niiamlitaomɔ otii ni yɔɔ saneyitso nɛɛ he lɛ ahe sane?
How much per basket?,What do you charge for a basket?
I'm interested in learning more about the state of family planning in Ghana. Can you tell me about the current policies and initiatives in place?,Miyɛ he miishɛɛ akɛ makase weku gbɛjianɔtoo shihilɛ ni yɔɔ Ghana lɛ he nii babaoo. Ani obaanyɛ okɛɛ mi mlai kɛ nifeemɔi ni yɔɔ amrɔ nɛɛ ahe sane?
No.,Nope.
That child has been selling bananas along the roadside for six months.,Saa abofra no atɔn banana wɔ kwan ho asram asia ni
How are you?,Te oyɔɔ tɛŋŋ?
Police arrested parents who refused to pay school fees for their children.,Polisifoɔ kyeree awofo a wɔpowee sɛ wobetua wɔn mma sukuu ka.
"Can you speak slowly, please?","Pouvez-vous parler lentement, s'il vous plaît ?"
I am from Accra.,I'm from Accra.
I'm sorry.,I apologize.
The town provided a market for their vegetables.,Kurow no maa wɔn nhabannuru ho gua.
People do not have money to buy food from the market.,Nkorɔfoɔ nni sika a wɔde bɛtɔ aduane afiri dwam.
I am a little tired today.,I'm a bit tired today.
Can I know the price first?,Ðe mate ŋu anya ga si woaxe gbãa?
"Good morning friend, how are you doing today? I'm afraid I have some terrible news. Unfortunately, we lost our grandfather yesterday.","Maakye m'adamfo, ete sen nnɛ? Misuro sɛ mewɔ nsɛmbɔne bi. Awerɛhosɛm ne sɛ, yɛn nanabarima wuu ɛnnora"
What is the main objective of the study on the impact of good customer care on loan repayment in the Microfinance industry at Opportunity International Savings and Loans Company Limited?,Nɔ ni jɛɔ mɛi ni heɔ nii lɛ akwɛmɔ kpakpa mli baa yɛ nyɔmɔwoo ni awoɔ yɛ shikatoohe bibioo lɛ mli lɛ Hegbɛ ni yɔɔ Majimaji Ateŋ Savings and Loan Company Limited Mɛni ji oti titri ni yɔɔ nikasemɔ lɛ sɛɛ?
Children should be allowed to sit for exams without paying school fees.,Ɛsɛ sɛ wɔma mmofra kwan ma wɔtra sɔhwɛ mu a wontua sukuu ka.
I'd like to know more about the water quality in Ghana. Can you tell me about the sources of drinking water in the country?,Miisumɔ ni male nu ni yɔɔ Ghana lɛ he saji babaoo. Tsɔɔmɔ mi he ni nu ni anuɔ yɛ maŋ lɛ mli lɛ jɛɔ?
Many people have no access to safe water.,Nnipa pii nnya nsuo pa.
"Thank you @albantravia, my brother, this genius” wrote Clara Morgane, as a caption under her new photo",nufialagã Agnissan si fiana dzɔdzɔmenuwo la be ɑɖaŋunu siawo la te ŋu agblẽ miaƒe kadedewo me faa
How much for one?,How much does one cost?
Have a seat.,Zikpui nanɔ asiwò.
"“Hello, it’s Mrs. Kouassi","allô, aƒenɔ Kouassi yea"
I'm interested in learning about controlling acrylamide in deep-fat fried foods. Can you tell me about the different methods discussed in the research?,Miyɛ he miishɛɛ akɛ makwɛ acrylamide ni yɔɔ niyenii ni ashã waa lɛ mli lɛ nɔ. Ani obaanyɛ okɛɛ mi gbɛi srɔtoi ni awie he yɛ niiamlitaomɔ lɛ mli lɛ ahe sane?
Conflicts between husbands and wives were paramount because women delayed on the water points.,Ná okununom ne ɔyerenom ntam ntawntawdi yɛ nea ɛho hia sen biara efisɛ na mmea kyɛ wɔ nsu no mu.
What can you tell me about the study on consumer response to marketing mix variables such as price changes over time?,Mɛni obaanyɛ okɛɛ mi yɛ niiamlitaomɔ ni kɔɔ jarayeli nibii ni akɛfutuɔ nii amli tamɔ bɔ ni mɛi ni heɔ nii lɛ hereɔ jara tsakemɔi anɔ yɛ be kɛ bei amli lɛ he?
No problem.,Ɔhaw nni hɔ.
How much for one?,What do you charge for one?
Do you have a price list?,Ani oyɛ jara he wolo?
I'm trying to understand the Black-Scholes model for option pricing. Can you explain the concept of a riskless portfolio in this context?,Miibɔ mɔdɛŋ ni manu Black-Scholes nɔkwɛmɔnɔ lɛ shishi kɛha nibii ni ahala lɛ ahe jara. Ani obaanyɛ otsɔɔ shishinumɔ ni ji nitsumɔ wolo ni oshara bɛ mli lɛ mli yɛ nɛkɛ sane nɛɛ mli?
I'm trying to understand the regulations around workplace safety and health in Ghana. Can you tell me about the requirements for maintaining a general register in factories and offices?,Miibɔ mɔdɛŋ ni manu mlai ni kɔɔ nitsumɔhe shweshweeshwefeemɔ kɛ gbɔmɔtsoŋ hewalɛnamɔ he yɛ Ghana lɛ shishi. Ani obaanyɛ okɛɛ mi taomɔ nii ni kɔɔ nibii ni ataoɔ koni akɛkwɛ nibii ni aŋmala ashwie shi yɛ nitsumɔhei kɛ nitsumɔhei lɛ anɔ lɛ he?
"I said “good evening” to your mother, before taking you in my arms, and making you the faces that make you laugh so much",medo gbe na nɔwo hafi kɔwo hedze dzefefe siwo doa nukokui na wo la gɔmee
How much for one?,Ɛka ahe ma obiako?
What are you looking for?,What are you interested in?
Good evening,Evening! How are you?
Can you tell me the price?,Could you tell me the cost?
People want to become fish farmers though they lack capital.,Nkorɔfoɔ pɛ sɛ wɔyɛ namyifoɔ mpo wɔ berɛ a wɔnni sika a wɔde bɛyɛ.
Yes.,Aane.
I am from Accra.,Je viens d'Accra.
"Plants cultivated include plantains, yams, manioc, corn, sweet potatoes, millet, beans, onions, peanuts, tomatoes, and many fruits.","Afifideɛ a wodua no bi ne brɔdeɛ, bayerɛ, manioc, aburo, abrɔdwoma, atoko, adua, ayɛyɛde, atoko, ntosi, ne nnuaba pii."
Majority of the youth these days want quick money.,Mmabunu dodoɔ no ara nnansa yi pɛ sika ntɛm.
How much is this?,How much for this one?
I'm interested in learning about mercury contamination in aquatic environments. Can you tell me about the effects of mercury on fish and other marine organisms?,Miyɛ mercury ni fiteɔ nu mli shihilɛi amli lɛ he miishɛɛ. Ani obaanyɛ okɛɛ mi bɔ ni mercury lɛ saa loo kɛ ŋshɔ mli nibii krokomɛi ahe ehaa?
A study was carried out to understand the impact of the war on education.,Wɔyɛɛ nhwehwɛmu bi de te nkɛntɛnso a ɔko no nyae wɔ nhomasua so no ase.
It is good to pay off your debts on time.,Ɛyɛ papa sɛ wubetua w’aka wɔ bere ano.
Goodbye.,Au revoir.
Good morning,Ŋdi
I heard that fuel prices are going to increase in Ghana. Can you tell me more about it?,Mi nu akɛ eshwɛ fioo ni fuɛl jara baaya ŋwɛi yɛ Ghana. Ani obaanyɛ okɛɛ mi ehe saji babaoo?
"On the other side of the street, Fred, sitting in the front of his shop, recognized my mother, and rushed to meet us.",fred si nɔ eƒe fiasemɔnu le mɔa godo la kpɔ dada dzesi eye wova kpe mí
Money for road repairs usually comes through bank loans.,"Mpɛn pii no, sika a wɔde siesie akwan no nam sikakorabea boseabɔ so na ɛba."
"It's okay, no worries.","No worries, it's fine."
Can you tell me the price?,Could you tell me how much it is?
Have a good day.,Passe une bonne journée.
I heard there was a fire outbreak at a market in Ghana. Can you tell me more about it?,Mi nu akɛ la miitso yɛ Ghana jarayelihe lɛ. Ani obaanyɛ okɛɛ mi ehe saji babaoo?
I came across a study about mercury levels in fish from different water bodies in Ghana. Can you tell me more about it?,Mikɛ nikasemɔ ko ni kɔɔ mercury ni yɔɔ loo ni jɛ nui srɔtoi amli yɛ Ghana lɛ mli lɛ kpe. Ani obaanyɛ okɛɛ mi ehe saji babaoo?
No problem.,Aucun problème.
Part of the money collected from taxes contributes to the building of roads.,Sika a wɔgye firi toɔtua mu no fa bi boa ma wɔyɛ akwan.
The market for agricultural products is available within and outside the country.,Ɛdwa ma kuayɛ nnuane wɔ ɔman no mu ne akyire.
I've been reading about financial market integration in Africa. Can you explain to me what it means and why it's important?,Mikane Afrika shika helɛtemɔ jarayeli ni akɛwoɔ mli lɛ he sane. Ani obaanyɛ otsɔɔ mi nɔ ni etsɔɔ kɛ nɔ hewɔ ni ehe hiaa lɛ?
Leaders need to be paid their salaries for a smooth work flow.,Ɛsɛ sɛ wotua akannifoɔ akatua na ama adwumayɛ akɔ so yie.
Feel free to look around.,Please feel free to look around
What's the price of this item?,Tell me the price.
Good afternoon,shwane kpakpa
How much does this cost?,How much would this cost me?
"Please don't distort yourself to please,",migtarɔ mia ɖokui adze ameŋu o
Thank you very much.,Thank you so much.
I plan to buy a piece of land next year.,Mayɛ nhyehyɛe sɛ mɛtɔ asase bi afe a edi hɔ no.
I've heard that the use of antibiotics in food animals can pose a risk to human health. Can you explain this risk and provide some evidence from Ghanaian research?,Minu akɛ tsofai ni gbeɔ helai ni akɛtsuɔ nii yɛ niyenii kooloi amli lɛ kɛ oshara baa adesai ahewalɛ nɔ. Ani obaanyɛ otsɔɔ oshara nɛɛ mli ni okɛ odaseyeli komɛi ni jɛ niiamlitaomɔ ni afee yɛ Ghana lɛ mli lɛ aha?
What happened to the mobile money vendor at Awutu Adawukwa on the thirtieth of October in the year twenty twenty?,"Mɛni ba mɔ ni hɔ̃ɔ shika yɛ tɛlifoŋ nɔ yɛ Authu Adaukwa lɛ nɔ yɛ Otukwajaŋ 30, 2020?"
No problem.,Don't worry about it.
I've been reading about Sustainable Public Procurement (SPP) and its benefits. Can you tell me more about how it can drive markets towards cleaner methods of income generation?,Mikane Maŋ Nibii Ahemɔ ni Yaa Nɔ Daa (SPP) kɛ sɛɛnamɔi ni jɛɔ mli baa lɛ he sane. Ani obaanyɛ okɛɛ mi babaoo yɛ bɔ ni ekɛ jarayeli hei lɛ yaa shika ni anáa kɛjɛɔ gbɛi krɔŋŋ nɔ lɛ he?
"Hello auntie,",nɔɖi ŋdi
Good morning,"Good morning, madam."
How old are you?,Ƒe nenie nèxɔ?
"People should learn to be integral, especially in issues regarding money, as honesty and transparency are crucial for financial stability and trust.","Ɛsɛ sɛ nkorɔfoɔ sua sɛ wɔbɛyɛ ade titire, ne titire wɔ nsɛm a ɛfa sika ho mu, ɛfiri sɛ nokorɛdie ne deɛ ɛda adi pefee ho hia kɛse ma sikasɛm mu ahotɔ ne ahotɔsoɔ."
How much per basket?,How much does a basket cost?
I came across a research article about financial literacy among market women in Ghana. Can you tell me more about the study's objectives?,Miyana niiamlitaomɔ wolo ko ni kɔɔ shika he nikasemɔ he yɛ jarayeli yei ni yɔɔ Ghana lɛ ateŋ. Ani obaanyɛ okɛɛ mi otii ni yɔɔ nikasemɔ lɛ mli lɛ ahe saji babaoo?
Is this expensive?,Ðe esia xɔ asia?
I understood what that meant,mese esia gɔme
Mobile money agents are involved in recent crimes.,Fon sika ho adwumayɛfo de wɔn ho hyɛ nsɛmmɔnedi a ɛkɔ so nnansa yi mu.
Sorry to bother you.,Sorry for the trouble.
I heard that energy drinks are bad for your health. What did Professor Agyeman Badu Akosa say about them in his recent speech?,Minu akɛ hewalɛ nibii ni anuɔ lɛ ehiii kɛha ohewalɛ. Mɛni Professor Agyeman Badu Akosa wie yɛ amɛhe yɛ ewiemɔ ni ewie nyɛsɛɛ nɛɛ mli?
What is the news about GB Foods Ghana?,Mɛni ji adafitswaa ni kɔɔ GB Foods Ghana he?
What is the main proposal made by President Joe Biden to address the issue of high rent prices in the US?,Mɛni ji Maŋtsɛ Joe Biden susumɔ titri ni ekɛbaatsu naagba ni kɔɔ shĩa ni akɛhaa mɛi ni yɔɔ U.S. lɛ he lɛ he nii?
How much for two?,How much do I pay for two?
"I will always love him, dear friends","malɔe ɖaa, xɔ̃nyewo"
I'm interested in learning more about the Ghanaian insurance market. What are some challenges that insurance companies face when trying to increase insurance penetration?,Miyɛ he miishɛɛ akɛ makase inshuɔrans jarayeli ni yɔɔ Ghana lɛ he nii babaoo. Mɛni ji naagbai komɛi ni inshuɔrans nitsumɔhei kɛkpeɔ beni amɛbɔɔ mɔdɛŋ ni amɛha shika ni amɛwoɔ lɛ aya hiɛ lɛ?
The municipal council has improved water supply in refugee-hosting communities.,Mansini no kansele no atu mpɔn wɔ nsuo kyekyɛ mu wɔ baabi a atubrafoɔ teɛ.
email * website * Good evening Mrs.,"naneke mefia be mavan,o yaʋalanu ŋlɔm o"
How much would everything cost?,How much will everything cost?
After all the money he had put in he didn't go through the nominations.,Sika a ɔde ahyɛ mu nyinaa akyi no wankɔ nominations no mu.
I own two shops in the trading centre.,Mewɔ sotɔɔ abien wɔ aguadibea hɔ.
Welcome,Wɔhereɔ bo
What's the price of this item?,Quel est le prix de cet article ?
Do you have a price list?,Is your price list available?
Welcome,Glad to have you.
I'm trying to understand the functionality of the Network Management Center (NMC) in a GSM network. Can you explain its role?,"Yɛ GSM mli lɛ, miitao manu bɔ ni Network Management Center (NMC) lɛ tsuɔ nii ehaa yɛ tsɔne ko mli lɛ shishi. Ani obaanyɛ otsɔɔ gbɛfaŋnɔ lɛ mli?"
The money was used by vendors in the village.,sika no wɔn a wɔdi ho dwuma no na ɛde dii dwuma wɔ akuraa no ase.
"“By the grace of God, I have a devoted family and awesome friends who lend a helping hand here and there.”","to Mawu ƒe qlɔdo me la ,ƒometɔwo kple xɔlɔ̃wo wɔa kpekpeɖeŋu geɖe nam"
"I want him to understand that I am imperfect and that I could make mistakes,",medi be nenya be mede blibo eye be mateŋu da vo faa
Farmers were forced to plant mangoes and citrus fruits.,Wɔhyɛɛ akuafo no ma woduaa mango ne nnuaba ahorow.
"I want him to buy me white lily flowers and make me laugh,",medi be neƒlẽ Lys Blanches seƒoƒowo nam eye woana makonu
"Coffee growing has sustained the lives of many people in Ghana, nevertheless, it is one of the cash crops grown in Ghana.","Kafe a wodua no ama nnipa bebree asetena akɔ so wɔ Ghana, ne nyinaa mu no, ɛyɛ sika nnɔbae a wodua wɔ Ghana no mu biako."
What's the price of this item?,What are you selling this for?
The poor man has no idea what his daughter is doing with her life and I understand that.,menya nu si via wɔna kple eƒe agbe o eye mese esia gɔme nae
Take care.,Look after yourself.
Do you have a price list?,Avez-vous une liste de prix?
""" » comment * name * JavaScript is currently disabled.",alee kee
What is the name of the philanthropist who recently donated a classroom block to a school in Ghana?,Mɛni ji mɔ ni feɔ mɛi ejurɔ ni kɛ klas tsũ ko ha skul ko ni yɔɔ Ghana lɛ nyɛsɛɛ nɛɛ gbɛi?
What are the common methods used to process pepper fruits in Ghana?,Mɛni ji gbɛi ni afɔɔ nɔ afeɔ pepper aduawai yɛ Ghana?
People in the village cook food on firewood.,Nkorɔfoɔ a wɔwɔ nkuraase no nua aduane wɔ gya so.
The district pledged to take care of the deceased's family werfare.,Mansini no hyɛɛ bɔ sɛ wɔbɛhwɛ sika a wɔgyegye de hwɛ owufoɔ bi abusuafoɔ no
How is your family?,Comment va ta famille?
Can you give me today's price?,Can you tell me today's rate?
What is Vodafone Group Plc.'s presence in Africa and how many customers do they have?,Nihɔɔlɔi enyiɛ Vodafone Kuu Plc lɛ yɔɔ yɛ Afrika?
What happened during the 'Hands Off Our Hotels' demonstration in Ghana on the eighteenth of June in the year twenty twenty-four?,Mɛni ba ‘Hands of Our Hotels’ toiŋjɔlɛ nifeemɔ ni tee nɔ yɛ Ghana yɛ June 18th afii nyɔŋmai enyɔ kɛ ejwɛ ni eho nɛ lɛ nɔ?
Thanks and farewell to a glorious pyrotechnician in the club’s history,akpedada kple bubu na agedola gãtɔwp dometɔ ɖeka
"People do not understand the objectives of the government policy towards cattle,",Nkorɔfoɔ nte aban nhyehyɛeɛ a ɛfa anantwie ho no botaeɛ ase.
I've been reading about water quality in Ghana and I'm shocked by the statistics. Can you tell me more about the current state of water supply in Ghana?,Mikane nu ni yɔɔ Ghana lɛ he saji ni akɔntaabuu lɛ eha mihe efee mi yaa. Ani obaanyɛ okɛɛ mi nu ni akɛhaa yɛ Ghana lɛ he saji babaoo?
"What is the real producer price of a commodity, and how does it affect the production decision-making process?","Mɛni ji nibii ni afee lɛ ahe nyɔmɔwoo diɛŋtsɛ, ni te enaa yiŋkpɛɛ ni akpɛɔ yɛ nibii ni afee lɛ he lɛ nɔ hewalɛ eha tɛŋŋ?"
The community is able to get the food cheaply since it is grown locally.,Mpɔtam hɔfo tumi nya aduan no a ne bo nyɛ den efisɛ wodua wɔ mpɔtam hɔ.
What would you like to buy?,What can I get for you today?
A woman was convicted for illegal possession of meat.,Wobuu ɔbea bi fɔ sɛ okura nam a mmara mma ho kwan.
Maybe a little less because I will build my family but you can always count on me,ate ŋu anye be esia aɖiɖi vie elabe nye hã mado nye ƒome gake ne ehiãm la akpɔm
How much for two?,Ɛka ahe ma nnipa baanu?
What are some of the limitations of the study on family planning needs in Ghana?,Mɛni ji husui komɛi ni yɔɔ niiamlitaomɔ ni kɔɔ weku gbɛjianɔtoo he hiamɔ nii ahe yɛ Ghana lɛ he?
People are encouraged to grow both food and cash crops.,Wɔhyɛ nkorɔfoɔ nkuran sɛ wonnua nnuane ne sika nnɔbaeɛ nyinaa.
The school needs money to construct extra classrooms.,Sukuu no hia sika na wɔde asi adesuadan afoforo.
The bank has taken over the property for its client who failed to pay the loan.,Sikakorabea no agye agyapade no ama ne client a wantumi antua bosea no.
I'm trying to understand the concept of lexical stress in English. Can you explain what stressed and unstressed syllables are?,Miibɔ mɔdɛŋ ni manu wiemɔ ni haa mɔ tsui nyɔɔ emli lɛ shishi yɛ Blɔfo mli. Ani obaanyɛ otsɔɔ nɔ ni wiemɔi ni ama nɔ mi kɛ nɔ ni amaaa nɔ mi lɛ ji?
I've heard that some Ghanaian firms struggle to harness the full benefits of Customer Relationship Management (CRM). Can you tell me more about this?,Minu akɛ nitsumɔhei komɛi ni yɔɔ Ghana lɛ bɔɔ mɔdɛŋ koni amɛkɛ nibii ni akɛtsuɔ nii yɛ mɛi ni heɔ nii lɛ ateŋ lɛ atsu nii jogbaŋŋ. Ani obaanyɛ okɛɛ mi enɛ he saji babaoo?
"“Leaving your family to join a new one, more united, where faith is shared.”",akple ame ƒe ƒometɔ ɖi aɖage ɖe ƒome bubu sime ɖekawɔwɔ kple xɔse le
The new minister was arrested for embezzling government money.,Wɔkyeree ɔsomfo foforo no sɛ ɔsɛee aban sika.
"“If I understood correctly, that’s the definition of marital rape, right?",nu sia kuɖe miade akɔdasewo ŋu. Dumevi ɖe sia ɖe sie xɔ ƒè... Ate ŋu ayi akɔdaƒe faa
What measures has the Bank of Ghana taken to strengthen Anti-Money Laundering and Combating the Financing of Terrorism activities?,Mɛɛ gbɛi Ghana Bank of Ghana lɛ etsɔ nɔ ekɛ shika ni akɛtsuɔ nii yɛ gbɛ ni ejaaa nɔ kɛ shika ni akɛwoɔ awuiyelɔi anifeemɔi amli lɛ awu?
What's the cost of all these?,What will all these cost me?
I've been reading about linear programming problems and their applications in water supply system design. Can you explain what strongly unbounded intervals are in this context?,Mikane linear programming naagbai kɛ bɔ ni akɛtsuɔ nii yɛ nu ni akɛhaa gbɛjianɔtoo lɛ he mfonirifeemɔ mli lɛ he nii. Ani obaanyɛ otsɔɔ nɔ ni ji sɛɛkuu ni bɛ husu ni yɔɔ shiŋŋ yɛ sane nɛɛ mli lɛ mli?
Agricultural products are on high demand in the world market.,Wɔhwehwɛ kuayɛ nneɛma kɛse wɔ wiase afanaa nyinaa dwa so.
"Every morning he went hunting, searching the entire bush in vain.",Ŋdi sia ŋdi la eyia adegbe ɖia tsa le avea katã me gake kpao.
Yes.,Ɛ̃.
What led to the intense price wars in the Ghana telecoms market?,Mɛni kɛ jara he ta ni naa wa ni yɔɔ Ghana tɛlifoŋ jarayelihe lɛ eba?
"I've been struggling with acne for a while now, and I've heard that my diet could be affecting my skin. What are some foods that can help fight acne?","Mikɛ akne miiwuu be fioo nɛ, ni minu akɛ niyenii ni miyeɔ lɛ baanyɛ afite mihewolo. Mɛni ji niyenii komɛi ni yeɔ ebuaa ni ekɛ akne wuɔ?"
"Created on August 23, 2005, this private school has the lowest costs of the area",woʒu suku sia le dasiamime 23 lia dzi le ƒè 2005 me eye mexɔ ga sɔgbɔ o
Is this the final price?,Is this the final amount?
"How are you doing,",aleke ne fɔ̃ ɖo
Good afternoon,"Good afternoon, boss."
Can I know the price first?,Please tell me the cost.
A woman was arrested for burning her child's fingers because of stealing food.,Wɔkyee ɔbaa bi too mu sɛ wahye ne ba nsatea ɛfiri sɛ ɔkɔ wiaa aduane nti.
"It is worth noting that towns are integral parts of the district, and the availability of a market for crops presents opportunities for farmers","Ɛfata sɛ yɛhyɛ no nsow sɛ nkurow yɛ mansini no fã titiriw, na gua a ɛwɔ hɔ ma nnɔbae no ma akuafo nya hokwan ahorow"
Can you tell me about the significance of effective communication in today's market? I'm particularly interested in the Ghanaian context.,Ani obaanyɛ okɛɛ mi bɔ ni sanegbaa ni mɔɔ shi jogbaŋŋ he hiaa ha yɛ jarayeli mli ŋmɛnɛ lɛ he sane? Miyɛ Ghana shihilɛ lɛ he miishɛɛ titri.
I understand.,"Okay, I understand."
Is this the final price?,So eyi ne bo a etwa to?
I've heard that Bisphenol A (BPA) is used in food packaging. What exactly is BPA and how is it used?,Minu akɛ akɛ Bisphenol A (BPA) tsuɔ nii yɛ niyenii ni akɛwoɔ tsɔne mli lɛ mli. Mɛni diɛŋtsɛ ji BPA ni te akɛtsuɔ nii ahaa tɛŋŋ?
"We discover or rediscover the atrocities experienced by black people, torn from their families to be sold as slaves,",miekpɔ nugbegblẽ siwo katã me ameyibo to le esime woxɔwo le woƒe ƒomewo si yi ɖa  dzrawo abe ameƒeƒle ene
"When the merchant returns, she said to herself, he will find the money instead of the canary.","Ne nudzrala va la, ele ga kpɔge le zevia teƒea. Esusu nenema."
Thank you for coming.,Thank you for visiting.
Districts have used the money that has been allocated to them in the budget.,Amansin de sika a wɔde ama wɔn wɔ sikasɛm nhyehyɛe no mu no adi dwuma.
I am very grateful to God for seeing me through this year.,Meda Onyankopɔn ase pa ara sɛ wahu me wɔ afe yi mu.
I'm interested in learning about the capitation payment system in Ghana's healthcare. Can you tell me more about it?,Miyɛ capitation nyɔmɔwoo gbɛjianɔtoo ni yɔɔ helatsamɔ mli yɛ Ghana lɛ he miishɛɛ. Ani obaanyɛ okɛɛ mi ehe saji babaoo?
I'm interested in learning about rice genetics research in Ghana. Can you tell me about some of the key studies and findings in this area?,Miyɛ ŋmãa mli nibii amlitaomɔ yɛ Ghana he miishɛɛ. Ani obaanyɛ okɛɛ mi niiamlitaomɔi titrii kɛ nibii ni ana yɛ nɛkɛ he nɛɛ ekomɛi?
"Cloé is beautiful, comes from a rich family and is about to marry the perfect man,",Cloé nya kpɔ eye wotso hotsuitɔ  ƒome me le dzadzra ɖo wɔ na srɔ̃ɖeɖe
You're welcome here.,Feel welcome here
Men understand pregnancy complications when they go for antenatal visits.,Mmarima te nyinsɛn mu nsɛnnennen ase bere a wɔkɔsra wɔn ansa na wɔawo no.
"Trees play a vital role in providing fruits, and their preservation is essential for sustaining this resource.","Nnua di dwuma titire wɔ nnuaba a wɔde ma mu, na ɛho hia sɛ wɔkora so na ama saa adeɛ yi atena hɔ."
What is the main concern regarding PFAS in drinking water in Ghana?,Mɛni ji sane titri ni kɔɔ PFAS ni yɔɔ nu ni anuɔ yɛ Ghana lɛ he?
No.,Ao.
And I will say thank you,mada akpe na wo
Is this expensive?,So eyi bo yɛ den?
What is the name of the Ghanaian playwright who successfully staged his first production outside Ghana?,Namɔ ji Ghana drama ŋmalɔ ni ye omanye yɛ eklɛŋklɛŋ sini ni ejie lɛ kpo yɛ Ghana kponɔgbɛ lɛ mli?
I heard that the banking industry in Ghana is doing well. Can you tell me more about that?,Minu akɛ shikatoohe nitsumɔ ni yɔɔ Ghana lɛ miiya nɔ jogbaŋŋ. Ani obaanyɛ okɛɛ mi enɛ he saji babaoo?
I'm interested in learning about the relationship between trust and customer satisfaction in Ghana Commercial Bank Ltd. Can you tell me more about a study that was conducted on this topic?,Miyɛ wekukpaa ni yɔɔ hekɛnɔfɔɔ kɛ mɛi ni heɔ nii lɛ atsui ni nyɔɔ mɔ mli yɛ Commercial Bank of Ghana Limited lɛ teŋ lɛ he miishɛɛ. Ani obaanyɛ okɛɛ mi niiamlitaomɔ ni kɔɔ saneyitso nɛɛ he lɛ he saji babaoo?
Good evening,Good evening to you.
"I heard that the Trade Minister of Ghana, K.T. Hammond, has been discussing the prices of cement in the country. Can you tell me more about what he said?",Ghana Jarayeli He Nɔkwɛlɔ K.T. Hammond esusu simenti jara ni yɔɔ maŋ lɛ mli lɛ he. Ani obaanyɛ okɛɛ mi nɔ ni ewie lɛ he saji babaoo?
More financial training is required before the money is sent to women savings groups.,Sikasɛm ho ntetee pii ho hia ansa na wɔde sika no akɔma mmea sikakorabea akuw.
"In the end, with everyone's contributions, and what we already had available, this camp cost around 50,000 euros.","le nuwuwu la, kple amewo ƒe alɔdo kpakple nusi le miasi la mɔkeke sia xɔ franc 50000"
I've heard that Ghana has a large market for used machinery and automobile parts. Can you tell me more about this?,Minu akɛ Ghana yɛ jarayelihe wulu ko ni akɛ tsɔnei ni akɛtsu nii momo kɛ tsɔne mli nibii tsuɔ nii yɛ mli. Ani obaanyɛ okɛɛ mi enɛ he saji babaoo?
I came across a study about the relationship between service quality and customer satisfaction in Ghana. Can you tell me more about the dimensions of service quality that were examined in this study?,Mikɛ nikasemɔ ko ni kɔɔ wekukpaa ni yɔɔ nitsumɔ ni hi jogbaŋŋ kɛ mɛi ni heɔ nii lɛ atsui ni nyɔɔ mɔ mli lɛ teŋ lɛ kpe yɛ Ghana. Ani obaanyɛ okɛɛ mi babaoo yɛ sɔɔmɔ kpakpa ni akwɛ mli yɛ nikasemɔ nɛɛ mli lɛ he?
How much for two?,Enyiɛ ahɔɔ enyɔ?
"I'm trying to understand the differences between various effect size estimators. Can you explain the differences between Cohen's d, Hedges' g, Glass' Δ, Cli's d, and Probability of Superiority?","Miibɔ mɔdɛŋ ni manu srɔtofeemɔ ni yɔɔ sɛɛnamɔi srɔtoi ni jɛɔ mli baa lɛ ateŋ lɛ shishi. Ani obaanyɛ otsɔɔ srɔtofeemɔ ni yɔɔ Cohen d, Hedges g, Glass Δ, Cli d kɛ Probability of Superior lɛ teŋ lɛ mli?"
"Her grandfather is dying and her convalescing mother begs her to go and support the family in England,",Tɔgbuia le kukum eye nɔa si le dɔ badzi la ɖe kuku nɛ be woava kpe ɖe ƒomea ŋu le Angleterre
I've been reading about the safety of milk-based foods in Ghana. Can you tell me about the contamination levels found in Burkina drinks?,Mikane bɔ ni niyenii ni akɛ mliki fee lɛ yɔɔ shweshweeshwe ha yɛ Ghana lɛ he sane. Ani obaanyɛ okɛɛ mi bɔ ni Burkina nibii ni anuɔ lɛ amli muji lɛ fa ha?
I am from Accra.,I come from Accra.
I heard that Ghana is experiencing food shortages and price hikes. What's the current situation?,Minu akɛ Ghana miiye niyenii ni faaa kɛ jara ni yaa hiɛ. Mɛni ji shihilɛ ni yɔɔ amrɔ nɛɛ?
I've heard that water hyacinth is a major problem in Ghana's water bodies. Can you tell me more about it?,Minu akɛ nu mli hyacinth ji naagba wulu ko yɛ nu mli hei ni yɔɔ Ghana lɛ. Ani obaanyɛ okɛɛ mi ehe saji babaoo?
How much per basket?,How much is one basket?
I've heard that wastewater irrigation can pose health risks to consumers of food crops. What are some of the key guidelines for safe use of wastewater in agriculture?,Minu akɛ nu fɔŋ ni akɛshwieɔ shi lɛ kɛ hewalɛnamɔ he osharai baa mɛi ni kɛ niyenii ŋmɔshi nibii tsuɔ nii lɛ anɔ. Mɛni ji gbɛtsɔɔmɔi titrii komɛi ni kɔɔ nu ni fiteɔ nii ni akɛtsuɔ nii yɛ okwaayeli mli lɛ he?
I've been hearing about Nigeria's increase in local rice production. Is it true that the country is actually exporting rice?,Mi nu akɛ Nigeria maŋ lɛ mli ŋmãa ni afeɔ lɛ etee hiɛ. Ani maŋ lɛ kɛ ŋmãa yaa maŋsɛɛ diɛŋtsɛ?
The vendors complained about the security of the market.,Adetɔnfo no nwiinwii wɔ gua no ahobammɔ ho.
What is the name of the song that Ellah released a video for?,Mɛni ji lala ni Elahi jie vidio kɛha lɛ lɛ gbɛi?
"also, if our goal is to please men rather than God, there is something wrong,","Ne nye be miaƒe tamesusue nye be miadze agbetɔwo ŋu wu Mawu la, ekema naɖe mele yiyim nyui o"
How much would everything cost?,Ná biribiara bɛbɔ ka ahe?
I heard that Google is planning to pay some news outlets for their content. Is this true?,Mi nu akɛ Google eto gbɛjianɔ koni ewo adafitswaa woji komɛi nyɔmɔ yɛ amɛnibii lɛ ahewɔ. Ani enɛ ji anɔkwale?
How much would everything cost?,How much is everything together?
One rebel tried to sell a gun at the border.,Otuatewfo bi bɔɔ mmɔden sɛ ɔbɛtɔn tuo wɔ ɔhye no so.
How much does this cost?,Enyiɛ ahɔɔ shika nɛɛ?
I'm not going to pay for something I didn't do.,Nye ya nye mele fe xe ge de ame bubu ƒe nuvɔ ta o.
"What is the Solo papaya variety, and how does it respond to heat treatment in terms of ripening and fruit quality?","Mɛni ji solo papaya henɔ, ni te etsuɔ ​​nii ehaa tɛŋŋ kɛji akɛ akɛ la tsu nii yɛ bɔ ni ekwɛ̃ɔ kɛ bɔ ni ewoɔ yibii lɛ jogbaŋŋ ha lɛ he?"
What's the cheapest one?,Do you have a cheaper one?
Please justify your request with the supporting comment.,Yɛsrɛ sɛ fa nsɛm a ɛfoa so no bu w’abisade no bem.
Hi,Hello there.
Where are you from?,Wofiri he?
Feel free to look around.,Have a look around
How much for one?,How much for a single item?
What's the cheapest one?,Which one is the most affordable?
Goodbye.,Gbekɛ nuu kpakpa.
The Angule people illegally attained the property on the land and they aren't welcome.,Angulefoɔ no nyaa agyapadeɛ a ɛwɔ asase no so no wɔ ɔkwan a mmara mma ho kwan so na wɔmma wɔn akwaaba.
People lack the income to buy machinery for agricultural activities.,Nkorɔfoɔ nni sika a wɔde bɛtɔ mfidie ayɛ kua nnwuma.
"I'm reading a research article about the Ghanaian economy, and I came across a term 'law of one price'. Can you explain it in the context of Ghana's economy?","Mikaneɔ niiamlitaomɔ wolo ko yɛ Ghana shika helɛtemɔ he, ni mikɛ wiemɔ ni ji 'jara kome mla' lɛ kpe. Ani obaanyɛ otsɔɔ mli yɛ Ghana shika helɛtemɔ he?"
What's the significance of the Agona Nkwanta market in Ghana's food security?,Mɛni ji sɛɛnamɔ ni yɔɔ Agona Nkunta jarayeli he yɛ niyenii he shweshweeshwefeemɔ mli yɛ Ghana?
I'm interested in learning more about the effects of harvest time and storage duration on the juice yield of orange fruits. Can you tell me more about that?,Miyɛ he miishɛɛ akɛ makase bɔ ni kpamɔ be kɛ be ni akɛtoɔ lɛ saa ŋmei aduawai amli nu lɛ he babaoo. Ani obaanyɛ okɛɛ mi enɛ he saji babaoo?
"Dad forced my older sister, my nephew and me every evening to study,",tɔnye zia nye kple nɔvinye dzi ɣetrɔ sia ɣetrɔ na nusɔsrɔ̃
Accountability and right documentation should be paid attention to in any project going forward.,Ɛsɛ sɛ wɔhwɛ akontaabu ne nkrataa a ɛteɛ so wɔ adwuma biara a ɛbɛkɔ so no mu.
What happened to an eight-year-old girl in Dansoman Market on the twenty-sixth of November in the year twenty twenty-five?,"Mɛni ba gbekɛ yoo ni eye afii kpaanyɔ lɛ nɔ yɛ Dansoman Jarayelihe lɛ yɛ November nyɔŋmai enyɔ kɛ ekpaa, afii nyɔŋmai enyɔ kɛ enumɔ?"
I'm trying to understand routing algorithms. Can you explain how they work and what types of algorithms are commonly used?,Miibɔ mɔdɛŋ ni manu sɛɛtsimɔ he gbɛjianɔtoo lɛ shishi. Ani obaanyɛ otsɔɔ bɔ ni amɛtsuɔ nii amɛhaa kɛ mɛɛ algorithms ni akɛtsuɔ nii babaoo lɛ mli?
I'm interested in learning about the water quality in Ghana. Can you tell me more about the current state of water treatment in the country?,Miyɛ bɔ ni nu lɛ yɔɔ ha yɛ Ghana lɛ he miishɛɛ. Ani obaanyɛ okɛɛ mi bɔ ni nu he nitsumɔ yɔɔ amrɔ nɛɛ yɛ maŋ lɛ mli lɛ he saji babaoo?
Safe travels.,Akwantu a ahobammɔ wom.
I've been reading about the environmental implications of municipal landfill leachate in Ghana. Can you tell me more about the effects of leachate on water quality?,Mikane bɔ ni maŋ lɛ mli jwɛi ni ashwieɔ yɛ Ghana lɛ saa shihilɛ he lɛ he sane. Ani obaanyɛ okɛɛ mi babaoo yɛ bɔ ni enáa nu ni fiteɔ nii lɛ nɔ hewalɛ ehaa lɛ he?
"The midwives provide family planning services, postnatal and antenatal care.","Wɔn a wɔgye awoɔ no ma nkyerɛkyerɛ fa awoɔ mu ntetemu, awoɔ akyiri ne nyinsɛn mu nimdeɛ ho."
How much for two?,Ga home nenie na ame eve?
How much is this?,How much does it cost?
Article 1: Let no one come and ask me for food.,"Se gbãtɔ, Ameɖeke megava biam nuɖuɖu o."
Welcome,Akwaaba
I'm interested in learning more about the water distribution network in Kumasi Southeast District. What kind of data was collected for the research?,Miyɛ he miishɛɛ akɛ male nu mlijaa gbɛjianɔtoo ni yɔɔ Kumasi Anaigbɛ Bokagbɛ Kpokpaa lɛ nɔ lɛ he saji babaoo. Mɛɛ saji abua naa kɛha niiamlitaomɔ?
Some students do casual labour to raise money for tuition.,Sukuufoɔ binom yɛ adwuma a wɔnyɛ hwee de nya sika de tua adesua.
But I understood once again why we put so much emphasis on the Mercy of our Creator,ke mese nu si ta wotea gbe ɖe mia wɔla ƒe nublanuikpɔkpɔ dzie
"What did Kofi Amoabeng, the co-founder of defunct UT Bank, reveal about his personal life on the Prime Morning Show on Monday?",Mɛni UT Bank shishitolɔ Kofi Amoabeng ni ajie lɛ lɛ jie lɛ kpo yɛ lɛ diɛŋtsɛ eshihilɛ he yɛ Prime Morning Show lɛ mli yɛ Hɔɔ?
I'm interested in learning more about fish farming in Ghana. What opportunities are available for fish farming in the Ashanti Region?,Miyɛ he miishɛɛ akɛ makase loo ŋmɔshi nibii babaoo yɛ Ghana. Mɛni ji hegbɛi ni yɔɔ kɛha loofeemɔ yɛ Ashanti kpokpaa lɛ nɔ?
I'm interested in learning more about microfinance institutions in Ghana. Can you tell me about the age demographics of customers who access loans from these institutions?,Miyɛ he miishɛɛ akɛ makase shikatoohei bibii ni yɔɔ Ghana lɛ ahe nii babaoo. Ani obaanyɛ okɛɛ mi afii abɔ ni mɛi ni heɔ nii ni amɛnáa shika kɛjɛɔ nitsumɔhei nɛɛ amli lɛ eye?
Farmers will engage mostly into cash crop growing.,Akuafo no de wɔn ho bɛhyɛ nnɔbae a ɛbrɛ sika.
"With my family's political leanings, I really didn't imagine that one of my brothers would marry a woman from the Bété people,","ɖe ƒonyeme ƒe dunyagblɔgblɔ susuwo ta la, nye me susu be nɔvinyewo dometɔ ɖeka ateŋu aɖe Bété nyɔnu o"
I've heard that irrigation is an important factor in food production in Sub-Saharan Africa. Can you tell me more about its impact on food security in Ghana?,Minu akɛ nu ni akɛshwieɔ shi lɛ he miihia waa kɛha niyenii ni anáa yɛ Afrika Sahara anaigbɛ lɛ. Ani obaanyɛ okɛɛ mi bɔ ni niyenii ni anáa yɛ Ghana lɛ saa niyenii he shweshweeshwe lɛ he babaoo?
I'm interested in learning more about cadmium pollution in Ghana. Can you tell me about the typical concentrations of cadmium in pore water?,Miyɛ he miishɛɛ akɛ makase cadmium mujiwoo ni yɔɔ Ghana lɛ he nii babaoo. Ani obaanyɛ okɛɛ mi bɔ ni cadmium ni yɔɔ nu ni mli ewo muji mli lɛ fa ha?
What's the cheapest one?,Dɛn ne nea ne bo yɛ mmerɛw sen biara?
Good afternoon,Mema wo aha
Farmers reduced the costs incurred in removing the husk of the rice.,Akuafo no tumi tew sika a na wɔbɔ wɔ ntɛtɛ wo yi no ho.
How are you?,Are you doing well?
How much per basket?,Shii enyiɛ ni akɛwoɔ tsɛnsi mli?
"For someone to do his job well , he/she has to be well paid.","Sɛ obi bɛyɛ n'adwuma yiye a, ɛsɛ sɛ wotua no ka yiye."
"Many of the student in Kwame Nkrumah University of Science and Technology enrolled on loan scheme , therefore they are expected to pay back the money after their education","Sukuufoɔ a wɔwɔ Kwame Nkrumah University of Science and Technology no mu pii de wɔn din hyɛɛ boseabɔ nhyehyɛeɛ mu , enti wɔhwɛ kwan sɛ wɔbɛtua sika no wɔ wɔn nwomasua akyi"
"I am fine, thank you.",Je vais bien merci.
The water levels are increasing in Lake Victoria.,Nsu a ɛwɔ Ɔtare Victoria mu no rekɔ soro.
I'm interested in learning more about household water sources in Ghana. What kind of information does the Kwame Nkrumah University of Science and Technology collect in their household questionnaire?,Miyɛ he miishɛɛ akɛ makase shĩai amli nu jɛɛhei ni yɔɔ Ghana lɛ ahe nii babaoo. Mɛɛ saji Kwame Nkrumah Jeŋ Nilee kɛ Teknɔlɔji Yunivɛsiti lɛ buaa naa yɛ amɛweku sanebimɔ wolo lɛ mli?
Some poor people consume all their money with holding back any little for savings.,Ahiafoɔ binom di wɔn sika nyinaa denam sika ketewaa biara a wɔde sie de hwehwɛ sika a wɔde sie no so.
The motorists complained of the little money from passengers.,karkafoɔ no nwiinwii dennennen faa sika ketewa a akwantufoɔ no de ma wɔn no
There was poor accountability of the food relief that was distributed.,Na nkontaabuo fa aduane a wɔde maeɛ no nyɛ.
People have quit mobile money businesses because of a lack of customers.,Nkorɔfoɔ agyae foono sikasɛm adwuma ɛnam sɛ wɔnya wɔn adwadifoɔ nti.
My friend is on the development committee of our village church.,M’adamfo no ka yɛn akuraa ase asɔre no nkɔso boayikuw no ho.
I heard that mobile money accounts have been growing rapidly. Can you tell me more about this trend?,Mi nuɔ akɛ mobile shika akaunti lɛ miiya hiɛ oya. Ani obaanyɛ okɛɛ mi nibii babaoo yɛ nɛkɛ nifeemɔ nɛɛ he?
What is the latest news regarding the gold and cash seizures made by National Security in Ghana?,Mɛni ji adafitswaa hee ni kɔɔ shika tsuru kɛ shika ni maŋ shweshweeshwefeemɔ he nitsulɔi lɛ kɛbaa yɛ Ghana lɛ he?
I'm reading a research article about papaya fruits in Ghana. Can you tell me about the varieties of papaya fruits used in the study?,Mikaneɔ niiamlitaomɔ wolo ko ni kɔɔ papaya aduawai ahe yɛ Ghana lɛ. Ani obaanyɛ okɛɛ mi papaya yibii henɔi ni akɛtsu nii yɛ nikasemɔ lɛ mli lɛ ahe sane?
What is the relationship between stock prices and exchange rates in Ghana?,Mɛni ji wekukpaa ni yɔɔ Ghana nibii ahe jara kɛ shika tsakemɔ teŋ?
The payments are delayed because revenue has not been fully collected.,Wɔtwentwɛn sika a wotua no ase efisɛ wonnya nnyee sika a wonyae no nyinaa.
"the state organization that is Télé Tchad needs an observer to make people understand what the baptismal foundations of this television are. ""","egbe ne mele vinye nyɔnu kpɔm wole alɔ̃ dɔm la, medoa gbe ɖa na mawu be woana ŋusẽ kple nyati sie dze mate ŋu aɖe nu si lɔlɔ̃ nye kple menye o la gɔme nae nyuie"
The three friends,Xɔlɔ etɔawo
What is the Ghana Institute of Freight Forwarders planning to do about shipping line operational costs?,Mɛni Ghana Nibii Ahe Nitsumɔhe lɛ eto gbɛjianɔ akɛ ebaafee yɛ shika ni akɛbaatsu nii yɛ lɛlɛ mli lɛ he?
Police should aim at efficient service delivery instead of asking for money.,Ɛsɛ sɛ polisifoɔ de wɔn ani si so sɛ wɔde ɔsom adwuma a etu mpɔn bɛma sen sɛ wɔbɛsrɛ sika.
How is your family?,Te oyɔɔ tɛɛ?
I heard that the Public Utilities Regulatory Commission (PURC) has been making some changes to the tariffs for electricity and water in Ghana. Can you tell me more about this?,Mi nu akɛ Maŋ Nitsumɔhe ni Kwɛɔ Maŋ Nitsumɔi Anɔ lɛ (PURC) miifee tsakemɔi komɛi yɛ srawa hewalɛ kɛ nu he nyɔmɔwoo mli yɛ Ghana. Ani obaanyɛ okɛɛ mi enɛ he saji babaoo?
I've heard that the restaurant industry in Ghana is booming. What's driving this growth?,Minu akɛ niyelihe nitsumɔ lɛ miiya hiɛ waa yɛ Ghana. Mɛni ji nɔ ni tsirɛɔ nɛkɛ dalɛ nɛɛ?
I've been reading about service quality and its impact on customer satisfaction. Can you explain the concept of gaps in service quality as described in the Ghanaian research article?,Mikane nitsumɔ ni hi jogbaŋŋ kɛ bɔ ni enáa mɛi ni heɔ nii lɛ atsui ni nyɔɔ mɔ mli lɛ nɔ hewalɛ eha lɛ he sane. Ani obaanyɛ otsɔɔ shishinumɔ ni yɔɔ srɔtofeemɔi ni yɔɔ sɔɔmɔ mli lɛ mli taakɛ atsɔɔ mli yɛ Ghana niiamlitaomɔ sane lɛ mli lɛ mli?
The swimmer gracefully glided through the water. He completed each stroke with precision.,Osuguarefo no de fɛw faa nsu no mu. Ɔde pɛpɛɛpɛ wiee ɔhwe biara.
A bridge should be built to ease the transportation of farm produce to the market.,Ɛsɛ sɛ wɔyɛ ɛtwene sɛdeɛ wɔde afuom nnɔbae reba dwam a wɔn ho bɛhaaha wɔn.
Goodbye.,Goodbye for now.
What were the roles of Food and Agriculture Industries and Farmers in the Construction of the Tailings Storage Facility Project at Asanko Gold Ghana Limited?,Mɛni ji niyenii kɛ okwaayeli nitsumɔhei kɛ okwaafoi lɛ agbɛfaŋnɔ yɛ Asanco Gold Ghana Limited tailings nitoo nitsumɔ lɛ maa mli?
"And thanks to Ruth, the children learned all the Sustainable Development Goals in English",Eye Ruth na wosrɔ taɖodzinuawo katã le ɛŋlisigbe me
"– take care not to damage any furniture, equipment and supports during the cleaning process",kpɔ egbɔ be megagba nu siwo ɖo atsyɔ̃ na teƒea ƒe ɖeke o
I heard that the Ghana Cocoa Board is planning to increase the price of Cocoa this year. Is that true?,Mi nu akɛ Ghana Cocoa Board lɛ eto gbɛjianɔ koni amɛwo kookoo jara nɔ afi nɛɛ. lɛ ji anɔkwale?
What is the importance of water and its effects on human life?,Mɛni ji nu he hiamɔ kɛ hewalɛ ni eyɔɔ yɛ adesa wala nɔ?
Is this the final price?,Is that your final price?
"In order to consume electricity, one must pay a certain fee.","Sɛ obi betumi adi anyinam ahoɔden, ɛsɛ sɛ otua sika pɔtee bi."
Please.,"Please, if you don't mind."
Excuse me.,Excusez-moi.
I heard that the FDA recently ordered a recall of Tasty Tom Enriched Tomato Mix. What led to this decision?,I heard that the FDA has recently ordered a rebranding of Taste Tom's Rich Tomato Blend. Mɛni ji yiŋtoo hewɔ ni akpɛ yiŋ nɛɛ?
What factors influence the preference for energy services among male and female food vending operators in Ghana?,Mɛni nibii náa hewalɛ nitsumɔ ni hii kɛ yei nitsulɔi ni tsuɔ niyenii he nii yɛ Ghana lɛ halaa lɛ nɔ hewalɛ?
The youths are encouraged to make vegetable gardens.,Wɔhyɛ mmabun no nkuran sɛ wɔnyɛ nhabannuru turo.
Which one costs less?,Which costs less?
Feel free to look around.,Look around at your own pace.
Sorry to bother you.,Yɛpa wo kyɛw sɛ mahaw wo.
Feel free to look around.,You can look around
"Whoever wants the reward of the Hereafter, We give it to him, and We will soon reward the grateful","ne ame aɖe dzii le xexekeme me la, mianae eye miadze ame sia ame nana zãa aɖe ya"
"Farmers are now getting new equipment to use and were taught how to learn to save their money to succeed in farming,","Mprempren akuafo no nya mfiri foforo a wɔde bedi dwuma, na wɔakyerɛ wɔn sɛnea wobesie wɔn sika adi na ama wɔatumi adi yiye wɔ wɔn mfuw mu."
I'm interested in learning about the planning process for water and sanitation facilities in Ghana. Can you walk me through the different stages involved?,Miyɛ he miishɛɛ akɛ male bɔ ni atoɔ nu kɛ hetsemɔ he gbɛjianɔ yɛ Ghana lɛ he nii. Ani obaanyɛ otsɔɔ mi gbɛi srɔtoi ni kɔɔ he lɛ amli?
The market for agricultural products is available within and outside the country.,Kuadwuma ho adwadie no kɔ so wɔ ɔman yi mu ne aman foforɔ so.
I'm interested in learning more about the demographics of ADB's customers. Can you tell me about their age distribution?,Miyɛ he miishɛɛ akɛ makase ADB mɛi ni heɔ nii lɛ ayibɔ he nii babaoo. Kɛɛmɔ mi amɛ afii amlijaa lɛ he sane?
"Who paid an emotional tribute to the late Defence Minister, Dr Edward Omane Boamah, and why?","Namɔ kɛ henumɔŋ yijiemɔ ha maŋsɔɔlɔ ni gbo, Dr. Edward Omane Boama ni mɛni hewɔ?"
"In November, we will pay a visit to the children living in the civil prison of Abidjan with their imprisoned mothers","le adeɛmekpɔxe me la, mieyina ɖe ɖevi siwo le wonɔwo gbɔ le gakpɔme le"
I am very happy today.,Dzi le dzɔyem ŋutɔ egbea.
"What is MTN Ghana's Mobile Money month, and what is the theme for this year's celebration?",Mɛni ji MTN Ghana Mobile Money Nyɔŋ lɛ ni mɛni ji afi nɛɛ gbijurɔyeli lɛ saneyitso?
I've been trying to understand the concept of Accounts Receivable Collection Period (ACP) in the context of a firm's financial management. Can you explain it to me?,Mibɔ mɔdɛŋ ni manu shishinumɔ ni ji accounting accrual period (ACP) lɛ shishi yɛ gbɛjianɔtoo ko shika he gbɛjianɔtoo mli. obaanyɛ otsɔɔ mi mli
"I am fine, thank you.","I am good, thank you."
I am a trader.,Miyɛ jarayelɔ.
I'm interested in learning more about the relationship between physical appearance and customer satisfaction in the banking industry. Can you provide some information on this topic?,Miyɛ he miishɛɛ akɛ makase wekukpaa ni kã gbɔmɔtsoŋ hefɛo kɛ mɛi ni heɔ nii lɛ atsui ni nyɔɔ mɔ mli yɛ shikatoohe nitsumɔ lɛ mli lɛ he nii babaoo. Ani obaanyɛ okɛ saji komɛi ni kɔɔ saneyitso nɛɛ he aha?
What's the cheapest one?,Show me the cheapest one.
"I was told that when you earn money, no matter how modest it is, you only put up with everything that happens at work","wobe ne fe si tum wole na wo mesɔgbɔ o hã la, wodoa dzi xɔa nu siwo katã le tuwom le dɔme faa"
"A memory which was limited to the ban on the consumption of bush meat in Ivory Coast during the alert period,",ŋukuɖodzinu aɖe si ko le sedede kuɖe gbeme lã ɖuɖu le nyiɖuƒuta ɣeyiyi aɖewo
Lawrence is a trustworthy friend; he always keeps his promises and maintains confidentiality.,Lawrence yɛ adamfoɔ a wotumi de ho to no so; odi ne bɔhyɛ ahodoɔ so berɛ nyinaa na ɔkora kokoam nsɛm so.
What is the total prize money for the two thousand and twenty-five US Open?,"Mɛni ji shika ni akɛwoɔ US Open 2,250 lɛ mli lɛ fɛɛ?"
Can I help you find something?,Do you need any help?
People will be able to understand God and his ways.,Nkurɔfoɔ bɛtumi ate Onyankopɔn ne n’akwan ase.
Have a seat.,Feel free to sit.
I'm interested in learning about the pay-as-you-dump waste strategy implemented by the Kumasi Metropolitan Assembly (KMA) in Ghana. Can you tell me more about the specific objectives of this strategy?,Miyɛ he miishɛɛ akɛ makase gbɛjianɔtoo ni Kumasi Maŋtiase Kpee (KMA) ni yɔɔ Ghana lɛ kɛtsu nii ni ji shika ni okɛshwieɔ shi lɛ he nii. Ani obaanyɛ okɛɛ mi otii pɔtɛɛ ni yɔɔ gbɛjianɔtoo nɛɛ sɛɛ lɛ ahe saji babaoo?
Feel free to look around.,Have a look around.
What is the importance of building customer relationships in the banking industry?,Mɛni ji bɔ ni ehe hiaa ni ama wekukpaa ni yɔɔ mɛi ni heɔ nii lɛ ateŋ lɛ ama shi yɛ shikatoohe nitsumɔ lɛ mli?
Doctors in public hospitals are not well paid.,Nnuruyɛfo a wɔwɔ ɔman ayaresabea ahorow no nnya akatua pa.
I heard that Telecel Cash is now available on Google Play. Can you tell me more about this?,Mi nu akɛ Telecell shika yɛ Google Play nɔ bianɛ. Ani obaanyɛ okɛɛ mi enɛ he saji babaoo?
I'm studying the properties of water samples from Ghana. Can you tell me about the descriptive statistics for the mass of mercury in mg per litre?,Miikaseɔ nibii ni yɔɔ nu ni ajie kɛjɛ Ghana lɛ mli lɛ he nii. Ani obaanyɛ okɛɛ mi akɔntaabuu ni tsɔɔ bɔ ni mercury lɛ fa ha yɛ mg mli yɛ lita kome mli lɛ?
The government has boosted the water supply in Upper Denkyira West District district.,Aban no ayɛ ama nsuo ho nsɛm atu mpɔn wɔ Denkyira Apueɛ Mansini no mu
A certain officer was imprisoned for misusing taxpayers money last month.,Wɔde mmara ho nnipa bi ato afiase ɛnam toɔtuafoɔ sika a ɔyɛɛ no basabasa bosome ɛtwam no.
It was his cousin who wanted to know what time he planned to return because he had to go clubbing with friends,Enɔviae le dzidzim be yeanya gaƒoƒo si dzi wole gbɔgbɔ ge elabena ele zãɖakame yige kple etɔwo
What's your best price?,Can you offer a better price?
I heard that MTN Ghana has been engaging with its customers across the country. What has been the focus of these engagements?,Mi nu akɛ MTN Ghana kɛ e jarayelɔi ni yɔɔ maŋ lɛ mli fɛɛ lɛ miibɔ. Mɛni ji nɔ ni nɛkɛ gbalashihilɛ mlibotemɔi nɛɛ kɔɔ he?
The government is planning to add more money in constructing more classroom blocks.,Aban no pɛ sɛ wɔde sika bebree ba ma wɔde sika sukuu adesuadan ahodoɔ pii ka ho
What do you do for work?,What do you do for a living?
Can I help you find something?,Would you like some assistance?
The evening was a wonderful experience of oral storytelling from a master craftswoman.,"Na saa anwummerɛ no yɛ anwummerɛ a ɛda nso koraa ɛfiri sɛ, yɛtiee anansesɛm firii ɔbaapanin na ɔnim kasa hɔ"
My name is Kofi.,Atsɛɔ mi Kofi.
"People in the community, armed with bows and arrows, killed the hippopotamus that had chased down the locals and bitten their legs in the morning hours. It was finally killed in the afternoon.","Nkorɔfoɔ a wɔwɔ kuro no mu hɔ a wɔkurakura agyan ne pea kumm asukɔnkɔn a na wataa ɛhɔfoɔ no na waka wɔn nan anɔpaberɛ no. Awieeɛ koraa no, wɔkumm no awiaberɛ."
I am doing well.,miifee ojogbaŋŋ
How does the bank recover its money if someone fails to pay back the loan?,"Sɛ obi antumi antua bosea no a, ɛbɛyɛ dɛn na sikakorabea no anya ne sika?"
Yes.,Oui.
Nice to meet you.,Wonderful meeting you.
"I'm personally devastated, I've lost a father, I've lost a friend, I've lost a mentor and a senior comrade. Ghana is united in grief at this time for our departed president.","M’ankasa me werɛ ahow, mahwere agya, mahwere adamfo, mahwere ɔfotufo ne ɔyɔnko panyin. Ghana ayɛ biako wɔ awerɛhow mu wɔ saa bere yi mu ama yɛn ɔmampanyin a wawu no."
The number of food processing industries in the country increase every year.,Nnwumakuw a wɔyɛ nnuan ho adwuma wɔ ɔman no mu no dodow kɔ soro afe biara.
People grow crops which have a ready market.,Nkorɔfoɔ dua nnuane a ɛwɔ dwa wɔ dwam.
How can I assist you today?,What can I do for you today?
Thank you very much.,Shidaa aha bo waa diɛŋtsɛ.
The family of the deceased lay a wreath on him.,Onipa a wawu no abusua de nhwiren bɛgugu ne so
Hoter businesses usually deal in food and accommodation.,Nnwumakuw a wɔyɛ hyew taa di aduan ne dabere ho dwuma.
Has the Ghanaian government paid the outstanding allowances owed to the Black Queens?,Ani Ghana nɔyeli lɛ ewo Black Queens nyɔmɔ ni ekɛhaa lɛ?
What's the cheapest one?,Which one has the lowest price?
What's the cost of all these?,Can you total everything?
"What is the Deputy Minister of Food and Agriculture urging the private sector to do, according to a recent statement?",Mɛni ji nɔ ni niyenii kɛ okwaayeli he maŋ onukpa lɛ wo aŋkroaŋkroi nitsumɔhei lɛ hewalɛ koni amɛfee yɛ ewiemɔ ni ewie nyɛsɛɛ nɛɛ mli?
I'm interested in learning about the traditional social structure of the people of Anyako in Ghana. Can you tell me about their family dynamics and roles within the household?,Miyɛ he miishɛɛ akɛ makase Anyakobii ni yɔɔ Ghana lɛ akusum nifeemɔi ahe nii. Ani obaanyɛ okɛɛ mi bɔ ni amɛweku lɛ tsakeɔ ehaa kɛ gbɛfaŋnɔi ni amɛtsuɔ yɛ weku lɛ mli lɛ he sane?
How are you?,Wo ho te sɛn?
I've been reading about the banking industry in Ghana. Can you tell me why customer retention is crucial for banks in this country?,Mikane shikatoohe nitsumɔ ni yɔɔ Ghana lɛ he sane. Ani obaanyɛ okɛɛ mi nɔ hewɔ ni shikatoohei ni yɔɔ maŋ nɛɛ mli lɛ ahe hiaa waa lɛ?
"He sells water to people, but he also uses it for domestic work.","Ɔtɔn nsu ma nkurɔfo, nanso ɔde yɛ ofie nnwuma nso."
"When I was born, my whole family went to the Catholic church","esi wodim la, ƒomea katã dea katoliko sɔleme"
Product prices are always low on black Friday.,nneɛma bo yɛ mmerɛw bere nyinaa wɔ Fiada tuntum.
I heard the Electoral Commission in Ghana sold voters' data to a private company without an agreement. What happened?,"Mi nu akɛ, Oshikifɔɔ He Nitsumɔhe ni yɔɔ Ghana lɛ miihɔ oshikifɔɔ he saji amɛmiihã aŋkro nitsumɔhe ko ni amɛkpɛlɛɛɛ nɔ. meni ba?"
I heard that Canada is removing US-made alcohol from store shelves. What's the reason behind this move?,Minu akɛ Canada miijie dãa ni Amerikabii fee lɛ kɛmiijɛ shwapoi lɛ amli. Mɛni ji yiŋtoo ni yɔɔ nɛkɛ shihilɛ nɛɛ sɛɛ?
My friend threatened to quit if she doesn't get promoted.,"M’adamfo no hunahunaa no sɛ sɛ wɔannya nkɔanim a, obegyae."
How much does this cost?,What does this cost?
What do you do for work?,Mɛni ofeɔ kɛhaa nitsumɔ?
"This morning we are in the doctor's office,",miele dɔyɔla ƒe buro ŋdi sia
Money given to people by politicians should instead be used to improve community services.,Ɛsɛ sɛ wɔde sika a amammuifo de ma nkurɔfo no di dwuma mmom de ma mpɔtam hɔ nnwuma tu mpɔn.
"Last month, two people died after eating poisoned food.","Bosome a etwaam no, nnipa mmienu wui berɛ a wodii aduane a awuduro wom no."
"Today it also has a hotel on the waterfront and is one of the island's references,",egbela eɖo amedzrodzeƒe aɖe ɖe tɔa to si nye kpɔɖeŋu le afima
Some people cannot afford to acquire a driving permit because of its cost.,Nnipa binom ntumi nnya karka tumi krataa esiane ɛka a wɔbɔ nti.
"Michael is convinced of his father's innocence and the two ex-friends decide to make a deal,",Michael kaɖe tɔa ƒe fɔ̃ɖiɖi ŋu eye xlɔ̃ xoxo eveawo ɖoe be ye woa ƒo se
"What was the main message of the New Juaben South MP, Mr. Michael Okyere Baafi, to the market women in Koforidua?","Mɛni ji shɛɛ sane titri ni Juban South Hee lɛ maŋkwramɔŋ onukpa, Mr. Michael Okire Bafi, kɛha jarayeli yei ni yɔɔ Koforidua lɛ?"
Good morning,"Morning, how are you?"
I'm trying to understand the concept of cost-benefit analysis in the context of environmental economics. Can you provide a general overview of the topic and some references to relevant research?,Miibɔ mɔdɛŋ ni manu shika-sɛɛnamɔ mlipɛimɔ shishi kɛjɛ shihilɛ mli shika helɛtemɔ he susumɔ mli. Ani obaanyɛ okɛ saneyitso lɛ he saji kukuji kɛ niiamlitaomɔi ni kɔɔ he lɛ ekomɛi aha?
What was the topic of discussion when Samuel Abu Jinapor appeared on the Super Morning Show on Joy ninety-nine.7FM on the twenty-fifth of September in the year twenty twenty-five?,Mɛni ji sanegbaa saneyitso beni Samuel Abu Jinapor je kpo yɛ Super Morning Show lɛ nɔ yɛ Joy Ninety Nine.7FM nɔ yɛ September 25 nyɔŋmai enyɔ kɛ enumɔ nyɔŋmai enyɔ kɛ enumɔ lɛ?
How much is this?,Enyiɛ enɛ ji?
I'm trying to understand the role of antioxidants in the body. Can you explain how they work?,Miibɔ mɔdɛŋ ni manu gbɛfaŋnɔ ni tsofai ni gbeɔ helai lɛ tsuɔ yɛ gbɔmɔtso lɛ mli lɛ shishi. Ani obaanyɛ otsɔɔ bɔ ni amɛtsuɔ nii amɛhaa lɛ mli?
One of our friends ate poisonous food and died.,Yɛn nnamfonom mu biako dii aduan a awuduru wom na owui.
He works very hard because he doesn't want his family to lack.,Ɔyɛ adwumaden paa efisɛ ɔmpɛ sɛ n’abusua bɛka.
I'm interested in learning more about cattle and buffalo meat production. Can you tell me about the different breeds and management systems used in Ghana?,Miyɛ he miishɛɛ akɛ male tsina kɛ tsina loo feemɔ he saji babaoo. Ani obaanyɛ okɛɛ mi kooloi srɔtoi kɛ gbɛjianɔtoi ni akɛtsuɔ nii yɛ Ghana lɛ ahe sane?
How much per kilogram?,Combien par kilo ?
What's the latest news on Ghana's rice production?,Mɛni ji adafitswaa hee ni kɔɔ ŋmãa ni afeɔ yɛ Ghana lɛ he?
Newspapers can be bought anywhere and their prices are low.,Wobetumi atɔ atesɛm nkrataa wɔ baabiara na ne bo nso sua.
I've been reading about the effects of potassium consumption from drinking water. Can you tell me more about it?,Mikane nɔ ni potassium ni jɛɔ nu ni anuɔ mli lɛ ni ayeɔ lɛ feɔ lɛ he sane. Ani obaanyɛ okɛɛ mi ehe saji babaoo?
Excuse me.,"Sorry, excuse me."
How much would everything cost?,What would the total cost be?
I'm interested in learning more about cash management models. What are some common models used in Ghana?,Miyɛ he miishɛɛ akɛ makase shika he gbɛjianɔtoo he nɔkwɛmɔnii babaoo. Mɛni ji nɔkwɛmɔnii komɛi ni afɔɔ feemɔ yɛ Ghana?
It is cheap to start a mobile money business.,Ɛyɛ nea ne bo nyɛ den sɛ wubefi mobile sika adwuma ase.
What is the main goal of the research project on food safety management in senior high schools in Ghana?,Mɛni ji oti titri ni ma niiamlitaomɔ nitsumɔ ko ni kɔɔ niyenii he shweshweeshwefeemɔ he yɛ sɛkɛndre skul wuji ni yɔɔ Ghana lɛ hiɛ?
"Thanks to my cunning and skill, I captured a singing turtle.","Le nye nunya kple aɖaŋudzedze me la, mele klo aɖe si dzia ha gbɔe."
My friend works with ministry of water and environment.,M’adamfo no ne nsu ne nneɛma a atwa yɛn ho ahyia ho som adwuma yɛ adwuma.
What would you like to buy?,What do you want to buy?
You're welcome here.,Ahere bo atuu yɛ biɛ.
The family members will be grateful if the leaders follow their father's footsteps.,"Sɛ akannifoɔ no di wɔn papanom anamɔn akyi a, abusua no ani bɛsɔ pa ara"
What's the price of this item?,How much is this particular item?
How can I assist you today?,What can I help you with today?
She spread a rumour that I have been stealing money from the company.,Ɔtrɛɛ asɛm bi mu sɛ mawia sika afi adwumakuo no hɔ.
I wake up very early in the morning ready to go and work.,Mesɔre anɔpatutuutu pa ara a masiesie me ho sɛ mɛkɔ akɔyɛ adwuma.
The water used to be contaminated by sewage from the nearby toilet.,Kane no na nsufi a ɛfiri tiafi a ɛbɛn no gu ma nsuo no sɛe.
Middle men always want to charge a higher price than the original.,Mfinimfini mmarima pɛ berɛ nyinaa sɛ wɔgye boɔ a ɛso sene boɔ no ankasa.
I'm trying to understand some concepts from a Ghanaian research article. Can you help me interpret the residuals plot of the standardized residuals? What does it indicate?,Miibɔ mɔdɛŋ ni manu susumɔi komɛi ni jɛ Ghana niiamlitaomɔ wolo lɛ mli lɛ shishi. Ani obaanyɛ oye obua mi ni matsɔɔ sɛɛkuu ni eshwɛ ni ato he gbɛjianɔ lɛ shishi? Mɛni etsɔɔ?
I heard that some shops in Ghana are closed. What's happening?,Mi nu akɛ agbe shwapoi komɛi anaa yɛ Ghana. nɔ ni yaa nɔ lɛ
I'm trying to understand the concept of logistic regression. Can you explain it in simple terms?,Miibɔ mɔdɛŋ ni manu shishinumɔ ni ji logistic regression lɛ shishi. Ani obaanyɛ okɛ wiemɔi ni waaa atsɔɔ mli?
Where are you from?,D'où venez-vous?
I'm interested in learning more about rice production in Ghana. Can you tell me about the research that has been done on rice characteristics?,Miyɛ he miishɛɛ akɛ makase ŋmãa ni afeɔ yɛ Ghana lɛ he nii babaoo. Ani obaanyɛ okɛɛ mi niiamlitaomɔ ni afee yɛ ŋmãa nibii ahe lɛ he sane?
How much for two?,What's the total for two?
"Around eleven o'clock, the Koba antelope arrived to drink from the fire rock.","Le ga wuiɖekɛ lɔƒo la, sea va tsi noge le tɔa ƒe agakpe la gbɔ."
Some students cannot afford daily transport to school so they fundraised and bought a school bus.,Asuafoɔ binom ntumi ntua kar a wɔde bɛkɔ sukuu da biara enti wɔboaboaa sika ano na wɔtɔɔ sukuu bɔs.
"I am fine, thank you.","Fine, thank you"
If you want to get a loan quickly you should go to money lenders.,Sɛ wopɛ sɛ wobɔ bosea ntɛm a ɛsɛ sɛ wokɔ wɔn a wɔde sika fɛm no nkyɛn.
What would you like to buy?,What would you like to purchase?
"The different paintings created are on sale at prices ranging from 25,000 to 50,000 Francs,",kpe vovovo si wo wɔ le ho me franc 25000 yi 50000
I'm interested in learning about the optimal facility location problem. Can you explain the concept of minimizing total transportation cost?,Miyɛ he miishɛɛ akɛ makase naagba ni kɔɔ nibii ni akɛtsuɔ nii jogbaŋŋ lɛ he lɛ he nii. Ani obaanyɛ otsɔɔ susumɔ ni ji gbɛfaa he nyɔmɔwoo fɛɛ ni abaaba shi lɛ mli?
One key objective for any business is to maintain its customers.,Botae titiriw biako a adwuma biara wɔ ne sɛ ɛbɛkɔ so akura n’atɔfo mu.
Doctors advise women to buy all items needed for safe child delivery in time.,Nnuruyɛfo tu mmea fo sɛ wɔntɔ nneɛma a wohia nyinaa na ama wɔawo abofra a ahobammɔ wom wɔ bere ano.
If roads flood with water then transport will be greatly affected,Sɛ nsuo yiri fa akwan so a ɛnde ɛbɛka akwantuo pa ara.
I'm sorry.,Je suis désolé.
