english,twi
His supporters were very rowdy during the campaign.,N’akyigyinafo yɛɛ basabasa kɛse wɔ ɔsatu no mu.
"The children were students in the mission schools who split their time between general education, religious studies, and unpaid labor.","Na mmofra no yɛ sukuufo a wɔwɔ asɛmpatrɛw sukuu ahorow mu a wɔkyekyɛ wɔn bere mu wɔ nhomasua a ɛkɔ akyiri, nyamesom adesua, ne adwuma a wontua hwee ntam."
Industrial parks greatly benefit nearby villages and districts.,Mfiridwuma mmɔnten so mfaso kɛse wɔ nkuraa ne amantam a ɛbɛn hɔ no so.
"The Second Development Plan of 1959–1964 followed the Soviet model, and shifted away from expanding state services toward raising productivity in the key sectors.","Nkɔsoɔ Nhyehyɛeɛ a ɛtɔ so mmienu a ɛbaa 1959–1964 no dii Soviet nhwɛsoɔ no akyi, na ɛdanee ne ho firii ɔman nnwuma a wɔbɛtrɛ mu no so kɔɔ adwumayɛ a ɛkɔ soro wɔ nnwuma titire no mu."
Bridge construction is expected to be complete in four years.,Wɔhwɛ kwan sɛ wobewie abɔntenban no wɔ mfe anan mu.
"In that way, valuable species of trees are cut down.","Saa kwan no so no, wotwa nnua ahorow a ɛsom bo."
The vice of drug abuse is killing the youths.,Nnubɔne a wɔde di dwuma ɔkwammɔne so no rekunkum mmerante ne mmabaa no.
There were more COVID-19 cases from Eastern Ghana at the end of September.,Nnipa a wɔnyaa COVID-19 no bubɔɔ ho wɔ Ghana Atɔeɛ fam wɔ Ɛbɔ bosome no awieeɛ.
How best can laws made by local authorities be implemented?,Ɔkwan bɛn so na wobetumi de mmara a mpɔtam hɔ atumfoɔ ahyɛ no adi dwuma yiye?
"Whiles Gbewaa was still alive, his daughter Yennenga, travelled north and founded the Mossi Kingdoms, who constitute the majority of present day Burkina Faso.","Berɛ a na Gbewaa da so ara te ase no, ne babaa Yennenga, tuu kwan kɔɔ atifi na ɔkɔtee Mossi ahemman no, a wɔn mu dodoɔ no ara yɛ ɛnnɛ Burkina Fasofoɔ no."
"Furthermore, the ineffectiveness of the council, indicated by its failure to execute council resolutions, further hampers progress","Bio nso, nea ɛkyerɛ sɛ bagua no nyɛ adwuma yiye, nea ɛkyerɛ ne sɛ wɔrennyae baguam gyinaesi, na eyi kɔ so siw nkɔso kwan."
The police are investigating the mismanagement of tea project money and disappearance of project files.,Polisifoɔ no reyɛ tea dwumadie sika a wɔanhwɛ so yie no nhwehwɛmu ne dwumadie no nkrataa a ɛyeraeɛ no.
The public needs awareness on how to maintain a healthy body.,Ɛsɛ sɛ ɔmanfo hu sɛnea wobetumi akura nipadua a ɛte apɔw mu.
It life rerieving to forgive those that wronged us.,Ɛyɛ nkwa nkanyan sɛ yɛde bɛkyɛ wɔn a wɔyɛɛ yɛn bɔne.
His rude comments offended everyone in the room and caused tension and discomfort.,Nsɛm a ɔkae a ɛnyɛ aniberesɛm no hyɛɛ obiara a ɔwɔ dan no mu abufuw na ɛde nhyɛso ne ahotɔ bae.
Some districts receive little funds from the government.,Amansin bi nnya sika kakraa bi fi aban hɔ.
The council has informed people to contribute money towards the construction of a stadium.,Agyinatukuo no abɔ nkurɔfo amanneɛ sɛ wɔmfa sika mma mfa nsi agumadibea.
"Students who successfully finish their degree, shouldn't sit home but look for jobs.","Asuafoɔ a wɔwie wɔn abodin krataa no yie, ɛnsɛ sɛ wɔtena fie na mmom wɔhwehwɛ nnwuma."
The main challenge is lack of fishing nets.,Ɔhaw no titire pa ara ne asau a wɔde kye mpataa a enni hɔ no.
The performance of the district depends on the performance of the finance department.,Ɔmansin no adwumayɛ gyina sikasɛm dwumadibea no adwumayɛ so.
"Ghana imports most of its products, and most funding in Ghana comes from foreigners.","Ghana kra wɔn neama dodow no ara, na Ghana ya ne sika dodow no firi amanfoforo hɔ."
I still struggle to understand why Ghanaians generally do not care about the state of affairs of the country. It is very sad and alarming.,Meda so ara repere sɛ mɛte nea enti a mpɛn pii no Ghanafo mfa ɔman no tebea ho asɛm no ase. Ɛyɛ awerɛhow na ɛyɛ hu pa ara.
Police deployment in the night has helped to reduce on the crime rates in the sub-regions.,Polisifoɔ a wɔde wɔn kɔ hɔ anadwo no aboa ma nsɛmmɔnedi dodow a ɛwɔ mpɔtam nketewa no mu no so atew
They explored the ancient ruins and marveled at the level of expertise these civilizations of old had.,Wɔhwehwɛɛ tete amamfo no mu na wɔn ho dwirii wɔn wɔ nimdeɛ a na saa tete anibuei ahodoɔ yi wɔ no ho.
The accident happened on Thursday morning a few kilometers from Underbridge bridge on the Motorway.,Akwanhyia no sii Dwoda anɔpa wɔ kilomita kakraa bi fi Underbridge bridge a ɛwɔ Motorway no so.
People have poor health because they lack drugs for treatment.,Nkorɔfoɔ apɔmuden nyɛ ɛfirI sɛ wɔnni nnuro a wɔde bɛsa wɔn ho yadeɛ.
Students joining higher level can acquire students loans from banks and funding organizations.,Asuafoɔ a wɔde wɔn ho hyɛ sukuupɔn mu no bɛtumi anya asuafoɔ bosea afiri sikakorabea ne ahyehyɛdeɛ a wɔde sika ma.
Artists are earning less from music which makes them quit the fierd.,Adwumfo renya sika kakraa bi afi nnwom mu a ɛma wogyae fierd no.
Churches need to vacate the land when their lease expires.,Ɛsɛ sɛ asɔre ahorow fi asase no so bere a wɔn dan a wɔde ahyɛ wɔn nsa no twam no.
She was coming from the bank when the thief robbed her.,Na ofiri sikakorabea reba bere a owifoɔ no bɔɔ no korɔno no
The role of police is to protect and serve the people within the country.,Polisifo dwumadie ne sɛ wɔbɛbɔ nnipa a wɔwɔ ɔman no mu ho ban na wɔasom wɔn.
People are resorting to saving money on mobile money other than banks.,Nkorɔfoɔ de wɔn sika resie wɔn foono sika so kyɛn sikakorabea.
"To solve sanitation problems ,they'll implement Albertine physical development plans and establish hygienic structures.","Sɛ yɛbɛma ahonidie haw anoyie no, wɔde Albertine honam mu nkɔsoɔ nhyehyɛeɛ ahodoɔ bɛdi dwuma na wɔde ahoteɛ nhyehyɛeɛ ahodoɔ asi hɔ."
There are many things in the community that hinder girls from continuing with education.,Nneɛma pii wɔ mpɔtam hɔ a ɛmma mmaayewa ntumi ntoa wɔn nwomasua so.
The headteacher was arrested for asking students' money to bribe invigilators.,Wɔkyeree sukuupanin no so ɔbisaa sika firii asuafoɔ no hɔ sɛ ɔde reyɛ ademudeɛ ama wɔn a wɔhwɛ nsɔhwɛ so no.
The region reports a high number of deaths.,Ɔmantam no bɔ amanneɛ sɛ nnipa dodow a wowuwui no dɔɔso.
Breast Feeding is a necessity for any baby as it increases it's immunity against diseases,Nufu a wɔde ma no yɛ ade a ɛho hia ma akokoaa biara efisɛ ɛma ne tumi a ɛko tia nyarewa no yɛ kɛse
People need to vote for the right people.,Ɛsɛ sɛ nkorɔfoɔ to aba ma nnipa papa.
Member of parliaments make laws for the country.,Mmarahyɛbadwafoɔ hyehyɛ mmara ma ɔman no.
All local leaders should be involved at all levels.,Ɛsɛ sɛ mpɔtam hɔ akannifo nyinaa de wɔn ho hyɛ mu wɔ gyinabea ahorow nyinaa mu.
It is important to keep land for sherter and also to plant trees.,Ɛho hia sɛ wɔkora asase so ma onwono na wodua nnua nso.
Parents are concerned about their interests and not the future of their children.,Awofoɔ dwene deɛ wɔn ani gye ho na ɛnyɛ wɔn mma daakye.
All nationals above eighteen years have a right to vote for their leaders.,Amamma wɔn mfeɛ boro dunwɔtwe (18) wɔ mmara ho kwan sɛ wɔbɛto aba ama wɔn mpanimfoɔ.
The chairperson was a good person kindly follow his footsteps.,Na oguamtrani no yɛ onipa pa fi ayamye mu di n’anammɔn akyi.
The rich should come out to help the vulnerable people in society.,Ɛsɛ sɛ asikafoɔ no ba abɔntene bɛhwɛ nnipa wɔnni bi wɔn kuro no mu.
Parents should support their children while in school.,Ɛsɛ awofoɔ boa wɔn mma berɛ a wɔwɔ sukuu mu.
District committees are not consulted in the allocating of government funds,Wɔnbisabisa ɔmantam boayikuw ahorow wɔ aban sika a wɔkyekyɛ mu
The main objective is to appraise and validate the performance of the Education Sector in the ministry.,Atirimpɔ titire no ara ne sɛ ɛbɛkyerɛ nnwuma a Nwomasua Asoeɛ no redi wɔ asoeɛ no mu ho anisɔ na ama yɛahunu ne mpɔmpɔnsoɔ.
Our man will win this election with a landslide,Yɛn nipa no bɛnya aba pii adi nkonim mapa wɔ saa abatoɔ yi mu.
The defendant pleaded not guilty of defilement charges.,Nea wɔde asɛm no kɔdan no no gye toom sɛ onni fɔ wɔ sobo a wɔde bɔɔ no sɛ ɔde efĩ ho no ho.
Savings groups need to have a manageable number of members to prevent fraud.,ɛsɛ sɛ sikakorabea akuw nya emufo dodow a wotumi di ho dwuma na wɔasiw nsisi ano.
It's the traffic officers that provide concrete reports about road accidents.,Ɛyɛ kar akwan so adwumayɛfo na wɔde akwanhyia ahodoɔ ho amanneɛbɔ a ɛyɛ nokware ma.
Ghana Muslim Supreme Council governs all Muslims in Ghana and is located in Accra,"Ghana Nkramofo Asɛnnibea Kunini no na ɛhwɛ Nkramofo a wɔwɔ Ghana nyinaa so, na ɛwɔ Accra"
The officers who committed the crime went into hiding.,Polisifo a wɔyɛɛ amumɔyɛde no kɔhintaw.
The winner of the election has been declared.,Wɔakyerɛ sɛ nea odi nkonim wɔ abatow no mu.
The future has to be brighter than today.,Ɛsɛ sɛ daakye yɛ papa kyɛn ɛnnɛ
Every homestead must have a latrine for hygiene purposes.,Ɛsɛ sɛ ofie biara nya tiafi a wɔde siesie wɔn ho.
Pregnant women prefer traditional birth attendants to hospitals.,mmea a wɔyem pɛ awo ho adwumayɛfo a wɔtaa de di dwuma sen ayaresabea ahorow.
"Due to limited capacity, the school bus cannot accommodate most of the students, leading to transportation challenges.","Esiane sɛ sukuu bɔs no ntumi mfa sukuufo dodow no ara nkɔ, na ɛde akwantu ho nsɛnnennen ba."
Male and female leaders are welcomed for gender balance purposes.,Wɔgye mmarima ne mmaa akannifoɔ nyinaa sɛnea ɛbɛkari pɛ wɔ mmarima ne mmaa ntam.
The opposition leader has pledged to help in planting more trees.,Ɔsɔretia kannifo no ahyɛ bɔ sɛ ɔbɛboa ma wɔadua nnua pii.
On what date shall the general elections take place?,Da bɛn na wɔnbɛyɛ amansan abatow no?
"Proper disposal and treatment of all materials that may have come into contact with the feces of other people with cholera (e.g., clothing, bedding, etc.) are essential.","nneɛma a ebia ɛbaa nnipa afoforo a wɔwɔ kɔlera nsu mu (sɛ nhwɛso no, ntade, mpa, ne nea ɛkeka ho) nyinaa a wɔbɛtow agu yiye na wɔasa no yare."
I bought the pain killers from the pharmacy outside the hospital.,Metɔɔ nnuru a wɔde kum ɛyaw no fii nnurutɔnbea a ɛwɔ ayaresabea no akyi no.
The warm embrace of a parent is always enough to lift one's spirits.,Ɔwofo atuu a ɛyɛ hyew dɔɔso bere nyinaa na ama ne honhom akɔ soro.
All nationals are free to vote for any candidate they wish.,Amamma nyinaa  wɔ akwanya sɛ wɔbɛto aba ama ɔkansifoɔ biara wɔpɛ.
The president of Ghana will attend the Day celebrations that will take place at Independence Square,Ghana ɔmanpanyin bɛkɔ Da afahyɛ a ɛbɛkɔ so wɔ Independence Square no ase
The district health department should inform people that human immune virus is real.,Ɛsɛ sɛ ɔmantam akwahosan dwumadibea no ka kyerɛ nkurɔfo sɛ nnipa nipadua mu nkwammoaa a ɛko tia nyarewa no yɛ nokware.
The armyworm has been a big problem in the last ten years.,Asraafo nwansena ayɛ ɔhaw kɛse wɔ mfe du a atwam no mu.
"The village leader offered land for the construction of the school, contributing to educational infrastructure development.",Akuraase kannifoɔ no de asase mae ma wɔde sii sukuu dan no a ɛreboa nwomasua adansie nkɔsoɔ.
Investigations must be carried out without any interruptions.,Ɛsɛ sɛ wɔyɛ nhwehwɛmu a wɔmfa biribiara ntwitwa mu.
"At the end of the project, we had to account for all the expenses.","Wɔ adwuma no awiei no, na ɛsɛ sɛ yebu ɛka a yɛbɔe no nyinaa ho akontaa."
Police stressed the need to discourage the use of military attire by people.,Polisifoɔ sii hia a ehia sɛ wobu asraafoɔ ntade a nkurɔfoɔ de di dwuma no abam so dua.
Use of contraceptives helps families to lay prospective strategies for their children.,Nnuro a wɔde si nyinsɛn ano boa ma mmusua tumi toto wɔn mma yie.
"During the lockdown people couldn't go to work, yet they had to feed families.","Wɔ lockdown bere no mu no na nkurɔfo ntumi nkɔ adwuma, nanso na ɛsɛ sɛ wɔma mmusua aduan."
Constructing a school is one way of keeping one's legacy.,Sukuu a wobesi yɛ ɔkwan biako a obi fa so kura n’agyapade mu.
Farmers rent land to carry out agricultural activities.,Akuafo tu asase de yɛ wɔn mfuw.
The reason for the big number of migrants in Ghana is not yet known.,Wonnya nhuu nea enti a atubrafo dodow a ɛwɔ Ghana no dɔɔso.
During hunting the prey was tracked with the help of dogs,"Bere a wɔrebɔ abɔmmɔ no, na wɔde akraman mmoa di mmoa a wɔkyere wɔn no akyi"
The country is stable under the current government,Ɔman no gyina hɔ pintinn wɔ mprempren aban no ase
"In rural areas, girls are at a high risk of being forced into marriage.","Wɔ nkuraase no, mmeawa wɔ asiane kɛse mu sɛ wɔbɛhyɛ wɔn ma wɔaware."
Our school lacks funds to construct a new latrine.,Yɛn sukuu nni sika a wɔde bɛsi tiafi foforɔ.
The dangers of this disease will be assessed and remedies will be provided.,Wɔbɛhwɛ asiane a ɛwɔ saa yare yi mu na wɔde ano aduru ama.
Investigations are being done to find out the thief.,Wɔreyɛ nhwehwɛmu de ahunu awifoɔ no.
People were warned against poaching in game reserves.,Wɔbɔɔ nkorɔfoɔ kɔkɔ sɛ ɛnsɛ sɛ wɔkyere mmoa wɔ mmeaeɛ a wɔakora mmoa so.
People have resisted offering their land to cater for road expansion.,Nkorɔfoɔ atia sɛ wɔde wɔn nsase bɛma sɛ wɔmfa mmue ɛkwan no mu.
My mother loves hugging us every time she comes back from work.,Me maame ani gye ho sɛ ɔbɛyɛ yɛn atuu bere biara a obefi adwuma aba no.
"In order to have a better life, one needs to have children they can afford.","Sɛ obi benya asetra pa a, ɛsɛ sɛ ɔwo mma a obetumi ahwɛ."
The local chairperson gives the seeds to the people well known to him.,Otitenani a ɔwɔ kuro no mu no de aba no ma nnipa a ɔnnim wɔn yie no.
It is important to report any linkage to authorities in charge.,Ɛho hia sɛ wɔbɔ adeɛ biara apue ho amanneɛ kyerɛ atumfoɔ a wɔhwɛ so.
Various task forces have been given donations to help in fighting this coronavirus .,Wɔma akuo a wɔde dwumadie ahyɛ wɔn nsa no akyɛdeɛ bebree a ɛbɛboa ama wɔako atia coronavirus.
The coronavirus has led to the closer of many organizations.,Coronavirus ama ahyehyɛdeɛ bebree abɛn.
The fertility of our soil favors the growth of many crops annually.,"Ɛsiane sɛdeɛ yɛ nsase no wɔ ahoɔden nti, ɛtumi boa ma yɛdua nnɔbaeɛ ahodoɔ bebree"
Muslim clerics requested the government to build a mosque.,Nkramofo asɔfo srɛɛ aban no sɛ wonsi mkramo asɔredan.
The project was started with the aim of giving back to the community.,Wɔhyɛɛ adwuma no ase a na wɔn botae ne sɛ wɔbɛsan de nneɛma ama ɔmanfo.
The hospital contractor was given forty days to complete the construction project.,Wɔmaa onipa a wɔde ayaresabea no sie no hyɛɛ ne nsa no adaduanan sɛ ɔmfa nsi ɛdan no nwie
Border districts should always prepare attacks from neighbors.,Ɛsɛ sɛ ɔhye so amansin siesie ntua a efi afipamfo hɔ bere nyinaa.
The community was shocked to hear of his death.,Mpɔtam hɔfo ho dwiriw wɔn bere a wɔtee ne wu no.
Some borders are seen as weaknesses in stopping the coronavirus spread.,Wohu ahye binom sɛ mmerɛwyɛ wɔ coronavirus trɛw a wosiw ano no mu.
A cocoa business can be inherited by a child from his parent.,Kookoo dwadie bɛtumi ayɛ agyapadeɛ bi a abɔfra bi awofoɔ de bɛgya no.
People form cooperatives to do something better they couldn't do individually.,Nkorɔfoɔ ka wɔn ho bɔm yɛ nnoɔma pa wɔn nko ara ntumi nyɛ.
Many veterans have now joined other professionals after retiring from the army.,Mprempren asraafoɔ a wɔadi ako pii akɔka adwumayɛfo afoforɔ ho bere a wɔakɔ pɛnhyen wɔ asraafo adwuma mu akyi.
People must have the skills and knowledge to engage in business activities.,Ɛwɔ sɛ nkorɔfoɔ nya akadeɛ ne nimdeɛ de yɛ nnwuma.
The major goal of Wanderai irrigation scheme is to improve agriculture and commercial farming .,Anisoadehunu a ɛsi Wanderai Irrigation scheme ani so ne sɛ ɛbɛboa ama kuadwuma ne mfuwyɛ akɔ so.
Media is one of the channers for creating awareness to the public.,Nsɛm ho amanneɛbɔ yɛ kwan a wɔde ma ɔmanfo hu nea asi no mu baako.
There are few male parents who talk to their daughter about menstruation periods.,Yɛwɔ awofoɔ mmarima ketewa a wɔne wɔn ba baa kasa fa mfikyirikɔ berɛ.
The festival is celebrated on the first Saturday in May.,Wɔhyɛ saa fa no Memeneda a ɛdi kan wɔ bosome Kɔtɔnima mu.
Signs of affected cattle should be reported to the district.,Ɛsɛ sɛ wɔbɔ ɔmantam no amanneɛ sɛ anantwie a wɔanya yare no ho sɛnkyerɛnne.
How can the teaching and learning process be perfected?,Ɔkwan bɛn so na wobetumi ama nkyerɛkyerɛ ne adesua nhyehyɛe no ayɛ pɛ?
The government has encouraged technological advancement for the people.,Aban no ahyɛ sɛ ɛsɛ sɛ wɔma ɔmanfoɔ no nya mfididwuma a ɛtu mpɔn
"Without a police station in an area, there is a possibility of crime increasing.","Polisi atenaeɛ biara nni mpɔtam hɔ nti, ɛnyɛ den koraa Sɛ nsɛmmɔnedie bɛkɔ so."
In order to follow the curriculum principal individual-study material for learners have been synchronized.,"Sɛnea ɛbɛyɛ a wobedi adesua nhyehyɛe no akyi no, wɔde ankorankoro adesua nneɛma atitiriw a wɔde ma asuafo no ayɛ biako."
Settling land disputes is not an easy thing to do.,asase ho ntawntawdi a wobesiesie no nyɛ ade a ɛyɛ mmerɛw sɛ wɔbɛyɛ
The civil servants that abuse funds are to appear in court on Monday this year.,Ɛsɛ sɛ aban adwumayɛfo a wɔde sika di dwuma ɔkwammɔne so no kɔ asɛnnibea Memeneda afe yi.
People protested over bad roads in their region.,Nkorɔfoɔ yɛɛ ɔsɔretia wɔ akwan bɔne a ɛwɔ wɔn mantam mu no ho.
Health units offer health services to people in the community.,Akwahosan akuw de akwahosan ho nnwuma ma nnipa a wɔwɔ mpɔtam hɔ.
The district council will receive a paper presentation for social services.,Mansini badwa no nsa bɛka nkrataa bi ɛsiane nnipa ho adwuma a wɔreyɛ nti.
The community needs access to clean and safe water.,Mpɔtam hɔfo hia nsu a ɛho tew na ahobammɔ wom.
Muslims use the fasting period to reawaken their spirit of righteousness.,Nkramofo de mmuadadi bere no san kanyan wɔn trenee honhom.
Many people lost their lives in the war.,Nnipa pii hweree wɔn nkwa wɔ ɔko no mu.
The Ministry of Education has taken very long to rerease the Advanced level results and this puts the students on tension.,Asoɛeɛ a ɛhwɛ nwomasua so no akyɛ yie wɔ Advanced Level so nsunsuanso a wɔde bɛto dwa no na yie de adesuafoɔ no nsono ato gyam.
Sewerage management is still a challenge in town areas.,nsu fĩ a wɔde di dwuma no da so ara yɛ asɛnnennen wɔ nkurow akɛse mu.
How much money was allocated for the construction of the bridge?,Sika ahe na wɔde sii abɔntenban no?
Condoms help prevent the spread of sexually transmitted diseases.,Kɔndɔm boa ma wosiw nyarewa a wonya fi nna mu ntrɛwmu ano.
The local governments have failed to collect enough revenue.,Aban ananmusifoɔ a wɔhwɛ nkuro nkumaa amamuo so no ammɔ wɔn ho mmɔden wɔ sika gyegyeeɛ mu.
The flying squad is effective in its operations.,Akuo a wɔtu fa wiem no bɔ wɔn ho mmɔden wɔ wɔn dwumadie mu pa ara.
A number of girls have been sexually abused in our village.,Wɔato mmeawa dodow bi mmonnaa wɔ yɛn akuraa ase
There is an increase in diseases yet drugs in health centres are not enough.,Yɛwɔ nyarewa a akɔ soro nanso nnuro a ɛwɔ apɔmuden beaeɛ no sua.
Fraud will affect the outcome of an election.,Apoobɔ betumi anya nsunsuanso wɔ abatow mu
"After a long day at school, I always relax on the couch and then watch my favorite TV show.","Bere a makɔ sukuu da tenten akyi no, bere nyinaa migye m’ahome wɔ mpa so na afei mehwɛ TV so dwumadi a m’ani gye ho paa."
"After saving some money, he started selling sandals.","Bere a ɔkoraa sika bi so akyi no, ofii ase tɔn mpaboa."
People lack skills to participate in business activities.,Nkorɔfoɔ nni nimdeɛ a wɔde bɛyɛ nnwuma ahodoɔ.
The Northern region of Ghana is home to many refugees.,Ghana Atifi fam mantam no yɛ beae a aguanfo pii te.
Schools are usually allocated funds during the beginning of the financial year.,wɔtaa kyekyɛ sika wɔ sukuu ahodoɔ mu wɔ sikasɛm afe no mfiase.
"Despite apologizing for not attending the meeting, he sought approval from the committee to use the funds for improving service delivery.","Ɛmfa ho sɛ ɔpaa kyɛw sɛ wankɔ nhyiam no, ɔhwehwɛɛ kwan fii boayikuw no hɔ sɛ wɔmfa sika no nni dwuma mfa mma ɔsom adwuma no atu mpɔn."
The Ministry of Education and Sports will work hand in hand with agencies to train teachers about professional training and development opportunities,Asoɛeɛ a ɛhwɛ nwomasua ne Agodie so nsɛm no ne nwumakuo ahodoɔ bɛnya nkitahodie ahodoɔ apɛ nteteeɛ papa de ama akyerɛkyerɛfoɔ afa wɔn ankasa nteteeɛ ne wɔn mpuntuo ho.
It will lift the economic growth of the country.,Ɛbɛma ɔman no mpuntuo akɔ soro.
Always wear your mask when you go into a public space,Bere nyinaa hyɛ wo akatawia bere a worekɔ ɔmanfo beae no
I do not like to be part of the mass vaccination.,M’ani nnye ho sɛ mɛka nnuru a wɔde bɔ nkurɔfo ho ban kɛse no ho.
"The death of Naa Gbewaa caused seccession among their children, some of whom broke off and founded separate states including Mamprugu and Nanung.","The death of Naa Gbewaa caused seccession among their children, some of whom broke off and founded separate states including Mamprugu and Nanung."
"People need a place to rerax, enjoy and get fresh air.","Nkorɔfoɔ hia beaeɛ a wɔde bɛgye wɔn ahome, agye wɔn ani na wɔanya mframa pa."
The body was of a middle-aged female adult.,Naamu no yɛ ɔbea panyin bi a wadi mfe mfinimfini de.
Low pay scales and wages has led to corruption among police officers.,Akatua nsenia ne akatua a ɛba fam no ama adifudepɛ aba polisifoɔ mu.
In order to giving room to more learning breakoff periods shouldn't be lengthy.,"Sɛnea ɛbɛyɛ a wɔbɛma kwan ama adesua pii no, ɛnsɛ sɛ ahomegye bere yɛ tenten."
"It looks at breeds of animals, their resistance to diseases and the environment.","Ɛhwɛ mmoa ahorow, sɛnea wɔko tia nyarewa ne nneɛma a atwa wɔn ho ahyia."
Another farmer added that seeds are being used to make breakfast recipes .,Okuafo foforo de kaa ho sɛ wɔde aba reyɛ anɔpaduan ho nyansahyɛ ahorow
"How is a petition written, asking about the process and structure of drafting a petition.","Ɔkwan bɛn so na wɔkyerɛw adesrɛ krataa, bisa ɔkwan ne nhyehyɛe a wɔfa so kyerɛw adesrɛ krataa."
No business person ever wants to make losses.,Oguadifo biara mpɛ sɛ ɔhwere ade da.
The community is derighted to have such an opportunity.,Mpɔtam hɔfo ani agye sɛ wɔanya hokwan a ɛte saa.
Before it becomes law the president has to sign on it.,Ansa na ɛbɛyɛ mmara no ɛsɛ sɛ ɔmampanyin no de ne nsa hyɛ ase.
The public should join the effort in controlling diseases.,Ɛsɛ sɛ ɔmanfo de wɔn ho hyɛ mmɔdenbɔ no mu de siw nyarewa ano.
"The organization ensures protection, health and other living conditions of refugees.","Ɛkuo no hwɛ sɛ adwanefoɔ no bɛnya bammɔ, apɔmuden ne asetena mu nnoɔma foforɔ."
The case files are missing from the court.,Asɛm no ho nkrataa no nni asɛnnibea hɔ.
People were complaining about water shortage in that area.,Na nkorɔfoɔ renwiinwii wɔ nsuo a asa wɔ mpɔtam hɔ.
People do not use protection when engaging in sex.,Nkorɔfoɔ mmɔ wɔn ho ban sɛ wɔreyɛ ɔbarima ne ɔbaa nna a.
It's always good to do want you want.,Ɛyɛ papa berɛ nyinaa sɛ wobɛyɛ nea w'ani gye ho.
The church has helped people understand the values of Christians faith.,Asɔre no aboa nkurɔfo ma wɔate Kristofo gyidi gyinapɛn ahorow ase.
"By facilitating trade and connectivity, the bridge will contribute to the economic development of the area and enhance trade with neighboring countries.","Ɛdenam aguadi ne nkitahodi a ɛbɛma ayɛ mmerɛw so no, abɔntenban no bɛboa ma mpɔtam hɔ sikasɛm anya nkɔso na ama aguadi a wɔne aman a ɛbemmɛn no di no anya nkɔso."
"She was very sorrowful because of her husband passing on, mourning his loss deeply.","535 a ɛwɔ 1000 mu Odii awerɛhoɔ kɛseɛ esiane ne kunu a owui nti, na odii ne hwere no ho awerɛhoɔ kɛse."
The order of opening of a police post has to come from the police headquarters.,Ɛsɛ sɛ ahyɛde a wɔde bebue polisifo adwumayɛbea no fi polisifo adwumayɛbea ti hɔ.
After 1896 protection was extended to northern areas whose trade with the coast had been controlled by Ashanti.,Ɛwɔ afe apem ahanwɔtwe ne aduokron nsia (1896) akyire no wɔtrɛɛ ahobammɔ mu kɔɔ atifi fam mmeae a na Asante na odi wɔn aguadi ne mpoano no so
There are still land conflicts among people in the rural areas.,Nsase ho apereperedie binom da so ara wɔ nnipa a wɔwɔ nkuro nketewa mu no ntam.
The election between the two candidates was very tight.,Abatoɔ a ɛkɔɔ so wɔ saa nnipa mmienu no ntam no mu yɛɛ den pa ara
The tax will also be charged on the sale of goods like alcohol.,Wɔbɛgye toɔ no nso wɔ nneɛma te sɛ nsa a wɔtɔn ho.
A football match has ereven players from both sides.,Bɔɔlbɔ akansie wɔ bɔɔlɔbɔfoɔ du-baako wɔ afa ne afa.
Criminals who want to take advantage of the lockdown will be punished.,Wɔbɛtwe nsɛmmɔnedifoɔ a wɔpɛ sɛ wɔde lockdown no di dwuma no aso
Let us applaud his contribution to the country,Momma yɛmmɔ yɛn nsam mma mmɔden a wabɔ ama ɔman no
Registration to join the group is at fifty thousandcedis only.,dinkyerɛw a wɔde bɛka kuw no ho no yɛ mpem aduonumcedis nkutoo.
School heads are advised against excessive consumption of alcohol.,wotu sukuu mpanyimfo fo sɛ ɛnsɛ sɛ wɔnom nsa dodo.
There was a new COVID-19 death almost everyday in mid September.,Yɛwɔ COVID-19 wuo foforɔ daa wɔ Ɛbɔ mfinimfini mu.
He sued his opponent in court over cheating the elections.,Ɔde nea ɔne no reko no kɔɔ asɛnnibea wɔ asɛnnibea sɛ ɔdaadaa abatow no.
The most loved sport in this country is football.,Agodie a obiara pɛ pa ara wɔ ɔman yi mu ne bɔɔlobɔ.
These roads create a vital role in promoting development in rural communities.,Saa akwan yino di akotene pa ara wɔ nkuro nketewa no mpuntuo mu.
Not all new seeds on market are resistant to pests and diseases.,Ɛnyɛ aba foforo a ɛwɔ gua so nyinaa na ɛko tia mmoawa ne nyarewa.
People should follow the law and respect it.,Ɛsɛ sɛ nkorɔfoɔ di mmara no akyi na wɔbu no.
"You have the power to change the undesirable things around you, emphasizing personal agency and empowerment.","Wowɔ tumi so sɛ wobɛsesa nneɛma a w'ani nnye ho a atwa wo ho ahyia no, resi ankorɛankorɛ adwumakuo ne nkuranhyɛ so."
It is difficult for people to access health services at night.,Ɛyɛ den ma nkurɔfo sɛ wobenya apomuden ho nhyehyɛe anadwo.
High levels of poverty lead to an increased school dropout rate.,Ohia a ɛkɔ soro ma nnipa dodow a wogyae sukuukɔ no kɔ soro.
The hospital management needs to have a motivated workforce.,Ɛsɛ sɛ mapnimfoɔ a wɔda ayaresabea no ano no nya adwumayɛfoɔ a wɔwɔ ɔpɛ pa.
If children attend school then there will be no child labour.,Sɛ mmofra kɔ sukuu a ɛnde mmofra adwumayɛ biara nni hɔ.
Its a community's responsibility to raise a child.,Ɛyɛ nnipa a wɔwɔ mpɔtam no nyinaa asɛyɛde sɛ wɔbɛtete abofra.
People have lost their property in the area.,Nkorɔfoɔ ahwere wɔn agyapadeɛ wɔ beaeɛ hɔ.
"The community leaders, who unfairly distributed health funds, will redistribute them in the next financial year based on the requests from health units for more drugs and better service delivery.",Mpɔtam hɔ akannifo a wɔkyekyɛɛ akwahosan ho sika wɔ ɔkwan a ɛnteɛ so no bɛsan akyekyɛ wɔ sikasɛm afe a edi hɔ no mu a egyina adesrɛ a efi akwahosan asoɛe ahorow hɔ sɛ wɔmfa nnuru pii ne ɔsom adwuma pa a wɔde bɛma no so.
Cocoa planting will generate income to the locals.,Koko dua a wobedua no bɛma ɛhɔfo anya sika.
I won't make it for the end of year party.,Merentumi nkɔ afe awiei apontow ase.
"In this context, officials, parents, and headteachers should all share the blame for the overall decline in academic achievements","Wɔ saa tebea yi mu no, ɛsɛ sɛ mpanyimfo, awofo, ne akyerɛkyerɛfo mpanyimfo nyinaa kyɛ asodi a ɛfa adesua mu nkɔso a ɛso atew nyinaa ho."
Ebola is a viral disease that can easily spread.,Ebola yɛ ɔyare bi a ekunkum nnipa a ebetumi atrɛw ntɛmntɛm.
Leaders need to recognize and respect fellow leaders.,Ɛsɛ sɛ akannifoɔ hu wɔn mfɛfo akannifoɔ na wobu wɔn.
There is a lot that goes on in the government that we do not know about.,Nneɛma pii wɔ hɔ a ɛkɔ so wɔ aban no mu a yɛnnim ho hwee.
Various projects have come up to educate young people about reproductive health challenges.,Wɔde nnwuma bebree agugu akwan mu a ɛreboa akyerɛkyerɛ mmabunu afa awoɔ mu haw ahodoɔ ho.
The council needs data about the possible new sources of revenue.,Agyinatukuo no hia data a ɛfa sika foforɔ a ɛbɛtumi aba no ho.
Religious leaders urged government to open churches during the lockdown.,nyamesom akannifo hyɛɛ aban sɛ onbue asɔredan ahorow wɔ bere a wɔatoto mu no.
The district will include youth development projects in the next year's budget.,"Sikasɛm ho ntotoeɛ a wɔbɛyɛ no afe a yɛbɛsi mu no, mansini no de dwumadie ahodoɔ a ɛbɛboa mmabunu nso bɛka ho"
"In Ghana, forty-one percent of people live in poverty.","Wɔ Ghana no, nnipa ɔha mu aduanan biako di hia."
It is his job to monitor and supervise the ongoing project.,Ɛyɛ n’adwuma sɛ ɔbɛhwɛ adwuma a ɛrekɔ so no so na wahwɛ so.
The match ended in a draw. Fans are cheering their respective teams.,Wɔde akansie no baa awieɛ wɔ 'drɔɔ' mu. Akyitaafoɔ no rebɔ wɔn akuo biara ose.
"The journalists reported about the car accident, informing the public about the incident.","Nsɛntwerɛfoɔ no bɔɔ amaneɛ faa kaa akwanhyia no ho, wɔreka deɛ ɛsiiɛ no ho asɛm akyerɛ ɔmanfoɔ no."
People were injured in the fight over land.,Wɔpiraa nkorɔfoɔ wɔ asase no ho ko no mu.
Industries employ heavy machines that consume a lot of electricity.,Nnwumakuw de mfiri a emu yɛ duru a ɛde anyinam ahoɔden pii di dwuma.
Most of the land has been left bare.,Wɔagyaw asase no fã kɛse no ara a ato hɔ kwa.
These days you need to bribe someone so as to get a government job.,"Nna yinom mu deɛ, gye sɛ woma obi ademudeɛ ansa na wo nsa aka aban adwuma."
The Ghana museum has exhibits of traditional culture.,Ghana tete nneɛma akorae no wɔ amammerɛ amammerɛ ho ɔyɛkyerɛ.
Ninety-five people graduated from the Kofi Annan International Peacekeeping Training Center,Nnipa aduɔkron anum na wɔwiee Kofi Annan Amanaman Ntam Asomdwoeɛ Nteteeɛ Beaeɛ
Ramadhan is considered to be the holiest period on the Islam calendar.,wobu ramadhan sɛ ɛyɛ bere kronkron sen biara wɔ Islam kalenda so.
The bridge will reduce the number of accidents.,Bridge no bɛma akwanhyia dodow so atew.
The additional classrooms shall accommodate the increasing number of children in school.,Adesuadan a wɔde bɛka ho no bɛma mmofra dodow a wɔrekɔ sukuu no akɔ mu.
He was arrested and taken to prison until the debt was paid.,Wɔkyeree no de no kɔɔ afiase kosii sɛ wotuaa ɛka no.
The project generally aims at creating a market for farm products and gives farmers a number of benefits in the Nandom districts,Dwumadie no botaeɛ ne sɛ ɛbɛma wɔanya dwa ama kuayɛ nnoɔma na ɛma akuafoɔ nya mfasoɔ dodoɔ bi wɔ Nandom mansini mu.
A big number of refugees enter the country every year.,Nnipa a wɔfiri aman foforɔ so dwane bɛhinta wɔ Ghana ɛnam ahotɔ wo pɛ nti no wɔba ɔman no mu afe biara no yɛ bebree.
The highest number of deaths in a single day was recorded yesterday.,Ɛda nnipa dodoɔ ahwere wɔn nkwa pa ara ne nnipa dodoɔ a wɔwuu nnora no.
He spent half of the budget on his personal interests.,Ɔde sikasɛm nhyehyɛe no fã yɛɛ n’ankasa nneɛma a n’ani gye ho.
He was arrested because of abuse of office.,Wɔkyeree no esiane dibea a ɔde dii dwuma ɔkwammɔne so nti.
Investigations are instrumental in coming up with a final judgement.,Nhwehwɛmu boa kɛseɛ ma wɔde atemmuo a etwa toɔ ba.
Through culture we get an insight on where we come from.,Yɛnam amammerɛ so nya nhunu fa baabi a yɛfiri.
The vaccine is safe and not harmful and United Nations experts can confirm that too.,Vaccine no yɛ nea asiane biara nni ho na ɛnyɛ nea epira na Amanaman Nkabom no abenfo betumi asi ɛno nso so dua.
The voting process was free and fair to the concerned parties.,Na abatoɔ nhyehyɛeɛ no deɛ ɛmu da hɔ ma amanyɔkuo a wɔreto no.
The district enacted laws that provide how stray animals should be treated.,Ɔmantam no hyehyɛɛ mmara ahorow a ɛkyerɛ sɛnea ɛsɛ sɛ wɔne mmoa a wɔayera di.
The district lacks funds to implement programs and solve challenges faced by people.,Mansini no sika a wɔbɛtumi de ayɛ nnwuma asosɔ ɔhaw ahodoɔ a ne manfoɔ rehyia no ano.
He was arrested in the middle of the night during the curfew time.,Wɔkyeree no anadwo fa wɔ bere a wɔahyɛ sɛ wɔmfa nkɔ fie no mu.
The structures are bound to collapse in case of heavy rains.,Akyinnye biara nni ho sɛ adan no bebubu sɛ osu kɛse tɔ a.
The teacher said it was awkward to share toilets with students.,Ɔkyerɛkyerɛfo no kae sɛ na ɛyɛ fɛre sɛ wɔne sukuufo bɛkyɛ tiafi.
It's important to understand project benefits before implementation.,Ɛho hia sɛ yɛte mfasoɔ a ɛwɔ adwuma bi so ase ansa na yɛafiri aseɛ de adi dwuma.
"Ask the secretary, she must have all the minutes for the meeting.","Bisa twerɛtwerɛfoɔ no, ɛsɛ sɛ onya nhyiam no simma nyinaa"
The community should continuously fight against gender based violence.,Ɛsɛ sɛ mpɔtam hɔfo kɔ so ko tia basabasayɛ a egyina ɔbarima ne ɔbea nna so.
"The money should be used to solve our challenges, addressing our current difficulties.","sika no ɛsɛ sɛ yɛde boa siesie yɛn haw, ɛnhwɛ yɛn mprɛmprɛn haw."
"The workers are not satisfied with the working conditions, leading to discontentment.",Adwumayɛfoɔ no ani annye adwuma nhyehyɛeɛ no ho na amma ansɔ wɔn ani.
The youths took the cut timber as evidence of the illegal act.,Mmabun no faa nnua a wɔatwitwa no sɛ adeyɛ a mmara mma ho kwan no ho adanse.
"Flu is considered as one of the communicable killer diseases,",Wosusu sɛ Flu yɛ ɛsanyare ɛfa nframa mu ku nipa
Volunteers have come up to provide basic needs to the refugees.,Atuhoamafoɔ binom aka wɔn ho abom sɛ wɔde nneɛma atitire binom a atubrafoɔ no bɛhia no bɛma wɔn.
Student leaders should show a good example in all that they do.,Ɛsɛ sɛ asuafoɔ akannifoɔ kyerɛ nhwɛsoɔ pa wɔ deɛ wɔyɛ nyinaa mu.
The minister advised Christians to have faith in God.,Ɔsoafoɔ no tuu akristofoɔ fo sɛ wɔnya gyidie wɔ Nyankopɔn mu.
Most coronavirus cases in Ghana are among truck drivers.,Nnipa dodow no ara a wɔanya korona nsanyare wɔ Ghana no ka lɔrekafo ho.
Graduates are likely to get jobs they never trained for.,Wɔn a wɔawie sukuu no betumi anya adwuma a wɔansua ho.
"The village leader offered land for the construction of the school, contributing to educational infrastructure development.","Akuraa no ase kannifo no de asase mae sɛ wɔmfa nsi sukuu no, na ɛboaa ma wɔyɛɛ nhomasua ho nhyehyɛe."
The team failed to accept the match results.,Ɛkuo no annye deɛ ɛbaa akansie no mu no anto mu.
"Having engaged in economic activities, women are now financially independent.","Esiane sɛ mmea de wɔn ho ahyɛ sikasɛm mu nti, seesei wɔn ho nni wɔn ho so wɔ sikasɛm mu."
A discontented parent said failure to pay three thousandcedis got her daughter sent home.,Awofoɔ bi a ne bo nnwo ne ho kaa sɛ tua a wantumi antua Ghana sika sidi mpem mmiɛnsa na ɛde ne ba baa baa efie.
Invited members will receive a daily allowance and thus the done deal,Nnipa a wɔato nsa afrɛ wɔn no bɛnya da biara da sika na wɔnam saayɛ so ayɛ apam a wɔayɛ.
The president advised people to divert from cash crops to food crops.,Ɔmanpanin no tuu nkorɔfoɔ fo sɛ wɔnsesa mfiri sika nnuaba so nkɔ nnuane nnuaba.
Most cyclists have little knowledge of road safety laws.,Wɔn a wɔde sakre tu kwan no mu dodow no ara nni nimdeɛ pii wɔ akwan so ahobammɔ ho mmara ho.
A list of Ghanaian music artists has joined politics.,Ghana adwontofoɔ bebere de wɔn ho afra amanyɔsɛm mu.
The municipal council will relocate the municipality offices.,Mansini no kansele no de mansini no ɔfese ahodoɔ no kɔ baabi foforɔ.
The thieves took the gun from the policeman after killing him.,Akorɔmfo no gyee tuo no fii polisini no nsam bere a wokum no wiei no.
People in the rural areas prefer to get water from streams because the boreholes are far away from them.,Nkorɔfoɔ a wɔwɔ nkuraase no pɛ sɛ wɔsa nsuo wɔ nsutene mu ɛfiri sɛ wɔn nsuo a wɔatu ama wɔn no mu wa firi wɔn nkyɛn.
The Junior Africa Golf Challenge hosted in South Africa was won by Keisha Witshire.,Keisha Witshire na ɔdii nkunim wɔ Junior Afrika Golf akansie a wɔsii no wɔ South Africa no mu.
Failure to fulfil people's request could initiate bad doings.,"Sɛ obi anyɛ nea nkurɔfo bisae no a, ebetumi ama wayɛ bɔne."
There are no garbage trucks to collect the garbage from the business centers.,Kaa a ɛsesa nwura biara nni hɔ a wɔde bɛsesa nwura afiri mmeaeɛ ahodoɔ a wɔdi dwa no.
"Due to shortage of funds, they have failed to implement anything.","Esiane sika a wonnya nti, wɔantumi amfa biribiara anni dwuma."
The training center equips youth with vocational skills.,Nteteebea no ma mmabun nya adwumayɛ ho nimdeɛ.
Maintaining social distance is one way of preventing the transmission of the coronavirus and protecting public health.,Nnipa ntam kwan a wɔbɛkɔ so akura mu no yɛ ɔkwan baako a wɔfa so siw coronavirus yareɛ no ano na wɔbɔ ɔmanfoɔ akwahosan no ho ban.
People who go to the disco enjoy dancing.,Nnipa a wɔkɔ disko no ani gye asa ho.
Keeping girls in school helps prevent early pregnancies.,Mmabaa a wɔde wɔn kɔ sukuu no boa ma wosi nyinsɛn ntɛm ano.
School children are commonly kidnapped on their way back home from school.,Wɔtaa kyere sukuu mmɔfra sie bere a wofiri sukuu resan akɔ fie no.
"By the mid-18th century, Ashanti was a highly organized state.","Eduu afeha a ɛto so 18 mfinimfini no, na Ashanti yɛ ɔman a wɔahyehyɛ no yiye."
Different campaigns are being run to create health awareness.,Wɔreyɛ ɔsatu ahorow de ama wɔanya akwahosan ho nimdeɛ.
"All witnesses, in this case, have to testify before the court.","Adansefo nyinaa, wɔ asɛm yi mu no, ɛsɛ sɛ wodi adanse wɔ asɛnnibea no anim."
Health workers have been named heroes for subjecting individuals to handwashing and screening.,Wɔabɔ akwahosan ho adwumayɛfo din sɛ abran esiane sɛ wɔhohoro ankorankoro nsa na wɔhwehwɛ wɔn mu nti.
The decisions made by the leaders is for the benefit of the people.,Gyinaesi ahorow a akannifo no si no yɛ nea ɛbɛboa ɔmanfo.
"In everything you do, your health comes first","Wɔ biribiara a woyɛ mu no, w’apomuden di kan."
Latrines are advocated for in the effort to improve hygiene.,Wɔkamfo tiafi a wɔde ma wɔ mmɔden a wɔbɔ sɛ wɔbɛma ahoteɛ atu mpɔn no mu.
This year's festive season may not be as exciting as usual since public gatherings have been banned,Ebia afe yi afahyɛ berɛ no renyɛ anigyeɛ sɛdeɛ wɔtaa yɛ no ɛfiri sɛ wɔabra badwam nhyiam ahodoɔ.
Several health workers have lost their lives due to the deadly pandemic.,akwahosan ho adwumayɛfo pii ahwere wɔn nkwa esiane ɔyaredɔm a edi awu no nti.
Service centres will ease accessibility for the local government officials.,ɔsom mmeae bɛma mpɔtam hɔ aban mpanyimfo no anya kwan akɔ hɔ.
"For children to become great men and women, they have to be raised the right way.","Sɛ mmofra betumi abɛyɛ mmarima pa ne mmea pa a wɔbɔ moɔden a, ɛsɛ sɛ wɔtete wɔn wɔ ɔkwan pa"
Mothers need to be fed well throughout their pregnancy to be healthy.,Ɛsɛ sɛ wɔma ɛnanom aduan pa wɔ wɔn nyinsɛn aber mu na ama wɔanya apɔwmuden.
Businesses requested for tax holidays from the revenue authority.,Nnwumakuo bisaa towtua akwamma fii sikakorabea hɔ.
Appeals are decided by paners of three judges.,Atemmufo baasa na wosi asɛm a wɔde kɔdan asɛnnibea no ho gyinae.
People need access to better health services in the area.,Nkorɔfoɔ hia apɔmuden nhyehyɛeɛ pa wɔ saa mpɔtam hɔ.
The road heading to the district headquarters was swept away by the floods.,Nsuyiri no faa ɔkwan a ɛkɔ ɔmantam adwumayɛbea ti no so.
Only two members of parliament attended the meeting.,Mmarahyɛ bagua no mufo baanu pɛ na wɔbaa nhyiam no ase.
The organization has provided equipment to start the process.,Ahyehyɛde no de nnwinnade a wɔde befi adwuma no ase ama.
The total number of cases of coronavirus have reduced steadily in the past three days,Nnipa dodow a wɔanya coronavirus nyinaa so atew nkakrankakra wɔ nnansa a atwam no mu
The ministry will not tolerate any form of strikes from the teachers.,Asoeɛ no nsosɔ atuateɛ basabasa biara a ɛbɛfiri akyerɛkyerɛfoɔ hɔ aba so
"Once given a transfer, the teacher has no other option but to comply.","Sɛ wɔma ɔkyerɛkyerɛfo no kwan sɛ ɔbɛkɔ baabi foforo pɛ a, onni ɔkwan foforo biara a ɔbɛfa so gye di a obedi so."
People lost their property in the process of constructing the health unit.,Nkorɔfoɔ hweree wɔn agyapadeɛ berɛ a na wɔresi apɔmuden beaeɛ dan no.
People have turned their hope in the District to create relief for them.,Nkorɔfoɔ adane wɔn anidasoɔ akɔsi Mansini so sɛ wɔbɛma wɔn ahomegyeɛ.
He was arrested for carrying two passengers on his motorcycle.,Wɔkyeree no sɛ ɔde akwantufoɔ mmienu traa ne moto so.
The weed destroyed the tree they use for shade.,Nwura no sɛee dua a wɔde yɛ sunsuma no.
One rebel tried to sell a gun at the border.,Otuatewfo bi bɔɔ mmɔden sɛ ɔbɛtɔn tuo wɔ ɔhye no so.
He was attacked by thieves in the night.,Akorɔmfoɔ to hyɛɛ no ​​so anadwo.
How do we stop students from copying in an online exam?,Yɛbɛyɛ dɛn asiw asuafo kwan sɛ wɔnyɛ mfonini wɔ intanɛt so sɔhwɛ bi mu?
Excommunication is the biggest punishment a church can give to a guilty Christian.,"Sɛ wohu sɛ Kristoni bi nni fɔ a, wobetumi ayi no afi asafo no mu."
The priority should be to finish your degree program.,Ɛsɛ sɛ nea ɛho hia titiriw ne sɛ wubewie wo abodin krataa nhyehyɛe no.
Policies should be put in place to control the number of children being born.,Ɛsɛ sɛ wɔde nhyehyɛe ahodoɔ sisi hɔ de hwɛ mmofra dodoɔ a wɔwo wɔn so.
The Minister of Education and Sports holds a workshop every year to budget for the sector and this normally takes place in the Accra International Conference Center,Ɔsoafoɔ a ɔhwɛ nnwomasua ne Agodie so nsɛm no yɛ nhyiamudie afe biara de dwendwen akɔnhoma sika a wɔde bɛbɔ asoe no ho bra na Yei tae tɔ dwa wɔ Accra International Conference Center.
The district has devised new plans and strategies for the people.,Ɔmansin no ayɛ nhyehyɛe ne akwan foforo ama ɔmanfo.
"In case of lack of adequate funds, one is free to borrow.","Sɛ obi nni sika a ɛfata a, ɔde ne ho sɛ ɔbɛbɔ bosea."
Blame you for how they feel or act?,Fa asodi to wo so wɔ sɛnea wɔte nka anaa wɔyɛ wɔn ade no ho?
People should learn better farming techniques to improve agricultural productivity.,Ɛsɛ sɛ nkorɔfoɔ sua kuayɛ ho akwan a ɛyɛ na ama kuayɛ mu nnɔbae atu mpɔn.
People must be informed and updated about the dangers of non-communicable diseases.,Ɛsɛ sɛ wɔbɔ nkorɔfoɔ amanneɛ na wɔma wɔn nsɛm foforɔ fa asiane a ɛwɔ nyarewa a ɛnyɛ yare mmoawa mu no ho.
Money should not be the only reason for leaders to work hard.,Ɛnsɛ sɛ sika nkutoo na ɛma akannifo yɛ adwumaden.
Sick people should be taken to the hospital.,Ɛsɛ sɛ wɔde ayarefo kɔ ayaresabea.
Lawrence is a trustworthy friend; he always keeps his promises and maintains confidentiality.,Lawrence yɛ adamfoɔ a wotumi de ho to no so; odi ne bɔhyɛ ahodoɔ so berɛ nyinaa na ɔkora kokoam nsɛm so.
Mobilizing people is not a very easy task.,Nnipa a wɔbɛboaboa wɔn ano no nyɛ adwuma a ɛyɛ mmerɛw koraa.
The king was very excited during the event.,Ɔhene no ani gyee wɔ dwumadie no ase pa ara.
The schools were so far from the children's homes.,Ná sukuu ahorow no ne mmofra no afie ntam kwan ware saa.
Students should put extra effort in your weak subjects.,Ɛsɛ sɛ asuafoɔ bɔ mmɔden kɛse wɔ wo adesua ahorow a ɛyɛ mmerɛw no mu.
Children who run from homes have turned out to become street children.,Mmofra a woguan fi afie mu no abɛyɛ mmɔnten so mmofra.
"When party members see their mates interacting with other parties, rumors of defection intensify.","Sɛ amanyɔkuo binom nufoɔ hunu sɛ wɔn nkurɔfoɔ ne amanyɔkuo foforɔ mufoɔ redi nkitaho a, ɛma wɔsusu sɛ wɔasane wɔn ho."
To terl someone to leave a place you have to direct him where to go.,"Nea ɛbɛyɛ na woatumi aka akyerɛ obi sɛ ɔntu mfiri beaeɛ bi no, ɛsɛ sɛ wokyerɛ bo baabi a ɛsɛ sɛ ɔkɔ."
The new tax discouraged the poor from the use of mobile money.,Tow foforo no maa ahiafo abam bui wɔ telefon a wokura kyin a wɔde bedi dwuma no ho.
My garden was destroyed by the heavy waters flowing from the river.,Nsu a emu yɛ duru a ɛsen fi asubɔnten no mu no sɛee me turo no.
People should work together to enhance development in their areas.,Ɛsɛ sɛ nkorɔfoɔ yɛ adwuma bɔm na wɔama mpuntuo akɔ so wɔ wɔn mpɔtam.
Colonialists have posed great influence on natives in regards to being environmentally conscious.,Atubrafo anya kurom hɔfo so nkɛntɛnso kɛse wɔ nneɛma a atwa yɛn ho ahyia ho adwene a wɔbɛyɛ ho.
"You need to renew your license every year, emphasizing the requirement of annual license renewal.","Ɛsɛ sɛ wokɔyɛ w'akwannya nkrataa no foforɔ afe biara, resi ahwehwɛdeɛ ɛwɔ afe akwannya nkrataa a wɔyɛ no foforɔ no so dua."
People do not care where they put their garbage.,Nkorɔfoɔ mfa baabi a wɔtu wɔn nwira gu ho.
The task force has diligently served the public.,Adwumakuo no de nsiyɛ asom ɔmanfoɔ.
It's now ten years they have never received their spouses' benefits.,"Mfeɛ du nie, wɔn nsa nkaa wɔn ahokafoɔ mfasoɔ da."
Soldiers and health workers need to be recognised for their tireress effort.,Ɛsɛ sɛ wohu asraafo ne akwahosan ho adwumayɛfo wɔ mmɔden a wɔbɔ sɛ wɔde tae bɛhyɛ mu no ho.
The existing president asked voters to re-elect him as president of Ghana.,Ɔmampanin a ɔte so dada no srɛɛ ɔmanfoɔ no sɛ wɔnsan nto aba mma no ntena so sɛ Ghana mampanin
For farmers to benefit from the government funds they need to have good leaders.,Sɛ akuafo betumi anya aban sika mfaso a ɛsɛ sɛ wonya akannifo pa.
"A construction company can work on more than one project provided it has the right professionals like engineers, accountants, researchers, architects, electrician and the likes","Adwumakuo a wɔyɛ akwan bɛtumi adi dwuma a ɛboro baako sɛ ɔwɔ nnipa wɔn nimdie wɔ soro te sɛ mfididwumayɛfoɔ, nkontabufoɔ, nhwehwɛmufoɔ, dansie nimdifoɔ, anyinam ahoɔden dwumayɛfoɔ ne deɛ ɛkeka ho a."
The king will celebrate his twenty-seventh coronation anniversary on sixteen December this year.,"Ɔhene no bɛdi n'afe a ɛtɔ so aduonu-nsia ho afahyɛ wɔ Ɔpima 16, afe yi mu."
He served as the legal advisor to the government.,Ɔyɛɛ aban no mmara ho ɔfotufo.
The farmers need to plant other crops to ensure continuity in agricultural productivity.,"Deɛ ɛbɛyɛ na nnuaba binom anyera no, ɛsɛ sɛ akuafoɔ no dua nnuaba ahodoɔ binom nso"
The contractor didn't finish the project because the company had got short of funds.,Contractor no anwie adwuma no efisɛ na adwumakuw no ho ayɛ na sika
"It is typically performed by men dressed in feminine attire, accompanied by a lead dancer, other dancers, and drummers who also sing as a chorus.","Mpɛn pii no, mmarima a wɔhyɛ mmaa ntaadeɛ, a asafoɔ a ɔdi kan, asafoɔ afoforɔ, ne sankubɔfoɔ a wɔn nso to dwom sɛ nnwontofoɔ kuo ka wɔn ho na wɔbɔ."
Government aims at eradicating poverty in the country.,Aban no botae ne sɛ ɔbetu ohia ase afi ɔman no mu.
Efforts are being made to create more employment opportunities for everyone.,Wɔrebɔ mmɔden sɛ wɔbɛma obiara anya adwuma.
More development is achieved when we work together therefore people should work towards achieving rural development.,Nkɔsoɔ pii ba berɛ a yɛbom yɛ adwuma enti ɛsɛ sɛ nkurɔfoɔ yɛ adwuma de nya nkɔsoɔ wɔ nkuraase.
"Being the contractors, you must be available at the site for work.","Esiane sɛ moyɛ adwumayɛfo a wɔyɛ adwuma no nti, ɛsɛ sɛ mowɔ hɔ wɔ beae hɔ ma adwuma."
The industrial park is a part of the whole development plan.,Dwumadibea prama no ka mpuntu dwuma mu no ho.
Anomabo has continued to register a high number of COVID-19 cases.,Anomabo akɔ so atwerɛ COVID-19 nnipa dodoɔ a ɛdɔɔso.
The government needs to buy more land from people to help improve agriculture.,Ɛsɛ sɛ aban no totɔ nsase bebree firi nkurɔfoɔ hɔ de boa ma kuayɔ tu mpɔn
Some students fought after losing a football game last week.,Sukuufoɔ binom koe bere a wɔdii nkogu wɔ bɔɔlbɔ agoru bi mu dapɛn a etwaam no.
Fish farms should be constructed near water sources.,Ɛsɛ sɛ wosi Nsuomu nam adwuma a ben nsu a ano yɛ.
"We do not know the cause of the fire, leaving us in uncertainty.","Yɛnnim deɛ ɛde egya no baeɛ, ama yɛnhunu deɛ ɛsiiɛ ankasa."
People usually want to take matters into their own hands.,Mpɛn pii no nkorɔfoɔ pɛ sɛ wɔde nsɛm no hyɛ wɔn ankasa nsa.
Mob justice is illegal and unacceptable in the community.,Basabasayɛfo atɛntrenee yɛ nea mmara mma ho kwan na wontumi nnye ntom wɔ mpɔtam.
Pending payments will be worked on the coming month.,Wɔbɛyɛ akatua a ɛda hɔ no ho adwuma bosome a ɛreba no mu.
Some companies are excused from paying taxes for a given period of time.,Wɔma nnwumakuo binomial kyɛ wɔn sɛ wontua tow wɔ bere pɔtee bi mu.
"During this period, Dagbon was a decentralised society. It was made of Tinsi(towns) which were headed by Tindaanima.","Wɔ saa bere yi mu no, na Dagbon yɛ ɔman a wɔde wɔn ahyɛ aman nsa. Wɔde Tinsi(nkurow) a na Tindaanima na odi wɔn anim na ɛyɛe."
The project manager is soliciting funds for the project.,Adwuma no sohwɛfo no rehwehwɛ sika ama adwuma no.
The impaired students said they had some challenges.,Asuafoɔ a na wɔnhunu adeɛ yie no kaa sɛ wɔwɔ ɔhaw ahodoɔ binom.
The procurement officer shall purchase all the required items.,Ɔpanyin a ɔhwɛ nneɛma a wɔkra so no bɛtɔ nneɛma a wɔhwehwɛ nyinaa.
Consignments are batch of goods destined for someone.,Consignments yɛ batch of goods a wɔde rekɔma obi.
Injured patients are rushed to the hospital for treatment.,Wɔde ayarefoɔ a wɔapirapira kɔ ayaresabea ntɛm ara kɔhwɛ wɔn
The work done by the contractors was very unimpressive.,Adwuma a adwumayɛfo a wɔyɛɛ adwuma no yɛe no nyɛ nwonwa koraa.
Teachers and parents were extremery happy because the students passed well in the exams.,Akyerɛkyerɛfo ne awofo ani gyei kɛse efisɛ sukuufo no twaa sɔhwɛ ahorow no mu yiye.
The truck was stolen as soon as it was bought.,Wowiaa lɔre no bere a wɔtɔɔ no ara pɛ.
"As a result of accidents, some people get physically disabled.","Esiane akwanhyia nti, nnipa binom di dɛm wɔ nipadua mu"
Government hospitals face a lot of challenges in doing their work.,Aban ayaresabea hyia ɔhaw pii wɔ wɔn adwuma no mu.
Baths were taken from a bucket dropped into water well .,Ná woguare fi bokiti bi a wɔde agu nsu abura mu mu .
Hepatitis can be prevented if one takes the three vaccines,"Sɛ obi fa nnuru abiɛsa a wɔde bɔ nkurɔfo ho ban no a, wobetumi asiw hepatitis ano"
Schools can cease operation if not properly managed.,sukuu ahorow betumi agyae adwumayɛ sɛ wɔanhwɛ so yiye a.
Hospitals do not have adequate facilities for patients.,Ayaresabea ahorow nni mmeae a ɛfata ma ayarefo.
The few attendees contributed towards regional development .,Nnipa kakraa bi a wɔbaeɛ no tumi yii sika sɛ wɔmfa mmoa mantam no mpuntuo.
A suspect can plead guilty or not guilty.,Nea wɔsusu sɛ wadi bɔne bi bɛtumi asrɛ sɛ ɔdi bem anaa fɔ.
The weed spreads fast and has affected the growth of mangoes too.,Nwura no yɛ beberee ntɛm na aka mango no nnyini.
Terecom companies have played a big role in the COVID-19 fight.,Terecom nnwumakuo adi dwuma kɛseɛ wɔ COVID-19 akodie no mu.
Villagers have been involved in decision making to portray areas which are lacking.,Wɔde wɔn a wɔtete nkuraase no aka gyinaeɛsie no ho sɛdeɛ ɛbɛma woahunu mmeaeɛ a tɔ sini.
Health workers had a rerativery large area to cover which became a challenge.,Na akwahosan adwumayɛfo wɔ beae kɛse bi a ɛsɛ sɛ wɔka ho asɛm a ɛbɛyɛɛ asɛnnennen.
The district will select elders who will benefit from the program.,Mansini no bɛyi mpanimfoɔ a wɔbɛnya saa nhyehyɛeɛ yi so mfasoɔ
Most journalists are now joining politics of late.,Mprempren nsɛm ho amanneɛbɔfo dodow no ara de wɔn ho ahyɛ amammuisɛm mu nnansa yi.
Government has decided to support farmers in the Northern part of Ghana.,Aban asi gyinae sɛ ɔbɛboa akuafo a wɔwɔ Ghana Atifi Mantam.
"Its rulers were renowned for their wealth in Gold, the opulence of their courts, and their warrior/hunting skills.","Ná n’asodifo agye din wɔ wɔn ahonyade wɔ Sikakɔkɔɔ mu, wɔn ahemfie ahonyade, ne wɔn akofo/abɔmmɔ ho nimdeɛ ho."
There will be a meeting at the community town hall with the hospital administrators.,Wɔne ayaresabea hwɛsofoɔ no bɛyɛ nhyiamu wɔ kuro no ahyiaeɛ dan mu.
The investigations are still on to recover the suspect.,Wɔgu so reyɛ nhwehwɛmu a ɛbɛboa wɔn ama wɔakye onipa a ɔyɛɛ saa adeɛ no.
She will represent the country in the national competition.,Ɔbɛyɛ ɔman no ananmu wɔ ɔman no akansi no mu.
Every disease has signs and symptoms that indicate it's presence in one's body.,Yare biara wɔ nsɛnkyerɛnne a ɛkyerɛ sɛ ɛwɔ obi nipadua mu.
The Reverend focuses on teaching people how to follow Christ.,Ɔsɔfo no de n’adwene si so sɛ ɔbɛkyerɛkyerɛ nkurɔfo sɛnea wobedi Kristo akyi.
Motorcycle riders need to be careful on the road.,Ɛsɛ sɛ wɔn a wɔte moto no hwɛ yiye wɔ kwan so.
Farmers use agricultural-rerated chemicals to spray off insects and prevent pests from crops.,Akuafo de nnuru a wɔde di dwuma wɔ afuw mu no tow ntontom gu na ɛmma mmoawa a wɔsɛe nnɔbae no nkɔ.
A licensed person is one that has been legally allowed to operate.,Obi a ɔwɔ tumi krataa ne nea mmara ama no kwan sɛ ɔnyɛ adwuma.
The national army does a great job in safeguarding all citizens.,Ɔman no asraafoɔ no yɛ adwuma kɛseɛ wɔ ɔmanfoɔ no ahobammɔ ho.
"Bushes act as breeding grounds for mosquitoes, snakes and others.","Nnua yɛ adwuma sɛ mmeae a nwansena, awɔ ne afoforo wo."
There are other preventive measures taken to control the spread of these infectious diseases.,Wɔde nneɛma binom agugu akwan mu a ɛbɛboa ama wɔasɔ nsaayareɛ yinom ano na antrɛ.
The village chairperson urged residents to respect visitors.,Akuraa no ase guamtrani no hyɛɛ wɔn a wɔte hɔ no nkuran sɛ wɔnkyerɛ obu mma ahɔho.
The education sector needs finances to improve its infrastructure.,Nwomasua asoeɛ no hia sika na ama no atumi asisi adan a ɛyɛ papa
Always wear a condom to prevent getting infected from Human Immune Virus,Hyɛ kɔndɔm bere nyinaa na amma worennya HIV yare mmoawa no bi.
The school library does not have enough text books.,Sukuu nhomakorabea no nni nhoma a wɔde sua ade a ɛdɔɔso.
"With the project in place, poverty will be eradicated in the communities.","Berɛ a wɔde adwuma yi agu akwan mu no, wɔbɛtu ohia ade wɔ mpɔtam hɔ."
People need to be informed of the different types of taxes.,Ɛsɛ sɛ yɛma nkorɔfoɔ hunu ɛtoɔ ahodoɔ no ho.
Every season new players come to the team and others leave the team.,Afe biara agudifo foforo ba kuw no mu na afoforo nso fi mu
The crown prince will be the next chief.,Ɔheneba no na ɔbɛyɛ ɔpanyin a odi hɔ.
The cost of building the bridge on the river is very high.,Ɛka a wɔbɔ wɔ asubɔnten no so abɔntenban no ho no yɛ kɛse yiye.
She poisoned herself but luckily enough she survived.,Ɔde awuduru guu n'aduane mu nanso anigyesɛm ne sɛ onyaa nkwa.
The community should carryout farming as a source of liverihood.,Ɛsɛ sɛ mpɔtam hɔfo yɛ kuayɛ sɛ asetrade fibea.
People are idle and have no things to do.,Nkorɔfoɔ wɔ hɔ a wɔnni nnoɔma biara yɛ.
Students need to work hard to improve their grades.,Ɛsɛ sɛ asuafoɔ yɛ adwumaden na ama wɔn abasobɔde atu mpɔn.
He worked hard to build his house and is pursuing a degree in education at the university.,Ɔyɛɛ adwumaden de sii ne fie na ɔreyɛ nhomasua ho abodin krataa wɔ sukuupɔn no mu.
The analysis shows that young leaders are most likely to win the elections.,Nhwehwɛmu no kyerɛ sɛ akannifo nkumaa na ɛda adi kɛse sɛ wobedi nkonim wɔ abatow no mu.
"I was so happy when my friends came to visit me at home, cherishing their presence.","M’ani gyei pa ara bere a me nnamfonom baa me nkyɛn bɛsraa me wɔ fie, m'ani sɔ wɔn ba a wɔbae no."
The teachers association has not been helpful to some teachers.,Akyerɛkyerɛfo fekuw no mmoaa akyerɛkyerɛfo binom.
Contestants shall be those that meet the set standards.,Ɛsɛ sɛ akansifo yɛ wɔn a wodu gyinapɛn ahorow a wɔde asi hɔ no ho.
The Lunsi play a role in preserving Dagbon's oral history.,Lunsi foɔ di dwuma son wɔ kwan a Wɔfa so bɔ Dagbon foɔ anum abakwasɛm ho ban no.
Tight regulations are needed to fight swamp reclamation hence conserving the environment.,Ɛsɛ sɛ wɔde nhyehyɛeɛ a ano yɛ den gugu akwan sɛdeɛ ɛbɛma wɔatumi adi nnipa a wɔbɔ pee so no ho dwuma na ama wɔabɔ nneɛma a atwa yɛn ho ahyia no ho ban.
Funds if effectively used can be of great benefit.,"Sɛ wɔde sika di dwuma yiye a, yɛya so mfaso kɛse."
People have a ready market for agricultural produce.,Nkorɔfoɔ wɔ dwa ma wɔn kuayɛ nnoɔma.
Parents should collaborate with security agencies to fight area kidnappings.,Ɛsɛ sɛ awofoɔ ne ahobammɔ adwumayɛbea yɛ baako de ko tia mpɔtam hɔfoɔ a wɔkyere nkorɔfoɔ sie no.
Some structures like bridges exist for quite a long time.,Nneɛma bi te sɛ abɔntenban wɔ hɔ bere tenten koraa.
The district has now embarked on sensitizing people against early marriage and pregnancies.,Mprempren ɔmantam no afi ase sɛ wɔbɛma nkurɔfo ate nka wɔ aware a wodi ntɛm ne nyinsɛn ho.
How can we ensure proper hygiene in the market.,Yɛbɛyɛ dɛn ahwɛ ahu sɛ ahotew a ɛfata wɔ gua so.
Ladies should be well represented at the leadership committee.,Ɛsɛ sɛ mmea nya ananmusifo pa wɔ akannifo boayikuw no mu.
Hosting refugees in Ghana can add extra burden to the economy.,Aguanfo a wɔbɛgye wɔn akɔ Ghana no betumi de adesoa foforo aka sikasɛm ho.
There are high chances of dropping out of school if you get pregnant.,Ɛnyɛ den sɛ wobɛgyae sukuu berɛ a woanyinsɛn.
Farmers should control their animals as people acquire income from selling their fruits.,Ɛsɛ sɛ akuafo hwɛ wɔn mmoa so efisɛ nkurɔfo nya wɔn nnuaba ho sika.
Living without clean water for a couple of days can lead to complaints by the people.,"Sɛ obi tena ase a nsu pa nni hɔ nna kakra a, ebetumi ama nkurɔfoɔ no anwiinwii."
Financial institutions these days have high interest rates.,"Ɛnnɛ yi, sikakorabea ahorow nsiho a kɔ suro."
"Lower leaders have failed to discard witchcraft, discos and drug abuse.","Akannifoɔ a wɔba fam no ntumi nto abayisɛm, disko ne nnubɔne a wɔde di dwuma ɔkwammɔne so no ngu."
The public should avoid interacting with truck drivers.,Ɛsɛ sɛ ɔmanfo kwati sɛ wɔne lɔrekafo bedi nkitaho.
Farmers will engage mostly into cash crop growing.,Akuafo no de wɔn ho bɛhyɛ nnɔbae a ɛbrɛ sika.
Non-communicable diseases exist among people in the community.,Nyarewa a entumi nkɔ nnipa mu wɔ nnipa a wɔwɔ mpɔtam hɔ mu.
"At the party, the youths got excited when they tuned in to Western music.","Wɔ apontow no ase no, mmerante ne mmabaa no ani gyei bere a wɔde wɔn adwene sii Atɔe Famfo nnwom so no."
The doctor has put my mother on oxygen to support her in breathing.,Dɔkota no de mframa asi me maame so sɛdeɛ ɛbɛyɛ a ɔbɛtumi ahome yie
Couples are now advised to test for sickle cerls disease before getting married.,Mprempren wɔhyɛ awarefo fo sɛ wɔnhwehwɛ sickle cerls yare mu ansa na wɔaware.
Community policing is of so much benefit to the community.,Mpɔtam hɔ polisifo so wɔ mfaso kɛse ma mpɔtam hɔfo.
It is important to focus your efforts on working to earn a living.,Ɛho hia sɛ wode wo mmɔdenbɔ si adwuma a wobɛyɛ de anya w’asetrade so.
The police will arrest men who do not support their children's overall well being,Polisifo bɛkyere mmarima a wɔmmoa wɔn mma yiyedi nyinaa
The incident occurred at 5:30 am on Saturday morning .,Asɛm yi sii Memeneda anɔpa 5:30.
Priests will take on different tasks in the church.,asɔfo bɛyɛ nnwuma ahorow wɔ asɔre no mu.
"The current village chairperson had the highest number of votes in this election, while he won his opponent in the elections for village chairperson.","Mprempren akuraa no ase guamtrani no na onyaa abatow dodow a ɛsen biara wɔ abatow yi mu, bere a odii nkonim wɔ nea ɔne no reko no mu wɔ abatow a wɔyɛe sɛ akuraa ase guamtrani no mu."
The minister targeted schools as entry points for cultural interventions.,Ɔsoafoɔ no de n'ani kyerɛ sukuu ahodoɔ mu sɛ ɛhɔ ne Beaeɛ a wɔbɛtmi aboa ama amammerɛ atu mpɔn.
"Aryee does not have the money to buy a car, but the manager hired her out of pity as she is a single mother.","Aryee nni sika a ɔde bɛtɔ kar, nanso ɔpanyin no faa no mmɔborohunu nti efisɛ ɔyɛ ɛna a onni ɔhokafo."
Cultural leaders are meant to be neutral in the politics of the country.,Wɔayɛ amammerɛ akannifo sɛ wɔmfa wɔn ho nhyɛ ɔman no amammuisɛm mu.
The funds help individuals to start income-generating projects.,Sika no boa ankorɛnkorɛ ma wɔtumi nyɛ nnwuma a ɛbɛboa wɔn ama wɔanya sika
The president is leading as an example in following the guidelines.,Ɔmampanyin no redi anim sɛ nhwɛsoɔ wɔ akwankyerɛ a ɛdi akyire no mu.
A person can go to exile either by force or willingly.,Obi betumi de ahoɔden anaa ɔpɛ akɔ nnommumfa mu.
The officials need to enforce laws and ensure access to education services.,Ɛhia sɛ mpaninfoɔ no hyɛ mmara no mu kena na wɔhwɛ sɛ wɔnya nwomasua ho dwumadie.
The evicted people that were helped were grateful.,Nnipa a wɔyii wɔn firii mu a wɔboaa wɔn no ani sɔɔ mmoa no p ara.
Latrines should be a must-have for every homestead.,Ɛsɛ sɛ tiafi yɛ adeɛ a ɛsɛ sɛ ofie biara nya.
Government has established a secondary school in our area.,Aban no asi sukuu ntoaso bi wɔ yɛn mpɔtam hɔ.
The number of previous water connections request will determine your waiting time for water.,Nsuo nkitahodi dodow a woabisa dedaw no na ɛbɛkyerɛ bere a wode bɛtwɛn nsu.
"Nkrumah's mother sent him to the elementary school run by a Catholic mission at Half Assini, where he proved an adept student.","Nkrumah maame de no kɔɔ mfitiase sukuu a Katolek asɛmpatrɛwfo bi na wɔhwɛ so wɔ Half Assini, faako a ɔdaa ne ho adi sɛ ɔyɛ osuani a ne ho akokwaw."
The central government plans for the district local governments.,Aban titiriw no ayɛ nhyehyɛe ama ɔmantam no mpɔtam nniso ahorow.
Border citizens should quickly alert police in case of any suspicions.,Ɛsɛ sɛ ɔhye sofo bɔ polisifo kɔkɔ ntɛm ara sɛ adwenem naayɛ biara ba a.
Bible competitions enable interaction among students from different schools.,Bible akansi ahorow ma asuafo a wofi sukuu ahorow mu di nkitaho.
"During the interrogation, the murder admitted all his dirty acts.","Bere a wobisabisaa no nsɛm no, awudifo no gyee ne nneyɛe fĩ nyinaa toom."
Farmer group members were asked to contribute money to receive fertilizers cheaply.,Wɔka kyerɛɛ akuafo kuw mma no sɛ wɔmfa sika bi mmra na ama wɔanya ɔyɛ-asase-yiya ne bo nyɛ den.
Customer care is key for businesses that are to last long in the market.,Adetɔfo hwɛ yɛ ade titiriw ma nnwuma a ɛsɛ sɛ ɛtra hɔ kyɛ wɔ gua so.
Pretended cerebration of the Holy Eucharist warrants ex-communication.,Adidi Kronkron no ho afahyɛ a wɔyɛ no te sɛ nea ɛfata sɛ wodi nkitaho dedaw.
Concerns have arisen about the growing number of traditional healers in the region.,Adwennwene asɔre wɔ amanne kwan so ayaresafo dodow a ɛrenya nkɔanim wɔ ɔmantam no mu no ho.
No one should be happy about corruption in the country.,Ɛnsɛ sɛ obiara ani gye katahyehyɛ a ɛrekɔ so wɔ ɔman no mu no ho.
Authority says he had experience in healing people using natural medicine.,Wɔn a wɔwɔ tumi se na ɔwɔ osuahu wɔ nnipa a wɔde abɔde mu nnuru sa yare mu.
"Osei Tutu was strongly influenced by the high priest, Anokye, who, tradition asserts, caused a stool of gold to descend from the sky to seal the union of Ashanti states.","Ɔkɔmfo panyin, Anokye, a atetesɛm kyerɛ sɛ ɔmaa sika kɔkɔɔ asɛnka agua bi sian fii soro de sɔɔ Ashanti aman nkabom no ano no nyaa Osei Tutu so nkɛntɛnso kɛse."
The parliamentarian warned officials against diversion of funds.,Mmarahyɛ baguani no bɔɔ mpanyimfo kɔkɔ sɛ ɛnsɛ sɛ wɔdannan sika no.
People should attend the meeting to acquire knowledge in business management.,Ɛsɛ sɛ nkorɔfoɔ kɔ nhyiamu no na wɔnya nnwuma ntotoeɛ mu nimdeɛ.
The youths should be patient and that the only way they will succeed,Ɛsɛ sɛ mmabun no nya abotare na ɛno nkutoo ne ɔkwan a wɔbɛfa so adi nkonim
My tenants have failed to pay their rent.,Wɔn a wɔagye me dan no antumi antua wɔn dan ka.
The role of the police is to keep law and order.,Polisifo dwumadi ne sɛ wɔbɛma mmara ne nhyehyɛe akɔ so.
"It's not always that the district committees that receive fund, benefit from those funds.","Ɛnyɛ bere nyinaa na ɔmantam boayikuw ahorow a wonya sika no, nya saa sika no so mfaso."
The learners sit very close to the chalkboard.,Adesuafoɔ no tena benn twerɛpono no.
The project was handed over to a Ghanaian construction company.,Wɔde adwuma no maa Ghana adansi adwumakuw bi.
Money required for the completion of this project is available.,Sika a wohia na wɔde awie adwuma yi wɔ hɔ.
I was selected to speak on the director's behalf.,Wɔpaw me sɛ memgyina ɔkwankyerɛfo no ananmu nkasa.
Secondary schools in the region will also benefit from the donations.,ntoaso sukuu ahorow a ɛwɔ ɔmantam no mu nso benya ntoboa no so mfaso.
A bed in his shop costs only fifteen thousand cedis.,Mpa baako wɔ ne sotɔɔ mu yɛ Ghana sika side mpem dunum pɛ.
The former prime minister will be buried today.,Wɔbɛsie aban soafoɔ dada no ɛnnɛ.
The people live in a poor health lifestyle with no income.,Nkurɔfo no tra ase wɔ akwahosan pa mu a wonnya sika biara.
Education is one of the basic needs of individual.,Nhomasua yɛ ankorankoro ahiade atitiriw no mu biako.
Government distribution of masks is aimed at ending the pandemic,Aban no de nkataanim a wɔkyekyɛ no rebɔ mmɔden sɛ wɔbɛma ɔyaredɔm no aba awiei
They appreciated the government's effort towards improving their standard of living.,Wɔn ani sɔɔ sɛdeɛ aban no bɔɔ mmɔden sɛ ɔbɛma wɔn asetena atu mpɔn no.
Every paper money note has a unique serial number.,Krataa biara a wɔde kyerɛw sika wɔ no namba
The road is impassable during heavy rains which reduces students' school attendance.,Wɔntumi ntwa kwan no mu sɛ nsuo kɛseɛ tɔ a na ɛte asukuufoɔ sukuu nkɔeɛ so.
"In villages, children can face physical health harm if not properly guided.","Wɔ nkuraa ase no, sɛ wɔankyerɛ mmofra kwan yiye a, wobetumi ahyia nipadua mu apomuden ho opira."
Learners access a wide range of learning materials online,Asuafoɔ nya adesua ho nneɛma ahodoɔ pii wɔ abɛɛfo ntontan so.
It's always good to appreciate the work doctors do.,Ɛyɛ papa bere nyinaa sɛ yɛbɛkyerɛ adwuma a adɔkotafoɔ yɛ no ho anisɔ.
"Many University Students graduate with results they did not work for , this is because there is a lot of examination malpractice in schools.","Suapɔn Asuafoɔ bebree awie a abodin krataa a wokura no wɔanyɛ ho adwuma, yei te saa ɛfiri sɛ sɔhwɛ mu nneyɛeɛ bɔne pii wɔ sukuu ahodoɔ mu."
The Junior Africa Golf Challenge hosted in South Africa was won by Keisha Witshire.,"Afrika Mmɔfra Gɔɔf Akansie no a ɛkɔɔ so wɔ Afrika Anaafoɔ no, Keisha Witshire na wɔgyeeɛ."
People are rewarded according to performance in their various categories.,Wɔbɔ nkorɔfoɔ aba so ɛnam wɔn dwumadie ahodoɔ nti.
The border districts are insecure as many border districts were affected by the pandemic.,Ɔhye so amansin no nni ahobammɔ efisɛ ɔyaredɔm no kaa ɔhye so mantam pii.
"What legal documentation is needed to start a business, inquiring about the necessary legal paperwork for initiating a business.","Mmara mu nkrataa bɛn na ɛhia ansa na obi atumi adi dwa, nhwehwɛmu a ɛfa nkrataasɛm a ɛhia wɔ adwadie mfiaseɛ mu."
"People should learn to be integral, especially in issues regarding money, as honesty and transparency are crucial for financial stability and trust.","Ɛsɛ sɛ nkorɔfoɔ sua sɛ wɔbɛyɛ ade titire, ne titire wɔ nsɛm a ɛfa sika ho mu, ɛfiri sɛ nokorɛdie ne deɛ ɛda adi pefee ho hia kɛse ma sikasɛm mu ahotɔ ne ahotɔsoɔ."
"Leaders have ensured that people are educated, work together to improve life.","Akannifoɔ ahwɛ sɛ nkurɔfoɔ asua nwoma, ayɛ adwuma abom ama asetena atu mpɔn."
People should be equipped with knowledge about livestock farming.,Ɛsɛ sɛ wɔma nkorɔfoɔ nya mmoayɛn ho nimdeɛ.
The evening was a wonderful experience of oral storytelling from a master craftswoman.,"Na saa anwummerɛ no yɛ anwummerɛ a ɛda nso koraa ɛfiri sɛ, yɛtiee anansesɛm firii ɔbaapanin na ɔnim kasa hɔ"
The maximum sentence given to a child ends when the child clocks eighteen years of age.,Ɔkasamu no kɛseɛ a wɔde ma abofra no ba awieɛ berɛ a abofra no duru mfeɛ dunwɔtwe.
The suspected are detained at the police station.,Wɔde wɔn a wosusuw sɛ wɔyɛ saa no ato polisifo adwumayɛbea hɔ.
"At the end of an election, results for every candidate must be announced.","Sɛ abatow bi ba awiei a, ɛsɛ sɛ wɔbɔ nea ebefi abatow biara mu aba no ho amanneɛ."
"Despite his young age, Aiman showed a remarkably mature understanding of the situation.","Ɛmfa ho sɛ na Aiman ​​yɛ abofra no, ɔdaa ntease a ɛyɛ nwonwa a ɛho akokwaw adi wɔ tebea no ho."
People should be given alternative pieces of land.,Ɛsɛ sɛ wɔma nkorɔfoɔ asase foforɔ.
The discovery of oil in the area may arouse disputes and conflicts.,Petrol a wobehu wɔ mpɔtam hɔ no betumi akanyan akasakasa ne ntawntawdi.
My neighbour was operated on after getting serious injuries in a motor accident.,Wɔyɛɛ me fipamfo oprehyɛn bere a opirapirae kɛse wɔ motohyɛn akwanhyia mu akyi.
New education infrastructures will be established and improved teachers werfare.,Wɔbɛhyehyɛ nhomasua nhyehyɛe foforo na wɔama akyerɛkyerɛfo yiyedie atu mpɔn.
"Mashud, who represented Ghana at the Common Wealth Games, leaped high into the air during the long jump event.",Mashud a ogyinaa Ghana ananmu wɔ Common Wealth Agodie no mu no huri kɔɔ soro wɔ wim bere a na wɔrehuri tenten no.
Since 1900 there has been substantial change in temperature and rainfall over Africa.,"Efiri 1900 no, nsakrae kɛse aba ɔhyew ne osu a ɛtɔ wɔ Afrika so."
An allegation came out that accused the politician of indecent behaviour.,Soboɔ bi bae a ɛbɔɔ amanyɔfoɔ no soboɔ sɛ ɔyɛɛ nneyɛe a ɛmfata.
"The workers are not satisfied with the working conditions, leading to discontentment.","Adwumayɛfo no ani nnye adwumayɛ tebea no ho, na ɛma wɔn ani nnye ho."
How best can we promote sports in Ghana?,Ɔkwan bɛn so na yebetumi ahyɛ agumadi ho nkuran yiye wɔ Ghana?
Farmers have an opportunity to change their werfare and their families.,Akuafo wɔ hokwan a wɔde bɛsesa wɔn adwuma ne wɔn mmusua.
Anyone can get infected with the coronavirus regardless of their age,Obiara betumi anya coronavirus no a mfe a wadi mfa ho
Several nationals lost lives due to the war.,ɔman mma pii hweree wɔn nkwa esiane ɔko no nti.
A quick emergency response demonstration will be conducted at Kololo Independence Grounds.,Wɔbɛyɛ ntɛmpɛ ho ɔyɛkyerɛ wɔ Kololo Independence Grounds.
On average twenty five children are killed or injured in conflicts every day.,"Sɛ wɔkyekyem pɛpɛɛpɛ a, mmofra aduonu anum na wokunkum anaasɛ wopirapira wɔ ntawntawdi mu da biara da."
The fees should be reduced for the youth and children.,Ɛsɛ sɛ wɔte boɔ no so ma mmabunu ne mmɔfra.
The youth were educated about the dangers of cutting down trees.,Wɔkyerɛkyerɛɛ mmabun no asiane a ɛwɔ nnua a wotwitwa mu no ho ade.
The water project takes advantage of the slope and gravity.,Nsu adwuma no de ɔkwan a ɛkɔ fam ne tumi a ɛtwe ade ba fam no di dwuma.
Mistakes are always common if little time is given to do a job,Mfomso bu so abere biara sɛ wɔma bere kakraa bi sɛ wɔmfa nyɛ adwuma bi a
Teenagers in north Ghana have the highest percentages of pregnancy.,Mmabun a wɔwɔ Ghana atifi fam na wonyinsɛn ɔha biara mu nkyem 100 sen biara.
Local leaders find a hard time in setting conflicts among residents.,Ɛyɛ den ma mpɔtam hɔ akannifoɔ sɛ wɔbesiesie ntawantawadi a esisi wɔ hɔfoɔ ntam.
The medical examination proved her two months of pregnancy.,Mogya mu nhwehwɛmu no daa no adi sɛ ɔnyem abosome mmienu.
Take your son to a good quality school he will get a good education.,Fa wo ba no kɔ sukuu a ɛyɛ papa na obenya nhomasua pa.
A plan for health security has been launched in Ghana.,Wɔahyɛ nhyehyɛe bi a ɛfa akwahosan ho ahobammɔ ho ase wɔ Ghana
The passage was too flooded for us to walk through.,Ná nsu ayiri wɔ ɔkwan no so dodo sɛ yebetumi anantew mu.
The construction company manager admitted some of the allegations and vowed to address them.,Adansi adwumakuw no panyin gyee nsɛm a wɔkae no bi toom na ɔkaa ntam sɛ obedi ho dwuma.
The lorry needs to be serviced before they can buy it.,Ɛsɛ sɛ wɔsiesie lɔre no ansa na wɔatumi atɔ.
The army officer has been promoted to the rank of general.,Wɔama asraafo panyin no dibea sɛ ɔsahene.
"Before a judgement is passed in court, both sides have to be heard.","Ansa na wobebu atɛn wɔ asɛnnibea no, ɛsɛ sɛ wotie afã abien no nyinaa."
General cleanliness is a basic requirement in every home.,Ahotew yɛ ade titiriw a ehia wɔ fie biara mu.
People suffering from other diseases are likely to die from the coronavirus .,Nkorɔfoɔ a wɔwɔ nyarewa afoforɔ no bɛtumi awu afiri coronavirus mu.
Government set up youth livelihood programs to enable the youths participate in business activities.,Aban no yɛɛ nhyehyɛe a wɔde bɛhwɛ mmabunu ma wɔanya adwuma ayɛ.
Children can make use of the school library during the holidays.,Mmofra betumi de sukuu nhomakorabea no adi dwuma wɔ nnapɔnna bere mu.
The opposition is taking advantage of the party's togetherness so the issues must be addressed.,Ɔsɔretia no de amanyɔkuo no nkabom no redi dwuma enti ɛsɛ sɛ wɔdi nsɛm no ho dwuma.
They failed to organize the transport because of the limited funds.,Wɔntumi ammoaboa kaa no ano ɛfiri sɛ na wɔn sika sua.
Even the people that you know can kidnap your child.,Nnipa a wunim wɔn mpo betumi afa wo ba.
The president was awarded for his effort in the fight against the virus.,Wɔbɔɔ ɔmanpanin no aba so wɔ ne mmɔdenbɔ wɔ yadeɛ no ko no mu.
Motorcycles are a faster means of road transport.,Moto yɛ ɔkwan a wɔfa so tu akwan ntɛmntɛm so.
Sakumono hospital should be made a referral facility to provide better health services .,Ɛsɛ sɛ wɔma Sakumono ayaresabea yɛ beae a wɔma wɔkɔ na ama wɔanya akwahosan ho nhyehyɛe pa .
The senior accounts assistant was greatly rewarded for his efficiency and effectiveness.,Wɔbɔɔ nkontaabufoɔ panin boafoɔ no aba so wɔ ne mmɔdenbɔ ne n'adwumaden.
Gifts are given as a sign of appreciation.,Wɔde akyɛde ma de kyerɛ anisɔ.
The recoveries were almost half the total number of cases.,Ɛkame ayɛ sɛ na wɔn a wɔn ho tɔɔ wɔn no yɛ nnipa dodow a wɔanya yare no nyinaa fã.
The organization temporarily suspended its staff because of fraud allegations.,adwumakuo no gyaee n’adwumayɛfo adwuma bere tiaa bi esiane nsisi ho nsɛm a wɔkae nti.
"Because of poverty, parents are no longer providing the best for their children.","Esiane ohia nti, awofo mfa nea eye sen biara mma wɔn mma bio."
Lack of enough land for schools limits their expansion,Asaase a ɛdɔɔso a wonnya mma sukuu ahodoɔ no si wɔn ntrɛmu ano.
The leader asked for accountability of the distributed food.,ɔkannifoɔ  no bisaa nsɛm faa nkontabuo a ɛfa nnuane a wɔkyekyeɛ no ho.
Leaders make decisions on behalf of their subordinates.,Akannifoɔ gyina wɔn a wɔhyɛ wɔn ase no ananmu sisi gyinaeɛ.
He supported the musicians and directed them where they were lacking.,Ɔboaa nnwontofo no na ɔkyerɛɛ wɔn kwan wɔ baabi a na wonni.
The community use the cows for their personal benefits.,Mpɔtam hɔfo de anantwi no di dwuma de nya wɔn ankasa mfaso.
Mask wearing should be emphasized in order to slow the spread of the coronavirus,Ɛsɛ sɛ wɔsi nkataanim a wɔhyɛ so dua sɛdeɛ ɛbɛyɛ a wɔbɛma corona nsanyare no atrɛ brɛoo
Ewurakua died as she was trying to abort.,Ewurakua wui bere a na ɔrebɔ mmɔden sɛ obetu nyinsɛn no.
The people used local technology to construct the bridge and contributed funds towards the establishment of the bridge.,Nkorɔfoɔ no de mpɔtam hɔ mfidie dii dwuma de sii abɔntenban no na wɔboaboaa sika ano de sii abɔntenban no.
The minister explained that Ghanaians are also investors.,Ɔsoafoɔ no kyerɛɛ mu sɛ Ghanafoɔ nso ka wɔn a wɔde wɔn sika hyɛ nwuma mu no.
Golf in Ghana is dominated by foreign citizens who play for leisure.,Gɔlf wɔ Ghana aman foforo sofo a wodi agoru de gye wɔn ani
The parish has started projects to support helpless children.,Asɔredan no afi nnwuma ahorow ase de aboa mmofra a wontumi nyɛ hwee.
The leaders have failed to provide solutions to challenges faced by fishermen.,Akannifoɔ antumi ampɛ ɔhaw a apofofofoɔ no rehyia no ano aduro.
The institute aims at addressing challenges faced by livestock farmers in Ghana.,Ahyehyɛdeɛ no atirimpɔ ne sɛ ɛbɛsiesie ɔhaw ahodoɔ a akuafoɔ a wɔnyɛn mmoa refa mu Ghana no.
She should not wait for too long to start breastfeeding.,Ɛnsɛ sɛ ɔtwɛn kyɛ dodo ansa na wafiri ase ama nufu.
"As a result of their presence, Islam influenced the north and Muslim influence spread by the activities of merchants and clerics.","Esiane sɛ na wɔwɔ hɔ nti, Nkramofo nyaa atifi fam ne Nkramofo nkɛntɛnso a aguadifo ne asɔfo dwumadi ahorow trɛwee no so nkɛntɛnso."
Reproductive health projects have been of great value to the health sector.,awo akwahosan ho adwuma ahorow ayɛ nea mfaso wɔ so kɛse ama akwahosan adwumayɛbea no.
People will provide land for establishment of refugee camps.,Nkurɔfo bɛma asase a wɔde besisi aguanfo atrae.
Amending the game will lead to the exportation of Ghanaian footballers.,Agodie no mu nsakraeɛ bɛma wɔde Ghana bɔɔlbɔfoɔ akɔ amannɔne.
Women are represented in leadership positions in all cultures in Ghana,Wɔsi mmaa anan mu wɔ akannifoɔ dibea nyinaa mu wɔ Ghana amammerɛ nyinaa mu.
"Certain things we do, tarnish other people's reputation.","Nneɛma bi a yɛyɛ, gu afoforo din ho fĩ."
The farmers need machines and other equipment to boost agricultural productivity.,Akuafoɔ no hia mfidie ne nneɛma afoforɔ binom sɛdeɛ ɛbɛyɛ wɔbɛtumi atrɛ wɔn nnwuma mu
The Ashanti prepared the fields by burning before the onset of the rainy season and cultivated with an iron hoe.,Ashantifo no siesiee mfuw no denam hyew a wɔhyew ansa na osutɔ bere no refi ase no so na wɔde dade akuturuku yɛɛ kua.
The teachers were angry about the one percent salary deduction.,Akyerɛkyerɛfo no bo fuwii wɔ akatua a wɔtew so ɔha biara mu biako no ho.
People need to be acknowledged on land laws.,Ɛsɛ sɛ wɔgye nkorɔfoɔ tom wɔ asase ho mmara so.
The youth are encouraged to work hard while in their youthful age.,Wɔhyɛ mmabun nkuran sɛ wɔnyɛ adwumaden bere a wɔwɔ wɔn mmerantebere mu no.
The resident district commissioner will supervise and coordinate activities on the President's behalf.,Ɔmansin sohwɛfoɔ a ɔte hɔ no bɛhwɛ na wayɛ dwumadiɛ ho nhyehyɛeɛ wɔ Ɔmanpanin no ananmu.
One of the most important things in an organization is proper record keeping.,Ade biako a ɛho hia wɔ ahyehyɛde bi mu ne kyerɛwtohɔ a wɔbɛyɛ no yiye.
Public gatherings could ease the spread of diseases.,Badwam nhyiam ahodoɔ betumi ama nyarewa a ɛretrw no ano abrɛ ase.
Technological advancement has been of great benefit to in the medical sector.,Mfiridwuma mu nkɔso so aba mfaso kɛse ama wɔ aduruyɛ mu.
"The stadium will promote talent in football, netball and basketball.","Agumadibea no bɛhyɛ talente a ɛwɔ bɔɔlbɔ, asau ne basketball mu ho nkuran."
The environmental police arrested charcoal burners in the district forest reserve yesterday.,Aprosifoɔ a wɔbɔ yɛn atenaeɛ ho ban no kyee nnipa binom a wɔrehye bidie wɔ mansini no kwaeɛ no mu nnora
Most mothers cannot afford postnatal care services but hospitals retain delivery cards to force mothers to return for postnatal care.,Ɛnanom dodow no ara ntumi ntua awo akyi hwɛ ho ka nanso ayaresabea ahorow de awo nkrataa sie de hyɛ ɛnanom ma wɔsan kɔ awo akyi hwɛ.
The headteacher called upon all teachers to join the savings group.,Ɔkyerɛkyerɛ no frɛɛ tikyafoɔ nkaeɛ no nyinaa sɛ wɔmfa wɔn ho nhyɛ susukuo a wɔate no mu
More people now have access to clean water than before.,Mprempren nnipa pii nya nsu pa sen kan no.
The family wants the man to be prosecuted.,Abusua no pɛ sɛ wɔkyere papa no tom
The day is about reminiscing the course of the national resistance movement.,Da no fa ɔman no mu ɔsɔretia kuw no kwan a wɔbɛkae ho.
The district officials have encouraged afforestation in the area.,Mansini no mu mpanimfoɔ no ahyɛ ɔmanfoɔ no nyinaa nkuran sɛ wɔnnuadua nnua wɔ beaeɛ hɔ
The company couldn't afford to pay the salary arrears.,Adwumakuw no antumi antua akatua a aka no.
The students were detained because they got involved in a fight.,Wɔkyee asukuufoɔ no guu afiaseɛ ɛfiri sɛ na wɔreko ntɔkwa.
It seems like the government is not well informed on some matters in the country.,Ɛte sɛ nea aban no nnim nsɛm bi a ɛwɔ ɔman no mu yiye.
Many people have resorted to fishing as a business.,Nnipa pii de wɔn ho ahyɛ mpataayi mu sɛ adwuma.
The medical and the newspaper team are running health adverts this week.,Adɔkotafoɔ ne nsɛntwerɛfoɔ no rebɔ apɔmuden ho nsɛm dawuru nnawɔtwe yi mu.
The price of charcoal keeps on changing every year.,Fango bo kɔ so sakra afe biara.
The President should organise peace talks to ensure peace in South Sudan.,Ɛsɛ sɛ Ɔmanpanyin no yɛ nhyehyɛe ma asomdwoe ho nkɔmmɔ na ama asomdwoe aba South Sudan.
The president will be addressing the nation on Saturday.,Ɔmampanyin no bɛkasa akyerɛ ɔman no Kwasida.
For any health related issues consult from the health workers.,"Sɛ wopɛ sɛ wuhu ayaresa ho nsɛm biara a, bisa ayaresa ho adwumayɛfo no."
Alerts are those individuals who voluntarily get checked,Kɔkɔbɔ yɛ saa ankorɛnkorɛ a wofi wɔn pɛ mu yɛ nhwehwɛmu no
Am drafting a proposed budget for the project.,Mereyɛ sikasɛm nhyehyɛe a wɔahyɛ ho nyansa ama adwuma no.
Fathers play a very important role in a home.,Agyanom di dwuma titiriw wɔ fie.
The National Congress sent a delegation to London to urge the Colonial Office to consider the principle of elected representation.,Ɔman no mmarahyɛbadwam yii ananmusini kɔɔ London aburokyireman mu sɛ wɔnka nkyerɛ Nkoasom adwumabea sɛ wɔnhwɛ nhyehyɛeɛ a ɛfa ananmusifoɔ a wɔayi wɔn no.
"Malaria has been successfully eliminated or significantly reduced in certain areas, but not globally.","Wɔatu atiridii afiri hɔ yiye anaasɛ wɔate so kɛseɛ wɔ mmeae bi, nanso ɛnyɛ wiase nyinaa."
Study with confidence and you will get your dream job.,Fa ahotosoɔ sua ade na wubenya adwuma a wopɛ.
The belief in witchcraft still persists among certain individuals.,Abayisɛm mu gyidi da so ara wɔ nnipa binom mu.
Our teachers are on a sit down strike over pay raise.,Yɛn akyerɛkyerɛfoɔ retena fie wɔ wɔn akatua mu toɔ ho.
Contractors should be mindful of doing satisfactory work.,Ɛsɛ sɛ wɔn a wɔyɛ adwuma no ma wɔn adwene si adwuma a ɛma abotɔyam a wɔbɛyɛ so.
Commodities are transported by trucks to all borders in Ghana.,Wɔde lɔre fa nneɛma kɔ Ghana ahye nyinaa so.
To get a job you need to have passed an interview first.,Sɛ wobɛnya adwuma a ɛhia sɛ wodi kan twa anototo nsɛmmisa no.
Community policing is one way we can combat crime in Ghana.,Mpɔtam hɔ polisifoɔ yɛ ɔkwan baako a yɛbɛfa so ako atia nsɛmmɔnedi wɔ Ghana.
Planting of crops takes place in the rainy season.,Nnɔbaeɛ a wodua no kɔ so wɔ osutɔ bere mu.
Many schools have re-opened without following the standard operations procedures.,Sukuu pii asan abue a wonni adwumayɛ ho nhyehyɛe a wɔahyɛ da ayɛ no akyi.
My brother has gone to fetch water from the tap.,Me nuabarima akɔbu nsuo afiri nsutwebea no mu.
It needs collective efforts by residents to fight criminal acts.,Ɛhia mmɔdenbɔ a nnipa a wɔte hɔ no bom bɔ de ko tia nsɛmmɔnedi.
Mother wants her sister to come and live with us. She promised never to go back to their house. Parents must love their children.,Maame pɛ sɛ ne nuabea ba bɛtra yɛn nkyɛn. Ɔhyɛɛ bɔ sɛ ɔrensan nkɔ wɔn fie da. Ɛsɛ sɛ awofo dɔ wɔn mma.
My school has the best teachers in the country.,Me sukuu no wɔ akyerɛkyerɛfo a wɔsen biara wɔ ɔman no mu.
Small projects if rolled out should always be rolled out to new districts.,"Sɛ wɔde nnwuma nketewa di dwuma a, ɛsɛ sɛ wɔde kɔ amansin foforo mu bere nyinaa."
The government is planning to add more money in constructing more classroom blocks.,Aban no pɛ sɛ wɔde sika bebree ba ma wɔde sika sukuu adesuadan ahodoɔ pii ka ho
Different activities are being carried out to protect the environment.,Wɔreyɛ dwumadi ahorow de abɔ nneɛma a atwa yɛn ho ahyia ho ban.
The ministry of health advises that every public place must have handwashing facilities.,Asoɛeɛ a ɛhwɛ apɔmuden nsɛm no atu fo sɛ baabi ara nnipadɔm kɔhyia mu no ɛsɛ sɛ wɔnya Beaeɛ a wɔde bɛhohoro wɔn nsa.
He was made responsible for the technical services.,Wɔmaa no yɛɛ mfiridwuma ho adwuma no ho asodi.
I hope to join the army next year.,Mewɔ anidaso sɛ mɛka asrafo afe a edi hɔ no.
The project will improve people's lives in the area.,Adwuma no bɛma nkurɔfo asetra atu mpɔn wɔ mpɔtam hɔ.
The team was excited that their children enjoyed the game.,Ɛkuo no ani gyee sɛ wɔn mmofra ani gyee akansie no ho.
"We need project sponsors, expressing the need for sponsors to support the project.","Yɛhia dwumadie mu aboafoɔ, a ɛkyerɛ sɛ yɛhia wɔn wɔbɛsɔ yɛn asene wɔ dwumadie no mu."
I am planning to leave the country on the fifteenth of this month.,Mereyɛ nhyehyɛɛ sɛ mɛfiri ɔman no mu wɔ bosome yi da a ɛtɔ so dunum.
Sometimes people are accused of things they do not know about.,"Ɛtɔ mmere bi a, wɔbɔ nkurɔfo sobo wɔ nneɛma a wonnim ho."
Educators reach young people who are far from one another to build a global network.,Akyerɛkyerɛfo kɔ mmofra a wɔtete mmeae a atew ne ho mu kɔboa wɔn ho wɔn ho ma wonya nnipa a wɔwɔ wiase nyinaa.
"One had said, 'You say you come from Ghana? Then we have a lot in common!' Sissie didn't know what to do with the statement, uncertain of whether it was a threat or a promise.","Na obiako aka se, 'Wose wofiri Ghana? Afei yɛwɔ nneɛma pii a yɛne yɛn di nsɛ!’ Na Sissie nnim nea ɔbɛyɛ wɔ asɛm no ho, na na onnim sɛ ebia ɛyɛ ahunahuna anaasɛ bɔhyɛ."
We should involve the local faith communities to educate the youth about sex education.,Ɛsɛ sɛ yɛde ɔsom ahodoɔ a ɛwɔ nkuro mu no ka ho ma wɔkyerɛkyerɛ mmabunu fa nna mu nkitahodie ho.
The officer should be retrained for proper effectiveness.,Ɛsɛ sɛ wɔsan tete ɔsraani panyin no ma otumi tu mpɔn yiye.
She was arrested because of subjecting her daughter to child labour.,Wɔkyeree no esiane sɛ ɔde ne babaa yɛɛ adwuma dene
Poverty is one of the big reasons why children drop out of school.,Ohia yɛ nneɛma atitiriw a ɛma mmofra gyae sukuu no mu baako.
Terl your parents if you are sick so you are fit for school.,Terl w’awofo sɛ woyare a enti wofata ma sukuu.
The Minister of Education and Sports holds a workshop every year to budget for the sector and this normally takes place in the Accra International Conference Center,Asoafoɔ a wɔhwɛ nwomasua ne agodie so no yɛ adesua dwumadie de yɛ sikasɛm nhyehyɛeɛ ma wɔn asoeɛ na yei taa kɔ so wɔ Nkran Amanaman Ahyiaeɛ Beaeɛ.
The authority is analyzing the dynamics in the bridge construction.,Aban mpanyimfo no reyɛ nsakrae a ɛwɔ abɔntenban no si mu no mu nhwehwɛmu.
Some people are infected with the Human Immune Virus.,Nnipa binom anya Human Immune Virus.
The project looks at boosting the experience for proper education service delivery and developing agro-processing industries in Ghana,Dwumadie no hwɛ sɛ wɔbɛma osuahu a ɛwɔ hɔ ma nwomasua dwumadie a ɛfata no anya nkɔsoɔ na wɔama agro-processing nnwuma anya nkɔsoɔ wɔ Ghana
A fence was built around the main hospital.,Wɔtoo ban twaa ayaresabea no ankasa paa no ho.
Health workers will extend health care services to people's homes.,Akwahosan adwumayɛfo bɛtrɛw akwahosan ho nhyehyɛe mu akɔ nkurɔfo afie mu.
My young brother joined secondary school last year.,Me nuabarima kumaa no de ne ho hyɛɛ ntoaso sukuu afe a etwaam no mu.
Property taxes are the main sources of tax revenue for the local government.,agyapade ho tow ne nneɛma atitiriw a mpɔtam hɔ aban no nya towtua.
"The law states that power belongs to the people, highlighting the principle of power residing with the general population.","Mmara no se tumi yԑ ᴐmanfoᴐ no dea, na ԑsi so dua sԑ tumi hyԑ ᴐmanfoᴐ no nsa."
People have been assured that the bridge will be constructed.,Wɔama nkorɔfoɔ awerɛhyɛmu sɛ wɔbɛyɛ abɔntenban no.
The entire community is responsible for children's education.,Ɛyɛ ɔmanfoɔ no nyinaa asɛdeɛ sɛ wɔhwɛ ma mmɔfra kɔ sukuu na wɔsua adeɛ
Taxpayers benefit from corruption tendencies and corrupt officers.,Towtuafo nya adifudepɛ su ne polisifo adifudepɛ so mfaso.
Gambling is not allowed for persons below eighteen years of age.,"Wɔn a wonnii mfe dunwɔtwe no, wɔmma kwan mma wɔnkɔtow kyakya."
Malaria testing kits are helping people living in rural remote areas in the absence of a doctor,Nneɛma a wɔde yɛ atiridii mu nhwehwɛmu reboa nnipa a wɔte nkuraase mmeae a ɛwɔ akyirikyiri a oduruyɛfo nni hɔ.
Regular organising of health camps is beneficial to rural communities.,akwahosan nsraban ahorow a wɔyɛ no daa no so wɔ mfaso ma nkuraasefo.
The price of meat is determined by the butcher.,"Nam bo a wɔbɛtɔ no, nea ɔkum nam no na ɔkyerɛ."
He abruptly interrupted the conversation with an important announcement.,Ɔkaa asɛm bi a ɛho hia de twaa wɔn nkɔmmɔ no mu prɛko pɛ.
Candidates are campaigning to take the vacant seat.,Wɔn a wɔpɛ sɛ wɔpaw wɔn no reyɛ ɔsatu sɛ wɔbɛfa nkongua a ɛda hɔ kwa no.
The government has supported the farmers on the road to improve their werfare.,Aban no nam sika a wɔatwa ato hɔ ama akufoɔ no so asɔ wɔn asene.
"The pregnant woman was kicked by her husband, highlighting a case of domestic violence.","Ɔbea a onyinsɛn no kunu bɔɔ ne nan, na ɛtwee adwene sii ofie basabasayɛ ho asɛm bi so."
The forestry officer is accused of giving permission to illegal cutting down of trees.,"Wɔde soboɔ ama Ɔsoafoɔ a Ɔhwɛ yɛn kwaeɛ ho nsɛm so no sɛ, ɔnam kwatikwan bi so ama nnipa a wɔtu fam agudeɛ binom kwan ama wɔrebubu nnua wɔ ɔkwan a ɛmfata so"
Children are being able to access quality education especially girls.,Mmofra retumi anya nhomasua a ɛfata titiriw mmeawa.
Cultural leaders own big portions of land in their areas of administration.,Amammerɛ akannifo wɔ asase akɛse wɔ mmeae a wɔhwɛ so no.
Different African countries sent participants in to attend the Pan African Literacy For All Conference held in Kete-Krachi,Afrika aman ahorow somaa wɔn a wɔde wɔn ho hyɛɛ mu no sɛ wɔnkɔ Pan African Literacy For All Nhyiam a wɔyɛe wɔ Kete-Krachi no ase
He will join politics when he comes back to Ghana.,Ɔbɛka amammuisɛm bere a ɔsan ba Ghana no.
The rhinos were hunted during the civil instability years.,Wɔbɔɔ asono no abɔmmɔ wɔ ɔmanfo a na wontumi nnyina pintinn mfe no mu.
"I am a registered voter, allowing me to participate in the democratic process.","Meyɛ obi a wɔakyerɛw me din sɛ ɔtow aba, na ɛma me kwan ma mede me ho hyɛ demokrase nhyehyɛe no mu."
Having a lot of garbage around is poor hygiene and causes the spread of diseases.,"Sɛ wɔtow atɛkyɛ pii gu baabi a, ɛremma nnipa ho ntew, na ɛma yare trɛw."
Various efforts are being done to ensure improved medical statuses through sensitization.,Mmɔdemmɔ bebree rekɔ so sɛdeɛ ɛbɛyɛ a ɛboa ama nnuroyɛ ho nsɛm akɔ animu denam nkyerɛkyerɛ a wɔreyɛ so.
Every person will be vaccinated according to the law.,Wɔbɛbɔ obiara aduru panea mmara no kyerɛ.
The police are authorised to close out the police posts.,Wɔama polisifo tumi sɛ wɔnto polisifo adwumayɛbea ahorow no mu.
Premature children can grow normally just like others.,mmofra a wɔawo wɔn ntɛm betumi anyin sɛnea ɛsɛ te sɛ afoforo ara pɛ
The Ghana Martyrs that were killed were not only from the BGhana region,"Ghana Agyidifoɔ a wɔkumm wɔn no, ɛnyɛ BGhana mantam mu nko ara"
Public concerns are usually responded to by the rightful authorities.,"Mpɛn pii no, mpaninfoɔ a wɔfata no na wodi ɔmanfoɔ haw ahodoɔ ho dwuma."
"Over time the spot became soft, thereby allowing the townspeople to break through the wall and escape.","Berɛ kɔɔ so no, beaeɛ no yɛɛ mmerɛ, na ɛnam so maa kuro no mufoɔ tumi bubuu ɔfasuo no dwaneeɛ."
The directive will be planned for in the coming year.,Wɔbɛyɛ akwankyerɛ no ho nhyehyɛe wɔ afe a ɛreba no mu
The engineers want to construct the bridge without degrading the environment.,Wɔn a wɔyi akwan no pɛ sɛ wɔyɛ nsamsoɔ no wɔ kwan bi so a wɔrensɛe yɛn atenaeɛ no
Imprisonment is one of the ways of punishing students who strike.,Afiase yɛ akwan a wɔfa so twe sukuufo a wɔte atua no aso no mu biako.
More apartments should be constructed due to the growing population.,Ɛsɛ sɛ wosisi adan pii esiane nnipa a wɔredɔɔso nti.
Politicians from the north have been more influential than ever.,Amammuifo a wofi atifi fam anya nkɛntɛnso kɛse sen bere biara.
A few individuals are reported to have guns.,Ankorɛankorɛ kakraa bi na amaneɛbɔ kyerɛ sɛ wɔwɔ atuo.
"Ministry of finance, planning and economic development is in charge of managing public funds.","Sikasɛm ho adwumayɛbea, nhyehyɛe ne sikasɛm mu nkɔso na ɛhwɛ ɔman sika so."
The health minister will address the media about the vaccine,Ɔsoafoɔ a ɔhwɛ apɔmuden ho nɛm so no de aduro wɔde bɛwɔ paneɛ no ho nsɛm bɛaba abɛto ɔmanfoɔ anim.
She has been voted a Member of Parliament for her constituency.,W'aato aba ama no sɛ Mmarahyɛ Baguam ni ma ne mantam
Border districts are greatly affected by the Pandemic.,Ɔyaredɔm no aka ɔhye so aman kɛse.
How much revenue is expected to be collected in this financial year?,Sika ahe na wɔhwɛ kwan sɛ wobenya wɔ sikasɛm afe yi mu?
The minister has called upon people to take their children for immunization.,Ɔsoafoɔ no afrɛ Nipa nyinaa sɛ wɔmmfa wɔn mma nkɔ ma wɔn sɔ wɔn anum.
The poor status of the bridge has hindered the movement of goods .,Sɛnea abɔntenban no nyɛ papa no asiw nneɛma a wɔde fa kwan so no kwan .
There is also a purification ceremony of the ceremonial stools (where the Ewe believe the ancestral spirits reside) through the pouring of libations.,Wɔsan yɛ amanneɛ bi de te nkonnwa a wɔde hyɛ fa no ho (ɛmu na Anwonafoɔ no gye di sɛ nsamanfoɔ no honhom te) denam nsagu so.
The teacher was expected to lead the English seminar on Tuesday.,The teacher was expected to lead the English seminar on Tuesday.
The chairman is looking out for ways to help these people.,Oguamtrani no rehwehwɛ akwan a ɔbɛfa so aboa saa nkurɔfo yi.
If you test positive for coronavirus that does not mean you are going to die.,"Sɛ wohu sɛ wɔayɛ nyarewa ho nhwehwɛmu a, fi ase nom nnuru ntɛm ara."
"Human beings, regardless of their race or social standing, are supposed to be compassionate, and not just towards themselves, but towards other creatures as well.","Nnipa, a wɔn abusuakuw anaa asetra mu gyinabea mfa ho no, wɔkyerɛ sɛ wɔwɔ ayamhyehye, na ɛnyɛ wɔn ankasa nko, na mmom abɔde afoforo nso."
I applied for a bank loan but there is no feedback yet.,Me bisaa sikakorabea bisea nanso mmuae biara nni hɔ de besi nnɛ.
Malaria is not just a disease commonly associated with poverty: some evidence suggests that it is also a cause of poverty and a major hindrance to economic development.,Malaria nyɛ yareɛ a wɔtaa de bata ohia ho ara kwa: adanseɛ bi kyerɛ sɛ ɛsan de ohia ba na ɛyɛ akwansideɛ kɛseɛ ma sikasɛm mu nkɔsoɔ.
Is the New Patriotic Party and New Democratic Congress Party a political party or?,So New Patriotic Party ne New Democratic Congress Party yɛ amammuo kuo anaa?
Be careful with the person you leave your child with!,Hwɛ yiye wɔ onipa a wugyaw wo ba ma no no ho!
The Ghana National Commission was lunched yesterday to work on the seven year strategic pan on Tuesday.,Wɔdii Ghana National Commission no awia aduane nnɛra sɛ wɔrekɔyɛ adwuma wɔ mfeɛ nson strategic pan no ho wɔ ɛbenada
"The 2019 festival was with the theme, ""Uniting Anlo through its value for the benefits of its citizens and the nation at large"".","Na afe 2019 afahyɛ no ne asɛmti, ""Anlo a wɔbɛka abom denam ne boɔ a ɛsom ma ne manfoɔ ne ɔman no nyinaa so mfasoɔ""."
If you take days without eating food you might die..,Sɛ wogye nna a wunnni aduan a ebia wobɛwu.
He advised people to take good care of their cars.,Ɔtuu nkurɔfo fo sɛ wɔnhwɛ wɔn kar yiye.
The activity was to remember the missionaries who introduced Christianity in Ghana.,Na dwumadi no ne sɛ wɔbɛkae asɛmpatrɛwfo a wɔde Kristosom baa Ghana no.
Most of the development s take place on land.,Nkɔso dodow no ara kɔ so wɔ asase so.
Don't ever quit school for a minor job.,Nnyae sukuu da nnyɛ adwuma ketewaa bi.
Refugees are not informed about the laws governing the country.,wɔmmɔ aguanfo amanneɛ wɔ mmara a ɛfa ɔman no ho.
They are followed by an advance party at dawn and the main body at day break.,Ekuo bi a ɛwɔ anim di wɔn akyi anwummerɛ na ekuo no mufoɔ ankasa adi wɔn akyi adekyeɛ.
He says he can supply three chairs per day.,Ɔka sɛ obetumi de nkongua abiɛsa ama da biara.
"In response to the incident, the wildlife authority deployed staff at the borders to prevent further animal incursions and ensure community safety.","Wɔ asɛm a esii no ho mmuaema mu no, wuram mmoa ho adwumayɛbea no de adwumayɛfo kɔɔ ahye no so sɛnea ɛbɛyɛ a wobesiw mmoa a wɔbɛtow ahyɛ wɔn so bio no ano na wɔahwɛ ahu sɛ mpɔtam hɔfo nya ahobammɔ."
The hospital provides health services at a regional level.,Ayaresabea no di wɔ dwuma wɔ mantam no nyinaa mu
The district has limited funds to cater for all the needs in society.,Ɔmantam no nni sika kakraa bi a wɔde bedi ahiade ahorow a ɛwɔ ɔmanfo mu nyinaa ho dwuma.
Teenage pregnancies can be avoided by legalizing school health policy.,Wobetumi akwati mmabun nyinsɛn denam sukuu akwahosan ho nhyehyɛe a wɔbɛma ayɛ mmara kwan so no so.
Local leaders in the Suaman District have set up courts to handle simple cases at a village level.,Mpɔtam hɔ akannifoɔ a wɔwɔ Suaman Mansini mu ahyehyɛ asennibea ahodoɔ a wɔbɛdi nsɛm a ɛnyɛ den ho dwuma wɔ nkuraa no ase.
"Currently, the number of refugees has increased in Ghana.","Mprempren, aguanfo dodow akɔ soro wɔ Ghana."
The police have a duty of protecting people during the riots.,Polisifo wɔ asɛyɛde sɛ wɔbɔ nkurɔfo ho ban bere a basabasayɛ rekɔ so no.
The gender based violence is as a result of excessive alcohol consumption.,Deɛ ɛma nnipa binom teetee nkurɔfoɔ a ɛsono wɔn bɔbeasu no yɛ nsa a wɔnom bebree
The government is not helping the youth to become job givers.,Aban no mmoa mmabunu no mma wɔnyɛ nnipa a wɔma nnwuma
Radio stations played his songs the whole day.,radio dwumadibea ahorow bɔɔ ne nnwom da mu no nyinaa.
People's crops are destroyed during the land conflicts.,Nkorɔfoɔ nnɔbaeɛ sɛe  berɛ a wɔreko asase no ho.
The contestants were expected to show their talents to the public.,Ná wɔhwɛ kwan sɛ akansifo no bɛda wɔn talente adi akyerɛ ɔmanfo.
More people are being discharged from hospitals after recovering from the coronavirus .,Wɔreyi nnipa pii afi ayaresabea bere a wɔn ho atɔ wɔn wɔ korona nsanyare no ho no.
If constructing a school delays the children will miss out on education.,Sɛ sukuu a wɔbɛsi no kyɛ a mmofra no bɛhwere nhomasua.
Patients that have recovered are discharged from the hospital.,Wɔyi ayarefoɔ a wɔn ho atɔ wɔn no firi ayaresabea hɔ.
Government must inform the public of its intentions and activities.,Ɛsɛ sɛ aban ka n'atirimpɔw ne n'adwuma ho asɛm kyerɛ ɔmanfo.
The municipal council will solicit funds to establish market stalls for fishmongers.,Mansini no kansele no bɛsrɛsrɛ sika de asi dwa de ama mpataa adwadifoɔ
Special thanks were conveyed to the bishop for his visionary leadership.,Wɔde aseda soronko maa bishop no wɔ n’anisoadehunu akanni no ho.
The rally is going to be in the school playground.,Nhyiam no rekɔ so wɔ sukuu agoprama so.
Most of the land in Ghana is privatery owned by different people.,Asase a ɛwɔ Ghana no mu dodow no ara yɛ ankorankoro dea a nnipa ahorow na wɔwɔ.
The goods stolen were worth five million Ghana cedis.,Nneɛma a wɔwiaeɛ no sombo bɛyɛ Ghana sika sidisi ɔpepem num
Justice must prevail at all times and at all costs.,Ɛsɛ sɛ atɛntrenee di nkonim bere nyinaa ne ɔkwan biara so.
The new board of directors for Soroti referral hospital have been inaugurated.,Wɔabue Soroti ayaresabea a wɔde wɔn kɔ ayaresabea no akwankyerɛfo badwa foforo no ano.
The district trained and equipped health workers with new skills and knowledge.,Ɛsɛ sɛ mansini no no tetee ayarefoɔ bebree maa wɔn nneɛma a wɔde bɛyɛ adwuma.
I feel more comfortable when I am at my grandmother's place.,"Sɛ mewɔ me nanabea nkyɛn a, me ho tɔ me kɛse."
Police have been investigating this murder for some time.,Polisifoɔ ayɛ awudisɛm yi mu nhwehwɛmu bere tenten ni.
Parents are encouraged to use the different family planning methods.,Yɛhyɛ awofoɔ nkuran sɛ wɔmfa awoɔ nhyehyɛeɛ ahodoɔ no nni dwuma.
Many people describe J.J Rawlings as a very impatient man.,Nnipa pii ka J.J Rawlings ho asɛm sɛ ɔbarima a onni abotrɛ koraa.
The funds to build a school resource centre and solar were stolen.,Wɔwiaa sika a wɔde baa sɛ wɔmfa nsi beaeɛ a wɔde sukuu adesua ho nneɛma bɛgu na wɔmfa bi nyɛ anyinam kanea a wɔnya firi awia mu no
It should be illegal to beat up your spouse.,ɛsɛ sɛ etia mmara sɛ obi bɛbo ne hokafo.
The officer portrayed a bad image of the police.,Ɔsraani panyin no yɛɛ polisifo no ho mfonini bɔne.
Collaboration between organisations leads to birth of new knowledge.,Ahyehyɛde ahorow ntam biakoyɛ ma wɔwo nimdeɛ foforo.
It is good to fully utilize all the resources at your disposal.,Ɛyɛ papa sɛ wode nneɛma a wowɔ nyinaa bedi dwuma.
One can make a right decision or a wrong one as one culture may not work in another culture.,Obi betumi asi gyinae pa anaa nea ɛnteɛ efisɛ ebia amammerɛ biako rennyɛ adwuma wɔ amammerɛ foforo mu.
The medicine is delivered up to the facility's door step.,Wɔde nnuro no kɔduro apɔmuden asoɛeɛ a wɔhwɛ so no kwan ano.
"To operate a business in Ghana, you have to be recognized by the government.","Nea ɛbɛyɛ na woatumi adi dwa wɔ Ghana no, ɛsɛ sɛ aban no gye wo tom."
"The program works from three years on climate, agriculture and involving in resilience building.","Dwumadie no yɛ adwuma fi mfeɛ mmiɛnsa wɔ wim tebea, kuayɛ ne ho a wɔde hyɛ mu wɔ resilience building mu."
"In modern schools, students use computers for studies.","Wɔ nnɛyi sukuu ahorow mu no, sukuufo de kɔmputa di dwuma de sua ade."
"In the next financial year, teachers' salaries are to be increased.","Wɔ sikasɛm afe a edi hɔ no mu no, ɛsɛ sɛ wɔma akyerɛkyerɛfo akatua kɔ soro."
He was arrested after residents alerted the police about the missing computers.,Wɔkyeree no bere a ɛhɔfo bɔɔ polisifo kɔkɔ wɔ kɔmputa ahorow a ayera no ho akyi.
"You know, gossiping is not only done by women. Men too, contrary to common believe, can be very gossipy sometimes. They talk a lot behind closed doors too.","Wonim, ɛnyɛ mmaa nko ara na wɔdi nkɔnkɔnsa. Mmarima nso, a ɛne deɛ nnipa dodoɔ no ara gye di bɔ abira no, tumi di nkɔnkɔnsa pa ara mmerɛ binom mu. Wɔka nsɛm pii wɔ adan mu."
All other leaders praised him for being a cheerful man.,Akannifo a aka nyinaa kamfoo no sɛ ɔyɛ ɔbarima a n’ani gye.
"Presently, mothers with the virus are helped by doctors to produce safe children.","mprempren, nnuruyɛfo boa ɛnanom a wɔwɔ mmoawa no ma wɔwo mma a ahobammɔ wom."
Being an active member of the ruling party in Ghana guarantees a ministerial promotion.,"Sɛ woyɛ kuw a edi tumi wɔ Ghana no muni a ɔyɛ nnam a, ɛma wonya asomfo dibea."
"After several battles, the out numbered Akim–Akwapim alliance were defeated and became tributories to the Ashantis. The Ashanti was established from the midlands down to the coast.","Wɔ akodi pii akyi no, wodii Akim–Akwapim apam a na wɔn dodow boro so no so nkonim na wɔbɛyɛɛ Asantefoɔ no tow. Wɔde Asante  sii hɔ fi mfinimfini nsase so kosii mpoano."
The police have taken the victim in their custody.,Polisifo de nea wɔakum no no akɔ wɔn afiase.
Senior officials exaggerated the numbers to mismanage funds.,Mpanyimfoɔ hanehanee wɔn ani ma ɛboroo sika dodoɔ a wɔn anfa anyɛ hwee no so
The community has the highest rates of high school dropouts.,Mpɔtam hɔ na wɔn a wogyae ntoaso sukuu dɔɔso sen biara
The youth are advised to resist drug abuse.,Wɔhyɛ mmabun no fo sɛ wɔnko tia nnubɔne a wɔde di dwuma ɔkwammɔne so.
Projects have been set up to grow the education sector.,wɔayɛ nnwuma ahorow a ɛbɛma nhomasua dwumadibea no anya nkɔso.
People have acquired knowledge on how to protect themselves from this disease.,Nkorɔfoɔ anya nimdeɛ afa ɔkwan a wɔbɛbɔ wɔn ho ban afiri saa yadeɛ yi ho.
The leaders have failed to provide solutions to challenges faced by fishermen.,Akannifoɔ no ammɔ wɔn ho mmɔden ampɛ akwanpa amfa ansi namyifoɔ a wɔkɔ po so no hwan no ano kwan.
Some religions prohibit their followers from drinking alcohol.,Ɔsom ahodoɔ bi bara wɔn akyidifo sɛ wɔnnom nsa.
"The residents, concerned about their stolen cattle, raised their complaints during a village meeting with their leaders.",Wɔn a wɔte hɔ no a na wɔn anantwi a wowiae no haw wɔn no de wɔn anwiinwii too gua wɔ akuraa ase nhyiam bi a wɔne wɔn akannifo yɛe no ase.
Schools play a big role in teaching nationals how to read and write.,sukuu ahodoɔ di dwuma kɛse wɔ ɔman mma a wɔkyerɛkyerɛ akenkan ne akyerɛw mu.
The head teacher is happy with the new classroom block.,Ɔkyerɛkyerɛni panin no ani agye ɛdan foforɔ a wɔasi ama wɔn no ho.
Hand washing should be adopted as a habit.,Ɛsɛ sɛ wode nsa hohoro yɛ wo su.
Some organisations are interested in conserving the environment.,Ahyehyɛde ahodoɔ bi ani gye ho sɛ wɔbɛkora nneɛma a atwa yɛn ho ahyia so.
Is it necessary for the police to carry out community policing?,So ɛho hia sɛ polisi yɛ mpɔtam hɔ polisifoɔ adwuma?
"The dissatisfied contendants should always wait for next elections, forgive and move forward .","Ɛsɛ sɛ akansifo a wɔn ani nnye ho no twɛn abatow a edi hɔ bere nyinaa, wɔde kyɛ na wɔkɔ wɔn anim ."
Sometimes parents settle defilement cases with perpetrators in their homes.,Ɛtɔ mmere bi a awofo ne wɔn a wɔyɛ bɔne no siesie efĩ ho nsɛm wɔ wɔn afie mu.
All my cows have been vaccinated to protect them from diseases.,Wɔabɔ m’anantwi nyinaa ho ban de abɔ wɔn ho ban afi nyarewa ho.
The church has come up with biblical teachings to educate teenagers.,Asɔre no de Bible nkyerɛkyerɛ aba de akyerɛkyerɛ mmabun.
The president has spoken against the recent assassinations of public figures.,Ɔmanpanin no akasa atia ɔman no atitire nnipakum a ɛnkyɛreeɛ no ho.
Engaging in vigilantism is considered a criminal act.,"Sɛ obi de ne ho hyɛ basabasayɛ mu a, wobu no sɛ ɛyɛ bɔne."
I anticipate bringing this picture answers why they were searching for me.,Mehwɛ kwan sɛ mede mfonini yi mmuae bɛba nea enti a na wɔrehwehwɛ me no.
International countries praised Ghana for supporting people with disabilities.,Amanaman ntam aman kamfoo Ghana sɛ ɛboa nnipa a wɔadi dɛm.
The secretary cannot find the minutes of yesterday's meeting but was allowed to make a speech.,Ɔtwerɛfoɔ no antumi anhunu nnora nhyiamu nsɛm a ɔtwerɛeɛ no nanso wɔmaa no kwan sɛ ɔnkasa.
Most of the people are living in grass-thatched houses.,Nnipa no mu dodow no ara te afie a wɔde sare ayɛ mu.
"Sensitizing people about land ownership is crucial, especially considering the ongoing land wrangling cases.","asase a wɔwɔ ho a wɔbɛma nkurɔfo ate ase no ho hia yiye, titiriw bere a yesusuw asase ho akasakasa a ɛkɔ so no ho no."
The Christians in the parish were excited to see the new church.,Kristofo a wɔwɔ asɔredan no mu no ani gyei sɛ wohuu asɔre foforo no.
Cassava growing should be encouraged in every village.,Ɛsɛ sɛ wɔhyɛ cassava dua ho nkuran wɔ a
Eight children have lost their lives in the quarry.,Mmofra baawɔtwe na wɔawuwu wɔ  abotan paepae adwuma mu.
Parents are legally required to support their minor children.,Mmara hwehwɛ sɛ awofoɔ hwɛ wɔn mma nkumaa.
Destruction of homes leads to displacement of people.,Afie a wɔsɛe no ma nkurɔfo tu fi wɔn afie mu.
The woman leader raised the matter in the parliament sitting yesterday.,Ɔbaa kannifoɔ no de asɛm no too dwa wɔ mmarahyɛbadwam atenaseɛ nnora.
Programs that provide access for women to better markets should be started.,ɛsɛ sɛ wofi nhyehyɛe ahorow a ɛma mmea nya kwan kɔ gua pa so ase.
He was caught on camera stealing things from the supermarket.,Wɔde mfoninitwa afiri kyeree no sɛ ɔrewia nneɛma afi aguadidan kɛse no mu.
Praying has to be part of our lives.,ɛsɛ sɛ mpaebɔ yɛ yɛn asetena mu
The Angule people illegally attained the property on the land and they aren't welcome.,Angulefoɔ no nyaa agyapadeɛ a ɛwɔ asase no so no wɔ ɔkwan a mmara mma ho kwan so na wɔmma wɔn akwaaba.
They appreciated the government's effort towards improving their standard of living.,Wɔbɔɔ aban no aba so wɔ n'adwuma a ɔde maa wɔn asetenam abrabɔ tuu mpɔn.
People were sensitized about the dangers of deforestation.,Wɔmaa nkorɔfoɔ hunuu ɔhaw a ɛwɔ nnuatwa mu.
The supply of slaves to the Gold Coast was entirely in African hands.,Na nkoa a wɔtɔn wɔn wɔ Sika Kɔkɔɔ Mpoano no hyɛ Abibiman nsa.
People have been left homeless because the storm destroyed their property.,Nkorɔfoɔ nni fie te mu ɛnam ahum a ɛsɛe wɔn nnyapadeɛ no nti.
Deforestation is hazardous and it should be avoided.,Kwae a wotutu yɛ asiane na ɛsɛ sɛ wɔkwati.
"Information sharing ,knowledge acquisition and life skills are important life goals.","Nsɛm a wɔkyɛ ,nimdeɛ a wobenya ne asetena mu nimdeɛ yɛ asetena mu botaeɛ a ɛho hia."
"In the morning, we greet ""good morning"", in the afternoon, ""good afternoon"" and in the evening, ""good evening.""","Anɔpa no, yɛkyia ""anɔpa pa"", awia, ""awia pa"" na anwummere no, ""anwummere pa."""
Some people give names to their children that praise God's goodness to them.,Nnipa binom to wɔn mma din a ɛkamfo Onyankopɔn papayɛ ma wɔn.
Many people from different areas are sons and daughters to this orphanage.,Nnipa pii a wofi mmeae ahorow yɛ mmabarima ne mmamaa a wɔn ase firi nyankafie yi.
Parents should help with teaching their children good and acceptable etiquette in the society.,Ɛsɛ sɛ awofoɔ boa ma wɔkyerɛkyerɛ wɔn mma abrabɔ pa a wɔgye tom wɔ ɔman no mu.
"In the last elections, we had presidential debates.","Wɔ abatow a etwaam no mu no, yenyaa ɔmampanyin ho akyinnyegye ahorow."
Some farmers use hoes to dig or plough the land.,Akuafo binom de akutu tutu anaa wɔfuntum asase no.
I am directly involved in the education of my children.,Mede me ho hyɛ me mma nhomasua mu.
The people of Ajumako have urged to work together with the local government in order to combat the spread of measles.,Wɔahyɛ nnipa a wɔwɔ Ajumako no sɛ wɔne mpɔtam hɔ aban no nyɛ adwuma sɛdeɛ ɛbɛyɛ a wɔbɛko atia ntɛnkyɛm a ɛretrɛ no.
"I am afraid to hold newborn babies because they look too fragile and I fear I might break them. That is quite silly of me, I know, but I can't help but feel that way always.","Misuro sɛ mɛkura nkwadaa a wɔawo wɔn foforo efisɛ ɛte sɛ nea wɔyɛ mmerɛw dodo na misuro sɛ ebia mɛbubu wɔn. Ɛno yɛ nkwaseasɛm koraa ma me, minim, nanso mintumi nnyɛ hwee sɛ mɛte nka saa bere nyinaa."
People should be sensitized about the dangers of gender based violence.,Ɛsɛ sɛ wɔma nkorɔfoɔ te asiane a ɛwɔ basabasayɛ a ɛgyina ɔbarima ne ɔba so mu no ase.
"The male child circumcision rate in Ghana is around 95%, with operations performed in hospitals and clinics.","Mmɔfra mmarima twɛtiatwa dodoɔ wɔ Ghana yɛ bɛyɛ ɔha nkyemu aduokron-num(95%), a aprehen ka ho a wɔyɛɛ bi wɔ ayaresabea akɛseɛ ne nketewa mu."
"Ga people living in Portland, Oregon host the ""Portland Homowo & Twins Festival"" to celebrate alongside their native counterparts.","Nkranfoɔ a wɔte Portland, Oregon, di ""Portland Homowo & Twins Festival"" sɛ wɔne wɔn kuromfo a wɔwɔ ha no bedi afahyɛ."
The police has carried out community policing to keep law and order in the district.,Polisifo ayɛ mpɔtam hɔ polisifo adwuma de ama mmara ne nhyehyɛe akɔ so wɔ ɔmantam no mu.
She spent a lot of money on the tickets to the soccer game.,ɔsɛee sika pii wɔ tekiti a wɔde bɛkɔ bɔɔlbɔ no ho
The man is still being tracked down by the police.,Apolisifoɔ gu so rehwehwɛ papa no akye no.
The people will acquire seeds for crop growing.,Nkurɔfo no benya aba a wɔde bedua nnɔbae.
It is possible for one to be healthy and disease-free.,Ebɛtumi aba sɛ obi bɛnya apɔmuden na yareɛ biara nni ne ho.
Our teacher is in class every day on time.,Yɛn kyerɛkyerɛni no ba adesua dan mu ntɛm da biara.
The challenges faced by people need immediate solutions.,Nsɛnnennen a nkurɔfo hyia no hia ano aduru ntɛm ara.
How the hospital helps people recover fast after the surgery.,Sɛnea ayaresabea boa nkurɔfo ma wɔn ho tɔ wɔn ntɛmntɛm wɔ oprehyɛn no akyi.
To be able to get water quickly you have to be at the borehole very early.,"Nea ɛbɛyɛ na woatumi anya nsuo ntɛm no, ɛsɛ sɛ woduru bɔɔhoo no ano anɔpa pa ara."
Support from the technical and financial team is appreciated by the Ministry of Health.,Akwahosan Dwumadibea no ani sɔ mmoa a efi mfiridwuma ne sikasɛm kuw no hɔ.
Most of the uneducated people are very brilliant .,Nnipa a wonsuaa nhoma no mu dodow no ara yɛ wɔn a wɔn ho akokwaw yiye.
"He will be flown to the hospital, indicating that he will be transported by air for medical treatment.","Wɔde wimhyɛn bɛkɔ ayaresabea, na ɛkyerɛ sɛ wɔde wimhyɛn bɛfa no akɔ ayaresa."
The position paper shows the current situation of refugees.,Gyinabea krataa no kyerɛ tebea a aguanfo wom mprempren.
The school gave out bursaries to some students and some refugees were also admitted on bursaries.,Sukuu no maa sukuufo binom sika a wɔde bɛma wɔn na wɔmaa aguanfo binom nso gyee sika a wɔde ma wɔn.
They include a peace-making period in which all disputes are ended with the finding of an amicable solution.,Deɛ ɛka ho ne berɛ a wɔde hwehwɛ asomdwoeɛ a saa berɛ no wɔde siesie nsɛm na wɔatwa sika ama nkurofoɔ atua de ayɔnkofa asiesie biribiara.
Good roads also help in the development of the community.,Akwan pa boa ma mpɔtam no nya mpuntuo nso.
We sit around the fireplace with our mother and discuss a lot of issues.,Yɛne yɛn maame tena ogya no ho na yɛka nneɛma bebree ho asɛm.
Adolescents girls are vulnerable and they need protection.,Mmabaa a wɔrebɛn wɔn mpanyin mfeɛ so no yɛ mmerɛw na wohia ahobammɔ.
Pretending to be what your not is not good.,wobɛyɛ wo ho sɛ nea wonyɛ no nyɛ papa.
Commercial farming requires a bigger piece of land.,Kuadwuma a wɔde di gua hwehwɛ sɛ wonya asase kɛse.
The number of students in private schools depends on its academic performance.,Asukuufoɔ dodoɔ a ɛwɔ ankorɛankorɛ sukuu mu no gyina wɔn mmɔdenbɔ wɔ nwomasua mu.
The savings group is composed of people of different cultures and every culture has its own cultural rituals.,Sikakorabea kuw no yɛ nnipa a wɔn amammerɛ gu ahorow na amammerɛ biara wɔ n’ankasa amammerɛ amanne.
The court made a decision in favor of the regional leaders.,Asɛnnibea no sii gyinae bi de boaa ɔmantam akannifo no.
The bus ticket will be used to pay the players' bills.,Wɔde bɔs tekiti no bedi dwuma de atua agodifo no ka.
The project looks at protecting the environment from industrialization.,Adwuma no hwɛ sɛ wɔbɛbɔ nneɛma a atwa yɛn ho ahyia ho ban afi mfiridwuma mu nkɔso ho.
A motivated worker is most likely to be efficient and happy at work.,Adwumayɛfoɔ a yɛma no nkrunhyɛ tae yɛ adwuma yiye na n'ani gye wɔ adwuma mu nso.
School fees paid by parents can be used for many things in developing a school.,sukuu ka a awofo tua no betumi ayɛ nneɛma pii wɔ sukuu nkɔso mu.
Are two days enough to study for an exam?,So nna abien dɔɔso sɛ wobɛsua ade akɔyɛ sɔhwɛ?
"Since roads intrude on people's roads, they are compensated for the inconvenience.","Esiane sɛ akwan hyɛn nkurɔfo akwan so nti, wotua wɔn ka wɔ ɔhaw no ho."
She was a well -informed leader for her region.,Na ɔyɛ ɔkannifoɔ a ɔwɔ nimdeɛ pa ma ne mantam no.
The hospital intends to secure drugs directly from the National Drug Authority.,Ayaresabea no ayɛ sɛ wɔbɛgye nnuro afiri Asoeɛ a Ɛhwɛ Nnuro ho nsɛm wɔ ɔman yi mu no hɔ tee.
People should not be allowed to access the quarry to avoid accidents.,Ɛnsɛ sɛ wɔma nkorɔfoɔ kwan ma wɔkɔ baabi a wɔtu aboɔ no na wɔakwati akwanhyia.
The Mole-Dagbon Kingdoms are the earliest political kingdoms of Modern Ghana.,Mole-Dagbon Ahenie no yɛ amanyɔkuo ahennie a ɛnkyɛeɛe wɔ nnɛ Ghana.
One of the candidates was not good at speaking English.,Ná wɔn a wɔpɛ sɛ wɔpaw wɔn no mu biako nnim Borɔfo ka papa.
Farmers form associations to exchange knowledge with fellow farmers.,Akuafo te kuw ahorow de ka wɔn nimdeɛ kyerɛ wɔn mfɛfo akuafo.
Parents should report sexual violence to the police.,Ɛsɛ sɛ awofoɔ bɔ nna mu basabasayɛ ho amanneɛ kyerɛ polisifoɔ.
There is no medicine in public hospitals and we really need blood donors.,Nnuro biara nni aban ɔman ayaresabea ahodoɔ no mu na yɛhia nnipa a wɔbɛtwe mogya akyɛ yɛn nso.
Any person who plans on breaking the law and order will be arrested.,Wɔbɛkyere obiara a ɔyɛ nhyehyɛe sɛ obebu mmara ne nhyehyɛe so.
Girls are taught how to take care of a home once they are married.,Wɔkyerɛkyerɛ mmabea sɛnea wɔbɛhwɛ fie bere a wɔaware
Children do not usually get along with step mothers.,"Mpɛn pii no, mmofra ne ɛnanom a wɔyɛ mpenafo ntra yiye."
My sister doesn't have time to breastfeed her one month old baby.,Me nuabea nni bere mfa mma ne ba a wadi ɔsram biako nufu.
"You need to start your own business, encouraging someone to establish their own enterprise.","Ɛsɛ wo ara wohyɛ w'adwuma ase, worehyɛ obi nkuran ama wahyɛ ɔno ara n'adwuma ase."
Some designers have created new stylish Muslim attires.,Adwumfo binom ayɛ Nkramofo ntade foforo a ɛyɛ fɛ.
The village leader presented the paper to the district task force.,Akuraase kannifoɔ no de krataa no maa mansini adwumakuo no.
Report any suspicious acts in environment to the police.,nneyɛe biara a ɛyɛ adwenem naayɛ a ɛfa nneɛma a atwa yɛn ho ahyia ho amanneɛ kyerɛ polisifo.
"The land supports cultivation of crops such as maize, rice, guinea corn, yam, millet, sweet potato, soybean, groundnut, Bambara beans, cassava, watermelon, and many others.","Nneɛma a wɔbɛtumi adua no asase no so no binom ne aburoo, ɛmo, bayerɛ. atokoɔ, aborɔdwomaa, nkatea, adua. akyee, bankye, anamuna, ne deɛ ɛkeka ho."
"Currently, the country has many political parties contesting for the presidential seat.","Mprempren, ɔman no wɔ amammui akuw pii a wɔrepere ɔmampanyin agua no."
"Teachers, who are frequently absentees and fail to properly plan for their lessons, contribute to the problem of students sitting for exams when they are not yet adequately prepared.",Akyerɛkyerɛfo a wɔtaa nkɔ sukuu na wontumi nyɛ wɔn adesua ho nhyehyɛe yiye no boa ma ɔhaw a ɛne sɛ sukuufo bɛtra sɔhwɛ bere a wonnya nsiesiee wɔn ho yiye no ba.
Many teachers in government schools lost their jobs after being dereted from the payroll by the ministry of public service .,Akyerɛkyerɛfo pii a wɔwɔ aban sukuu ahodoɔ mu hweree wɔn adwuma bere a ɔman adwumayɛbea no popaa wɔn din fii akatua ho nhyehyɛe mu no .
Some of the key successes achieved by Ministry of Education and Sports have been shared on social media.,Wɔakyekyɛ nkonimdi atitiriw a Ministry of Education and Sports anya no bi wɔ social media so.
In 1830 a London committee of merchants chose Captain George Maclean to become president of a local council of merchants.,"Wɔ 1830 mu no, London aguadifo boayikuw bi paw Captain George Maclean sɛ ɔmmɛyɛ mpɔtam hɔ aguadifo bagua bi titrani."
He was crushed to death by the truck he was sleeping under.,Lɔre a na ɔda ase no bubuu no ma owui.
The education minister said; briefing of candidates will take place in February next year.,"Ɔsoafoɔ a ɔhwɛ nwomasua so no aka sɛ, wɔbɛma kyerɛkyerɛ asuafoɔ a wɔrekɔtwerɛ no wɔ Ogyefuo bosome no mu"
The Kingdom of Dagbon (Dagbaŋ) is the oldest and one of the most organised traditional kingdoms in Ghana founded by the Dagomba people (Dagbamba) in the 15th century.,Dagbon (Dagban) ahennie no ne ahennie a akyɛ pa ara ne ahennie baako a wɔahyehyɛ no yie wɔ amammerɛ kwan so wɔ Ghana a Dagombafoɔ (Dagbamba) na wɔtete no afe 15 no mu.
More security officers have been deployed at my home.,Wɔde ahobammɔ adwumayɛfo pii akɔ me fie.
Refugees are taking up creative ways of earning an income.,aguanfo refa akwan foforo so anya sika.
It's the Bishop's responsibility to appoint new leaders for various churches.,Ɛyɛ Bishop no asɛdeɛ sɛ ɔpaw akannifoɔ foforɔ ma asɔre ahodoɔ no.
Animals are a form of wealth to farmers.,Mmoa yɛ ahonyade ma akuafo.
Majority of the youth are involved in drug abuse.,Mmabunu no mu dodoɔ no ara de wɔn ho hyɛ nnubɔne a wɔde di dwuma ɔkwammɔne so mu.
Judiciary interprets laws and makes rulings on legal questions.,Atemmufo kyerɛ mmara ase na wobu atɛn wɔ mmara mu nsɛmmisa ho.
I met my husband on my eighteenth birthday.,Mihyiaa me kunu wɔ m’awoda a ɛto so dunwɔtwe.
"Without IMF, will Ghana be able to sustain its economic growth and stability?","IMF nni hɔ a, Ghana bɛtumi ama ne sikasɛm nkɔsoɔ agyina faako?"
It's good to preach the gospel to others.,Ɛyɛ papa sɛ wobɛka asɛmpa no akyerɛ afoforɔ.
The church leaders play an important role in bringing Christians together.,Asɔre akannifo di dwuma titiriw wɔ Kristofo a wɔka bom no mu.
Refugees were told to settle in specific areas and more of them decided to settle in the central region.,wɔka kyerɛɛ aguanfo sɛ wɔnkɔtra mmeae pɔtee bi na wɔn mu pii sii gyinae sɛ wɔbɛtra mfinimfini mantam no mu
Am studying entrepreneurship and small business at the university.,Meresua adwumayɛ ne nnwuma nketewa ho ade wɔ sukuupɔn no mu.
Authority to apprehend anyone who doesn't keep law and order.,Tumi a wɔde bɛkyere obiara a onni mmara ne nhyehyɛe so.
I was a head girl in my primary school.,Ná meyɛ abeawa panyin wɔ me mfitiase sukuu mu.
The prisoners were taken for medication whenever they fell sick.,Ná wɔde nneduafo no kɔma nnuru bere biara a wɔbɛyare.
Illegal charcoal burners should be punished by law.,Ɛsɛ sɛ wɔde mmara twe wɔn a wɔhyew bediea mmara mma ho kwan no aso.
Do as much revision in preparation for your examination.,Yɛ nsakrae pii saa de siesie wo ho ma wo sɔhwɛ no.
The teachers management system was created by the University of Ghana's Software Engineering Student,Atikyafoɔ hwɛsofoɔ sistɛm no Ghana Software Engineering Suapɔn sukuuni na ɛyɛeɛ.
Some babies die in their first of twenty-eight days on earth.,Nkokoaa bi wuwu wɔ wɔn nna aduonu awotwe a wɔde tra asase so no mu nea edi kan.
"The more you practice, the more you become perfect.","sɛ wokɔ so di dwuma bi a, na ama wo nimdeɛ fa ho no nso akɔ soro pii."
"Revolutions are brought about by men, by men who think as men of action and act as men of thought.","Nnipa na wɔde ɔman anidan ahorow ba, mmarima a wosusuw nneɛma ho sɛ nnipa a wɔyɛ ade na wɔyɛ wɔn ade sɛ nnipa a wosusuw nneɛma ho"
I think the budget was not submitted to the district offices.,Misusuw sɛ wɔamfa sikasɛm nhyehyɛe no amma mansini adwumayɛbea ahorow no.
The district should lobby and get health equipment from the Ministry.,Ɛsɛ sɛ mansini no kɔpere apɔmuden ho nneɛma firi Asoeɛ no hɔ.
I will postpone my traditional wedding until next year due to the pandemic outbreak.,Mede me amammerɛ ayeforohyia no bɛto nkyɛn akosi afe a edi hɔ no esiane ɔyaredɔm a ɛpae gui nti.
The doctor encouraged us to feed babies with nothing but breast milk alone.,Dɔkotafoɔ no hyɛɛ yɛn nkuran sɛ yɛmfa nufusuo nko ara mma mmɔfra no.
All teachers should belong to a savings group.,Ɛsɛ sɛ akyerɛkyerɛfo nyinaa ka sikakorabea kuw bi ho.
He surrendered to the police two days after knocking down a woman.,Ɔde ne ho maa polisifo bere a ɔbɔɔ ɔbea bi hwee fam akyi nna abien.
There was an increase in prices of basic food Staples during the lockdown.,Nnoɔma a yɛdi no boɔ kɔɔ soro wɔ dan-mu-hyɛ berɛ no mu.
The district needs to establish new infrastructures in the area.,Ɛsɛ sɛ mansini no sisi adan afoforɔ wɔ saa beaeɛ hɔ.
Teachers are not committed to providing knowledge to the pupils.,Akyerɛkyerɛfo nhyɛ bɔ sɛ wɔde nimdeɛ bɛma asuafo no.
The members of the community were trained on how to wash their hands.,Wɔtetee nnipa a wɔwɔ kuro no mu wɔ ɔkwan a wɔbɛfa so ahohoro wɔn nsa.
The market for food items is readily available.,Adwadie a ɛfa aduane ho no nso kɔ so berɛ nyinaa.
Leaders denied the allegations saying a certain set selection procedure is followed.,Akannifoɔ no poo soboɔ ahodoɔ no kae sɛ wodi nhyehyɛe pɔtee bi a wɔde paw nnipa akyi.
A Wangkwa resident advised aspirants to unite electorates to deliver services.,Wangkwa beae tenafoɔ bi etu wɔn a wɔrepɛ dibea sɛ wɔn nka wɔn a wɔtumi to aba mmɔm nyɛ ɔsom dwumadie ahodoɔ.
Members of traditional churches aim to be Christians without losing their African identity.,Atetesɛm asɔre ahodoɔ mufoɔ de asi wɔn ani so sɛ wɔbɛyɛ Kristofo a wɔrenhwere wɔn Abibirem nipasu.
The training shall be in groups of ten.,Ntetee no bɛyɛ akuw a emufo yɛ du.
The ministry of agriculture has provided farmers with medicine and spraying machines.,Asoɛeɛ a ɛhwɛ kuadwuma so no ama akuafoɔ nnuro ne afiedie a yɛde bɔ afuo so nnuro.
The family of the deceased was grieved and sorrowful.,Owufoɔ no abusuafoɔ no werɛ hoo yie pa ara
A trainee nurse is checking patients in the hospital.,Ɔyarehwɛfo bi a ɔwɔ nteteeɛ mu  no rehwɛ ayarefo wɔ ayaresabea hɔ.
"Under Mills, Ghana's stable economy experienced sustained reduced inflation leading to the attainment of single digit inflation of about 8.4%","Wɔ Mills ase no, Ghana sikasɛm a ɛyɛɛ den no nyaa nnoɔma boɔ a ɛso te berɛ nyinaa a ɛde sika boɔ a ɛkɔ soro a ɛyɛ akontaahyɛdeɛ baako a ɛyɛ bɛyɛ 8.4% baeɛ. ."
The district should request for health equipment directly from the ministry of health.,Ɛsɛ sɛ mansini no mansini no srɛ apɔmuden ho nneɛma firi Asoeɛ a Ɛhwɛ Apɔmuden ho nsɛm so no hɔ tee
No one has the right to evict the army forces if they occupy a given place.,Obiara nni hokwan sɛ ɔtu asraafo dɔm no fi hɔ sɛ wɔfa baabi a wɔde ama no a.
Farmers have been able to feed their families and educate their children.,Akuafo tumi hwɛ wɔn mmusua ma wɔn aduan di na kyerɛkyerɛ wɔn mma.
Tanzania has generally been seen as lacking transparency in its coronavirus statistics.,"Mpɛn pii no, wɔahu Tanzania sɛ enni nea ɛda adi pefee wɔ ne coronavirus akontaabu mu."
The contactor was urged to level the ground with the discontented workers.,Wɔhyɛɛ contactor no sɛ ɔne adwumayɛfo a wɔn ani nnye ho no nsɛ.
Some health facilities are far and inaccessible for women.,Akwahosan ho adwumayɛbea ahodoɔ bi wɔ akyirikyiri na mmea ntumi nkɔ hɔ.
Early childhood in the community helps children to learn about themselves.,Mmofra nyini nfitiase wɔ mpɔtam hɔ boa ma wosua nneɛma fa wɔn ho
It looks like most pregnant mothers go to public hospitals.,Ɛte sɛ nea ɛnanom a wɔnyem dodow no ara kɔ ɔman ayaresabea ahorow.
It is good to start your own business and be your own boss.,Ɛyɛ papa sɛ wubefi w’ankasa adwuma ase na woayɛ w’ankasa wo panyin.
Government advocates for industrial parks because they shall boost the economy.,Aban no hyɛ ma wɔyɛ mfiridwuma agopramma so efisɛ ɛbɛhyɛ sikasɛm no den.
A Christian is required to repent their sins before receiving holy communion and are taught to dedicate their lives to God to live a happy life.,Ɛtwa sɛ ɔkristoni sakra firi ne bɔne ho ansa ɔbɛkɔ akɔgye adidi kronkron na wɔkyerɛ wɔn sɛ wɔn mfa wɔn bra nyinaa mma Nyankopɔn sɛdeɛ wɔbɛtena anigyeɛ abrabɔ mu.
Local leaders have the power to mobilise members of the community.,Mpɔtam hɔ akannifoɔ wɔ tumi sɛ wɔ bɛboaboa mpɔtam hɔfoɔ ano.
The industrial park is a part of the whole development plan.,Prama a wɔreyɛ ama mfididwuma no ka nhyehyɛeɛ a wɔayɛ ama mputudwuma no ho.
More trees should be planted in the compound to prevent storms from destroying buildings.,Ɛsɛ sɛ wodua nnua pii wɔ fie ahorow no mu na amma ahum ansɛe adan.
Only a few districts have participated in the program.,Amansin kakraa bi pɛ na wɔde wɔn ho ahyɛ dwumadi no mu.
Bars have remained closed as more restrictions are lifted on various businesses,Wɔatoto nsãdan mu bere a wɔayi anohyeto pii afi nnwuma ahorow so no
She is the chairperson of the savings group.,Ɔyɛ sikakorabea kuo no dwam tena nii.
Mothers say they have preferences when it comes to health facilities.,Ɛnanom ka sɛ wɔwɔ nneɛma a wɔpɛ ɛdefa akwahosan ho adwumayɛbea ahorow ho no.
The institution has eased medical accessibility for cancer patients.,Asoeɛ no ama no ayɛ fo sɛ nnipa a wɔyare kokoram bɛnya ayarehwɛ.
The construction of the stadium will provide jobs to the local people.,Agumadibea no a wobesi no bɛma ɛhɔfo anya nnwuma.
Studying under semi-permanent structures puts the students at risk.,Adesua a wɔyɛ wɔ nhyehyɛe ahorow a ɛyɛ fã bi a ɛtra hɔ daa ase no de asuafo no to asiane mu.
The community requested for a foot and mouth disease vaccination.,Mpɔtam hɔfo srɛɛ sɛ wɔmma wɔn nan ne ano yare a wɔde bɔ wɔn ho ban.
The company is carrying out a fraud investigation,Adwumakuw no reyɛ nsisi ho nhwehwɛmu
I wish to traver to Dutch next year.,Mepɛ sɛ mitu kwan kɔ Dutch afe a edi hɔ no.
Learning would reduce the number of illiterates amongst the Moslem community.,Adesua bɛma wɔn a wonnim akenkan ne atwerɛ dodoɔ so ate wɔ Nkramofoɔ kuo no mu.
People will take some days without having power.,Nkurɔfo begye nna bi a wonni tumi.
Most donations are usually in form of assets.,"Mpɛn pii no, ntoboa dodow no ara yɛ agyapade."
Politicians need to unite to work on the roads.,ɛsɛ sɛ amammuifo bom yɛ adwuma wɔ akwan so
Babies born too early have higher rates of death and disability.,Nkokoaa a wɔwo wɔn ntɛm dodo no wuwu na wodi dɛm.
"In Ghana, every year malaria deaths are increasing.","Wɔ Ghana no, afe biara nnipa a atiridii kum wɔn no redɔɔso."
People need to be sensitized on the proper use of masks.,Ɛsɛ sɛ wɔma nkorɔfoɔ te nka wɔ anim-akatasoɔ a wɔde bɛdi dwuma yie ho.
People will benefit but only to a certain extent.,Nkurɔfoɔ benya so mfasoɔ nanso akodu baabi.
The vendors do not have accountability for their money.,Wɔn a wɔtɔn nneɛma no nni wɔn sika ho akontaabu.
The race has been postponed because of the pandemic.,Wɔatwe mmirikatu no akɔ akyiri esiane ɔyaredɔm no nti.
"Mills died on 24 July 2012 at the 37 Military Hospital in Accra,[55] three days after his 68th birthday.","Mills wui wɔ Kutawonsa da a ɔtɔ do 24, 2012 wɔ 37 Asraafo Ayaresabea a ɛwɔ Nkran, wɔ n’awoda a ɛtɔ so 68 akyi nnansa."
Oil and gas industry is one of the developing industries in Ghana.,Ngo ne gyaframa adwumayɛ yɛ nnwuma a ɛrenya nkɔso wɔ Ghana no mu biako.
To have much yields you need to have a big piece of land.,"Nea ɛbɛyɛ na woanya nnɔbaeɛ bebree no, ɛsɛ sɛ wonya asase kɛseɛ."
Being fired from work is one of the saddest thing to experience.,Sɛ́ wobeyi obi afi adwumam no yɛ ade a ɛyɛ awerɛhow sen biara a ɛsɛ sɛ wuhu no mu biako.
This company will provide crops and market for the farmers produce.,Saa adwumakuo de nnuaba ne edwa bɛbrɛ akuafoɔ no nnɔbaeɛ.
The members will learn new techniques and business management skills.,Kuo mma no bɛsua akwan foforɔ ne dwadie banbɔ ho nimdeɛ.
The police have been deployed to curb violence.,Wɔde polisifo asiw basabasayɛ ano.
"According to hospital records, thousands of people have been treated.","Sɛnea ayaresabea kyerɛwtohɔ ahorow kyerɛ no, wɔasa nnipa mpempem pii yare."
Liverihood is a means of securing necessities of life.,Asetenadeɛ yɛ ɔkwan a wɔfa so nya asetena mu ahiadeɛ ahodoɔ.
Men ought to take full responsibility for their families.,Ɛsɛ sɛ mmarima fa wɔn mmusua ho asodie nyinaa to wɔn ho so.
"There are always invalid, spoilt votes that are cast in elections.",Berɛ biara yɛwɔ abato mma a ɛnyɛ papa na ɛsɛe wɔ aba a wɔto no mu.
People with disabilities lack confidence to participate in sports.,Nnipa a wɔadi dɛm nni ahotoso sɛ wɔde wɔn ho bɛhyɛ agumadi mu.
How do farmers fight the Akasaanyi ka armyworm?,Ɔkwan bɛn so na akuafoɔ ko tia Akasaanyi ka asraafoɔ nwansena?
The council needs income to extend better services to the people.,Agyinatukuo no hia sika a wɔde bɛtrɛw nnwuma pa mu ama ɔmanfoɔ.
Some people resort to taking matters into their own hands instead of seeking legal channels.,Nnipa binom de wɔn ho to so sɛ wɔde nsɛm bɛhyɛ wɔn ankasa nsa mmom sen sɛ wɔbɛhwehwɛ mmara kwan so akwan.
The district has experts and bureaucrats who can handle local government projects.,Ɔmantam no wɔ abenfoɔ ne adwumayɛfoɔ a wɔtumi di mpɔtam aban nnwuma ho dwuma.
The roads will be worked on as soon as funds come in.,"Sɛ sika ba a, wɔbɛyɛ akwan no ho adwuma."
Ten candidates have been nominated for the parliamentary seat in our city.,Wɔapaw nnipa du sɛ wɔmfa wɔn ho nhyɛ mmarahyɛ bagua no mu wɔ yɛn kurow no mu.
He requested that the electricity supply in the region is worked upon.,Ɔsrɛɛ sɛ wɔnyɛ anyinam ahoɔden a ɛwɔ ɔmantam no mu no ho adwuma.
Anyone can become a professional golfer if they pick an interest.,Obiara betumi abɛyɛ obi a ɔbɔ golf a ɔyɛ adwumaden sɛ ɔpaw nea n’ani gye ho a.
The army was deployed at the border to stop illegal crossing.,Wɔde asraafo no kɔɔ ɔhye no so sɛnea ɛbɛyɛ a wobegyae twa a mmara mma ho kwan.
People have to know the trends within the education sector.,Ɛsɛ sɛ nkorɔfoɔ hunu deɛ ɛrekɔ so wɔ nwomasua asoeɛ no mu.
"This year, the education budget is higher than the one for health.","Afe yi, sika a wɔatwa ato hɔ sɛ wɔmfa mmɔ nwomasua ho bra no dɔɔso kyɛn deɛ wɔatwa ama apɔmuden."
Cooperative societies help farmers to work together to improve their livelihood.,Fekuo ahodoɔ a wɔyɛ baako boa akuafoɔ ma wɔbom yɛ adwuma ma wɔn asetna tu mpɔn.
Media houses have been banned from hosting opposition candidates,Wɔabara nsɛm ho amanneɛbɔ afie sɛ wɔmfa wɔn a wɔpɛ sɛ wɔsɔre tia no nnye wɔn ahɔho
Communities can be supported by building schools and churches.,Wobetumi aboa mpɔtam hɔfo denam sukuu ne asɔre ahorow a wɔbɛkyekye so.
The president cautioned leaders about the misuse of funds.,Ɔmampanyin no bɔɔ akannifo kɔkɔ wɔ sika a wɔde di dwuma ɔkwammɔne so no ho.
The fertility of our soil favors the growth of many crops annually.,Ahoɔden a ɛwɔ yɛn asase mu no ma yɛtumi dua nnɔbaeɛ ahodoɔ bebree afe biara.
"The female comes back to the hole to lay unfertilized eggs, which the tadpoles eat.",Mmaa no san ba amena no mu bɛto nkosua na ɛno na konkontibaa no die.
"The fire, which started in the room of the night duty officer, gutted the police station for the first time.",Ogya a ɛhyɛɛ aseɛ firii bammɔfoɔ a na ɔreyɛ adwuma saa anadwo no dan mu no tɔɔ aprosifoɔ atenaeɛ hɔ berɛ a ɛdi kan
Hospitals lack medical personner and treatment is lacking.,Ayaresabea ahorow nni nnuruyɛfo na ayaresa nni hɔ.
"She loves her daughter so much, expressing deep affection and care.","Ɔdɔ ne babaa no yiye, na ɔda ɔdɔ ne ɔhwɛ a emu dɔ adi."
Those who would judge us merely by the heights we have achieved would do well to remember the depths from which we started.,Wɔn a wɔbɛhwɛ baabi a yɛaduru no so abu yɛn atɛn no bɛbɔ mmɔden sɛ wɔbɛkae amena a yɛhyɛɛ aseɛ firii mu no.
"After a court hearing, the Acer people allegedly attacked and dismantled the Angule's property.","Bere a wodii asɛm wɔ asɛnnibea akyi no, wɔkyerɛ sɛ Acerfo no tow hyɛɛ Angulefo agyapade so na wobubuu mu."
"The bus has unique features ideal for Ghana's national team including enough space, safety.","Bɔs no wɔ nneɛma soronko a eye ma Ghana ɔman kuw a nea ɛka ho ne baabi a ɛdɔɔso, ahobammɔ."
A resident said that certain lake activities require academic knowledge and parents should control teenagers.,Ɔtefo bi kae sɛ ɔtare no mu dwumadi ahorow bi hwehwɛ sɛ wonya nhomasua mu nimdeɛ na ɛsɛ sɛ awofo di mmabun so.
The person dealing in money must be very integral.,Ɛsɛ sɛ onipa a ɔde sika di gua no yɛ obi a ɔyɛ ade titiriw.
Some health centres have good customer care services.,Akwahosan asoɛe ahodoɔ bi wɔ nnwuma pa a wɔhwɛ adetɔfo so.
The club will ensure the well being of the global community.,Kuw no bɛhwɛ ma wiase nyinaa nnipa yiyedi.
Teshie Homowo Festival Ban on Singing & Drumming Ritual Ceremony.,Teshie Homowo Afahyɛ Ban a Wɔbara Nnwom & Sankubɔ Amanne Afahyɛ.
Traver from urban to rural areas during this year's Christmas season is likely to drop this year,Akwantuo nnipa tu firi nkuro akɛseɛ mu kɔ nkuro nketewa mu wɔ buronya berɛ mu no so bɛtumi afe saa afe yi mu.
The objective of the fellowship is to improve on the various efforts by the government to morale boost teachers,Botae a ɛwɔ fekubɔ no mu ne sɛ ɛbɛma mmɔden ahorow a aban no rebɔ sɛ ɛbɛma akyerɛkyerɛfo abrabɔ pa akɔ anim no atu mpɔn
The supreme court had dismissed the claims of election fraud and irregularities.,Kɔɔto kunini no apu nsɛm a wɔkaa sɛ wɔyɛɛ abatoɔ asisie ne nneyɔeɛ ɛnsɛ no.
People joined the group to improve their standards of living.,Nkorɔfoɔ de wɔn ho kɔdɔn kuo no sɛ wɔn asetena mu bɛkɔ so.
Does anyone know how to stop it from happening?,So obi nim ɔkwan a ɔbɛfa so asiw ano?
There is a need to conclude project frameworks for oil production.,Ɛho abɛhia sɛ wɔyɛ dwumadie ho nhyehyɛeɛ binom ma wɔde yɛ fangoo.
The district will have a well -established stadium next year.,"Afe a yɛbɛsi mu no, mansini no no bɛnya agodibea a wɔasiesie no yie"
"In life, nobody wants to associate with bad people.","Wɔ asetra mu no, obiara mpɛ sɛ ɔne nnipa bɔne bɛbɔ."
Plans to make him a saint are underway.,Nhyehyɛeɛ ahodoɔ a wɔde bɛyɛ ɔhotefoɔ no rekɔ so.
Opposition parties were happy when he won the elections.,Asɔretiafo akuw no ani gyei bere a odii nkonim wɔ abatow no mu no.
Do you use a ferry to cross the river?,So wode hyɛmma twa asubɔnten no?
Some people are eagerly engaged in family disputes over land.,Nnipa binom de ahopere de wɔn ho hyɛ abusua mu ntawntawdi mu wɔ asase ho.
Conflicts between husbands and wives were paramount because women delayed on the water points.,Ná okununom ne ɔyerenom ntam ntawntawdi yɛ nea ɛho hia sen biara efisɛ na mmea kyɛ wɔ nsu no mu.
The leader advised the youth not to use violence as a solution.,ɔkannifoɔ no tuu mmabunu no fo sɛ wɔnhwɛ na wannkɔyɛ basabasasɛm biara.
The taxi driver is blamed for over speeding causing a tyre burst hence the accident .The dead and injured people had not yet been identified by press time.,Wɔde asodi to taksikafo no so sɛ ɔde mmirika boro so ma tae bi paee enti akwanhyia no sii .Na wonnya nhuu nnipa a wɔawuwu ne wɔn a wɔapirapira no wɔ nsɛm ho amanneɛbɔ bere mu.
Complaints were about lack of improved working equipment and unnecessary dismissals .,Ná anwiinwii no fa nnwinnade a wɔde yɛ adwuma a wɔatu mpɔn a wonni ne adwuma a woyi wɔn fi adwumam a ɛho nhia ho .
"Recognizing the increasing deforestation, security forces in the district are actively combating the cutting down of trees in those areas.","esiane sɛ wohu kwae a wɔretutu a ɛrenya nkɔanim nti, ahobammɔ asraafo a wɔwɔ ɔmantam no mu de nsiyɛ ko tia nnua a wotwa wɔ saa mmeae no."
University of Cape Coast is the leading research center in Ghana .,University of Cape Coast yɛ nhwehwɛmu bea a ɛdi kan wɔ Ghana .
Farmers need to invest in a records management system.,Ehia sɛ akuafo de sika yɛ kyerɛwtohɔ ho nhyehyɛe.
Hogbetsotso Festival is celebrated by the people of Anlo in the Volta Region of Ghana. The celebration starts in the month of November at Anloga.,Hogbetsotso Afahyɛ no yɛ Anlofoɔ a wɔwɔ Volta Mantam mu wɔ Ghana. Afahyɛ no fi ase wɔ November ɔsram mu wɔ Anloga.
The worst performers were punished during the school assembly.,Wɔtwee wɔn a wɔyɛɛ adwuma bɔne sen biara no aso wɔ sukuu nhyiam no ase.
The ministry of health deployed specialists to control hemorrhagic fever.,Asoɛeɛ a ɛhwɛ apɔmuden nsɛm so no ayi nimdeɛfoɔ a wɔbɛboa asi atiridii yareɛ a yɛfrɛ no hemorrhagic ano.
Timber is a source of revenue for the government and the timber industry.,Aban ne timba adwumakuo nya sika firi timba mu.
Managers need to bridge the gap between them and their employees.,Ɛsɛ sɛ adwuma mu mpanyimfoɔ siw nsonsonoe a ɛda wɔne wɔn adwumayɛfoɔ ntam no ano.
They quietly sat in the park to enjoy the peacefulness of the surroundings.,Wɔtenaa paake no mu komm de nyaa atenaeɛ hɔ asomdwoeɛ no.
"The construction of the bridge in the district will significantly ease the movement of goods and people, benefiting trade activities and linking different areas.","Abɔnten a wɔbɛsi wɔ ɔmantam no mu no bɛma nneɛma ne nnipa a wɔde bɛkɔ baabiara no ayɛ mmerɛ kɛseɛ, na ɛbɛboa aguadiɛ dwumadiɛ na ɛka mmeaeɛ ahodoɔ abom."
He thanked the community for being supportive to the company.,Ɔdaa mpɔtam hɔfo ase sɛ wɔboaa adwumakuw no.
District leaders are conflicting over the allocation of funds.,Ɔmantam akannifo no ntam akasakasa wɔ sika a wɔkyekyɛ no ho.
The construction will take place in a period of five years.,Wɔbɛyɛ adansi no wɔ mfe anum mu.
I have plans of owning a farm with helds of cattle.,Mewɔ nhyehyɛe sɛ menya afuw a anantwi  dɔɔso wɔ mu.
These women are happy with the way leaders are caring for them.,Saa mmaa yinom ani agye sɛdeɛ akannifoɔ no rehwɛ wɔn no ho.
Most of the work done in companies usually has deadlines and requires computer knowledge,"Mpɛn pii no, adwuma dodow no ara a wɔyɛ wɔ nnwumakuw mu no wɔ bere a wɔde wie na egye kɔmputa ho nimdeɛ"
A political candidate can either belong to a political party or be independent.,Obi a ɔpɛ sɛ ɔyɛ amammuisɛm betumi ayɛ amammui kuw bi muni anaasɛ ɔde ne ho
Every village has to meet the minimum standards.,Ɛsɛ sɛ akuraa biara di mmara ahorow no so.
"The pandemic is a serious threat, we need to prepare for it.","Ɔyaredɔm no yɛ asiane kɛse, ɛsɛ sɛ yesiesie yɛn ho ma no."
You could be suspended if you miss work without a valid reason.,Wɔbɛtumi atu wo asan sɛ woamma adwuma a wonni boataeɛ titire biara.
Money given to people by politicians should instead be used to improve community services.,Ɛsɛ sɛ wɔde sika a amammuifo de ma nkurɔfo no di dwuma mmom de ma mpɔtam hɔ nnwuma tu mpɔn.
Farmers were educated how to run a water efficient fish farm.,Wɔkyerɛɛ akuafo sɛnea wobetumi ayen nsuo mu nam wɔ ɔkwan a ɛfata so.
Some people are discontented about the quality of work being done.,Nnipa binom ani nnye adwuma a wɔreyɛ no yiye ho.
Every one is responsible for upholding child and maternal health efforts.,Obiara wɔ asɛyɛde sɛ ɔhwɛ abofra ne ɛna no akwahosan so.
People were educated and they understood the importance of screening and testing.,Wɔkyerɛkyerɛɛ nkorɔfoɔ na wɔtee hia a ɛho hia sɛ wɔyɛ nhwehwɛmu na yɛsɔ wɔn hwɛ ase.
"The chief administrative officer berieves there is a lot of money not accounted for , and so he decides to keep the figure confidential.","The chief administrative officer berieves there is a lot of money not accounted for , na enti osi gyinae sɛ ɔbɛma akontaabu no ayɛ kokoamsɛm."
The youth are advised that an idle mind is the devil's workshop.,Wɔtu mmabun fo sɛ adwene a ɛnyɛ hwee yɛ ɔbonsam adwumayɛbea.
"The Larabanga Mosque, one of the oldest in West Africa, was founded in 1421.","Larabanga Nkramofoɔ dan no ka adan ahodoɔ a anyini wɔ Afrika Apueɛ fam no ho, na wɔsii no afe 1421 mu."
There are high chances of the whole family suffering from malaria.,Yɛwɔ akwanya kɛseɛ sɛ abusua no nyinaa fa yeaa mu firi atiridii mu.
The community provided bricks to aid in the borehole construction.,Mpɔtam hɔfo de birikisi mae de boaa tokuru a wosisii no.
"Leaders play a crucial role in offering hope and inspiration to their subordinates, especially during challenging times.","Akannifoɔ di dwuma titire wɔ anidasoɔ ne nhyɛsoɔ a wɔde ma wɔn a wɔhyɛ wɔn ase no mu, titire wɔ mmerɛ a emu yɛ den mu."
People and officials should have a clear and defined responsibility in society.,Ɛsɛ sɛ nnipa ne mpanimfoɔ nya asodie a ɛmu da hɔ na wɔakyerɛkyerɛ mu wɔ ɔman mu.
Doctors need favourable working conditions to treat patients well.,Nnuruyɛfo hia adwumayɛ tebea pa na wɔatumi asa ayarefo yare yiye
A youth group member stated that the new competent youth groups deserved support too .,Mmabun kuw no muni bi kae sɛ mmabun akuw foforo a wɔfata no nso fata mmoa .
She will be buried tomorrow in the afternoon.,Wɔbɛsie no ɔkyina awiabere.
The classrooms could not accommodate all the students.,Adesuadan ahorow no antumi annye sukuufo no nyinaa.
We need to create a conducive environment for feeding mothers at parliament.,Ɛsɛ sɛ yɛpɛ baabi a ɛyɛ papa ma mmaatan a wɔtena wɔn mma nofoɔ wɔ mmarahyɛbedwafie.
A cartridge was used to end the life of the refugee.,Wɔde aboba ne atuduru a wɔde afra apoma toa bi mu (cartridge) na ɛde twaa obi a ɛnam ateetee so nti wadwane afiri ne kurom aba kuro foforɔ so bɛpɛ asomudwoe nkwa so.
Women asserted that they will vote for people who will help them.,Mmaa sii so dua sɛ wɔbɛto ama nkurɔfoɔ a wɔbɛboa wɔn.
The bar business is one of the profitable ventures in Ghana though the challenges of the business should be understood,Bar adwuma no yɛ nnwuma a mfaso wɔ so wɔ Ghana no mu biako ɛwom sɛ ɛsɛ sɛ wɔte adwuma no mu nsɛnnennen ase
The district leaders are aware of the health condition of our village.,Mpanimfoɔ wɔda mansini yi ano no nim ɔhaw ahoroɔ a yɛrefa mu wɔ akuraa yi ase.
People should reconcile and embrace peace in their homes.,Ɛsɛ sɛ nkorɔfoɔ siesie wɔn nsɛm ho na wɔgye asomdwoeɛ tom wɔ wɔn afie mu.
The newspapers talked about his win in the recent elections.,Atesɛm nkrataa no kaa nkonim a odii wɔ abatow a wɔyɛe nnansa yi no mu ho asɛm.
It's only the district council that decides which road to be constructed.,Ɛyɛ ɔmantam agyinatukuo no nko ara na ɛsi ɔkwan ko a wɔbɛyɛ ho gyinaeɛ.
Also rivers can be a source of clean water.,Bio asubɔnten bɛtumi ayɛ beaeɛ a yɛnya nsuo pa firi.
Organizations are coming in to alert people about the dangers of poor hygiene.,Ahyehyɛde ahorow reba sɛ wɔrebɛbɔ nkurɔfo kɔkɔ wɔ asiane ahorow a ɛwɔ ahotew a enye mu no ho.
Most traditional schools were founded to teach children of royals.,Amammerɛ sukuu a woasisi dodow no ara wɔyɛɛ sɛ wɔmfa nkyerɛkyerɛ ahemfo mma.
I still have faith in Ghana's court system.,Meda so ara wɔ gyidi wɔ Ghana asɛnnibea nhyehyɛe no mu.
The Ministry of Health has decided to screen every woman for breast cancer.,Asoɛeɛ a ɛhwɛ apɔmuden nsɛm so no ayɛ adwene sɛ wɔbɛyɛ ɔbaa biara mu nhwehwɛmu afa nufuo mu kokoram yareɛ ho.
The convention has arranged an organ in charge of people's health.,Nhyiam no ayɛ akwaa bi a ɛhwɛ nkurɔfo akwahosan so ho nhyehyɛe.
The students spent a night in the police cell.,Sukuufo no traa polisifo dan mu anadwo biako.
The vehicle he was moving in had a poor mechanical condition.,Na kai a na ɔretu mu no nyɛ adwuma yiye.
Soon we shall have to cast our votes at the polling station.,Ɛrenkyɛ na ɛsɛ sɛ yɛtow aba wɔ baabi a wɔtow aba no.
Financial responsibilities can hinder increased manufacturing of children.,Sika asɛyɛde betumi asiw kwan sɛ wowoo mmofra beberee.
The people of Akrabong will receive social empowerment grants.,Akrabongfoɔ bɛnya asetena mu tumidie mmoa.
Legalizing health policy in schools offers a great fight against teenage pregnancy.,Akwahosan ho nhyehyɛe a wɔbɛma ayɛ mmara kwan so deɛ wɔ sukuu ahodoɔ mu no ma ɔko kɛseɛ tia mmabun nyinsɛn.
In Ghana they have introduced digital certificates of customary ownership of land.,Wɔ Ghana no wɔde abɛɛfo adansedie nkrataa a ɛkyerɛ sɛ amanne kwan so wɔ asase so aba.
The royal family is involved in some land wrangles.,Adehye abusua no de wɔn ho hyɛ asase ho akasakasa bi mu.
He used some of his money to construct his home.,Ɔde ne sika no bi sii ne fie.
People are taking advantage of the president's directives.,Nkorɔfoɔ de ɔmanpanin akwankyerɛ no  redi dwuma.
The market for agricultural products is available within and outside the country.,Kuadwuma ho adwadie no kɔ so wɔ ɔman yi mu ne aman foforɔ so.
Same-sex marriage is not acceptable in the Bible.,Mmarima ne mmea aware nyɛ nea wogye tom wɔ Bible mu.
Public health education and adherence to appropriate sanitation practices are of primary importance to help prevent and control transmission of cholera and other diseases.,Ɔmanfoɔ akwahosan ho nkyerɛkyerɛ ne ahote ho nneyɛe a ɛfata a wobedi so no ho hia titiriw na aboa ma wɔasiw kɔlera ne nyarewa afoforoɔ a wɔde kɔ nnipa mu no ano na wɔasiw ano.
Of what importance is a swimming pool at a school?,Mfaso ben na asuguarebea a ɛwɔ sukuu mu wɔ?
The pandemic has killed many people all over the world.,Ɔyaredɔm no akunkum nnipa pii wɔ wiase nyinaa.
Employment opportunities for youth have been announced in the newspapers.,Wɔabɔ ɔbabunu adwuma ho dawuru wɔ atesɛm nkrataa mu.
Leadership is every man's dream right from their childhood,Akannidie yɛ ɔbarima biara adaeɛ firi ne mmofraase pɛɛ.
The candidates promised to perform well in their final examinations.,Wɔn a wɔrekɔ sɔhwɛ no hyɛɛ bɔ sɛ wɔbɛyɛ yiye wɔ wɔn sɔhwɛ a etwa to no mu.
Examination results of that school have been withheld.,Wɔama sukuu no mu nhwehwɛmu ho akontaabu no wasɔ mu.
Government teachers can be transferred from one school to another.,Wobetumi asesa aban akyerɛkyerɛfo afi sukuu biako mu akɔ foforo mu.
A three year cholera protection is provided by the vaccine as seen in Hoima .,Wɔde mfe abiɛsa ahobammɔ a wɔde bɔ kɔlera ho ban denam vaccine no so sɛnea wohu wɔ Hoima no
Mothers ought to be exemplary to their children.,Ɛsɛ sɛ ɛnanom yɛ nhwɛso pa ma wɔn mma.
Parents were very angry at the school administration.,Na awofoɔ no bu afo sukuu mpaninfoɔ no pa ara.
Share what you are reading so as to encourage others.,ka nea worekenkan no ho asɛm sɛnea ɛbɛyɛ a wobɛhyɛ afoforo nkuran.
Farmers have acquired income and improved their standards of living.,Akuafo anya sika pii na wɔn asetra atu mpɔn.
Cancer of the cervix is a deadly disease.,Awotwaa mu kokoram yɛ yare a edi awu.
"The children received examination tips, and the candidates were trained for the forthcoming exams, with examiners preparing challenging questions.","Wɔmaa mmofra no sɔhwɛ ho afotu, na wɔtetee wɔn a wɔrehwehwɛ sɔhwɛ no maa sɔhwɛ a na ɛreba no, na sɔhwɛfo no siesiee nsɛmmisa a emu yɛ den."
People have to be mobilized so as to vote for someone.,Ɛsɛ sɛ wɔboaboa nkorɔfoɔ ano sɛdeɛ ɛbɛyɛ a wɔbɛto aba ama obi.
The sick people in the districts are in thousands.,Nnipa a wɔyare wɔ amansin no mu no yɛ mpempem pii.
Men abandon girls after impregnating them leaving these girls to deal with the complexities of motherhood.,Mmarima gyae mmaayewa berɛ a wɔanyinsɛn wɔn akyi na wogyae mmaayewa yi ma wodi ɛnayɛ mu nsɛnnennen ho dwuma.
No one has the authority to beat up journalists.,Obiara nni tumi sɛ ɔbɛhwe nsɛm ho amanneɛbɔfo.
Parents are not bothered about the whereabouts of their children.,Awofoɔ mfa baabi a wɔn mma wɔ ho.
It is good to have contacts for the local authorities.,Ɛyɛ papa sɛ wubenya nkitahodi ama mpɔtam hɔ atumfoɔ.
The malaria parasite can be spread to humans through bites of infected mosquitoes.,Atiridii mmoawa no bɛtumi anam ntontom a wɔwɔ bi ka so atrɛ akɔ nnipa so.
He borrowed money from his father to set up a studio.,Ɔfɛm sika fii ne papa hɔ de sii studio.
We were given free food by the government during the lockdown.,Aban no maa yɛn nnuane kwa berɛ a na wɔmma kwan mma yɛmpue no mu.
Parents should hug their children to build a bond with them.,Ɛsɛ sɛ awofoɔ yɛ wɔn mma atuu na ama wɔne wɔn anya ayɔnkofa.
A new tax has been imposed on mobile money transactions.,Wɔde tow foforo ahyɛ telefon so sika a wɔde di dwuma ho.
A school without good latrines needs to be closed.,Ɛsɛ sɛ wɔto sukuu a tiafi pa nni mu.
A new secretary was appointed for community services.,Wɔyii ɔtweretwerɛfoɔ foforɔ maa mpɔtam no dwumadie ahodoɔ.
"In order for a family to prosper, they should live in peace and harmony.","Sɛnea ɛbɛyɛ na abusua bi bedi yiye no, ɛsɛ sɛ wɔtra ase wɔ asomdwoe ne biakoyɛ mu."
Some motorcycle drivers in Elmina city don't have driving permits.,Wɔn a wɔka moto wɔ Elmina kuro mu binom nni tumi krataa a wɔde ka kar.
The service centre will be used to provide maintenance services for ferry operations in the region.,Wɔde ɔsom beaeɛ no bɛdi dwuma de asiesie adwuma ama hyɛmma adwumayɛ wɔ ɔmantam no mu.
Laws are beneficial in our day to day life.,Mmara so wɔ mfasoɔ wɔ yɛn da biara da asetena mu.
You should not talk on the phone while driving as He was arrested for driving recklessly.,Ɛnsɛ sɛ wokasa wɔ foono so berɛ a woreka kaa ɛnam sɛ yɛkyee no sɛ ɔreka kaa basabasa.
The process should follow specific procedures in the legal system.,Ɛsɛ sɛ adeyɛ no di akwan pɔtee bi akyi wɔ mmara nhyehyɛe no mu.
The security officials live in a damaged house.,Ahobammɔ mpanyimfo no te ofie bi a asɛe mu.
The district banned the movement of pigs in the district.,Ɔmantam no baraa mprako a wɔde wɔn kɔ ɔmantam no mu.
The village leader was happy because his request was put into consideration.,Akuraase kannifoɔ no ani gyeeɛ ɛfiri sɛ wɔrehwɛ n'abisadeɛ.
Running is a good activity that helps us keep physically fit.,Mmirikatu yɛ adwuma pa a ɛboa yɛn ma yɛkɔ so yɛ den wɔ nipadua mu.
"It is a popular traditional dance in Ghana and it is performed at cultural ceremonies like festivals, funerals, engagements, and celebrations.","Ɛyɛ amammerɛ asa a agye din wɔ Ghana na wɔyɛ wɔ amammerɛ dwa so te sɛ afahyɛ, ayie, ayeforɔhyia, ne afahyɛ ahodoɔ mu."
The district has given tax holidays to various businesses.,Ɔmantam no ama nnwuma ahorow towtua nnapɔnna.
Leaders have gained a lot of money from the women's projects.,Akannifoɔ anya sika pii afiri mmaa no nnwuma  mu.
"Currently, a big number of males in the country are circumcised.","Mprempren, mmarima dodow bi a wɔwɔ ɔman no mu na wotwa twetia."
"Since bars are closed, people are only left to celebrate Christmas at home","Esiane sɛ wɔato nsãdan mu nti, wogyaw nkurɔfo ma wodi Buronya wɔ fie nkutoo"
"At twelve months, your baby should be able to see pretty clearly.","Sɛ wo ba no di asram dumien a, ɛsɛ sɛ otumi hu ade yiye."
"Some youths, especially in the rural areas are ignorant about government development groups.","Mmabunu binom, titiriw wɔ nkuraase no nnim aban nkɔso akuw ho hwee."
"It is important to train children not to fight, as many people died during the recent demonstrations that took place.","Ɛho hia sɛ wɔtete mmofra ma wɔnko, efisɛ nnipa pii wuwui wɔ ɔyɛkyerɛ ahorow a ɛkɔɔ so nnansa yi no mu."
We were educated about self-defense as people are always educated on how to protect children's rights in the community.,Wɔkyerɛkyerɛɛ yɛn ankasa ho bammɔ ho adeɛ sɛdeɛ wɔkyerɛkyerɛ nkorɔfoɔ berɛ nyinaa sɛdeɛ wɔbɛbɔ mmofra pɛ ahodoɔ ho ban wɔ mpɔtam hɔ no.
There was traffic jam on all roads that lead to Kete-Krachi due to the Pan African Literacy For All Conference .,Ahyɛn bɔ pee so wɔ akwan ahodoɔ a ɛkɔ Kete-Krachi no nyinaa so ɛsiane Pan African Literacy For All Conference no nti.
The ex-servicemen community has over seventy thousand people .,Nnipa bɛyɛ mpem aduoson na wɔwɔ nnipa a wɔasom ɔman no atwam no nkabom kuo no mu
The liver infection causes no symptoms; all symptoms of malaria result from the infection of red blood cells.,Ɔhaw a ɛwɔ brɛboɔ ho no nni nsɛnkyerɛne; nsɛnkyerɛne a ɛda adi wɔ atiridii yareɛ ho no nyinaa firi mmogya mu mmoawa no.
Cholera can spread very fast in the community.,Kɔlera tumi trɛw ntɛmntɛm paa wɔ mpɔtam hɔ.
Golf is played by corporate people who have fancy jobs.,Gɔlf yɛ agorodie nipa a wodi saa agoro no wɔyɛ adwuma pa.
I have a loan debt to pay for a period of over five years.,Mewɔ bosea a ɛsɛ sɛ mitua bɛboro mfe anum.
I am very grateful to God for seeing me through this year.,Meda Onyankopɔn ase pa ara sɛ wahu me wɔ afe yi mu.
People are paying a lot of tax to the government.,Nkorɔfoɔ retua ɛtoɔ beberee ama aban no.
"The hospital has only two incubators, yet the number of premature babies is high.",Ayaresabea no wɔ mfidie a wɔde mmɔfra a wɔwo wɔn ansa na wɔn berɛ aso hyɛ mu no mmienu pɛ nanso mmɔfra a wɔwɔ wɔn berɛ a wɔn berɛ nsoeɛ no dɔɔso.
The police said that civilians have no right to block the road.,Polisifo no kae sɛ ɔmanfo a wɔnyɛ asraafo nni hokwan sɛ wosiw kwan no.
Poor sanitation reduces human well being.,ahotew a enye ma nnipa yiyedi so tew.
Residents need information about what happened to the saterlite.,ɛhɔfo hia nsɛm a ɛfa nea ɛtoo satellite no ho.
The union has been crucial in fighting for the teacher's rights.,Nkabom no ayɛ nea ɛho hia kɛse wɔ ɔkyerɛkyerɛfo no hokwan ahorow a wɔko tia no mu.
The district should ban the entry of animals from other countries.,Mansini no de taaboɔ to mmoa a wɔfiri aman foforɔ so no so.
Our company has more than a hundred workers.,Yɛn adwumakuo no wɔ adwumayɛfoɔ bɛboro ɔha.
Parents should take responsibility for their children actions.,Ɛsɛ sɛ awofoɔ fa wɔn mma nneyɔeɛ ho asodie.
There is a shortage of sand so the kitchen construction must come to a standstill.,Anwea ho ayɛna nti ɛsɛ sɛ wɔtwentwɛn gyaade a wɔresi no so.
The primary symptoms of cholera are profuse diarrhea and vomiting of clear fluid.,Kɔlera ho sɛnkyerɛnne atitiriw ne akisikuru a ɛdɔɔso ne nsu a emu da hɔ a ɔfe.
The environment is negativery affected in various ways.,Nneɛma binom asɛe yɛn atenaeɛ wɔ akwan pii so
Constant internet access has become difficult in Ghana.,Intanɛt a wɔbɛkɔ so daa no abɛyɛ den wɔ Ghana.
Grasshoppers are often harvested in the months of November and December.,Wɔtaa kyi abɛbɛ wɔ Obubuo ne Ɔpɛnimma mu.
"Once meetings are held outside, members don't concentrate.","Sɛ wɔyɛ nhyiamu wɔ abɔnten a, nhyiam mma mfa wɔn adwene nsi so."
My friend is on the development committee of our village church.,M’adamfo no ka yɛn akuraa ase asɔre no nkɔso boayikuw no ho.
The engineers have been taken to police custody for failing to do their work.,Wɔde mfidie ho dwumayɛni no akɔma apolisifoɔ sɛ wɔanyɛ wɔn nnwuma.
People have had a chance to study even without school fees.,Nkorɔfoɔ anya akwanya sɛ wɔsua adeɛ mpo wɔ berɛ a wɔntua sukuu feese.
"Victims of domestic abuse may also include a child or other relative, or any other household member.",Nnipa efie basabasayɛ tumi ka wɔn no mu bi ne abɔfra anaa busuani foforɔ anaasɛ onipa foforɔ biara a ɔte fie hɔ.
There is a need to provide basic needs to refugees as well .,Ɛho hia sɛ wɔde nneɛma titire binom a atubrafoɔ no bɛhia no ma wɔn.
"He was imprisoned for forging receipts, stating the reason for someone's imprisonment.","Wɔde no too afiase esiane sɛ ɔyɛɛ atoro nkrataa a wɔde gye sika, na ɔkaa nea enti a wɔde obi too afiase nti."
Students in candidate classes have to do national examinations.,Ɛsɛ sɛ asuafoɔ a wɔwɔ adesuakuo a wɔpɛ sɛ wɔpaw wɔn no yɛ ɔman sɔhwɛ ahodoɔ.
Fraud in local governments has slowed the progress of developmental programs.,Apoobɔ a ɛrekɔ so wɔ aban mu no ama mpuntuo ho nhyehyɛe no akɔ fam.
Some people frustrate the efforts of journalists despite their contribution to the country.,Nnipa binom ma nsɛm ho amanneɛbɔfo mmɔdenbɔ sɛe ɛmfa ho sɛ wɔboa ɔman no.
The students were apologetic for vandalizing school property.,Sukuufo no paa kyɛw sɛ wɔsɛee sukuu no agyapade.
Several addresses on COVID-19 safety measures were made.,wɔkaa nsɛm pii faa COVID-19 ahobanbɔ ho.
"He was attacked by two men while he was leaving for work this morning, and my uncle broke his neck when he fell down the stairs.","Mmarima baanu tow hyɛɛ no ​​so bere a na ɔrekɔ adwuma anɔpa yi, na me papa nua barima bubuu ne kɔn bere a ɔhwee antweri no so no."
Polygamous marriages are very common in the villages.,Aware dodow aware abu so kɛse wɔ nkuraa ase.
People who abuse children rights are supposed to be punished.,Ɛsɛ sɛ wɔtwe nkorɔfoɔ a wɔbu mmofra pɛ so aso.
"The variant name ""Ashanti"" comes from British reports transcribing ""Asante"" as the British heard it pronounced, as-hanti.","Edin soronko ""Ashanti"" no fi Britania amanneɛbɔ ahorow a ɛkyerɛw ""Asante"" sɛnea Britaniafo tee sɛ wɔbɔ no, sɛ hanti."
All health workers have done a great job during this coronavirus period.,Ayarehwɛ adwumayɛfoɔ nyinaa abɔ wɔn ho mmɔden wɔ saa Korona yareɛ mmerɛ no mu.
The government has provided funds to the district to plan effectivery.,Aban no de sika abrɛ mansini no sɛ wɔmfa nni wɔn dwuma wɔ ɔkwan a ɛbɛboa wɔn so.
The church has been under construction for the last two years.,Wɔasisi asɔredan no mfe abien a atwam ni.
There is evidence of agricultural acitivities and iron industries during the neolithic period.,Adanse wɔ hɔ a ɛkyerɛ sɛ wɔyɛɛ kuadwuma ne nnadeɛ nnwuma wɔ aboɔ afoforɔ berɛ no mu.
Quite a number of people have failed to pay back loans and interests.,nnipa dodow bi ntumi ntua bosea ne mfɛntom
It is the worst-performing school in the district.,Ɛyɛ sukuu a ɛnyɛ papa sene biara wɔ mantam no mu.
"Mob justice is unlawful, and it is against human rights.","Basabasayɛfo atɛntrenee yɛ nea mmara mma ho kwan, na ɛne hokwan ahorow a nnipa wɔ nhyia."
The expectant mothers rushed out of the hospital in fear of Ebola.,Apemfoɔ no yɛɛ ntɛm dwane firii ayaresabea hɔ ɛsiane Ebola ho hu nti.
Women are trying as much as they can to empower fellow women.,Mmaa reyɛ deɛ wɔbɛtumi biara sɛ wɔne mmarima bɛpere so.
How do you intend to spend your first salary?,Woayɛ w’adwene sɛ wode w’akatua a edi kan no bedi dwuma dɛn?
The prefect's hand over ceremony will be held tomorrow.,Wɔbɛyɛ prefect no nsa a wɔde bɛma no ɔkyena.
In most cases people will be surprised about new things happening in their lives.,"Wɔ nnɛyi sukuu ahorow mu no, sukuufo de kɔmputa di dwuma de sua ade."
For the fear of God is the beginning of wisdom.,Efisɛ Onyankopɔn suro ne nyansa mfiase.
All other activities on that day have been suspended.,Wɔagyae dwumadi afoforo a wɔyɛe saa da no nyinaa.
It is good to reconcile with those that we have wronged.,Ɛyɛ papa sɛ yɛne wɔn a yɛayɛ wɔn bɔne no bɛbom.
How can parents influence their children's decisions early in life?,Ɔkwan bɛn so na awofo betumi anya wɔn mma gyinaesi so nkɛntɛnso wɔ wɔn mmofraase?
Serious verification is done when selecting youths for they can't be allowed to benefit twice.,wɔyɛ aniberesɛm verification bere a wɔrepaw mmabun efisɛ wontumi mma wɔn kwan mma wonnya so mfaso mprenu.
He was admitted at the hospital in a very critical condition.,Wɔde no too ayaresabea hɔ a na ne tebea no mu yɛ den yiye.
The ministry of health funds the biggest portion of the project.,Asoɛeɛ a ɛhwɛ apɔmuden nsɛm so no na ɛde sika kɛseɛ hyɛɛ dwumadie no mu.
The police officers were arrested for receiving a bribe from a taxi driver.,Wɔkyeree polisifo no sɛ wonyaa adanmude fii taksikafo bi hɔ.
The school received guiderines of the primary leaving examinations.,Sukuu no nyaa akwankyerɛ ahorow a ɛfa mfitiase sukuu a wogyae sɔhwɛ ahorow ho.
If people's issues are not resolved then there is a possibility of demonstrations.,Sɛ wɔansiesie nkurɔfoɔ nsɛm a ɛnde ɛbɛyɛ yie sɛ wɔbɛyɛ ɔyɛkyerɛ.
Land owners need to hold land titles for security purposes.,Ɛsɛ sɛ asase wuranom kura asase ho nkrataa a ɛbɛbɔ wɔn ho ban.
People should stop child marriages and sexual harassments.,Ɛsɛ sɛ nkorɔfoɔ gyae mmofra awareɛ ne nna mu ɔbrasɛe.
The government has distributed learning materials to the students.,Aban no de nneɛma a wɔde sua adeɛ akɔma asuafoɔ no
The district lacks enough funds to effectively plan for the people.,Mansini no nni sika a wɔbɛtumi de abɔ ɔmanfoɔ no ho bra sɛdeɛ ɛsɛ.
The subject of this year's sector review is to strive for excerlence in education and sports service delivery,Afe yi adwumakuo nhwehwɛmu no asɛntitire ne sɛ wɔbɛbɔ mmɔden sɛ wɔbɛkɔ so ayɛ adwuma yie wɔ nwomasua ne agodie dwumadie a wɔde ma mu.
The chances of surviving are very slim when struck by lightning.,Hokwan a ɛwɔ hɔ sɛ obenya nkwa no sua koraa bere a anyinam bɔ no no.
"Khadijah has a very graceful walk. It is calming and soothing, and exudes confidence.",khadijah wɔ nantew a ɛyɛ fɛ yiye. Ɛma obi dwo na ɛma ahotoso ba.
"As a community, jointly make efforts to fight the violation of women's rights.","As a community, jointly make efforts to fight the violation of women's rights."
I really admire officially married people in our church.,M’ani gye nnipa a wɔaware wɔ mmara kwan so wɔ yɛn asɔre no mu ho ankasa.
Not every sector gets an equal share of the government funds.,Ɛnyɛ ɔfã biara na wonya aban sika no mu kyɛfa a ɛyɛ pɛ.
The students lack the capital to establish their own businesses.,Asukuufoɔ no nni sika a wɔde bɛyɛ wɔn ankasa nnwuma.
The public is advised to contribute funds for project development .,Wɔhyɛ ɔmanfo fo sɛ wɔmfa sika mma mfa nyɛ adwuma no .
More religious clubs should be set up in schools to strengthen students' faith.,Ɛsɛ sɛ wɔhyehyɛ nyamesom akuw pii wɔ sukuu ahorow mu de hyɛ sukuufo gyidi den.
The drugs received by hospitals last for a short period of time.,Nnuro ayaresabea ahodoɔ no nsa kaeɛ no dii berɛ tiawa bi pɛ.
Drinking and smoking are not good for your health.,Asanom ne sigaretnom nyɛ papa mma w’akwahosan.
The toilet problem in schools is challenging especially for girls.,Tiafi ho haw a ɛwɔ sukuu ahorow mu no yɛ asɛnnennen titiriw ma mmeawa.
Mensimah communicates with her husband through social media.,Mensimah nam social media so ne ne kunu di nkitaho.
Improved agronomic processes will help increase farmer income.,Agronomic akwan a wɔatu mpɔn bɛboa ma akuafo sika a wonya no akɔ soro.
Some women in our society wrongly use gender equality.,Mmea binom a wɔwɔ yɛn man yi mu de mmarima ne mmea pɛyɛ di dwuma wɔ ɔkwan a ɛnteɛ so.
The local government should ensure proper management of the allocated resources.,Ɛsɛ sɛ Aban ananmusifoɔ a wɔhwɛ nkuro nkumaa amamuo so no de agyapadeɛ a wɔdebɛhyɛ wɔn nsa no di dwuma a ɛfata.
I am working as a volunteer at church.,Mereyɛ adwuma sɛ obi a otu ne ho ma wɔ asɔre.
The organiser of the dance was required to make a local brew.,Ná wɔhwehwɛ sɛ nea ɔhyehyɛɛ asaw no yɛ ɛhɔnom nsa bi.
He takes care of his younger siblings because their parents died in a car accident.,Ɔhwɛ ne nuanom nkumaa efisɛ wɔn awofo wuwui wɔ kar akwanhyia mu.
Many veterans struggle to find work after they retire.,Wɔn a wɔadi ako pii berɛ wɔ adwuma a wobenya ho bere a wɔakɔ pɛnhyen akyi.
The foundation is being praised for its participation in raising awareness against sickle cerls,Wɔrekamfoɔ fapem no sɛ ɛde ne ho hyɛɛ mu wɔ nnipa a wɔma nkurɔfo hu sickle cerls ho
"if you are determined at doing something, then there are high chances for you to succeed.","sɛ woasi wo bo sɛ wobɛyɛ biribi a, ɛnde hokwan kɛse wɔ hɔ sɛ wubedi yie."
Border towns are seen as coronavirus hot spots in Ghana,Wohu nkurow a ɛwɔ ɔhye so sɛ mmeae a coronavirus ho yɛ hyew wɔ Ghana
Lawyers should reach out to people who can not move to courts.,Ɛsɛ sɛ mmaranimfoɔ kɔ nnipa a wontumi nkɔ asennibea ahodoɔ nkyɛn.
People have faith that the police is there to protect them.,Nkorɔfoɔ wɔ gyidie sɛ poilsifoɔ wɔ hɔ sɛ wɔbɛbɔ wɔn ho ban.
People demonstrated over the cutting down of shea nut trees in the northen region of Ghana,Nkorɔfoɔ yɛɛ ɔyɛkyerɛ wɔ nkuto aba nnua a wɔretwitwa wɔ Ghana atifi mantam mu no ho.
The lawbreakers have been taken to the courts of law,Wɔn a wɔbu mmara no so no wɔde wɔn kɔgyina asɛnnibea.
"The first missionaries to pre-colonial Ghana, were a multiracial mixture of European, African, and Caribbean pietists employed by Switzerland's Basel Mission.","Akwansrafoɔ a wɔdi kan baa Ghana no, na wɔyɛ nnipa a wɔfiri aman ahodoɔ te sɛ Europe, Afrika, ne Karibeafoɔ a Switzerland Baaseresom no afa wɔn adwuma."
Corruption is one of the major factors that has slowed development in Ghana.,Adifudepɛ yɛ nneɛma atitiriw a ama nkɔso akɔ fam wɔ Ghana no mu biako.
They are followed by an advance party at dawn and the main body at day break.,Wɔde 'paati' (party) a akɔ anim toaa so ahemadakye na adeɛ no ankasa adekyeeɛ.
The court is being involved in the effort to curb thieves and roaming livestock.,Asɛnnibea no de wɔn ho ahyɛ mmɔden a wɔrebɔ sɛ wobesiw akorɔmfo ne mmoa a wɔkyinkyin ano no mu.
It became illegal to hunt down wildlife in the region.,Ɛbɛyɛɛ sɛ mmara mma ho kwan sɛ wɔbɛhwehwɛ wuram mmoa wɔ mantam no mu.
"As a student, how can I attain an academic scholarship?","Sɛ́ osuani no, mɛyɛ dɛn atumi anya adesua ho sika?"
If a hospital has many doctors then more patients will always go to that hospital.,Sɛ ayaresabea bi wɔ nnuruyɛfo pii a ɛnde ayarefo pii bɛkɔ saa ayaresabea no bere nyinaa.
Our education system has a structure of seven years for primary education.,Yɛn nwomasua nhyehyɛeɛ no wɔ nhyehyɛeɛ a ɛyɛ mfeɛ ason ma mfitiaseɛ nwomasua.
"The water in her bucket poured, accidentally spilling out of the container.","Nsu a ɛwɔ ne bokiti mu no hwiee gui, na ɛhwiee fii ade a wɔde gu mu no mu wɔ akwanhyia mu."
The magistrates court is overwhelmed by cases of gender-based violence.,Asɛnnibea no aba mu abu afa nsɛm a ɛfa ɔbaa ne barima ntawantawa ho.
Shops selling general merchandise were allowed to open during the lockdown.,Wɔmaa kwan ma wobuee sotɔɔ ahodoɔ a wɔtɔn nneɛma a wɔde di dwuma nyinaa wɔ bere a na wɔatoto mu no.
The Mole-Dagbon Kingdoms are the earliest political kingdoms of Modern Ghana.,Mole-Dagbon ahenie no yɛ amannyɔ ahinnie a ɛdi kan wɔ ɔman Ghana mu.
The matter is under investigation by the police.,Asɛm wɔ Apolisifoɔ nsam a wɔreyɛ mu nhwehwɛmu.
Northern Ghana had less positive cases in the last days of August.,Ghana Atifi fam anya nnipa a wɔanya yare no pii wɔ Ɔsanaa nna a etwa to no mu.
Promotion is a necessary step towards increasing awareness.,nkɔsoɔ yɛ anammɔn a ɛho hia a ɛbɛma nkurɔfoɔ ate aseɛ.
Invitees shall receive invitations attached with the Terms of Reference for the workshop.,Wɔn a wɔbɛto nsa afrɛ wɔn no nsa bɛka nsatoɔ krataa a wɔde abata Nhyiamu no ho Nsɛm a Wɔde Di Dwuma ho
Normally after a conference the guest of honour takes a photo with the panerists.,"Mpɛn pii no, wɔ nhyiam bi akyi no, ɔhɔho a wɔde nidi ma no ne baguafo no twa mfonini"
The payment was only done after a cry from the councillors.,Wɔyɛɛ akatua no bere a agyinatufo no teɛteɛɛm akyi nkutoo.
Projects will focus on issues of development .,nnwuma ahorow no bɛtwe adwene asi nkɔso ho nsɛm so .
People have been charged interest rates on the loans.,Wɔagye nkorɔfoɔ bosea no ho mfɛntom.
It is very dangerous for citizens to possess guns in their hands.,Asiane wɔ mu paa sɛ ɔman mma bɛkura atuo wɔ wɔn nsam.
"People have easy accessibility to schools, health services and areas of the market.","Nkorɔfo wɔ kwan a ɛnyɛ den sɛ wɔbɛkɔ sukuu, apɔmuden ho adwumayɛbea ne mmeaeɛ a ɛwɔ dwa so."
Vaccinations can help to prevent costly treatment of diseases that can be prevented.,Paneɛ a wɔwɔ no boa si ayaresa a ne boɔ yɛ den ano wɔ nyarewa ɛsi ano kwan no ho.
Doctors in Ghana are demanding for salary increment.,Nnuruyɛfo a wɔwɔ Ghana rehwehwɛ sɛ wɔma wɔn akatua nkɔanim.
The Ministry of Education and Sports partnering with agencies will continuously look out for opportunities to tackle relevant education policies,Asoɛeɛ a ɛhwɛ nwomasua ne Agodie so nsɛm no ne nwumakuo foforo reka abɔm apɛ akwanya ahodoɔ a ɛbɛboa adesua ho nhyehyɛeɛ no.
They celebrated the first day of construction of that building last week.,Wɔhyɛɛ fa wɔ ɛdan no si da a ɛdi kan nnawɔtwe a ɛtwaa mu no ho.
Christians have explained that counselling has created togetherness among spouses.,Kristofo akyerɛkyerɛ mu sɛ afotu ama awarefo abom ayɛ biako.
The poor organization was as a result of not having enough money.,Ahyehyɛde a enye no fi sika a na ɛnnɔɔso.
The victim was a housemaid was chased from her job.,Ná nea wɔayɛ no bɔne no yɛ ofiehwɛfo a wɔpam no fii n’adwuma mu.
People engaged in all forms of corruption should be heavily punished.,Ɛsɛ sɛ wɔtwe nkorɔfoɔ a wɔyɛ porɔyɛ ahodoɔ nyinaa aso yie.
"To prevent eviction from your land, you need to have documents to prove your ownership.","Nea ɛbɛyɛ na wɔrentu wo mfiri w'asase so no, ɛsɛ sɛ wonya nkrataa a ɛdi adanseɛ sɛ ɛyɛ wo dea."
"A treaty has to be signed between the manufacturers, Landowners and agriculturalists.","Ɛsɛ sɛ wɔde wɔn nsa hyɛ apam ase wɔ wɔn a wɔyɛ nneɛma, Asasewuranom ne kuayɛfoɔ ntam."
Leaders need to work together for the good of their subordinates.,Ɛsɛ sɛ akannifoɔ bom yɛ adwuma ma wɔn a wɔhyɛ wɔn ase no yiyedie.
The disabled children in Ghana are trapped in poverty.,Mmofra a wɔadi dɛm a wɔwɔ Ghana no akɔhyɛ ohia mu
The teachers have been taught how to use the teacher management information system.,Wɔakyerɛ akyerɛkyerɛfo no sɛnea wɔde akyerɛkyerɛfo sohwɛ ho nsɛm nhyehyɛe no bedi dwuma.
The government needs to follow up on whatever work it allocates to the private sector.,"Adwuma biara a aban no de bɛhyɛ akorɛnkorɛ nsa no, ɛsɛ sɛ ɔde n'ani di akyire hwɛ sɛ ɛrekɔ so"
The district organized a forum to promote ethics and integrity among public servants.,Mansini no yɛɛ dwumadie bi a na ɛbɛboa ama aban adwumayɛfoɔ de nokorɛdie ne suban pa ayɛ wɔn nnwuma.
"After a bitter fight, the village leader threatened to kill his wife.","Bere a wɔkoe denneennen akyi no, akuraa no ase panyin no hunahunaa ne yere sɛ obekum no."
The government has provided motorcycles to the refugee leaders.,Aban no de moto sakere ama akannifoɔ a wɔdeda atukɔtenafoɔ no ano no
The opposition leaders said they have a right to campaign.,Asɔretiafo akannifo no kae sɛ wɔwɔ hokwan sɛ wɔyɛ ɔsatu.
Kukua borrows money from groups and uses it as capital for briquette making.,kukua bɔ bosea fi akuw ahodoɔ hɔ na ɔde yɛ kapital de yɛ briquette.
"The natives of Simpa (Winneba) adore and hold in high esteem their principal deity, Penkye Otu, for leading their ancestors through the arduous journey from Timbuktu to their present settlement.",Simpa (Winneba) kuromfoɔ som wɔn nyame titire Penkye Otu na wɔbu no kɛseɛ ɛsiane sɛ ɔdii wɔn nananom anim wɔ akwantu a ɛmu yɛ den a wɔfirii Timbuktu kɔɔ wɔn atraeɛ mprempren no mu nti.
"The goats ate all the leaves of plants in my garden, causing significant destruction.","Mmirekyie no wee nneɛma a na madua wɔ me turo no mu no so wura nyinaa, na ɛsɛee m'adwuma no"
"Preferably, people love to borrow at a favourable interest rate.","sɛ ɛbɛyɛ yiye a, nkurɔfo ani gye ho sɛ wɔbɛbɔ bosea wɔ mfɛntom a ɛfata so"
The youth should acquire knowledge to start businesses.,Ɛsɛ sɛ mmabun nya nimdeɛ de fi nnwuma ase.
Elephants attack people's crops on a daily basis.,Asono sɛe nkurɔfo nnɔbae da biara da.
Children aged three to five years are expected to be in nursery school.,Wɔhwɛ kwan sɛ mmofra a wɔadi mfe abiɛsa kosi anum bɛkɔ mmofra sukuu.
Aid is offered to the needy and endangered.,Wɔde mmoa ma nea ohia mmoa ne nea ɔda esiane mu.
Pregnant mothers are vulnerable members of the community.,ɛnanom a wɔyem yɛ mpɔtam hɔfo a wonni ahobammɔ.
"In the organization, we work together as a team.","Wɔ ahyehyɛde no mu no, yɛbom yɛ adwuma sɛ kuw."
Great speeches are usually given during the burial of the deceased.,Wɔtaa ka ɔkasa ɛdu bere wɔ yɛ awufo som ase.
The district will attain infrastructural development .,Mansini no bɛnya adan pii
"Farmers are now getting new equipment to use and were taught how to learn to save their money to succeed in farming,","Mprempren akuafo no nya mfiri foforo a wɔde bedi dwuma, na wɔakyerɛ wɔn sɛnea wobesie wɔn sika adi na ama wɔatumi adi yiye wɔ wɔn mfuw mu."
The United Nations organization has greatly helped refugees all over the world.,Amanaman Nkabom ahyehyɛde no aboa aguanfo a wɔwɔ wiase nyinaa kɛse.
Allegations were denied the production officer saying new farmers are annually picked.,Wɔpoo sobo ahorow a production officer no kae sɛ afe biara wɔtetew akuafo foforo.
A bleeding victim was told to lie down instead of receiving proper health care.,Wɔka kyerɛɛ nipa bi a na ne ho aka ma mogya repram no no sɛ ɔnna fam a nka mmom wobɛtumi ama no apomuden nhwɛɛeɛ papa.
Politicians have people that assist them throughout the campaign process.,Amammuifo wɔ nnipa a wɔboa wɔn wɔ ɔsatu no nyinaa mu.
Road committees help in the road planning process.,Ɔkwan so boayikuw ahorow boa wɔ akwan nhyehyɛe ho nhyehyɛe no mu.
"MacCarthy was killed, and most of his force was wiped out in a battle with Ashanti forces in 1824.","Wokuu MacCarthy, na wɔpepaa n’asraafoɔ dodoɔ no ara wɔ ɔko a wɔne Asante asraafoɔ koo wɔ 1824 mu no mu."
He said that time wasted is never gained.,Ɔkae sɛ bere a wɔsɛe no no nnya mfaso da.
Hospitals are adopting to the existing technology for efficiency purposes.,Ayaresabea ahorow refa mfiridwuma a ɛwɔ hɔ dedaw no so de ayɛ adwuma yiye.
"Due to pride, he forgot all about his friends.","Esiane ahantan nti, ne werɛ fii ne nnamfo nyinaa."
People in the area lack financial management skills.,Nkorɔfoɔ wɔwɔ mpɔtam hɔ no nni sikahwɛ so nimdeɛ.
Asian expulsion from Ghana led to the disruption of business.,Asiafo a wɔpam wɔn fii Ghana no ma wɔsɛee nnwuma.
Organizations have been established to help those infected with the Human Immune Virus.,Wɔatew ahyehyɛde ahorow a ɛbɛboa wɔn a wɔanya Nnipa Nkwammoaa a Ɛko Tia Nyarewa no.
I encourage my fellow youths to never participate in mob justice.,Mehyɛ me mfɛfo mmabun nkuran sɛ wɔmmfa wɔn ho nhyɛ basabasayɛfo atɛntrenee mu.
Protesters lost public support when they became violent.,wɔn a wɔyɛ ɔsɔretia no hweree ɔmanfo mmoa bere a wɔbɛyɛɛ basabasa no.
People go to the market to buy goods from traders.,Nkorɔfoɔ kɔ dwam kɔtɔ nnoɔma firi adwadifoɔ nkyɛn.
Some church leaders are fearful of making their financial activities accountable.,Asɔre akannifo binom suro sɛ wɔbɛma wɔabu wɔn sikasɛm dwumadi ho akontaa.
Health facility visits are aimed at ensuring that patients are getting good health care,Akwahosan adwumayɛbea nsrahwɛ atirimpɔw ne sɛ wɔbɛhwɛ ahu sɛ ayarefo renya akwahosan ho nhyehyɛe pa
The leader made sure the community receives good quality services.,Ɔkannifoɔ no bɔɔ ne ho mmɔden sɛ ɔmanfoɔ no nsa bɛka nnoɔma papa.
Conflicts among people of different countries can cause a serious war between them.,Ntawntawdi a ɛba nnipa a wofi aman ahorow so ntam no betumi de ɔko a emu yɛ den aba wɔn ntam
"Condoms reduce the risk of spread of the viral infection. At health centers, condoms are free and are stored in a cool, dry place.","Kɔndɔm brɛ asiane a ɛwɔ hɔ sɛ ɔyare mmoawa no bɛtrɛw no ase. Wɔ akwahosan asoɛe ahorow no, wontua kɔndɔm biara na wɔde sie baabi a ɛhɔ yɛ nwini na ɛhɔ yɛ kusuu."
Health workers should be trained on how to act professional at work.,Ɛsɛ sɛ wɔtete akwahosan ho adwumayɛfo wɔ sɛnea wɔbɛyɛ wɔn ade a wɔyɛ adwumaden wɔ adwumam ho.
Patients need good transport means to reach hospitals.,Ayarefoɔ hia kaa pa a wɔde bɛkɔ ayaresabea.
Some presidential candidates this year don't belong to any political party.,Wɔn a wɔpɛ sɛ wɔyɛ ɔmampanyin afe yi no binom nyɛ amammui kuw biara mufo.
The council lacks funds to implement its policies.,Agyinatukuw no nni sika a wɔde bedi ne nhyehyɛe ahorow ho dwuma.
The festival is used also to receive a productive harvest and spiritual guidance from their gods for the coming year.,Wɔsan de saa afahyɛ yi srɛ wɔbɛtwa nnuabaeɛ pii ne honhom mu ahobammɔ firi abosom no hɔ wɔ afe a ɛdi wɔn anim no mu.
Its only the district council that decides which road to be constructed.,Ɛyɛ ɔmantam agyinatukuo no nko ara na ɛsi ɔkwan a wɔbɛsi ho gyinaeɛ.
I reside in the same village with my boss.,Me ne m’adwumawura te akuraa koro ase.
The magistrate spoke at a press-conference organized by the Action Aid in Bole town.,Ɔtemmuafoɔ no kasaa wɔ nsɛntwerɛfoɔ nhyiamudeɛ a Action Aid foɔ frɛeɛ no ase wɔ Bole Town.
Of what importance is the lower local government?,Mpɔtam nniso a ɛba fam no ho hia sɛn?
Police fined my brother for driving a vehicle with poor mechanical condition.,Polisifoɔ bɔɔ me nuabarima ka esiane sɛ ɔkaa kar a mfiri a ɛnyɛ papa nti.
People in rural areas should engage in agriculture so that they get something to eat.,Ɛsɛ nkorɔfoɔ a wɔwɔ nkuraase no yɛ kuadwuma sɛdeɛ ɛbɛyɛ a wɔbɛnya biribi adi.
Sometimes feel scared of how your partner may behave?,"Ɛtɔ da bi a, wote nka sɛ ehu ka wo wɔ sɛnea ebia wo hokafo no bɛyɛ n’ade no ho?"
He used the money to add capital in his business.,Ɔde sika no de kapital kaa n’adwuma ho.
The national budget committee depends on this information when allocating government funds.,ɔman no baasonkuo a wɔhwɛ akɔnhoma so no gyina nsɛm yie so na ɛkyekyɛ aban no sika.
The residents have sued the church over land issues.,Nnipa a wɔte hɔ no de asɔre no akɔ asɛnnibea wɔ asase ho nsɛm ho.
School labs need to be fully equipped to handle Chemistry lessons.,ɛsɛ sɛ sukuu nhwehwɛmubea ahorow nya nneɛma a edi mũ a wobetumi adi Chemistry adesua ahodoɔ ho dwuma.
The head of state says his previous assistant is the cause of conflicts.,Ɔmampanin no se ne boafoɔ dada no na ɔmaa saa basabasayɛ no nyinaa siiɛ.
The diocese has established handwashing terminals at every church.,Diocese no ayɛ mmeae a wɔde nsa hohoro wɔ asɔredan biara mu.
Circumcision is free of charge in all government health centers.,Twetiatwa a wontua hwee wɔ aban akwahosan asoɛe ahorow nyinaa mu.
People grew red paper to scare off the elephants.,Nkorɔfo duaa krataa kɔkɔɔ de bɔɔ asono no hu.
The well being of the girl child is a concern for the community at large.,Abaayewa no nkɔsoɔ yɛ adeɛ a kuro no nyinaa m dwene ho.
The decision to exper the headteacher was not accepted by parents.,"Gyinae a wosii sɛ wɔbɛma ɔkyerɛkyerɛfo panyin no ayɛ adwuma no, awofo annye antom."
The ruling government is running out of its time,Aban a edi tumi no ne bere resa
His relatives were very disappointed with his stepmother.,N’abusuafo abam bui paa wɔ ne mpena no ho.
One of the truest tests of integrity is its blunt refusal to be compromised.,Nokwaredi ho sɔhwɛ ahorow a ɛyɛ nokware sen biara no mu biako ne pow a ɛpow pefee sɛ wɔbɛma obi ayɛ basaa.
Some people have been displaced by the elephants.,Asono ama nnipa binom atu afi wɔn afie mu.
How can we ensure that teachers attend to their pupils?,Yɛbɛyɛ dɛn ahwɛ ahu sɛ akyerɛkyerɛfo bɛhwɛ wɔn asuafo?
Stricter regulations on forest management are put up to stop illegal activities.,Wɔde mmara a emu yɛ den a ɛfa kwae sohwɛ ho sisi hɔ na ama wɔagyae nnwuma a mmara mma ho kwan.
The couple has been married for ten years.,Awarefo yi aware mfe du ni.
Women are advised to start businesses as soon as they can.,Wɔtu mmaa fo sɛ wɔnhyɛ adwadie ase ntɛm berɛ biara a wɔbɛtumi.
She wants her wedding reception to be in the restaurant gardens.,Ɔpɛ sɛ n’ayeforohyia apontoɔ no yɛ adidibea turom hɔ
People still lay wreaths on their loved ones when they die.,Nkorɔfoɔ da so ara de nhwiren gu wɔn adɔfo so berɛ a wɔwuwu no.
People lack knowledge about disease contraction and how it affects people.,Nkorɔfoɔ nni nimdeɛ fa sɛdeɛ wɔnya yadeɛ ne ɔkwan a ɛnyɛ nsunsuansoɔ wɔ nnipa so.
The district leaders solicited money from the government to help the people.,Mansini no akannifoɔ no kɔpɛɛ sika firii aban no hɔ de bɛboaa wɔn manfoɔ no.
People have accused politicians in conniving to grab their land.,Nkorɔfoɔ bɔ amanyɔfoɔ sɛ wɔaka wɔn ho abɔm agye wɔn nsase.
The public is reminded to keep law and order.,Wɔkae ɔmanfo sɛ wonni mmara ne nhyehyɛe so.
Illegal practitioners should be charged in courts of law.,Ɛsɛ sɛ wɔbɔ wɔn a wɔyɛ adwuma a mmara mma ho kwan sobo wɔ asennibea ahorow.
"For safety on the road, motorists have to wear hermets.","Esiane ɛhyɛn kwanso ahobammɔ nti, ɛsɛ sɛ akwantufo wɔte moto so hyɛ ahobammɔ kyɛ"
It's advisable to invest in a pilot study before doing any research.,Ɛyɛ papa sɛ wode sika bɛhyɛ nhwehwɛmu a wɔde bɛsɔ ahwɛ mu ansa na woayɛ nhwehwɛmu biara.
"The Memorandum of Understanding they are use has five major areas of collaboration, the subject of personner and other resources.","Nteaseɛ krataa a wɔde wɔn nsa ahyɛ aseɛ no wɔ afaafa titire num a ɛfa nkabɔm, ankorankorɛ ne nnoɔma ahodoɔ ho."
Some teens these days don't follow their parents rules.,Mmabun binom nni wɔn awofoɔ mmara so nnansa yi.
My mother is the general manager of that bank.,Me maame ne saa sikakorabea no panyin.
Oil production in the country is expected to start very soon.,Wɔhwɛ kwan sɛ wobefi ase ayɛ ngo wɔ ɔman no mu nnansa yi ara.
Medical treatments lower the risk of the disease spread.,Ayaresa brɛ asiane a ɛwɔ hɔ sɛ yareɛ no bɛtrɛ no ase.
Our village leader's home is among the households without latrines.,Yɛn akuraa ɔkannifoɔ fie no ka afie a ɛnni tiafi no ho.
Decision making is one quality expected of a leader.,Gyinaesi yɛ su biako a wɔhwɛ kwan fi ɔkannifo bi hɔ.
The construction of houses was successfully completed within a remarkably short timeframe of six months.,Wowiee afie a wosii no yiye wɔ bere tiaa bi a ɛyɛ nwonwa a ɛyɛ asram asia mu.
Usually car drivers who cause a road accident tend to run away from the police.,Mpɛn pii no adrɔbafoɔ a wɔma akwanhyia si no taa dwane firi Polisifoɔ nsam.
Public figures are important in encouraging parents to put their children in school.,Ɔmanfoɔ mu nnipa ho hia wɔ awofo a wɔhyɛ wɔn nkuran sɛ wɔmfa wɔn mma nkɔ sukuu no mu.
Refugees seek a settlement in the host countries.,aguanfo hwehwɛ baabi a wɔbɛtra wɔ aman a wɔagye wɔn no mu.
She said she didn't have enough capital to start a business.,Ɔkaa sɛ onni Sika a ɛdɔɔso a ɔde befiri adwuma bi ase.
Local governments lack funds to improve service provision.,Mpɔtam hɔ nnisoɔ ahodoɔ nni sika a wɔde bɛma ɔsom adwuma no atu mpɔn.
Many people have benefited from the vocational skills training programs.,Nnipa pii anya adwumayɛ ho nimdeɛ ntetee nhyehyɛe ahodoɔ no so mfasoɔ.
Police violence against civilians is on increase nowadays.,Polisifoɔ basabasayɛ a wɔyɛ tia ɔmanfoɔ a wɔnyɛ asraafoɔ no renya nkɔanim nnɛ.
Only fifty percent of babies are still breastfeeding at the age of six months.,Nkokoaa ɔha biara mu aduonum pɛ na wɔda so ara ma nufu bere a wɔadi asram asia no.
The state attorney is a common term for a prosecutor.,Ɔman mmaranimfo yɛ asɛmfua a wɔtaa de frɛ mmaranimfo.
I also want to create a good legacy.,Mepɛ nso sɛ mebɔ agyapade pa.
People are spreading ill messages about aspirants hence causing divisions pre-election.,Nkorɔfoɔ retrɛw nkrasɛm a ɛnyɛ mu afa wɔn a wɔpɛ sɛ wɔyi wɔn ho ma ɛnti ɛde mpaepaemu reba ansa na wɔato wɔn so aba ayi wɔn.
Acts of mob justice are not acceptable in society.,Nneyɛe a ɛfa basabasayɛfo atɛntrenee ho no nyɛ nea wogye tom wɔ ɔmanfo mu.
Parents do a great job in bringing up their children.,Awofoɔ di dwuma titire wɔ wɔn mma nteteeɛ ho.
The teachers management system was created by the University of Ghana's Software Engineering Student,Ghana Suapɔn Software Engineering Student na ɔyɛɛ akyerɛkyerɛfoɔ sohwɛ nhyehyɛeɛ no
"By the end of 16th century, most of the ethnic groups constituting the modern Ghanaian population had settled in their present locations.","Eduu afeha a ɛto so 16 awiei no, na mmusuakuw a wɔyɛ nnɛyi Ghanafo dodoɔ no ara akɔtra mmeaɛ a wɔwɔ mprempren no."
"In Ghana, people below the age of eighteen years are not allowed to get married.","Wɔ Ghana no, wɔmma nnipa a wonnii mfeɛ dunwɔtwe kwan mma wɔnware."
My wife needs to work hard and establish other sources of income,Ɛsɛ sɛ me yere yɛ adwumaden na ɔde sika fibea afoforo si hɔ
Cultural leaders tend to own big chunks of land.,Amammerɛ akannifo taa nya asase akɛse
Tears have engulfed our nation and we are deeply saddened and distraught. I never imagined that one day that it would place our nation in such a difficult circumstance.,Nusu akata yɛn man no so na yɛadi awerɛhow kɛse na yɛn adwene atu afra. Mansusuw da bi sɛ da bi ɛde yɛn man no bɛto tebea a emu yɛ den saa mu.
The ministry of health has worked with different sectors for better health services.,Asoɛeɛ a ɛhwɛ apɔmuden nsɛm so no nwumakuo ahodoɔ adi dwuma a ɛbɛboa apɔmuden dwumadie.
The majority of the patients dying are older people.,Ayarefoɔ beberee a wɔrewuwuo no nyinaa yɛ wɔn a wɔn mfie kɔ anim.
The students were detained because they got involved in a fight.,Wɔde sukuufo no guu afiase esiane sɛ wɔde wɔn ho hyɛɛ ntɔkwaw mu nti.
High crime rates bring insecurity which retards development.,Nsɛmmɔnedi dodow a ɛkɔ soro de ahobammɔ a enni hɔ ba a ɛma nkɔso kɔ akyiri.
The village elders distributed masks to most of the people in our area.,Akuraase mpaninfoɔ no de anim-nkatadeɛ maa nnipa pii a wɔwɔ yɛn mpɔtam hɔ.
Every day we should fight these violence among ourselves.,Ɛsɛ sɛ yɛko basabasayɛ yi da biara da wɔ yɛn mu.
"For a team to win games, all the players have to be motivated to win.","Sɛ kuw bi betumi adi nkonim a, ɛsɛ sɛ wɔn a wodi agoru no nyinaa nya nkuranhyɛ sɛ wobedi nkonim."
"The hospital services are good, effective and efficient.","Ayaresabea no no nnwuma nyinaa yɛ papa, ɛdi mu na mfasoɔ wɔ so pa ara."
Farmers should avoid feeding pigs on leftover food from hotels.,Ɛsɛ sɛ akuafo twe wɔn ho fi nnuan a aka ɛfri ahɔhodan mu a wɔde ma mprako no.
Constructions funded by the government take a lot of time.,Adansi adan a aban no de sika boa no gye bere pii.
The community is greatly advised to contribute to the fund.,Wɔhyɛ mpɔtam hɔfo fo kɛse sɛ wɔmfa ntoboa mma sikakorabea no.
Provision of sanitation and hygiene is an important preventative measure.,ahotew ne ahotew a wɔde bɛma no yɛ ade titiriw a wɔde siw ano
People lack agricultural inputs to engage in agricultural activities.,Nkorɔfoɔ nni kuayɛ ho nnoɔma a wɔde bɛyɛ kua.
Several insects affect crops in one way or another.,Nnwemmoa pii nya nnɔbae so nkɛntɛnso wɔ ɔkwan bi so.
It is part of the police's obligation to reach the crime scene.,Ɛyɛ polisifoɔ asɛdeɛ sɛ wobɛduru baabi a nsɛmmɔnedie no wɔ no fã.
Some animal diseases make their meat unsafe for people's consumption.,Mmoa nyarewa bi ma wɔn nam nyɛ nea asiane biara nni ho sɛ nkurɔfo betumi adi.
Politicians should not use burial ceremonies as political rallies.,ɛnsɛ sɛ amammuifo de amusiei ho guasodeyɛ di dwuma sɛ amammui mu nhyiam ahorow.
The health committee met with the health minister to discuss about the polio vaccine.,Apɔmuden badwa no ne Ɔsoafoɔ a ɔhwɛ apɔmuden so no hyia dii polio aduro a wɔde wɔ no ho nkɔmmɔ.
"If the private sector is not well monitored, then they may just do work as they please.","Sɛ wɔanhwɛ ankorankoro adwumayɛkuw no so yiye a, ɛnde ebia wɔbɛyɛ adwuma sɛnea wɔpɛ ara."
Not everyone who loves cars has a car.,Ɛnyɛ obiara a n’ani gye kar ho na ɔwɔ kar.
When stating a point you should always explain more about it.,Sɛ woreka asɛmpɔ bi a ɛsɛ sɛ berɛ biara wokyerɛkyerɛ mu kɔ akyiri.
Straight talk clubs in schools have educated students about the adolescent stage.,Nsɛm a wɔka kyerɛ tee akuo ahodoɔ a ɛwɔ sukuu ahodoɔ mu no akyerɛkyerɛ sukuufoɔ mmabunbere fa.
There will be a training about fish farming in the town hall.,Wɔbɛyɛ nteteɛ ama sɛdeɛ wɔnyɛn nsuomnam ho wɔ kuro no asa so.
I am taking a gap year in my education after finishing this course.,Merefa gap afe wɔ me nhomasua mu bere a mawie adesua yi akyi no.
"That is a very attractive piece of cloth. How much does it cost? I would like to get one for my wife. Her birthday is coming up, and I would like for her to have a good time.","Ɛno yɛ ntama a ɛyɛ fɛ yiye. Ɛho ka yɛ ahe? Mepɛ sɛ minya bi ma me yere. N’awoda reba, na mɛpɛ sɛ ogye n’ani."
The president has the power to order the rerease of a convict.,Ɔmampanyin no wɔ tumi sɛ ɔhyɛ sɛ wɔmfa obi a wɔabu no fɔ no bio.
The numbers of jobs in the technology sector are increasing.,Nnwuma dodow a ɛwɔ mfiridwuma mu no renya nkɔanim.
How much vanilla does Ghana export to other countries?,Vanilla dodow ahe na Ghana de kɔ aman foforo so?
"In the current modern world, what do learners need?","Wɔ mprempren nnɛyi wiase yi mu no, dɛn na asuafo hia?"
development involves team work,nkɔso fa kuw adwuma ho
"The empire became known in Europe and Arabia as the Ghana Empire after the title of its Emperor, the Ghana.","Europe ne Arabia no, aheman yi bɛgyee din sɛ Ghana Aheman berɛ a wɔde too wɔn Sahene a na wɔfrɛ no Ghana no."
People should shoot movies that are educational and informative.,Ɛsɛ sɛ nkorɔfoɔ twa sini a ɛyɛ adesua na ɛma nsɛm fa adeɛ ho.
His music was encouraging and educating the youth.,Ná ne nnwom no hyɛ mmabun nkuran na ɛkyerɛkyerɛ wɔn.
"However, the president refused to approve the salary increase for some government officials, displaying his stance on the matter.","Nanso, ɔmampanyin no ampene so sɛ wɔbɛma aban mpanyimfo binom akatua so, na ɔdaa ne gyinabea adi wɔ asɛm no ho."
We need to take care of our mental health during this coronavirus pandemic,Ɛsɛ sɛ yɛbɔ yɛn adwene ho ban wɔ Coronavirus yareɛ kɔdiawuo berɛ yi mu.
Roads contribute to the economic development and growth of an area.,akwan boa ma mpɔtam bi sikasɛm nya nkɔso na enya nkɔso.
What is the risk allowance? It refers to the additional compensation or benefits provided to individuals who undertake high-risk tasks or work in hazardous environments.,Deɛn ne asiane sika no? Ɛyɛ sika sononko bi a wɔde ka obi akatua ho anaasɛ wɔde ma no sɛ mpatadeɛ ɛsiane adwuma bi a ɛyɛ hu pa ara ɔyɛ nti anaasɛ ɛsiane sɛ ɔyɛ adwuma wɔ beaeɛ bi a ɛhɔ yɛ hu nti.
The hospital has only two midwives to manage pregnant women.,Ayaresabea no wɔ adɔkotafoɔ a mmienu pɛ a wɔgye apemfoɔ a wɔba hɔ no nyinaa awoɔ.
homeless kids end up sleeping on the streets.,mmofra a wonni afie kowie sɛ wɔda mmɔnten so.
"Mother held his hand and led him outside, offering guidance and support.","Ne Maame kuraa ne nsa na odii n’anim kɔɔ abɔnten, na ɔde akwankyerɛ ne mmoa mae."
The weed was introduced by visitors from other regions.,Nsrahwɛfo a wofi mmeae afoforo na wɔde nwura no bae.
Not only are diseases prevented by being hygienic but by also having sanitary facilities.,"Ɛnyɛ ahotew nko na wosiw nyarewa ano, na mmom sɛ wonya ahotew ho beae nso."
The poor and the rich have different mentalities.,Ɛsono ahiafo ne adefo adwene.
Make you feel like you are unable to make decisions?,ɛma wote nka sɛ wuntumi nsi gyinae?
The team was given a free kick in the last ten minutes.,Wɔmaa kuo no kwan ma wɔbɔɔe wɔ simma du a na aka no mu.
The district leaders want to establish a man-made lake in the area.,Mansini no mu akannifoɔ no kɔtuu tadeɛ bi wɔ saa beaeɛ hɔ.
"The police is there to promote law and order, not to scare people.","Polisifo wɔ hɔ sɛ wɔbɛhyɛ mmara ne nhyehyɛe ho nkuran, na ɛnyɛ sɛ wɔbɛbɔ nkurɔfo hu."
"Given the evidence at hand, he was proved innocent.","Esiane adanse a na ɛwɔ hɔ nti, wobuu no bem."
The national parks recorded increase in poaching during the pandemic lockdown.,Ɔman no paake kyerɛɛ sɛ mmoa a wɔkye wɔn we no kɔɔ soro wɔ yadeɛ no dan-mu-hyɛ berɛ mu.
Majority voters vote for the one they think can best address their plight.,Wɔn a wɔto aba dodoɔ no ara to aba ma nea wosusu sɛ obetumi adi wɔn tebea ho dwuma yiye.
The funds are given out on a results basis.,Wɔgyina nnwuma no so na wɔde sika no ama
School completion rate in primary schools is higher in boys.,sukuu a wowie wɔ mfitiase sukuu ahorow mu no dɔɔso wɔ mmarimaa mu.
It's good to live in peace with your neighbors.,Ɛyɛ papa sɛ wo ne w'afipamfoɔ betena asomdwoee mu.
The business community will contribute funds for the construction of the stadium.,Adwumayɛfo no bɛboa sika de asi agumadibea no.
The chairperson has provided space where the training will be conducted.,Oguamtrani no ama baabi a wɔbɛyɛ ntetee no.
Adobea encouraged her friend to pursue her dreams and never give up.,Adobea hyɛɛ n’adamfo no nkuran sɛ onni n’adaeso akyi na ɔmpa abaw da.
More students from different universities will become fund beneficiaries.,Sukuufo pii a wofi sukuupɔn ahorow mu bɛyɛ wɔn a wonya sika mu mfaso.
"People want to process, preserve and maintain fisheries products.","Nkorɔfoɔ pɛ sɛ wɔyɛ mpataayi nnoɔma ho adwuma, wɔkora so na wɔhwɛ so."
The widow has to be married to her husband by the time of death.,Ɛsɛ sɛ okunafo no ware ne kunu ansa na wawu.
There are no funds allocated to help the disabled in rural areas.,Yɛnni sika a wɔde boa abubuafoɔ wɔ nkuraase.
Doctors and nurses are not well motivated in doing their jobs in public hospitals.,Nnuruyɛfo ne ayarehwɛfo nnya nkannyan pa sɛ wɔbɛyɛ wɔn nnwuma wɔ ɔman ayaresabea ahorow mu.
There is an increase in internet consumption because most of the schools have rolled out erearning.,Intanɛt so dwumadie kɔɔ anim pa ara ɛfiri sɛ sukuu dodoɔ no ara suaa adeɛ wɔ intanɛt so.
"There was a massive robbery in the city, resulting in the theft of people's cars.","Korɔbɔ kɛseɛ bi kɔɔ so wɔ kuro no mu, na ɛnam so maa wɔwiaa nkurɔfoɔ kaa ahodoɔ."
Koomson claims to be much younger than she actually is.,koomson kyerɛ sɛ ɔyɛ abofra koraa sen sɛnea ɔte ankasa.
The support team helped her with her basic needs.,Mmoa kuo no boaa no wɔ n'ahiadeɛ no mu.
Government has decided to register all people with personal guns.,Aban no asi gyinae sɛ wɔbɛkyerɛw nnipa a wɔwɔ atuo nyinaa din.
We should turn to Christ during this hard time of the pandemic.,Ɛsɛ sɛ yɛkɔ Kristo nkyɛn wɔ mmerɛ a ɛmu ayɛ den wɔ yareɛ kɔdiawuo yi mu no.
Candidates will receive a letter from the electoral commission.,Wɔn a wɔpɛ sɛ wɔpaw wɔn no nsa bɛka krataa afi abatow bagua no hɔ.
Ninety per cent of Ghana's population feed on agricultural produce.,Ghanafoɔ ɔha mu aduɔkron na wɔdi kuayɛ mu nnɔbaeɛ.
Sanitary towers are being made out of sugarcane residues in Ghana.,wɔde asikre nkae reyɛ ahotew abantenten wɔ Ghana
Providing recordings of educational materials is very important.,ɛsɛ sɛ wodi protocol akyi wɔ aban nsɛm mu.
Christians have had to celebrate mass in their homes in this pandemic.,Ɛho abehia sɛ Kristofo di mass wɔ wɔn afie mu wɔ ɔyaredɔm yi mu
I sometimes eat fried soya beans on breakfast.,Ɛtɔ mmere bi a midi soya adua a wɔakye anɔpaduan.
People have a right to belong to a political party or to be independent.,Nkorɔfoɔ wɔ ɔpɛ no sɛ wɔbɛdɔn amanyɔkuo anaa wɔbɛte wɔn ho.
"As a witness of the case, I had to report back to court several times.","Sɛ́ asɛm no ho ɔdansefo no, na ɛsɛ sɛ mesan kɔ asɛnnibea mpɛn pii."
Farmers are being affected by price fluctuation of their products in the market.,Boɔ a ɛregyina faako no reha akuafo wɔ guaso.
Health education in schools is essential for high school children.,Akwahosan ho nkyerɛkyerɛ wɔ sukuu ahorow mu ho hia ma ntoaso sukuufo.
One of the residents was elected as their new leader.,Wɔpaw nnipa a wɔte hɔ no mu biako sɛ wɔn kannifo foforo.
Good evidence will help you in this court case.,Adanse pa bɛboa wo wɔ asɛnnibea yi mu.
Children failed to go to school because of the floods.,Mmofra antumi ankɔ sukuu esiane nsuyiri no nti.
One of the Standard operating Procedures is wearing a face mask.,Oprɛhyen nhyehyeɛ no mu baako ne sɛ wɔbɛhyɛ anim akatasoɔ.
Presiding officials should be at the polling station early enough.,ɛsɛ sɛ mpanyimfo a wodi anim no ba baabi a wɔtow aba no ntɛm.
The Human Immune Virus can be sexually transmitted.,Human Immune Virus' no yɛ yareɛ a wobɛtumi anya afiri nna mu.
Some students cannot afford daily transport to school so they fundraised and bought a school bus.,Asuafoɔ binom ntumi ntua kar a wɔde bɛkɔ sukuu da biara enti wɔboaboaa sika ano na wɔtɔɔ sukuu bɔs.
Bridge construction will cost over eighteen billion Ghana cedis but will promote business activities in the area.,Bridge a wɔbɛsi no bɛbɔ ka bɛboro Ghana cedis ɔpepepem dunwɔtwe nanso ɛbɛma adwumayɛ akɔ so wɔ mpɔtam hɔ.
"Diabetes, or high blood sugar, also is an area of concern for Africans.","Asikreyare, anaa asikre a ɛdɔɔso wɔ mogya mu nso yɛ ade a ɛhaw Afrikafo."
Stop the practices that could lead to an institutional quarantine.,Gyae nneyɛe a ebetumi ama wɔde obi akɔto afiase wɔ ahyehyɛde ahorow mu no.
Aeroplanes serve as the fastest method of transportation today.,Wimhyɛn yɛ ɔkwan a wɔfa so fa nneɛma ntɛmntɛm sen biara nnɛ.
Due to the accident his legs were seriously injured.,Esiane akwanhyia no nti ne nan pirapirae kɛse.
The warm embrace of a parent is always enough to lift one's spirits.,Awofoɔ dɔ atuu yɛ dodo sɛ ɛbɛma obi honhom so daa nyinaa.
The child has drowned in the water stream.,Abofra no amene wɔ nsu asuten no mu.
Parking of motor vehicles on that fuel filling station is prohibited.,Wɔabara sɛ wɔde kaa bɛsisi saa beaeɛ a wɔbu pɛtro no.
The laboratory test is still showing high rates of positive infections.,Afidie mu nhwehwɛmu mu no da so ara rekyerɛ sɛ nnipa bebree na anya yareɛ no bi.
The district should give contracts to capable construction firms.,Ɛsɛ sɛ mansini no no de nnwuma no bi hyehyɛ nnwumakuo a wɔbɛtumi ayɛ no nsa
A law should be passed to protect heritage sites from demolition.,Ɛsɛ sɛ wɔhyɛ mmara bi de bɔ agyapade wɔbubuo ho ban.
"Bukalasa Agricultural College has adapted a new Curriculum and expects are in support of this , therefore students are requested to get copies from the ministry of education offices.","Bukalasa Agricultural College ayɛ nsakraeɛ wɔ Adesua Nhyehyɛeɛ foforɔ mu na wɔhwɛ kwan sɛ wɔboa yei , enti yɛsrɛ asuafoɔ sɛ wɔnnya bi mfi ministry of education offices."
Use of alcohol and drugs is one of the causes violence.,Nsaden ne nnuro a nipa de dwuma yɛ nneɛma a ɛde basabasayɛ ba no mu baako..
The kind man offered to help the elderly lady carry her groceries. It was a very wholesome moment. There is still good in the world.,Ɔbarima yamyefoɔ no kaa sɛ ɔbɛboa abewa no ama wɔasoa nnuane a watotɔ no. Na ɛyɛ mmerɛ a ɛyɛ anika pa ara. Papa da so ara wɔ wiase no mu.
People need water extension services and proper water supplies.,Nkorɔfoɔ hia nsuo a wɔtrɛ mu nnwumadie ne nsupa a wɔde ma.
Accomplished students would also like to contribute to new student funding.,Asuafoɔ a wɔn ho akokwa nso bɛpɛ sɛ wɔboa ma wɔde sika a wɔde ma asuafoɔ foforɔ.
The community should always visit the court for more information.,Ɛsɛ sɛ mpɔtam hɔfo kɔ asɛnnibea hɔ bere nyinaa kɔhwehwɛ nsɛm pii.
The president of Ghana is a God-fearing man.,Ghana ɔmampanyin yɛ onipa a osuro Onyankopɔn
"Bonoman was a medieval Akan kingdom in what is now Bono, Bono East and Ahafo — regions respectively named after Bono, Ahafo and Eastern Ivory Coast.","Na Bonoman yɛ mfinimfini mmere mu Akan ahemman a ɛwɔ nea mprempren wɔfrɛ no Bono, Bono Apuei ne Ahafo — mpɔtam a wɔde Bono, Ahafo ne Apuei Fam Ivory Coast din too so."
The district will continue to protect and preserve the environment.,Mansini no no bɛkɔ so ara abɔ nneɛma a atwa yɛn ho ahyia no ho ban
How many people died in a car accident?,Nnipa baahe na wowuwui wɔ kai akwanhyia mu?
The classroom block constructed by the organization was destroyed.,Wɔsɛee adesuadan a ahyehyɛde no sii no.
He spent a week working on patients with sick eyes.,Ɔde dapɛn biako yɛɛ ayarefo a wɔn ani yare ho adwuma.
Many people have been arrested for not following the government's directives concerning the pandemic.,Wɔakyere nnipa pii sɛ wɔanni aban akwankyerɛ a ɛfa ɔyaredɔm no ho no akyi.
Most children who start primary school never make it to secondary school.,Mmofra dodow no ara a wofi mfitiase sukuu ase no ntumi nkɔ ntoaso sukuu.
The youth leaders have joined the fight and will sensitize people from every area.,Mmabunu akannifoɔ no de wɔn ho ahyɛ ɔko no mu na wɔbɛma nnipa a wɔfiri mpɔtam biara ate nka.
Location is an important factor when choosing a venue.,Beae a wɔbɛyɛ no yɛ ade titiriw bere a worepaw beae a wɔbɛyɛ nhyiam no.
Some districts have reported coronavirus cases but some are still free.,Amansin bi abɔ amanneɛ sɛ wɔanya coronavirus nanso ebinom da so ara yɛ free.
Health facilities need to be inspected more often,Ɛsɛ sɛ wɔhwehwɛ akwahosan ho adwumayɛbea ahorow mu mpɛn pii
"Many of the student in Kwame Nkrumah University of Science and Technology enrolled on loan scheme , therefore they are expected to pay back the money after their education","Sukuufoɔ a wɔwɔ Kwame Nkrumah University of Science and Technology no mu pii de wɔn din hyɛɛ boseabɔ nhyehyɛeɛ mu , enti wɔhwɛ kwan sɛ wɔbɛtua sika no wɔ wɔn nwomasua akyi"
The program coordinator of Nanumba South district spoke as she received the current seeds batch .,Dwumadie no hwɛfoɔ a ɔwɔ Nanumba Anafoɔ mansini mu no kasae berɛ a ɔnyaa aba a wɔde ma mprɛnpren no.
The government has provided possible solutions to possible challenges faced by refugees.,Aban no de nneɛma binom a ɛbɛtumi ama wɔasosɔ ɔhaw ahodoɔ a atukɔtenafoɔ no hyia no nyinaa ano agugu akwan mu
"Tragically, he was killed by his own son, highlighting the need for greater awareness and training to prevent such incidents.","Awerɛhosɛm ne sɛ, ne babarima ɔkum no, a ɛkyerɛ sɛ ɛho hia sɛ obiara ma n'ani ba ne ho so na ɔde nteteɛ a ɛfata ma sɛdeɛ biribi a ɛte saa rensi bio."
"The fight costed people expensive property, crops and a life was lost.","Ɔko no maa nnipa hweree agyapadeɛ a ɛsom bo, nnuaba ne nkwa."
Local Defence Units should understand that they are not above the law.,Ɛsɛ sɛ Local Defence Units te ase sɛ wɔnyɛ nea wɔboro mmara so.
"The youths acquired skills in Carpentry, plumbing, werding and mechanics.","Mmabun no nyaa nimdeɛ wɔ Carpentry, plumbing, werding ne mechanics mu."
He was the first incumbent president to be re-nominated for an election for his party via a primary.,Ɔno ne ɔmampanyin a odi kan a ɔredi tumi a wɔsan paw no sɛ ɔmmɛpaw abatow mma n’apam denam primary so.
The public is irritated by the condom shortage of the health facilities.,Akwahosan adwumayɛbea ahorow no kɔndɔm a enni hɔ no ahyɛ ɔmanfo abufuw.
The opposition party leaders are held accountable for the damages.,Wɔbu asɔretiafoɔ akuo akannifoɔ no akontaa wɔ nneɛma a wɔsɛee no ho.
After the car accident he could no longer walk.,Onyaa kar akwanhyia no wiee no ɔntumi nnante.
The United Nations offers health kits to refugees in the region.,Amanaman Nkabom no de akwahosan ho nneɛma ma aguanfo a wɔwɔ ɔmantam no mu.
The classrooms do not have chalk for teaching students.,Adesuadan ahorow no nni chalk a wɔde kyerɛkyerɛ asuafo.
Defilement is a sin in the eyes of God and nature.,Efi yɛ bɔne wɔ Onyankopɔn ne abɔde ani so.
"The alternative, a leopard, was found to be more difficult to obtain as the capture of a single animal resulted in the loss of many more lives than the sacrifice of a single slave.","Wohui sɛ ɛyɛ den sɛ wobenya nea wɔde besi ananmu, asono, efisɛ aboa biako a wɔkyeree no ma wɔhwere nnipa pii sen akoa biako a wɔde bɛbɔ afɔre no."
Only people above eighteen years are allowed to vote.,Nnipa a wɔadi boro mfe dunwotwe nkutoo na wɔma kwan ma wɔtow aba.
Some areas are having network challenges which bring about ineffectiveness.,Mmeae binom renya network nsɛnnennen a ɛde ineffectiveness ba.
Trees help slow down the speed and reduce the force of the wind.,Nnua boa ma mframa bɔ kɔ fam na ɛte n'ahoɔden so.
The youth were encouraged to work hard in order to earn a living.,Wɔhyɛɛ mmabun no nkuran sɛ wɔnyɛ adwumaden sɛnea ɛbɛyɛ a wobenya wɔn asetrade.
The peaceful protests turned out to be violent.,Ɔsɔretia a wɔyɛe wɔ asomdwoe mu no bɛyɛɛ basabasayɛ.
How much does it cost to start a fish farm?,Ɛka ahe na wɔbɔ na wɔafi mpataa afuw ase?
She smiled when he held her hand in the cinema.,Ɔserewee bere a okuraa ne nsa wɔ sinidan mu no.
The district has failed to ensure proper hygiene in the market and the district health officers asserted that toilets will be constructed in the market.,Ɔmansin no ntumi nhwɛɛ sɛ ahotew pa bɛba gua so na ɔmantam no akwahosan ho adwumayɛfo no sii so dua sɛ wobesi tiafi wɔ gua no so.
The settlers have only three months to find new settlement.,Atubrafo no wɔ asram abiɛsa pɛ a wɔde benya atrae foforo.
They have supplied handwashing facilities to most of the areas in the country.,Wɔde nneɛma a wɔde hohoro wɔn nsa pii akɔma mpɔtam ahodoɔ bebree a ɛwɔ ɔman no mu.
"I own a lot of cattle, which are a valuable asset to me.","Mewɔ anantwi pii, na ɛyɛ agyapade a ɛsom bo ma me."
Government is usually aware of what is going on in the country.,Mpɛn pii no aban nim nea ɛrekɔ so wɔ ɔman no mu.
coronavirus disease updates show an increase in cases at border districts,coronavirus yareɛ ho nsɛm foforɔ kyerɛ sɛ nnipa a wɔanya bi no akɔ soro wɔ hyeɛ so amansin mu
Leaders appealed to nationals to inform police of any suspected criminals among them.,Akannifoɔ no srɛɛ ɔman mma sɛ wɔmmɔ polisifo amanneɛ wɔ wɔn mu biara a wosusu sɛ ɔyɛ nsɛmmɔnedifoɔ ho.
relatives of the deceased are fighting for his property.,owufo no abusuafo reko agye n’agyapade.
A pilgrim is a journey done for religious purposes.,Ɔkwantufo yɛ akwantu a wɔyɛ de nya nyamesom.
Local leaders have plans underway to ensure regional development .,Mpɔtam hɔ akannifoɔ wɔ nhyehyɛeɛ a wɔde regu akwan mu de ahwɛ ama ɔmantam no anya nkɔsoɔ.
How many days do we work in a week?,Nna ahe na yɛyɛ adwuma wɔ dapɛn biako mu?
A memorandum has been signed to promote cooperation in Health.,Wɔde wɔn nsa ahyɛ nkaebɔ bi ase de ahyɛ biakoyɛ ho nkuran wɔ akwahosan mu.
The revenue authority officer is determined to lock down any business that dodges taxes.,Ɔpanyin a ɔhwɛ sikasɛm so no asi ne bo sɛ ɔbɛto adwuma biara a ɛkwati towtua mu.
Never get close to glass windows when it is raining.,Mbɛn ahwehwɛ mfɛnsere da bere a osu retɔ no.
School buses transport students to academic tours and more.,sukuu kars akɛseɛ ahodoɔ de sukuufoɔ kɔ adesua akwantu ne nea ɛkeka ho.
Most Ghanaians don't wash hands with soap after visiting the toilet.,Ghanafo dodow no ara mfa samina nhohoro wɔn nsa bere a wɔakɔ tiafi aba.
The diocese has put up measures to keep the virus away from churches.,Diocese no de akwan bi asi hɔ sɛ wɔbɛma mmoawa no atwe wɔn ho afi asɔredan ahorow ho.
Teachers lack skills and knowledge and have no passion for education.,Akyerɛkyerɛfo nni ahokokwaw ne nimdeɛ na wonni nhomasua ho anigye biara.
The hospital has no accommodation for their workers.,Ayaresabea no nni baabi a n'adwumayɛfoɔ no bɛtumi ada.
Availability of land is one factor to consider for farming activities.,Asase a ɛwɔ hɔ no yɛ ade biako a ɛsɛ sɛ wosusuw ho ma kuayɛ dwumadi ahorow.
The candidates were very arrogant during the campaign.,Ná wɔn a wɔpɛ sɛ wɔpaw wɔn no yɛ ahantan kɛse wɔ ɔsatu no mu.
Learning and sharing of knowledge between farmers is encouraged.,Wɔhyɛ adesua ne nimdeɛ a wɔbɛkyɛ wɔ akuafoɔ ntam ho nkuran.
Drivers should be very careful on the road to prevent accidents.,Ɛsɛ sɛ karkafo hwɛ yiye paa wɔ kwan so na wɔasiw akwanhyia ano.
Getting married when mature reduces the chances of divorce.,Aware a obi bɛware bere a wanyin no tumi ma awaregyae ho kwan so tew.
Many people cut down trees all over the country.,Nnipa pii twitwaa nnua wɔ ɔman no mu nyinaa.
The girl complained about being denied food at home.,Abaayewa no kaa sɛ wɔmma no aduane nni wɔ fie.
Most land issues in families rotate around the deceased's will.,Asase ho nsɛm dodow no ara a ɛwɔ mmusua mu no fa owufo no apɛde ho.
Farmers will improve crop growing and animal farming in the years to come.,Akuafo bɛboa ma nnɔbae ne mmoa yɛn no atu mpɔn wɔ nfe a ɛreba no mu.
People should resort to aboboyaa motor as the alternative system of transport,Ɛsɛ sɛ nkorɔfoɔ de aboboyaa kaa di dwuma sɛ kaa nhyehyɛeɛ foforɔ.
The Ministry of Education and Sports plans for the future in five years time to create a strategic plan for betterment of the education.,Asoɛeɛ a ɛhwɛ nwomasua ne Agodie so nsɛm no reyɛ mfeɛ num nhyehyɛeɛ a daakye ɛbɛboa ama adesua ho nsɛm no adi mu
The district has encouraged consistency by supporting farming activities.,Ɔmantam no ahyɛ nneɛma a ɛkɔ so daa ho nkuran denam kuayɛ dwumadi ahorow a wɔboa no so.
Malnutrition is common among people living around the River Volta.,Aduane pa a wonnya nni abu so wɔ nnipa a wɔte Asubɔnten Volta ho no mu.
There is an ongoing teachers' scholarship workshop and only the best performers were given scholarships.,Atikyafoɔ sika a wɔde ma wɔn adesua a rekɔ so wɔ hɔ na wɔn a wɔyɛɛ adwuma yie nko ara na wɔmaa wɔn adesua sika no..
People have continuously lost their property to the thieves.,Nkorɔfoɔ nnyapadeɛ kɔ so ara firi wɔn nsa kɔdi akorɔmfoɔ hɔ.
"The predominant fauna or food rich wildlife and animal species encountered in the Ashanti Empire were the hen, sheep, goat, duck, turkey, rabbit, guinea fowl, fish, and the porcupine.","Mmoa anaa wuram mmoa ne mmoa ahodoɔ a wɔhyiaa wɔn wɔ Asante Ahennie no mu titire ne akokɔ, odwan, apɔnkye, dabodabo, kurokuro, adanko, guinea nnomaa, mpataa, ne kɔtɔkɔ."
Some districts in Ghana don't have council halls.,Amansin bi wɔ Ghana nni council halls.
Some individuals sell sandals to earn a living.,Ankorankoro binom tɔn mpaboa de nya wɔn asetrade.
People are now opting to grow tobacco other than any crop.,"Mprɛmprɛn yi, nkorɔfoɔ pɛ sɛ wɔbɛdua tawa kyɛn nnɔbaeɛ biara."
The presiding officer manages the polling the station.,Ɔpanyin a ɔhwɛ so no na ɔhwɛ abatowbea no so.
The consequences for your actions may be good or bad.,Ebia nea ebefi wo nneyɛe mu aba no bɛyɛ papa anaa bɔne.
Companies will be established to process goods for export.,Wɔbɛtete nnwumakuw a wɔbɛyɛ nneɛma ho adwuma de akɔ amannɔne.
"The project is over delayed, expressing that the project has been significantly delayed.","Adwuma no akyɛ dodo, na ɛkyerɛ sɛ adwuma no akyɛ kɛse."
A ban was lifted on public transport due to the pandemic outbreak.,Wayi mmara a wɔde too amansan hyɛn so no a na ɛnam yareɛ kodiawuo so baeɛ no.
The government has improved the transport in the area.,Aban no aboa ama akwantuo ho nsɛm atu mpɔn wɔ saa beaeɛ hɔ.
The accountant will show us how the district funds have been used.,Akontaabufoɔ no bɛkyerɛ yɛn sɛdeɛ wɔde ɔmantam sika no adi dwuma.
"To mitigate deforestation, the government has implemented strict rules to prohibit the cutting down of trees, while local leaders have urged the community to conserve the environment.","Nea ɛbɛyɛ na wɔtumi ako atia nnua a wɔtwa no, aban no ahyehyɛ mmara katee ahodoɔ binom a ɛbɛbara nnua a wɔbu, ɛnna akannifoɔ a wɔwɔ mpɔtam ahodoɔ mu nso ahyɛ ɔmanfoɔ sɛ wɔmmɔ nneɛma a atwa wɔn ho ahyia no ho ban."
Court orders for the rerease of the students who were arrested.,Asɛmdibea ahyɛde sɛ wɔmfa sukuufo a wɔkyeree wɔn no nsan nkɔ.
"Some project leaders involved in construction projects were found to have embezzled the allocated funds, falsely claiming to have sent the funds using mobile money transactions.","Wohui sɛ adwuma no akannifo binom a wɔde wɔn ho hyɛɛ adansi adwuma mu no sɛee sika a wɔde ama no, na wodii atoro kae sɛ wɔde sika a wɔde di dwuma wɔ telefon so na ɛde sika no kɔmaa wɔn."
"The butchers dance were incorporated into Dagomba culture by Naa Dimani and have their own patrilineage, similar to that of the drummers or Lunsi.","Naa Dimani na ɔde namkumfo asaw no kaa Dagomba amammerɛ ho na wɔwɔ wɔn ankasa agyanom abusua, te sɛ sankubɔfo anaa Lunsifo de no."
She shared my profile before I addressed the audience.,Ɔkaa me profile ansa na merekasa akyerɛ atiefo no
The district land board has upheld the laws of Ghana.,Mansini no abadwafoɔ a wɔda nsase ano no asɔ Ghana mmara no mu
Our main hospital is in short of medical personner.,Yɛn ayaresabea kɛseɛ no ayarehwɛfoɔ a aka no sua.
I am too happy that the babies survived death.,M’ani agye dodo sɛ mmɔfora no nyaa nkwa wɔ owu mu.
The country's army force can occupy any place that they want.,Ɔman no mu asraafo dɔm betumi akɔ baabiara a wɔpɛ.
Members of parliament can be voted out of leadership.,Wobetumi ato aba ayi mmarahyɛbadwafoɔ afiri akannidie mu.
The chairman doesn't forward councillors issues for implementation.,Oguamtrani no mfa agyinatufo nsɛm nkɔma sɛ wɔmfa nni dwuma.
Can you imagine a father defiling her own daughter?,So wubetumi asusuw sɛ agya bi regu n’ankasa ne babea ho fi?
The teachers know how to effectively plan for their students.,Akyerɛkyerɛfo no nim sɛnea wɔbɛyɛ nhyehyɛe a etu mpɔn ama wɔn asuafo.
Some buildings do not meet the required building standards.,Adansi adan bi nni adansi gyinapɛn a wɔhwehwɛ no ho.
Each home in the district should have a food reserve.,Ɛsɛ sɛ afie biara a ɛwɔ ɔmantam no mu nya aduan a wɔde asie
Government is yet to install the system in forty-eight local governments.,Aban no nnya mfaa nhyehyɛe no mmaa amantam aduanan awotwe.
Most farmers are not aware of government funds that are available to help them.,Akuafo dodow no ara nnim aban sika a ɛwɔ hɔ a ɛbɛboa wɔn.
More specialists are being trained to reduce both referrals abroad and mortality rates.,Wɔretete nnuruyɛfo atitiriw pii ma wɔatew wɔn a wɔde wɔn kɔ amannɔne ne nnipa dodow a wowuwu nyinaa so.
Berekum Chelsea management aims at having a team that the supporters can be proud of.,Berekum Chelsea mpanyimfo botae ne sɛ wobenya kuw bi a akyigyinafo no betumi de ahoahoa wɔn ho.
The men attempting to sell a gun have been arrested.,Mmarima no a ɔpɛɛ sɛ wɔtɔn tuo no wɔakye wɔn.
"In order to be safe, you should never stay on mountain slopes.","Sɛnea ɛbɛyɛ a wubenya ahobammɔ no, ɛnsɛ sɛ wotra mmepɔw so."
Aid workers work with all effort to directly provide aid to those that need it.,Mmoa adwumayɛfo de mmɔdenbɔ nyinaa yɛ adwuma de mmoa ma wɔn a wɔhia mmoa.
The speaker of parliament pledged to improve service delivery to the citizens of Ghana.,Mmarahyɛ Bagua no kasamafoɔ hyɛɛ bɔ sɛ ɔbɛma ɔsom adwuma a wɔde ma Ghana manfoɔ no atu mpɔn.
It is a religious duty and an obligation for the general citizenry to ensure its celebration annually to ensure a prosperous life in the coming year.,Ɛyɛ nyamesom mu asɛdeɛ ma ɔmanfoɔ nyinaa sɛ wɔbɛhwɛ ama wɔadi n’afahyɛ afe biara na ama wɔanya asetena a yiedie wɔ afe a ɛreba no mu.
"The district lobbied the funds from the government to enhance agricultural production, improve service delivery,","Mansini no kɔgyee sika firii aban no hɔ sɛ wɔde rebɛhyɛ kuadwuma mu ama no atu mpɔn, wɔde rebɛboa ama wɔatumi de nneɛma akɔ mmeaeɛ ahoroɔ"
The local miners sell stones and get money.,Kuro manfoɔ a wɔtu fam agudeɛ no tɔn aboɔ na wɔde nya sika.
The local leaders need to ensure they communicate effectivery.,Ɛwɔ sɛ kuro no Akannifoɔ no hwɛ sɛ nkitahodie papa bɛkɔ so.
She is an independent woman who has built her own successful business.,Ɔyɛ ɔbea a ɔde ne ho a wakyekyere n’ankasa adwuma a edi mu.
The weed has a high survival rate but feeds on the other crop's nutrients.,Nwura no tumi tra ase kɛse nanso odi nnɔbae foforo no aduannuru.
The village leader writes down the names of the people interested.,Akuraase kannifoɔ no twerɛ wɔn a wɔn ani gye ho no din.
Bad roads are the major causes of road deaths in this country,Akwan bɔne ne nneɛma atitiriw a ɛma nnipa wuwu wɔ akwan so wɔ ɔman yi mu
"Despite the gradual improvement in the performance among pupils, teachers are criticized for not completing the syllabus.","Ɛmfa ho sɛ asuafo no adwumayɛ renya nkɔso nkakrankakra no, wɔkasa tia akyerɛkyerɛfo sɛ wɔanwie adesua nhyehyɛe no."
The meeting will be held at the district head office.,Nhyiamudie no bɛkɔ so wɔ mansini no ɔfese.
The virus is mostly spread through contact with an infected person.,Wɔtaa nam nnipa wɔanya bi nkitahodie so nya mmoawa no.
"During the lockdown, food shops and supermarkets were allowed to operate.","Wɔ lockdown no mu no, wɔmaa aduantɔnbea ne aguadidan akɛse kwan ma wɔyɛɛ adwuma."
Leaders need to educate members on family planning methods.,Ɛsɛ sɛ akannifoɔ kyerɛkyerɛ asɔremma abusua nhyehyɛe akwan.
Health facilities in Northern Ghana will be worked upon.,Wɔbɛyɛ akwahosan ho adwumayɛbea ahorow a ɛwɔ Ghana Atifi fam no ho adwuma.
Government projects employ many people in the country.,Aban ndwuma ma nnipa pii yɛ adwuma wɔ ɔman no mu.
A day was designated to celebrate our environment.,Wɔtuu ɛda sii hɔ a wɔde bedi atenaeɛ da.
The residents created an alternative path when the floods destroyed their bridge.,Nnipa a wɔte hɔ no yɛɛ ɔkwan foforo bere a nsuyiri no sɛee wɔn abɔnten so kwan no.
More equipment has been bought to scan heart conditions.,Wɔatɔ nnwinnade pii a wɔde bɛhwɛ koma tebea horow.
People have been provided with food and clothes.,Wɔama nkorɔfoɔ aduane ne ntaadeɛ.
Partners were put on board for proper planning.,Wɔfrɛɛ wɔn a wɔne wɔn bɔm yɛ adwuma no maa wɔbyiaeɛ sɛdeɛ ɛbɛyɛ a wɔbɛyɛ nhyehyɛeɛ a ɛfata.
Many people rise through the ranks to become good servants.,Nnipa pii fa dibea ahodoɔ mu ma wɔbɛyɛɛ asomfo pa.
People with human immune virus have been provided with sugar and soap.,wɔama nnipa a wɔwɔ nnipa a wɔko tia nyarewa no asikre ne samina.
People had hope in agriculture towards improving their standards of living.,Na nkorɔfo wɔ anidasoɔ wɔ kuayɛ mu sɛ ɛbɛma wɔn asetena atu mpɔn.
Forests should be preserved due to their numerous benefits.,Ɛsɛ sɛ wɔkora kwae so esiane mfaso pii a ɛwɔ so nti.
"One's identity is very important, even at death.","Obi nipasu ho hia paa, wɔ owu mu mpo."
"When a catch is made, message gets to the people in town within minutes and this turns the people into jubilation.","Sɛ wɔkyere bi a, wɔde ɔho amanebɔ kɔbɔ ɔmanfoɔ no wɔ kuro no mu simma kakraa bi mu na yei ma ɔmanfoɔ no di ahurusie."
The rate of virus spread is still high among the youths in Ghana.,Mmofra a wɔtrɛw mu no da so ara yɛ kɛse wɔ mmerante ne mmabaa a wɔwɔ Ghana no mu.
The Ministry of Education and Sports partnering agencies will continuously look out for opportunities to tackle relevant education policies,Asoɛeɛ a ɛhwɛ nwomasua ne Agodie so nsɛm no ne nwumakuo ahodoɔ bɛka abɔm apɛ akwanya ahodoɔ a ɛbɛboa adesua ho nhyehyɛeɛ no
The government has ensured that people engage in profit-making businesses.,Aban ahyɛ ɔmanfoɔ no nkuran sɛ wɔmfa wɔn ho nyɛ nnwuma a ɛbɛboa wɔn ama wɔanya mfasoɔ bebree mu
Does wearing a mask prevent the spread of the coronavirus .,So akatawia a wɔhyɛ no siw coronavirus ntrɛwmu ano
The youths should not engage in early marriages.,Ɛnsɛ sɛ mmabun no de wɔn ho hyɛ aware a wɔyɛ no ntɛm mu.
The chief of defense forces assured people of security for their lives and property.,Asraafo a ɔbɔ wɔn ho ban no panyin maa nkurɔfo awerɛhyem sɛ wobenya ahobammɔ ama wɔn nkwa ne wɔn agyapade.
coronavirus victims will be buried in government-designated cemeteries.,wɔbɛsie wɔn a wɔanya coronavirus no wɔ amusiei a aban akyerɛ.
The community should work out a mechanism to handle all the court cases.,Ɛsɛ sɛ mpɔtam hɔfo yɛ ɔkwan bi a wɔbɛfa so adi asɛnnibea nsɛm nyinaa ho dwuma.
The motorists complained of the little money from passengers.,karkafoɔ no nwiinwii dennennen faa sika ketewa a akwantufoɔ no de ma wɔn no
All political parties are nominating candidates who will represent in the next election.,Amammuo akuo nyinaa repaw wɔn a wobegyina hɔ ama abatoɔ a edi hɔ no.
The chairperson of the cooperative explained that they had set the launch date already.,Adwumakuw no guamtrani kyerɛkyerɛɛ mu sɛ wɔahyɛ da a wɔde befi ase dedaw.
Power is extended to places where there is no power.,wɔtrɛw tumi mu kɔ mmeae a tumi nni hɔ.
Parents are advised to take children for immunization.,Yɛtu awofoɔ fo sɛ wɔmfa mmofra nkɔ ma wɔnwɔ wɔn nnuru a wɔde bɔ wɔn ho ban paneɛ.
The region was disappointed by the district leaders.,Ɔmantam no abam bui wɔ ɔmantam no mu akannifo no ho.
A census has been organized to assist planning for educational institutions.,Wahyehyɛ nipa kan dwumadie sɛdeɛ ɛbɛboa nnwomasua nnwumakuo nhyehyɛeɛ.
"The loan list is out , therefore beneficiaries are requested to call for further inquiry","Nnipa a wɔrekɔgye bosea no din aba, yei nti wɔn a wɔhyɛ wɔn a wɔbɛgye bi no nyinaa nkuran sɛ wɔmfrɛ mmisa nhwɛ deɛ akɔsi"
The right information should be passed to the public.,Ɛsɛ sɛ wɔde nsɛm a ɛfata ma ɔmanfo.
Budgets are approved only if they aid socio-economic destiny.,"Sɛ ɛboa asetra ne sikasɛm mu nkrabea nkutoo a, wɔpene sikasɛm nhyehyɛe so."
The conflict has created hatred between the people and their leaders.,Ntawntawdi no ama nitan aba nkurɔfo no ne wɔn akannifo ntam.
She was glad to have been involved in the tree planting venture.,N’ani gyeea sɛ ɔde ne ho hyɛɛ nnua dua adwuma no mu.
The Internet was shut down for five days.,Wɔdumm intanɛte no bɛyɛ nna num
Farmers were given seeds that they did not ask for.,Wɔmaa akuafo no aba a wɔammisa.
People are eagerly waiting for the next presidential address.,Nkorɔforɔ no ho pere wɔn retwɛn ɔmanpanin no anom nsɛm a ɛdi hɔ no.
Parents should advise their children about the importance of education.,Ɛsɛ sɛ awofoɔ tu wɔn mma fo wɔ hia a nwomasua ho hia ho.
Pollution of our environment is dangerous for human health.,Efĩ a ɛba yɛn nneɛma a atwa yɛn ho ahyia so no yɛ asiane ma nnipa akwahosan.
Many families in rural areas can't afford a radio.,Mmusua pii a wɔwɔ nkuraaseɛ ntumi ntɔ kasafidie.
The police will evict the heldsmen from the region.,Polisifo bɛpam wɔn a wɔde wɔn ahyɛ afiase no afi ɔmantam no mu.
"If the Operation is done he, will become paralyzed.","Sɛ wɔwie Operehyan no a, ɛbɛma wabubu."
That primary school is the best in the whole region.,Saa mfitiase sukuu no ne nea eye sen biara wɔ ɔmantam no nyinaa mu.
The leader lost his life before accomplishing what he had promised his people.,Ɔkannifoɔ no hweree ne nkwan ansa na wɔretumi awie bɔhyɛ a ɔhyɛɛ ne manfoɔ no
Malnutrition puts children's lives and future at risk.,Aduane pa a wonnya nni de mmofra nkwa ne wɔn daakye to asiane mu.
All organizations in the country can get help from the government.,Adwumakuo ahodoɔ nyinaa a ɛwɔ ɔman no mu no bɛtumi anya mmoa afiri aban no nkyɛn.
Learning visual aids were handed over to the deaf school.,Wɔde nneɛma a wɔhwɛ de sua adeɛ maa asotifoɔ sukuu no.
"In commercial agriculture, farmers sell their produce to get money.","Wɔ aguadi kuayɛ mu no, akuafo tɔn wɔn nnɔbae de nya sika."
It is the government's responsibility to protect its citizens from any kind of danger.,Ɛyɛ aban no asɛdeɛ sɛ wɔbɔ ne manfoɔ ho ban firi asiane biara ho.
The river floods and cuts off the road whenever it rains heavily.,Asubɔnten no yiri na atwa kwan no mu berɛ biara a nsuo tɔ kɛseɛ.
Farmers reduced the costs incurred in removing the husk of the rice.,Akuafo no tumi tew sika a na wɔbɔ wɔ ntɛtɛ wo yi no ho.
The program was a government initiative to help people who cannot access education services.,Na dwumadie no yɛ aban no adwene a ɔde reboa nnipa wɔntumi nya nwomasua nhyehyɛeɛ.
The chairman has to sign on every land sales agreement in the community.,Ɛsɛ sɛ oguamtrani no de ne nsa hyɛ asase tɔn ho apam biara ase wɔ mpɔtam hɔ.
To get the latest updates around Gomoa you have to read newspapers or listen to Rainbow FM,"Nea ɛbɛyɛ na woanya nsɛm a ɛresisi wɔ Gomoa ate no, ɛsɛ sɛ wokenkan atesɛm krataa anaasɛ wotie Rainbow FM."
Refugees were given food relief because it is a rainy season.,wɔmaa aguanfo aduan efisɛ ɛyɛ osutɔ bere.
Both new cases and recoveries were reported about.,Wɔbɔɔ nnipa foforoɔ a wɔanya bi ne wɔn a wɔn ho atɔ wɔn nyinaa ho amanneɛ.
There are claims by the political candidates that there was fraud in elections.,Yɛwɔ nsɛm a amanyɔkuo agyinafoɔ no kaeɛ sɛ wɔwiaa wɔ abatoɔ no mu.
The district does not have the capacity to control the Ebola virus.,Ɔmantam no nni tumi a wɔde besiw Ebola mmoawa no ano.
"The incident of theft, where thieves stole our neighbor's property, has increased the feeling of insecurity in the region, causing the community to have sleepless nights.","Korɔnobɔsɛm no, a akorɔmfoɔ wiaa yɛn afipamfoɔ agyapadeɛ no, ama ehu kɛseɛ abɛto nnipa wɔ mantam no mu, na mpɔtam hɔfoɔ ntumi nna anadwo."
Guiderines have been set inorder to fight against coronavirus.,Wɔahyehyɛ akwan a wɔfa so ko tia coronavirus.
The health sector should be given high priority.,Ɛsɛ wɔma wɔn ani ku Asoeɛ a Ɛhwɛ Apɔmuden ho nsɛm so no so
"Women can play a critical role in promoting, achieving, and maintaining their health and well-being, often with the support of fathers, partners, and other family members.","Mma bɛtumi adi dwuma sononko abɔ dawuro, ayɛ, na wɔama wɔn apɔmuden ne wɔn yiedie agyina, mpɛn pii no denam papanom mmoa so, ahokafoɔ, ne wɔn abusuafoɔ afoforɔ."
"These kingdoms are spread across the Upper East Region, Upper West Region, North East Region, Ghana, and Northern Region (Ghana) of Ghana.","Saa ahennie ahodoɔ yinom atrɛ afa Atifi Atɔeɛ Mantam, Atifi Apueɛ Mantam, Atifi Atɔeɛ Mantam, Ghana, ne Atifi Mantam mu (Ghana) a ɛwɔ Ghana."
"Esi found her husband lying in a pool of blood, and his wife was murdered ten years ago.","Esi huu ne kunu sɛ ɔda mogya atare mu, na wokum ne yere mfe du a atwam ni."
The Ministry of Education and Sport wishes all senior four Candidates success ih there final examinations,Asoɛeɛ a ɛhwɛ nwomasua ne Agodie so ahyɛ wɔn a wɔrewie ntoasoɔ sukuu nyinaa nkuran wɔ wɔn sɔhwɛ a ɛtwa toɔ no mu.
China gives funding to students who are willing to study the Chinese language and want to study from China,China de sika ma asuafo a wɔwɔ ɔpɛ sɛ wobesua China kasa na wɔpɛ sɛ wofi China sua ade
Health services need to be upgraded for better service delivery.,Ɛsɛ sɛ wɔma akwahosan ho nnwuma kɔ anim na ama wɔatumi de nnwuma a eye.
The improved stoves are made out of local materials.,Wɔde nneɛma binom a ɛwɔ yɛn man yi mu ara na ɛyɛɛ stove afoforɔ a ɛyɛ papa pa ara yinom.
The minister of education and sports congratulated the She Cranes upon their victory through an online post.,Asoafoɔ a wɔhwɛ nwomasua ne agodie so no nam ntanɛt asɛm so abɔ She Cranes abaso wɔ wɔn nkonimdie no ho.
I am responsible for mobilizing people to come to the wedding meetings.,Ɛyɛ m’asɛyɛde sɛ mɛboaboa nkurɔfo ano ma wɔaba ayeforohyia nhyiam ahorow ase.
"You know perfectly well that if ever you really want to, you can come back to me,"" he said without the slightest trace of irony and cynicism, and left.","Wonim yie sɛ sɛ wopɛ ampa a, wobɛtumi asan aba me nkyɛn,"" ɔkae a na aseresɛm ne animtiabuo ketewaa biara nni hɔ, na ɔfirii hɔ kɔeɛ."
The municipal council needs to carry out water extension services in other areas.,Mansini no kansele no hia sɛ wɔde nsua kɔ nkuro ahodoɔ mu wɔ mmeaeɛ nkae no.
Agricultural Advisory services are for the benefit of farmers.,Kuadwuma ho Afotu adwuma no yɛ nea ɛbɛboa akuafo.
The Akan-speaking peoples began to move into what later is Ghana toward the 15th century.,Nnipa a wɔka Akan kasa no fii ase tu kɔɔ baabi a akyiri yi ɛbɛyɛɛ Ghana wɔ afeha a ɛto so 15 no mu.
People wearing hoods should not board motorcycles as they'll be arrested.,Ɛnsɛ sɛ nnipa a wɔhyɛ ti-nkatasoɔ no foro moto ɛfiri sɛ wɔbɛkye wɔn.
An official letter must be addressed to someone.,Ɛsɛ sɛ wɔde kraata edimu ma obi.
They closely monitored the progress of the project and made adjustments when necessary.,Wɔde wɔn ani dii dwumadie no nkɔsoɔ akyi na wɔyɛɛ nsakraeɛ wɔ baabiara a na ɛfata.
The police agreed to provide security to the teachers.,Polisifo no penee so sɛ wɔbɛma akyerɛkyerɛfo no ahobammɔ.
Most subsistence farmers operate on a small scale.,Akuafo a wɔhwehwɛ wɔn asetrade dodow no ara yɛ adwuma ketewaa bi.
The vaccine will protect the children from Ruberla-Measles and mumps.,Vaccine no bɛbɔ mmofra no ho ban afi Ruberla-Measles ne mumps ho.
The president has praised medical workers for controlling the spread of the pandemic.,Ɔmanpanyin no akamfo nnuruyɛ adwumayɛfo sɛ wɔadi ɔyaredɔm no trɛw so.
Soybeans have a percentage of oil in them.,Soyabean wɔ ngo ɔha biara mu nkyem 100 wɔ mu.
This church was the first church to be established in the region.,Asɔre yi ne asɔre a wɔtee ko kane wɔ mantam no mu.
The district leaders pledged to provide full accountability of the donor funds.,"Mansini no mu akannifoɔ no kaa ntam sɛ, wɔbɛhwɛ sika a adomfoɔ de bɛkyɛ wɔn no nyinaa so yie."
The organization leader visited the refugee camp earlier today.,Adwumakuo no kannifo no kɔsraa aguanfo atrae hɔ nnɛ ntɛm.
People are always promised money each time the general elections approach.,Wɔhyɛɛ nkorɔfoɔ no bɔ sɛ wɔbɛma wɔn sika berɛ biara ɔman no nyinaa abatoɔ ɛreba so no.
People are being equipped with skills and knowledge.,Wɔma nkorɔfoɔ nsaano-nwuma ne nimdeɛ.
Police should keep law and order in the community.,Ɛsɛ sɛ polisifoɔ ma mmara ne nhyehyɛe kɔ so wɔ mpɔtam hɔ.
The government is working hand in hand with organizations to fight malnutrition.,Aban no ne nnwumakuo ahodoɔ binom redi nsawɔsoɔ sɛdeɛ ɛbɛyɛ a wɔbɛtumi ako atia nnuane a ahoɔdennuro a nnipa nnya no
The organisation helping with children has donated scholastic materials to the school.,Ahyehyɛde a ɛboa mmofra no de sukuu ho nneɛma ama sukuu no.
Many people have died in the stone quarry.,Nnipa pii awuwu wɔ abo a wotu no mu.
A driver must follow all traffic rules to avoid accidents.,Ɛtwa sɛ ɔhyɛnkani di terafeke mmara nyinaa so sɛdeɛ ɔnnya akwanhyia.
The diocesan secretariat hosted the Centenary torch in the central zone.,Diocesan kyerɛwfo adwumayɛbea no gyee Centenary kanea no wɔ mfinimfini mpɔtam hɔ.
"The political party is prioritizing the improvement of employment opportunities among the youth, addressing a critical issue in the country.","Amammui kuw no de adwumayɛ hokwan ahorow a ɛbɛma mmerante ne mmabaa anya nkɔso no redi kan, na wɔredi asɛm bi a ɛho hia wɔ ɔman no mu ho dwuma."
District headquarters have been closed till further notice.,Wɔato ɔmantam adwumayɛbea ti no mu kosi sɛ wɔbɛbɔ amanneɛ foforo
It is far better to be free to govern or misgovern yourself than to be governed by anybody else.,Ɛyɛ papa sɛ wobɛde wo ho so anaasɛ wubedi wo ho so wɔ ɔkwan a ɛnteɛ so sen sɛ obi foforo biara bedi wo so.
One of the contestants was arrested for bribing voters.,Wɔkyeree akansifo no mu biako sɛ ɔmaa wɔn a wɔtow aba no adanmude.
Government and its partner are aiding the running of the project.,Aban ne n'boafoɔ no reboa ma wɔayɛ adwuma no
Non-governmental organisations empower members of the community in different ways.,Ahyehyɛde ahorow a ɛnyɛ aban de boa mpɔtam hɔfo wɔ akwan horow so.
The students do some bricklaying to get money for school fees.,Asukuufoɔ no yɛ birikisi adwuma binom de nya sika ma sukuu feese.
Health officers closed all dirty butchers in the district markets last week.,Akwahosan ho adwumayɛfo too namtɔnfo a wɔn ho agu fĩ nyinaa mu wɔ ɔmantam no gua ahorow so dapɛn a etwaam no.
Several steps are being taken to improve maternal and child health.,wɔretu anammɔn pii de ama ɛnanom ne mmofra akwahosan atu mpɔn.
Oral histories of the Kingdom tell that it was founded by a warrior named Tohazie.,Ahenni no ho abakɔsɛm a wɔde ano ka kyerɛ sɛ ɔkofo bi a wɔfrɛ no Tohazie na ɔde sii hɔ.
"Through the media, we shall be able to reach many people.",Yɛnam midia no so bɛma nnipa bebree ate yɛn nka.
The people in the community have volunteered to dig more boreholes.,Nnipa a wɔwɔ mpɔtam hɔ no atu wɔn ho ama sɛ wobetutu ntokuru pii
The district wants to ensure proper hygiene and general cleanliness among the people.,Mansini no pɛ sɛ ɛbɔ mmɔden sɛ ɛbɛma ahonidie pa ne ahoteɛ aba ɔmanfoɔ no mu.
"The beneficiaries of the project, mainly students, will greatly benefit from the new building.","Wɔn a wobenya adwuma no so mfaso, titiriw sukuufo, benya ɔdan foforo no so mfaso kɛse."
A woman takes on her husband's name when they get married officially.,Ɔbaa fa ne kunu din berɛ wɔn aware ankasa wɔ mmara mu.
The female members of the two asafo companies have their own music and dance forms.,Mmaa a wɔwɔ asafo akuo mmienu yi mu no mu biara wɔwɔ wɔn nnwom ne wɔn asa.
That organization donated ten computers to schools in our area.,Saa ahyehyɛde no de kɔmputa du maa sukuu ahorow a ɛwɔ yɛn mpɔtam hɔ.
There was poor accountability of the food relief that was distributed.,Na nkontaabuo fa aduane a wɔde maeɛ no nyɛ.
The food was distributed to the erderly and the vulnerable only.,Wɔkyekyɛɛ nnuane no mmaa wɔn a wɔn mfeɛ akɔ anim ne ahiafoɔ nko ara.
"if the government fails, then it's up to the community to construct roads for themselves.","sɛ aban no di nkogu a, ɛnde ɛyɛ ɔmanfo no asɛde sɛ wɔbɛyɛ akwan ama wɔn ho."
Religious organizations should make their interests on leased land known.,ɛsɛ sɛ nyamesom ahyehyɛde ahorow ma wohu wɔn anigyede wɔ asase a wɔagye atom ho.
It's always good to help those in need. Some organisations exist to help those mothers who are in need.,Ɛyɛ papa bere nyinaa sɛ wobɛboa wɔn a ahia wɔn. Ahyehyɛde ahodoɔ  bi wɔ hɔ sɛ wɔbɛboa saa ɛnanom a wohia mmoa no.
The Ministry of Education and Sports partnering will use information technology to execute activities that support better teaching practices and learning,Asoɛeɛ a ɛhwɛ nwomasua ne Agodie so nsɛm no de nsɛm a ɛfa abɛɛfo Mfidie a ɛboa adekyerɛ ne adesua dwumadie ahodoɔ ho  no a ɛboa adekyerɛ ne adesua dwumadie ahodoɔ no bɛdi dwuma.
Some women ended up killing their husbands because they were forced into sex.,Mmea binom kowiee sɛ wokunkum wɔn kununom esiane sɛ wɔhyɛɛ wɔn ma wɔne wɔn ho da nti.
He was found guilty and arrested for misusing the market funds.,Wobuu no fɔ na wɔkyeree no sɛ ɔde gua so sika anni dwuma ɔkwammɔne so.
Notice is information usually in writing in all legal requests.,Amanneɛbɔ yɛ nsɛm a wɔtaa kyerɛw wɔ mmara kwan so abisade nyinaa mu.
The diocese had to engage in the fight against ebola.,Ná ɛsɛ sɛ asɔre no de wɔn ho hyɛ ɔko a wɔko tia ebola no mu.
If a crime is committed report to the nearby police station.,"Sɛ asem mmɔne bi si a, bɔ polisifo adwumayɛbea a ɛbɛn hɔ no amanneɛ."
"On men and women, who has loves money most.","Wɔ mmarima ne mmea fam no, hena na ɔwɔ ɔdɔ ma sika kɛse."
Football clubs like to start the season with some good results.,Bɔlbɔdɔm pɛ sɛ wɔde nneɛma pa bi fi afe no ase.
He was sacked for abuse of his office.,Woyii no fii adwumam esiane sɛ ɔde n’adwumayɛbea dii dwuma ɔkwammɔne so nti.
It's very hard to find a clean community market.,Ɛyɛ den yiye sɛ wubenya mpɔtam gua a ɛhɔ tew.
Other children are engaged in child labour activities.,Mmofra afoforo nso de wɔn ho hyɛ mmofra adwuma mu.
Donations are made to vulnerable women in society.,Wɔde ntoboa ma mmea a wonni ahobammɔ wɔ ɔmanfo mu.
The hospital has few doctors but receives a large number of patients.,Adɔkotafoɔ a wɔwɔ ayaresabea hɔ no nnɔɔso nanso nnipa a wɔba hɔ bɛgye ayarehwɛ no dɔɔso pa ara.
Security forces have started investigating on the mudder case.,ahobammɔ asraafo afi ase reyɛ awudisɛm no ho nhwehwɛmu
A member of parliament was released from prison.,Wɔyii mmarahyɛbadwani bi firiii afiase.
How can we ensure that cyclists adhere to the law.,Yɛbɛyɛ dɛn ahwɛ ahu sɛ sakrekafo bedi mmara no so.
"They are both too undecisive. I sometimes wonder how their relationship has managed to survive that for so long. Ah well, as they say, birds of a feather flock together.","Wɔn mmienu nyinaa ntumi nsi gyinaeɛ. Ɛtɔ da a sɛdeɛ wɔn ayɔnkofa no atumi atena hɔ akyɛ no yɛ me nwanwa pa ara. A, sɛdeɛ wɔka no, nnomaa a wɔn ntakra korɔ na wɔtu bom."
Political campaigns are to be held in playgrounds.,Ɛsɛ sɛ wɔyɛ amammui ɔsatu ahodoɔ wɔ agodibea ahodoɔ
Appointing of a female archdeacon has increased the number of female diocese leaders.,Ɔsɔfo panyin a ɔyɛ ɔbea a wɔpaw no ama mmea asɔre akannifo dodow akɔ soro.
Many women in our village have joined the groups.,Mmaa pii a wɔwɔ yɛn akuraa ase de wɔn ho ahyɛ akuo no mu.
Children in our area defecate in open rather than into a toilet.,Mmofra a wɔwɔ yɛn mpɔtam hɔ no tow wɔn ho gu wɔ petee mu sen sɛ wɔbɛkɔ tiafi mu.
Substance abuse leads to increased mental illnesses in the region.,Nnubɔne a wɔde di dwuma ɔkwammɔne so ma adwenemyare kɔ soro wɔ ɔmantam no mu.
The funds are used to improve health service delivery.,Wɔde sika no boa sɛdeɛ ɛbɛma apɔmuden ho nsɛm atu mpɔn.
The youth will be able to provide for their basic needs.,Mmabun no betumi adi wɔn ahiade atitiriw ho dwuma.
I am starting a pig farm in my village.,Merefi mprako afuw ase wɔ m’akuraa ase.
He traverled upcountry to have his eye surgery.,Ɔkyinkyin mmeae a ɛwɔ mmepɔw so kɔyɛɛ n’ani oprehyɛn.
Players have to sign contracts with their clubs,Ɛsɛ sɛ agodifoɔ̀ʃɛ̀	he wears ne wɔn akuo yɛ apam
Some students were successful the students loan scheme and the list will be released on Tuesday at the Ghana Broadcasting Corporation Center.,Asuafoɔ binom dii nkonim wɔ asuafoɔ bosea nhyehyɛeɛ no mu na wɔbɛyi wɔn din no adi Benada wɔ Ghana Broadcasting Corporation Center.
Police and military have the duty to protect the people of Ghana.,Polisifoɔ ne asraafoɔ wɔ asɛdeɛ sɛ wɔbɔ Ghanafoɔ ho ban.
The school has to get security guards to guard the teacher's quarters.,Ɛsɛ sɛ sukuu no nya awɛmfo ma wɔwɛn ɔkyerɛkyerɛfo no dan.
Cross border collaboration is to be discussed on Ebola virus disease.,Wɔbɛka ahye so adwumayɛkuw ho asɛm wɔ Ebola mmoawa yare no ho.
The suspects were tortured before being taken to court.,Wɔyɛɛ wɔn a wosusuw sɛ wɔyɛ saa no ayayade ansa na wɔde wɔn rekɔ asɛnnibea.
"coronavirus has greatly affected Ghana's economy, people have lost jobs","coronavirus aka Ghana sikasɛm kɛseɛ, nnipa ahwere nnwuma"
Some parents can financially support their children in everything.,Awofo binom betumi de sika aboa wɔn mma wɔ biribiara mu.
The war in Northern Ghana led to the loss of thousands of lives.,Ɔko a ɛkɔɔ so wɔ Ghana Atifi fam no maa nnipa mpempem pii hweree wɔn nkwa.
Conflicts over land ownership are very common these days.,Ntawntawdi a ɛfa asase a obi wɔ ho abu so kɛse nnansa yi.
Government sectors should protect children's rights in communities.,Ɛsɛ sɛ aban bɔ mmofra ho ban wɔ mpɔtam hɔ.
His new boat has a very powerful engine and he built the boat out of wood.,N’akorow foforo no wɔ engine a ano yɛ den yiye na ɔde nnua na ɛyɛɛ hyɛmma no.
Reports will be presented at the end of the election process.,wɔde amanneɛbɔ bɛma wɔ abatow nhyehyɛe no awiei.
People do not want to pay water bills.,Nkorɔfoɔ mpɛ sɛ wɔbɛtua wɔn nsuo ka.
"In our different journeys of life, we have people that guide us.","Wɔ yɛn asetena akwantuo ahodoɔ mu no, yɛwɔ nnipa a wɔkyerɛ yɛn kwan."
Their company is the leading exporter of fresh fruits and vegetables in Ghana.,Wɔn adwumakuw no na edi kan a ɛde nnuaba ne nhabannuru a ɛyɛ foforo kɔ amannɔne wɔ Ghana.
The affected regions have received new clean planting material.,Mpɔtam a ɛka wɔn no anya nneɛma foforo a ɛho tew a wɔde bedua.
He was arrested for beating up his wife nearly to death.,Wɔkyeree no sɛ ɔhwee ne yere a ɛkaa kakraa bi ma owui.
The headteacher was arrested for asking students' money to bribe invigilators.,Wɔkyeree Sukuupanin no no sɛ ɔka kyerɛɛ asuafoɔ no sɛ wɔmfa sika mmra mma wɔmfa mma nnipa a wɔhwɛ nsɔhwɛ no soɔ no.
Cooperatives stabilize communities because they are community based.,Nnwumakuo a wɔbom yɛ adwuma no ma mpɔtam hɔfoɔ gyina efisɛ egyina mpɔtam hɔfoɔ so.
A doctor is a prominent person in that village.,Dokotani yɛ nipa titire wɔ akuraase.
The maximum sentence given to a child ends when the child clocks eighteen years of age.,Asotwe a wɔde ma mmɔfra no ba n'awieeɛ berɛ a wɔbɛduru mfie duwɔtwe no.
There was a saying; men who are circumcised can't get viral infections.,Na wɔka asɛm bi sɛ; mmarima wɔatwa wɔn twetia rentumi nya nsaayareɛ a atu atese.
People should study human rights syllabuses at lower levels of education.,Ɛsɛ sɛ nkorɔfoɔ sua nnipa pɛ ho adesua nhyehyɛeɛ wɔ nwomasua ahyɛaseɛ mu.
Bad morals in this society have made it hard for children to learn.,Abrabɔ bɔne a ɛwɔ ɔman yi mu ama ayɛ den ama mmofra sɛ wobesua ade.
Some children dropped out of school during the pandemic.,Mmofra binom gyaee sukuu wɔ ɔyaredɔm no mu.
The new minister was arrested for embezzling government money.,Wɔkyeree ɔsomfo foforo no sɛ ɔsɛee aban sika.
The number of students in private schools depends on its academic performance.,Sukuufo dodow a wɔwɔ ankorankoro sukuu ahorow mu no gyina ne adesua mu mmɔdenbɔ so.
She invited her grandmother to live with her in the house.,Ɔtoo nsa frɛɛ ne nana baa sɛ ɔne no ntena fie hɔ.
"During a rainy season, people in rural areas use rain water for domestic use.","Osutɔ bere mu no, nnipa a wɔwɔ nkuraase de osutɔ nsu di dwuma wɔ fie."
Main markets are inspected for hygiene issues to ensure the cleanliness and safety of the vendors and customers.,Wɔhwɛ dwa atitire mu hwɛ sɛ ahoteɛ ho nsɛm bi wɔ hɔ de hwɛ hu sɛ adetɔnfoɔ ne adetɔfoɔ no ho tew na wɔwɔ ahobammɔ.
How can we connect the buyer to the seller?,Yɛbɛyɛ dɛn atumi de nea ɔtɔ ade no abata nea ɔtɔn no ho?
"I look at this situation as an opportunity for me, adopting a positive perspective.","Mehwɛ tebea yi sɛ hokwan ma me, na migye adwene pa."
The public should inform the police about any crime-rerated activities.,Ɛsɛ sɛ ɔmanfo bɔ polisifo amanneɛ wɔ dwumadi biara a ɛfa nsɛmmɔnedi ho.
The policemen do not know who kidnapped him.,Polisifo no nnim onii a ɔkyeree no siei.
The running water caused serious damage to the school.,Nsu a ɛsen no sɛee sukuu no kɛse.
Some people use these animals for bride price.,Nnipa binom de saa mmoa yi di dwuma de gye ayeforo bo.
People are advised to engage in development al activities.,Wɔtu nkorɔfoɔ fo sɛ wɔnyɛ mpuntuo nnwuma.
It is possible to completely deal away with certain diseases.,Ebɛtumi adi nyarewa bi ho adwuma koraa.
The district officials have given directives to demarcate the quarry.,Mpanimfoɔ a wɔda mansini no ano no de wɔn nsa ahyɛ aseɛ sɛ wɔntwa baabi a wɔbɛtu aboɔ no.
Our neighbour was robbed yesterday and beaten up badly by the thieves.,Wɔwiaa yɛn fipamfoɔ no nnora na akorɔmfoɔ no boroo no denneennen.
The district lands officer appealed people to keep their titles safery.,Ɔpanin a ɔda mansini no nsase ano no asrɛ ɔmanfoɔ no sɛ obiara nhwɛ n'agyapadeɛ so yie
What is the process by which electricity is transmitted and what advantages does power supply offer to society?,Ɔkwan bɛn na wɔfa so de anyinam kanea kɔ baabi na mfasoɔ bɛn na nkuro nya firi saa anyinam ahoɔden no mu?
There is a big information gap because of the size of the project.,Ɛkwan kɛseɛ bi abɛda nsɛm a wɔte no ntam ɛsiane dwumadie no kɛseɛ nti.
The commissioner explained that schools should make sure they complete the syllabus.,Ɔmanpanyin no kyerɛkyerɛɛ mu sɛ ɛsɛ sɛ sukuu ahorow no hwɛ hu sɛ wɔawie adesua nhyehyɛe no.
"As we have not yet elected new leaders, they have requested all of us to make financial contributions, especially in the education sector, which is a very sensitive sector.","Esiane sɛ yennya npaw akannifo foforo nti, wɔasrɛ yɛn nyinaa sɛ yɛmfa sika ntoboa, titiriw wɔ nhomasua mu, a ɛyɛ adwuma a ɛyɛ mmerɛw yiye."
Privatisation of government schools doesn't favour middle-income families.,aban sukuu ahorow a wɔde bɛhyɛ ankorankoro nsa no mma mmusua a wɔn sikasɛm tebea yɛ mfinimfini no ani nnye ho.
Some mothers want to go to hospital when they start feeling contractions.,Ɛnanom binom pɛ sɛ wɔkɔ ayaresabea bere a wofi ase te nka sɛ wɔn ho akyere wɔn no.
It will reduce the number of mothers who die during labour.,Ɛbɛte ɛnanom  dodoɔ a wowu berɛ a worekɔwo no so.
"Through voting, voters make a decision of who should lead them.",Nnipa a wɔto aba no nam abatoɔ so kyerɛ onipa a wɔpɛ sɛ ɔnni wɔn anim.
Law enforcers should uphold the law with maximum integrity.,Ɛsɛ sɛ mmarahyɛfoɔ di mmara no so wɔ nokwaredie a ɛkyɛn biara mu.
A teenage girl was chased away from home when she got pregnant.,Wɔapam abayewa bi efiri fie berɛ a oyinsenee no.
A petition is an appeal to the authorities for a particular cause.,Adesrɛ yɛ asɛm pɔtee bi a wɔde kɔdan atumfoɔ.
Chefs must put on aprons while cooking to get rid of some characters and avoid splashing dirty water on others.,Ɛsɛ sɛ aduannoafo hyɛ apron bere a wɔrenoa aduan no na ama wɔayi nnipa bi afi hɔ na wɔakwati sɛ wɔbɛpete nsu fĩ agu afoforo so.
A trophy was awarded to the best performing member.,Wɔde nkonimdie ahyɛnsodeɛ maa ekuoba a ɔbɔɔ ne ho mmɔden yiye pa ara no.
Casual sexual behavior has increased under age pregnancies,Nna mu nneyɛe a ɛnyɛ aniberesɛm ama nyinsɛn a wonnii mfe aduonu akɔ soro
Malaria is one of the top killer diseases in African,Atiridii yɛ nyarewa a ekunkum nnipa paa wɔ Abibirem no mu baako.
The coach prepared the team well .,Ɔkyerɛkyerɛfo no siesiee kuw no yiye .
The golf club will manage the recreation facility after its establishment.,Golfbɔ kuo no na wɔbɛhyɛ agodibea ahodoɔ a wɔbɛsisi no so.
There are some communities with many people but one borehole which is not enough.,Yɛwɔ nkuro no bi wɔ hɔ a nnipa dɔɔso wɔ mu nanso nsuo a wɔatu baako na ɛwɔ hɔ a ɛnso wɔn.
Some parents stopped their daughters from joining the competition.,Awofo binom siw wɔn mmabea kwan sɛ wɔremfa wɔn ho nhyɛ akansi no mu.
Health units are a necessity in our community.,Akwahosan akuw yɛ ade a ɛho hia wɔ yɛn mpɔtam hɔ.
Police officers are deployed at different stations for effective service delivery.,Wɔde polisifoɔ kɔ mmeae ahorow sɛnea ɛbɛyɛ a wɔde ɔsom adwuma a etu mpɔn bɛma.
Musicians lack finances to record and promote their music.,Nnwontofo nni sika a wɔde bɛkyere wɔn nnwom agu hama so na wɔahyɛ ho nkuran.
The reedbuck and waterbucks belong to the antelope family.,Reedbuck ne waterbucks yɛ antelope abusua no mufo.
Some youths are ignorant about the effects of having unprotected sex.,Mmabunu binom nnim nea efi nna a wɔmmɔ wɔn ho ban mu ba no ho hwee.
Solving conflict is a way of accomplishing a job at hand,Ntawntawdi ano aduru yɛ ɔkwan a wɔfa so yɛ adwuma bi a ɛwɔ wɔn nsam
The schools received money from the ministry of Education.,Sukuu ahorow no nyaa sika fii Nhomasua adwumayɛbea hɔ.
New health facilities have been established to improve medical services,Wɔatew akwahosan ho adwumayɛbea foforo de ama ayaresa ho nnwuma atu mpɔn
Roads need to be tarmacked by the government.,ɛsɛ sɛ aban no si akwan so.
The presence of oil can only be determined by drilling oil wells.,Yɛbɛtumi ahunu ngo wɔ sɛ yɛbɛtu ngo abura nko ara.
The number of pregnant teenagers is rising in this coronavirus pandemic period.,Mmabunu a wɔnyem dodoɔ no rekɔ soro wɔ corona yarewa berɛ yi mu.
Patients in a critical state should be given priority in the hospital.,Ɛsɛ sɛ wɔma wɔn ani kɔ ayarefoɔ a wɔwɔ tebea a ɛyɛ den mu wɔ ayaresabea.
The ministry of health needs to boost health services in the area.,Asoeɛ a ɛhwɛ apɔmuden nsɛm so no hia sɛ wɔhyɛ apɔmuden ho nsɛm mu kena.
He advised the locals to use the money for developing their livelihoods.,Ɔtuu kurom hɔfo fo sɛ wɔmfa sika no nyɛ wɔn asetra ho adwuma.
There has been a rise in cutting down trees on a large scale.,Nnua a wɔtwitwa no adɔɔso pa ara wɔ baabiara.
Some companies shut down during the outbreak of the coronavirus .,Nnwumakuo bi too mu bere a coronavirus no pae gui no .
The head teacher complained about the late coming of teachers.,Sukuu panin no kaa sɛ akyerɛkyerɛfoɔ no mma berɛ ano.
The chairman sensitized the people to report anyone who is indulging in cutting trees.,Oguamtrani no maa nkurɔfo no tee nka sɛ wɔmmɔ obiara a ɔde ne ho hyɛ nnua twa mu no amanneɛ.
People need better equipment for proper fish storage.,Nkorɔfoɔ hia nnwinnadeɛ a ɛyɛ na ama wɔatumi de mpataa asie yie.
Let us try as much as possible to be polite and nice to others.,Momma yɛmmɔ mmɔden sɛnea yebetumi biara sɛ yɛbɛda suban pa adi akyerɛ afoforɔ.
The study of visual illusions (cases when the inference process goes wrong) has yielded much insight into what sort of assumptions the visual system makes.,Nhwehwɛmu a wɔayɛ wɔ adwenem naayɛ ahorow a wɔde aniwa hu (nsɛm a ɛfa nsusuwii a wɔde ba awiei ho no nkɔ yiye) ho no ama yɛanya nhumu pii wɔ nsusuwii ahorow a aniwa nhyehyɛe no de ba no ho.
Many youths in the central region abuse drugs.,Mmabun pii a wɔwɔ mfinimfini mantam mu no de nnuro di dwuma ɔkwammɔne so.
A lady spoke of how a site accident was once mismanaged .,Awuraa bi kaa sɛnea bere bi na wɔadi akwanhyia bi a ɛbae wɔ beae bi ho dwuma wɔ ɔkwan a ɛnteɛ so ho asɛm.
The district has established avenues to respond to the peoples' immediate problems.,Ɔmantam no ayɛ akwan a wɔbɛfa so adi nkurɔfo no haw ahorow a ɛba ntɛm ara no ho dwuma.
Masks have been adopted by everyone to prevent spread of the coronavirus disease .,Obiara agye nkataanim atom na ama wasiw corona nsanyare yareɛ no ntrɛmu ano.
A few challenges in work should not force you to leave your job.,Ɛhaw nketenkete a esi wɔ adwuma mu no nni kwan sɛ ɛma wo gyae w'adwuma.
"The majority of discos operate during nighttime, offering a vibrant nightlife experience.","Disko dodoɔ no ara yɛ adwuma anadwo, na ɛma wɔnya anadwo abrabɔ a ano yɛ den."
Farmers face problems of accessing the areas of the market.,Akuafo no hyia nsɛnnennen wɔ baabi a wɔtɔn wɔn nnɔbae no ho.
The health educator uses a mobile van to educate communities about cleanliness.,Onipa a ɔrekyerɛkyerɛ afa apɔmuden ho no de van bi a ɛtumi nante na ɛkyerɛkyerɛ ɔmanfoɔ no fa ahonidie ho.
Infrastructures will be established and improved in the area.,Wɔbɛhyehyɛ nnwuma a wɔde bɛyɛ adwuma na wɔama atu mpɔn wɔ mpɔtam hɔ
Political parties have representatives of the party to compete for leadership positions.,Amammuo akuo ahodo wɔ akuo no ananmusifo a wosi akan wɔ akannifo dibea ahorow ho.
"A pilot project is conducted to evaluate the feasibility, cost and duration of a project.","Wɔyɛ nhwehwɛmu adwuma bi de hwɛ sɛnea adwuma bi betumi ayɛ yiye, ɛho ka ne bere tenten a ɛbɛkyɛ."
Excessive alcohol consumption is harmful to human life.,Asanom ntraso sɛe nnipa nkwa.
Cocoa farmers are assured of a market for their produce.,Wɔma koko akuafo awerɛhyem sɛ wobenya gua a wɔde bɛtɔ wɔn nnɔbae.
Many people are now getting involved in poultry farming.,Mprempren nnipa pii de wɔn ho ahyɛ nkokɔyɛn mu.
A charity organization built an old mosque in the northen part of Ghana.,Adwumakuo bi wɔyɛ adɔeɛ asi tete nkramofoɔ asɔredan bi wɔ Ghana atififam.
Parents should show the youth the value of hard work.,Ɛsɛ sɛ awofoɔ kyerɛ mmabunu no mfasoɔ a ɛwɔ adwumaden ho.
He stressed the relevance of cooperation from both states to fight cholera and Ebola.,Osii hia a ɛho hia sɛ aman abien no nyinaa bɛyɛ biako de ako atia kɔlera ne Ebola so dua.
"She is very influential in the world of politics, and my son was knocked by a speeding car while he was on his way from school.","Ɔwɔ nkɛntɛnso kɛseɛ wɔ amammuosɛm wiase no mu, na ɔde me kar bɔɔ me ba barima no wɔ berɛ a na ɔretu mmirika bi a ɛretu mmirika."
In Ghana six drivers tested positive for coronavirus .,"Wɔ Ghana no, wɔyɛɛ kaakafo baasia mu nhwehwɛmu hui sɛ wɔwɔ koronavirus."
It is the most common biofuel used in the world.,Ɛyɛ biofuel a wɔtaa de di dwuma wɔ wiase.
More coronavirus health facilities have been launched in the country,Wɔahyɛ korona yare mmoawa akwahosan ho adwumayɛbea pii ase wɔ ɔman no mu
Ladies will be considered to join the tournament in the future.,Wobesusuw mmea ho sɛ wɔbɛka akansi no ho daakye.
Most of the candidates are encouraged to join a boarding school.,Wɔhyɛ wɔn a wɔpɛ sɛ wɔyɛ abatow no mu dodow no ara nkuran sɛ wɔnkɔ sukuu a mmofra dahɔ mu.
The president will be the guest of honour at the centenary celebrations.,Ɔmampanyin no bɛyɛ ɔhɔho a wɔde nidi bɛma wɔ mfe ɔha afahyɛ no ase.
"I did not contribute to this event as It's not a must that when every event is organized, people should turn up.","mammoa saa dwumadi yi Ɛnyɛ ade a ɛsɛ sɛ sɛ wɔyɛ dwumadi biara a, ɛsɛ sɛ nkurɔfo ba."
Generous people are the ones that give donations.,Nnipa a wɔwɔ ayamye no na woyi ntoboa.
Our neighbour was murdered on his way home last night.,Wɔkumm yɛn fipamfoɔ berɛ a na ɔrekɔ fie anadwo a ɛtwaam no.
Defeat does not necessarily mean loss of victory.,Nkogudi nkyerɛ ankasa sɛ obi bɛhwere nkonimdi.
"Breakfast is taken in the morning just after sunrise. Traditional breakfast is made of koko or kukua?li (porridge) made from either of maize, millet, guinea or a mixture of flours.","Wɔdi anɔpaduan anɔpa bere a owia apue pɛ. Wɔde koko anaa kukua?li (akutu) a wɔde atoko, atoko, guinea anaa esiam a wɔde afra na ɛyɛ anɔpaduan a wɔde di dwuma wɔ amanne kwan so."
Non-governmental organisations usually partner with churches to run some projects.,"Mpɛn pii no, ahyehyɛde ahorow a ɛnyɛ aban de ne asɔre ahorow bom yɛ nnwuma bi."
"They danced when there was a heroic killing of the leopards, lions an elephants.","Wɔdii asa berɛ a wɔkunkum sebɔ, gyata ne asono no."
The police seem not to be interested in domestic violence cases.,Ɛte sɛ nea polisifo ani nnye ofie basabasayɛ ho nsɛm ho.
People are furious over water scarcity in the area.,Nkorɔfoɔ bu afu wɔ nsuo a ɛnni mpɔtam hɔ.
"The Ghanaian government has extended power supply to rural areas, ensuring broader access.","Ghana aban no atrɛw anyinam ahoɔden a wɔde ma no mu akɔ nkuraase, na ama wɔahwɛ ahu sɛ wɔbɛtrɛw mu."
The mother gently rocked her baby to sleep while singing a lullaby.,Maame no de nsa bobɔɔ abofra no brɛoo ma ɔdaeɛ berɛ a ɔreto mmofra nnyegyeeɛ dwom.
Learning resources have started being delivered freely door to door and online.,Wɔafi aseɛ de adesua ho nneɛma rema kwa wɔ afie afie ne intanɛt so.
Most of the farmers today use fertilizers to improve on their yields.,Ɛnnɛ akuafo dodow no ara de nnuru a wɔde yɛ nnɔbae di dwuma de ma wɔn nnɔbae tu mpɔn.
The officials have focused on improving education and health services.,Aban mpanyimfo no de wɔn adwene asi nhomasua ne akwahosan ho nnwuma a wɔbɛma atu mpɔn so.
The people said that the men who were carrying guns were soldiers.,Nkurɔfo no kae sɛ mmarima a wokurakura atuo no yɛ asraafo.
The people need advice on what kind of crops they should grow.,Nkorɔfoɔ no hia afutuo wɔ nnuaba korɔ a ɛsɛ sɛ wɔdua ho.
The government's response concerning schools will be issued soon.,"Ɛrenkyɛ biara, wɔde aban no anodisɛm a ɛfa sukuu ahodoɔ ho no bɛba abɛto dwa"
At what age does adolescence start in children.,Mfe bɛn mu na mmabunbere fi ase wɔ mmofra mu.
National medical stores supplied drugs for human immune virus patients.,Ná ɔman no mu nnuruyɛbea ahorow de nnuru ma ayarefo a wɔanya ɔyare mmoawa a wɔko tia nyarewa no.
Concerned residents tip-off the police when they find suspects.,Nnipa a wɔte hɔ a ɛhaw wɔn no bɔ polisifo amanneɛ bere a wohu wɔn a wosusuw sɛ wɔyɛ saa no.
That disease has made him very sensitive to everything around him.,Saa yare no ama wate nka kɛse wɔ biribiara a atwa ne ho ahyia ho
The minister visited the piece of land where construction will take place.,Ɔsoafoɔ no kɔɔ asase no a dwumadie no rebɛkɔ so no so.
Student leaders from different schools should discuss means to avoid clashing.,Ɛsɛ sɛ asuafoɔ akannifoɔ a wofi sukuu ahodoɔ mu susu akwan a wɔbɛfa so akwati ntawntawdi ho
Rukaya and Asana's workspace was always neat and organized. They always made sure to put everything in its proper place.,Na Rukaya ne Asana adwumayɛbea no yɛ nea ɛhɔ te  na wɔahyehyɛ no yiye bere nyinaa. Wɔhwɛɛ bere nyinaa sɛ wɔde biribiara besi ne beae a ɛfata
The local governments should create simple mechanisms through which people would pay tax.,Ɛsɛ sɛ aban a ɛwɔ nkuro ahodoɔ mu no yɛ nneɛma binom a ɛbɛma nkurɔfoɔ atua wɔn toɔ.
She spoke of being siderined from getting seedlings for same people are always registered .,Ɔkaa sɛ wɔayi no asie sɛ wobenya nnuadewa ama nnipa koro no ara a wɔakyerɛw wɔn din bere nyinaa
For what duration will this project be operational?,Bere tenten ahe na saa adwuma yi bedi?
"Various forms of dancing, singing and merry-making characterize the entire festival.","Asa ahodoɔ bebree, nwontoɔ ne akyɛdeɛ ne nneɛma atitire a ɛkɔ so wɔ afahyɛ no nyinaa mu."
I own two shops in the trading centre.,Mewɔ sotɔɔ abien wɔ aguadibea hɔ.
Procuring abortion guarantees automatic excommunication from the church.,nyinsɛn a woyi gu a wobenya no ma wonya awerɛhyem sɛ wobetu obi afi asɔre no mu ara kwa.
It was a tough time for farmers across the country during the lockdown.,"Berɛ a aban de mmara bae sɛ obiara nhyɛ dan mu esiane Covid 19 yareɛ no, na ɛyɛ mmerɛ a emu yɛ den ma akuafoɔ a wcɔwɔw ɔman yi mu paa."
My parents were very excited about my performance.,M’awofo ani gyee me dwumadi no ho yiye.
The people should take the initiative towards improving education services.,Ɛsɛ sɛ ɔmanfo no di kan yɛ ade a ɛbɛma nhomasua dwumadi atu mpɔn.
These women are happy with the way leaders are caring for them.,Saa mmaa yeinom ani agye wɔ ɔkwan a akannifoɔ no hwɛ wɔn no.
The head of an office usually has assistants to help him serve people better.,Ɔfese biara kannifoɔ wɔ aboafoɔ a wɔboa no ma ɔde ɔsom pa ma ne manfoɔ
People used to converge under a tree to praise and worship God.,Na nkorɔfoɔ hyia wɔ dua ase yi Onyankopɔn ayɛ sɔre no.
Collective efforts are in place to defeat one of the most dangerous diseases.,Wɔabom abɔ mmɔden sɛ wobedi nyarewa a ɛyɛ hu sen biara no biako so nkonim.
The government of Ghana has come into an agreement with the investors.,Ghana aban no no ne nnipa a wɔde wɔ sika rebɛhyɛ dwumadie no mu no akɔ bɛnkorɔ mu.
Doctors advise women to buy all items needed for safe child delivery in time.,Nnuruyɛfo tu mmea fo sɛ wɔntɔ nneɛma a wohia nyinaa na ama wɔawo abofra a ahobammɔ wom wɔ bere ano.
People do not have access to better education services.,Nkorɔfoɔ nni nwomasua nhyehyɛeɛ pa ho kwan.
"Abena gave her son a sweet to calm him down, and she bathes her baby with warm water.","Abena maa ne ba no aduane dɛdɛ sɛ ɔma ne bo dwo, na ɔde nsuo a ɛyɛ hyeɛ guare ne ba no."
People have quit mobile money businesses because of a lack of customers.,Nkorɔfoɔ agyae foono sikasɛm adwuma ɛnam sɛ wɔnya wɔn adwadifoɔ nti.
He was involved in a fatal accident last night.,Ɔde ne ho hyɛɛ akwanhyia a ɛyɛ hu mu anadwo a etwaam no.
The hospitals in Konongo are in a bad shape.,Ayaresabea a ɛwɔ Konongo no ayɛ basaa.
She hit her toe while walking to the garden.,Ɔde ne nansoaa bɔɔ adeɛ mu bere a ɔnam turo no mu no.
The chairman advised us to plant more trees to save the environement,Oguamtrani no tuu yɛn fo sɛ yendua nnua pii mfa nnye nneɛma a atwa yɛn ho ahyia no nkwa
The establishment of infrastructures will provide employment opportunities for the people.,Sɛ wɔsisi adan a ɛbɛma nnipa binom anya adwuma ayɛ.
The swimmer gracefully glided through the water. He completed each stroke with precision.,Osuguarefo no de fɛw faa nsu no mu. Ɔde pɛpɛɛpɛ wiee ɔhwe biara.
Some poor people consume all their money with holding back any little for savings.,Ahiafoɔ binom di wɔn sika nyinaa denam sika ketewaa biara a wɔde sie de hwehwɛ sika a wɔde sie no so.
"They lived in a so-called segmented society, bound together by kinship tie, and ruled by the head of their clan.","Wɔte baabi wɔfrɛ no kurow a wɔakyekyere mu, a ahennie aka wɔn abom, na wɔn mmusuakuo ti na ɔdi wɔn so."
People should engage in agricultural activities and participate in the development of society.,Ɛsɛ sɛ nkorɔfoɔ de wɔn ho hyɛ kua nnwuma mu na wɔboa kuro mpuntuo no.
The existing president asked voters to re-elect him as president of Ghana.,Ɔmampanin a ɔte so seesei no ka kyerɛɛ wɔn a wɔto aba no sɛ wɔnsan nto aba mma no sɛ Ghana mampanin.
They failed to organize the transport because of the limited funds.,Wɔantumi ampɛ kaa a wɔde bɛtu kwan ɛsiane sɛ na wɔn sika sua.
The encroacher will protect the land that belongs to him.,Deɛ ɔbɛbɔ awura mu biara bɛbɔ asase a ɛyɛ ne dea no ho ban
The leader is working with health workers and schools to improve hygiene and sanitation.,Ɔkannifoɔ no ne apɔmuden adwumayɛfo ne adesuafoɔ redi dwuma sɛdeɛ Ɛbɛyɛ a yɛtu mpɛn wɔ ahosiesie ne ahonnidie mu.
Cultural leaders are asked to work jointly with the government to help women.,Wɔsrɛ amammerɛ akannifo sɛ wɔne aban no nyɛ adwuma mfa mmoa mmea.
The arrested people have been remanded to prison.,Wɔde nnipa a wɔakyere wɔn no akɔto afiase.
Culture is an important shaper in our personality.,Amammerɛ yɛ ade titiriw a ɛhyehyɛ yɛn nipasu.
People who cut down trees were fined because they should understand the significance of trees in the environment.,Wɔbɔɔ nnipa a wɔtwitwaa nnua no ka ɛfiri sɛ ɛsɛ sɛ wɔte deɛ nnua ho hia wɔ beaeɛ a yɛte no ase.
Road users need to be very careful while on the road.,ɛsɛ sɛ wɔn a wɔfa kwan so no hwɛ yiye paa bere a wɔrekɔ kwan so no.
Adolescents experience immense peer pressure which if not managed well can derail their lives.,Mmabunu nya atipɛnfo nhyɛso kɛse a sɛ wɔanni ho dwuma yiye a ebetumi asɛe wɔn asetra.
The community will engage in development activities.,Mpɔtam hɔfoɔ de wɔn ho bɛhyɛ nkɔsoɔ dwumadiɛ mu.
He walks around the village every day selling the pancakes that his mother makes.,Ɔkyinkyin akuraa no ase da biara na ɔtɔn pancakes a ne maame yɛ no.
There are a number of medications that can help prevent or interrupt malaria in travellers to places where infection is common.,Nnuru ahorow bi wɔ hɔ a ebetumi aboa ma wɔasiw asramma ano anaasɛ wɔatwa mu wɔ akwantufo a wɔkɔ mmeae a ɔyare mmoawa taa ba no mu.
Her daughter wants to upgrade from a certificate to a diploma.,Ne babea pɛ sɛ ɔforo fi adansedi krataa so kɔ diploma so.
His father has planned to hand over the business to him on his twenty third birthday.,Ne papa ayɛ nhyehyɛe sɛ ɔde adwuma no bɛhyɛ no nsa wɔ n’awoda aduonu abiɛsa no.
"The pandemic is a serious threat, we need to prepare for it.","Ɔyaredɔm no yɛ adeɛ a ɛyɛ hu yie, ɛhia sɛ yɛsiesie yɛn ho wɔ ho."
Farmers have to manage their farms very well to ensure productivity.,Ɛsɛ sɛ akuafo hwɛ wɔn mfuw so yiye na ama wɔanya nnɔbae pii.
Break ups among employees often leads to general inefficiency.,"Mpɛn pii no, adwumayɛfo ntam mpaapaemu ma obiara ntumi nyɛ adwuma yiye."
The pandemic has been an enemy to our health.,Ɔyaredɔm no ayɛ yɛn akwahosan tamfo.
Cultural leaders are highly respected by their subjects.,Wɔn manfo bu amammerɛ mu akannifo kɛse.
People often seek for justice in courts of law.,Nkorɔfoɔ taa hwehwɛ atɛntenenee wɔ asɛnnibea.
Parents should provide sex education to their children.,Ɛsɛ sɛ awofoɔ ma wɔn mma ɔbarima ne ɔbaa nna mu adesua.
The Ghana national road authority is in charge of road construction in Ghana.,Ghana ɔman kwan so adwumayɛkuo no na ɛhwɛ akwan a wɔyɛ so wɔ Ghana.
The hospital lacked funds for repairing the machine.,Ayaresabea no nni sika a wɔde bɛkora afidie no.
Headteachers met to discuss how they improve the education sector.,Akyerɛkyerɛfo mpanyimfo hyiaam susuw sɛnea wɔma nhomasua dwumadi no tu mpɔn ho.
People in the Northern region need free health services like family planning and HIV testing.,Nnipa a wɔwɔ Atifi mantam no hia apɔmuden nhyehyɛeɛ a wɔntua hwee te sɛ awoɔ ho nhyehyɛeɛ ne HIV nhwehwɛmu.
I have worked in this organization for ten years now.,Mayɛ adwuma wɔ ahyehyɛde yi mu mfe du ni.
One can collect his retirement benefits at fifty-five years,Obi betumi agye ne pɛnhyen sika wɔ mfe aduonum anum mu
The venue for the next meeting shall be at the hotel.,Beae a wɔbɛyɛ nhyiam a edi hɔ no bɛyɛ ahɔhodan no mu.
Mobilise resources in an effort to prepare for disasters.,Boaboa nneɛma ano fa bɔ mmɔden sɛ wubesiesie wo ho ama asiane ahorow.
Health workers should be recognised for successfully treating patients.,Ɛsɛ sɛ wogye akwahosan ho adwumayɛfo tom sɛ wɔasa ayarefo yare yiye.
The school has received a donation in the form of textbooks.,Sukuu no anya ntoboa bi a ɛyɛ adesua nhoma.
More schools should be established in rural areas.,Ɛsɛ sɛ wɔsisi sukuu pii wɔ nkuraase.
He was driving speedily while drunk but drivers are advised to avoid overspeeding.,Na ɔreka kar ntɛmntɛm bere a wabow nsa nanso wɔhyɛ karkafo fo sɛ wɔnkwati sɛ wɔbɛka kar ntɛmntɛm dodo.
The Angule people were from then denied reach to the land by their Acer mates .,Efi saa bere no na wɔn ahokafo a wɔyɛ Acerfo no amma Angulefo no kwan sɛ wɔbɛkɔ asase no so .
He retired from journalism and joined politics as a village chairperson.,Ogyaee nsɛm ho amanneɛbɔ adwuma na ɔde ne ho hyɛɛ amammuisɛm mu sɛ akuraa ase guamtrani.
The village leader urged the community to report the lawbreakers to the police.,Akuraa no ase kannifo no hyɛɛ mpɔtam hɔfo sɛ wɔmfa mmaratofo no nkɔbɔ polisifo amanneɛ.
The government allocated more funds to the education sector.,Aban no twaa sika bebree maa asoeɛ a ɛhwɛ nwomasua ho nsɛm so no
How can you change the environment you live in?,Wobɛyɛ dɛn atumi asesa tebea a wote mu no?
The kingdoms in the country can also get aid from the government.,Ahennie ahodoɔ a ɛwɔ ɔman no mu no nso bɛtumi anya mmoa afiri aban no hɔ.
He was going to a university – the university of the Harlem Streets.,Na ɔrekɔ sukuupɔn bi mu – sukuupɔn a ɛwɔ Harlem Streets
The new classrooms constructed by the district have been officially opened.,Wɔabue adesuadan foforo a ɔmantam no asi no wɔ aban kwan so.
How can the power connection improve economic status?,Ɔkwan bɛn so na anyinam ahoɔden nkitahodi no betumi ama sikasɛm tebea atu mpɔn?
They used the foot and mouth disease as an excuse to hang around.,Wɔde nan ne ano yadeɛ no yiyii wɔn ho ano de nenamm hɔ.
There is always a topic of discussion in radio talk shows.,Berɛ biara wɔwɔ asɛmti bi a wɔka ho asɛm wɔ radio so nkɔmmɔbɔ ahodoɔ mu.
The next generation will be full of young leaders,Awo ntoatoaso a edi hɔ no bɛyɛ nea akannifo nkumaa ahyɛ mu ma
A well -built septic tank shouldn't be a threat to anyone.,Ɛnsɛ sɛ septic tank a wɔasisi no yiye yɛ asiane ma obiara.
"My cousin was charged with armed robbery, and he was arrested for trying to cash a forged cheque at the bank.","Wɔbɔɔ me wɔfase no sobo sɛ ɔde akode abɔ korɔn, na wɔkyeree no sɛ ɔrebɔ mmɔden sɛ obeyi sikakrataa a ɛnyɛ nokware wɔ sikakorabea hɔ."
He was knocked down by a lorry; the lorry driver was arrested and his body has been taken for postmortem.,Lɔre bi na ɛbɔɔ no gui; wɔkyeree lɔrekafo no na wɔde ne funu akɔyɛ ne funu.
Other teachers have decided to join the motorcycle business.,Akyerɛkyerɛfo afoforo asi gyinae sɛ wɔbɛka moto adwuma no ho.
The king will celebrate his twenty-seventh coronation anniversary on sixteen December this year.,Ɔhene no bɛdi n'afenhyia a ɛtɔ so aduonu nson wɔ Ɔpɛnima mu wɔ saa afe yi mu.
The government has recognized the importance of trees in climate change.,Aban no ahunu mfasoɔ a ɛwɔ nnua so wɔ ewiem nsakraeɛ mu.
Most samples were picked from contacts and alerts.,Wɔpaw nhwɛsode dodow no ara fii nkitahodi ne kɔkɔbɔ ahorow mu.
At how much did you acquire your piece of land?,Wonyaa w'asase no sɛn?
Local leaders ensured that the refugees live comfortably.,Mpɔtam hɔ akannifoɔ hwɛ hui sɛ adwanefoɔ no bɛtena ase yiye.
The districts don't have enough funds this year.,"Afe yi deɛ, amansini ahodoɔ no nhyɛ da nni sika saa"
We know that the traditional African society was founded on principles of egalitarianism.,Yɛnim sɛ tete Afrikafoɔ no de nnyinasosɛm a ɛkyerɛkyerɛ pɛyɛ a wɔde di dwuma mu na ɛkyerkyeree wɔn nkuro.
There was a meeting about the face mask distribution to the refugees.,Wɔyɛɛ nhyiamu bi faa sɛdeɛ wɔbɛkyekyɛ adeɛ a wɔde kata wɔn hwene ne wɔn ano ama atubrafoɔ no ho.
The number of people infected with coronavirus in Kenya keeps rising everyday.,Nnipa dodow a wɔanya coronavirus wɔ Kenya no kɔ soro da biara da.
The Ministry of Education and Sports prepared a sector review where different departments shared key successes attained in the financial year 2017 to 2018,Asoɛeɛ a ɛhwɛ nwomasua ne Agodie so nsɛm no ayɛ nhwehwɛmu afa ne nkorabata ahodoɔ a wɔnyaa mfasoɔ wɔ sika nhyehyɛeɛ wɔ afe 2017 de kɔ si 2018 mu.
How can one adequatery prepare for his old age?,Ɔkwan bɛn so na obi a ɔfata betumi asiesie ne ho ama ne nkwakoraabere?
"They donated beds, blankets, mosquito nets and income to hospitals in Tema Community 5.","Wɔde mpa, nnasoɔ, ntontom nɛɛte, ne sika maa nyaresabea a ɛwɔ Tema Kuro a ɛtɔ so num."
The whole country is highly affected by the coronavirus pandemic and there will be a national fight against the coronavirus pandemic in our town.,Ɔman no nyinaa anya corona yadeɛ no pa ara na ɔman no bɛko atia corona yadeɛ no wɔ yɛn kuro mu.
Opposition politicians have criticized the government for insecurity in Ghana.,Asɔretiafo amammuifo akasa atia aban no sɛ ahobammɔ nni Ghana.
"Cultural leaders have encouraging people to stay united and, at the same time, respect other people's culture","Amammerɛ akannifo wɔ nkuranhyɛ a ɛhyɛ nkurɔfo nkuran sɛ wɔnkɔ so nyɛ biako na bere koro no ara mu no, wonni afoforo amammerɛ ni"
Farmers need to improve their standards of living.,Ɛsɛ sɛ akuafo ma wɔn asetra yɛ papa.
The electoral commission issues the campaign program to the candidates.,Asoeɛ a ɛhwɛ abatoɔ soɔ no na ɔde abatoɔ no aporɔbɔ no ho akwankyerɛ no ma nnipa a wɔrepere aba no
It's popular because it has worked well for everyone.,Agye din esiane sɛ ayɛ adwuma ama obiara yiye.
Organizations have helped to settle conflicts with in the country,Ahyehyɛde ahorow aboa ma wɔasiesie ntawntawdi wɔ ɔman no mu
People who believe in themselves tend to succeed at academics,Nkorɔfoɔ a wɔgye wɔn ho di no yɛ adeɛ wɔ nwomasua mu.
Tohazie was a fighter. Yaa Asentewaa was a figther. Ghanaians are fighters. We shouldn't sit back with our arms folded and watch our country plundered to nothing.,Na Tohazie yɛ ɔkofoɔ. Na Yaa Asantewaa yɛ ɔkofoɔ. Ghanafoɔ yɛ akofoɔ. Ɛnsɛ sɛ yɛtena ase ka yɛn nsa gu yɛn bo yɛ nhwɛ haa ma wɔsɛe yɛ man no pasaa.
Schools will open again in January next year.,sukuu ahodoɔ no bebue bio wɔ Ɔpɛpɔn afe a edi hɔ no mu.
Standard operation procedures to be followed by schools.,Standard operation procedures a ɛsɛ sɛ sukuu ahorow di akyi.
Veterans are to be paid in cash as resolved by the commissioner.,Ɛsɛ sɛ wɔde sika hyɛ asraafoɔ a wɔdi ako no nsam de tua wɔn ka sɛdeɛ ɔpanin no kaeɛ no.
Animal traction is mainly used in Northern Ghana.,Wɔde mmoa a wɔtwe wɔn ho di dwuma titiriw wɔ Ghana Atifi fam.
Some non-governmental organizations set out to help the needy children in society.,Ahyehyɛde ahodoɔ bi a ɛnyɛ aban de sii wɔn ani so sɛ wɔbɛboa mmofra a wohia mmoa wɔ ɔmanfo mu no.
The students demanded for an end of year disco which was denied thus striking.,Asukuufoɔ no hwehwɛɛ sɛ wɔyɛ afe awieeɛ 'disko' a wɔampene so a wɔtee atua.
The presidential elections will be conducted next year in January.,Wɔbɛyɛ ɔmampanyin abatow no afe a edi hɔ no wɔ January mu.
It takes time and discipline to master a sport.,Ɛgye berɛ ne ahohyɛsoɔ na obi atumi ahunu dwumadie bi yie.
Some issues can be worked upon with behavioural changes.,Wobetumi de suban mu nsakrae adi nsɛm bi ho dwuma.
Corruption is the main cause of inefficiency in the government.,Adifudepɛ ne ade titiriw a ɛma aban no ntumi nyɛ adwuma yiye.
Poverty is one of the reasons why they live in grass-thatched houses.,Ohia yɛ ade biako nti a wɔte afie a wɔde sare ayɛ mu.
She volunteered at the local shelter to assist in the care and feeding of the orphans.,Otuu ne ho mae wɔ mpɔtam hɔ dabere no mu sɛ ɔbɛboa ma wɔahwɛ nyisaa no na wɔama wɔn aduan
People are now working from home as a result of the coronavirus outbreak in the country.,Seesei nkorɔfoɔ reyɛ adwuma firi fie ɛnam coronvirus yadeɛ aba ɔman no mu nti.
The officials urge the government to equip the hospital with health equipment.,Aban mpanyimfo no hyɛ aban no sɛ wɔmfa akwahosan ho nnwinnade nhyɛ ayaresabea no mu.
Farmers want income to improve their living standards.,Akuafo pɛ sika a ɛbɛma wɔn asetra atu mpɔn.
There are no funds allocated to the renovation of old buildings.,Yɛnni sika a biara a wɔayI a wɔde bɛsiesie adan dada.
The whole villages gets water from the borehole.,Nkuraase no nyinaa nya nsu fi tokuru no mu.
All the candidates belonged to a political party.,Akansifoɔ no nyinaa firii amanyɔkuo baako mu.
She has saved eight thousand Ghana Cedis for her son's tuition.,Ɔde Ghana Cedis mpem nabwotwe asie ama ne ba no adesua.
Some cultural beriefs have to change to save women from suffering.,Ɛsɛ sɛ amammerɛ mu gyidi ahorow bi sesa na ama wɔagye mmea afi amanehunu mu.
Golf should be promoted in higher institutions of learning.,Ɛsɛ sɛ pagya agudie no wɔ suapn akɛse mu.
People like to take matters into their own hands.,Nkorɔfoɔ ani gye ho sɛ wɔde nsɛm bɛhyɛ wɔn ankasa nsa.
The public should provide better pay for the youth.,Ɛsɛ sɛ ɔmanfo de akatua a eye ma mmabun no.
"In its actual workings, however, it had various shortcomings. Its humanist impulse, nevertheless, is something that continues to urge us towards our all-African socialist reconstruction.","wɔ ne dwumadi ankasa mu no, na sintɔ ahorow. Ne nyinaa mu no, ne nnipa ho adwene no yɛ biribi a ɛkɔ so hyɛ yɛn nkuran sɛ yɛnkɔ yɛn Afrikafo nyinaa sohyialism sankɔhwɛ no so."
Human immune virus patients lack the income to meet their needs.,Nnipa a wɔyare mmoawa a wɔko tia nyarewa no nni sika a wɔde bedi wɔn ahiade ho dwuma.
Of what benefit is a district forestry officer in conserving the environment?,Mfaso bɛn na ɛwɔ ɔmantam kwae sohwɛfo so wɔ nneɛma a atwa yɛn ho ahyia a wɔbɛkora so no mu?
One has a right to express his interest in a given leadership position.,Obi wɔ hokwan sɛ ɔda n’anigye adi wɔ akannifo dibea bi a wɔde ama no ho.
There is an ongoing teachers' scholarship workshop and only the best performers were given scholarships.,Seesei kyerɛkyerɛfoɔ akwannya ho nkyerɛkyerɛ bi rekɔ so na akyerɛkyerɛfoɔ a wɔbɔ wɔn ho mmɔden no nko ara na wɔde saa akwannya no ma wɔn.
Quarantine centers have limited capacity of people to hold.,mmeae a wɔde nnipa a wɔayi wɔn afi nnipa mu no nni nnipa kakraa bi a wobetumi akura mu.
The budget was approved after the councillors protest.,Wɔpenee sikasɛm nhyehyɛe no so bere a agyinatufo no yɛɛ ɔsɔretia akyi.
It is generally accepted as the origin of the subgroups of the Akan people who migrated out of the state at various times to create new Akan states in search of gold.,Wɔtaa gye tom sɛ ɛyɛ Akanfoɔ akuo nketewa a wɔtu firii ɔman no mu wɔ mmerɛ ahodoɔ mu kɔbɔɔ Akan aman foforɔ de hwehwɛɛ sika kɔkɔɔ no mfitiaseɛ.
District officials organised a meeting to discuss cases of domestic violence.,Ɔmantam mpanyimfo yɛɛ nhyiam bi ho nhyehyɛe de susuw ofie basabasayɛ ho nsɛm ho.
The Governor ruled both Ashanti and the Northern Territories by proclamations until 1946.,Aban no de n'ano dii Asantefoɔ ne Atifi fam mufoɔ kɔsii 1946 mu.
Community members were requested to keep calm during elections.,Wɔsrɛɛ mpɔtam hɔfo sɛ wɔnyɛ komm bere a wɔreyɛ abatow no.
New pit latrines will be constructed next year.,Wɔbɛyɛ tiafi foforo a ɛwɔ amena mu afe a edi hɔ no.
A woman was arrested for burning her child's fingers because of stealing food.,Wɔkyee ɔbaa bi too mu sɛ wahye ne ba nsatea ɛfiri sɛ ɔkɔ wiaa aduane nti.
They achieved this by instructing the women to pour all their wastewater on one particular place in the wall.,Wɔtumi yɛɛ yei denam hyɛ a wɔhyɛɛ mmaa no sɛ wɔnhwie wɔn nsuo ngu baabi faako wɔ fasuo no mu no.
Don't allow people to disrupt your space of peace.,Mma nkurɔfo nsɛe w’asomdwoe beae no.
Women and young adults are advised to take on family planning methods.,Wɔtu mmaa mpanimfoɔ ne mmabunu fo sɛ wɔnyɛ nneɛma a ɛbɛma wɔatete wɔn awoɔ mu.
If your life is in danger then relocate.,Sɛ wo nkwa da asiane mu a ɛnde tu kɔ baabi foforo.
"The man stared at us without blinking, fixating his gaze on us intently.","Papa no hwɛɛ yɛn wɔ berɛ a wammɔ n'anim, ɔgyenee n'ani na n'ani gyee yɛn ho."
They laughed and mocked him because they thought he was crazy.,Wɔseree na wɔtweetwee no ɛfiri sɛ na wɔdwene sɛ wɔabɔ dam.
Farmers should be skilled on how to get the best out of their farms.,Ɛsɛ sɛ akuafo nya nimdeɛ a ɛbɛma wɔanya wɔn mfuw so mfaso.
Civil society organisations have engaged in improving the lives of people.,Ɔmanfo ahyehyɛde ahorow de wɔn ho ahyɛ nnipa asetra a wɔbɛma atu mpɔn mu.
Those who were defeated in the election refused to concede defeat.,Wɔn a wɔdii ntwo wɔ abatoɔ no mu no ampɛ sɛ wɔbɛgye atom sɛ wɔadi ntwo.
Refugees have started practicing farming so as to earn a living and were advised to save money If they want to succeed in farming.,aguanfo afi ase reyɛ kua sɛnea ɛbɛyɛ a wobenya wɔn asetrade na wotuu wɔn fo sɛ wɔmfa sika nsie Sɛ wɔpɛ sɛ wodi yiye wɔ kuayɛ mu a.
Giving back to the community creates a good image in their eyes.,"Sɛ woyɛ biribi de boa wɔ ɔmanfo no a, ɛma wonya wɔ ho adwempa."
Parents and spiritual leaders should be represented in the school administration.,Ɛsɛ sɛ awofoɔ ne honhom mu akannifoɔ ananmusifoɔ wɔ sukuu no sohwɛ mu.
Deployment offices will be held accountable for the death of the police officer.,Wɔbɛbu polisini no wu ho akontaa
There was an emergency meeting with the district leaders and school management.,Na ntɛmpɛ nhyiamu wɔ mansini akannifoɔ no ne sukuu hwɛsofoɔ no ntam.
It requires a lot of money to traver around the country soliciting for votes.,Egye sika pii na wɔatumi atu kwan akɔ ɔman no mu akɔhwehwɛ abatow.
"The political party is prioritizing the improvement of employment opportunities among the youth, addressing a critical issue in the country.","Amanyɔkuo no de adwumayɛ ho kwan ahodoɔ a wɔbɛma atu mpɔn wɔ mmabunu mu no redi kan, na wɔredi asɛm bi a ɛho hia wɔ ɔman no mu ho dwuma."
It's good to have a good relationship with the neighbours.,Ɛyɛ papa sɛ wo ne w'afipamfo no nya abusuabɔ pa.
"The country has registered a decline in infant and maternal mortality rates, indicating positive progress in healthcare.","Ɔman no akyerɛw nkokoaa ne ɛnanom a wowuwu no so atew, na ɛkyerɛ sɛ wɔanya nkɔso pa wɔ akwahosan ho"
Beauty pageants were asked how each of them was to develop tourism.,Wobisaa ahoɔfɛ akansi ahorow sɛnea ɛsɛ sɛ wɔn mu biara nya nsrahwɛfo nkɔso.
The Ministry of Agriculture will provide the vaccine to the district.,Asoɛeɛ a ɛhwɛ kuadwuma so no de nnuro bɛkɔ mansini no mu.
Many children are on the streets as a result of torture at home.,Mmofra pii wɔ mmɔnten so esiane ayayadeɛ a wɔyɛ wɔn wɔ fie nti.
Police shot bullets in the air to dispelse demonstrators yesterday.,Polisifoɔ too atuo wɔ wim de pam ɔyɛkyerɛfoɔ nnansa yi.
Resolutions are firm decisions to do or not to do something.,Gyinaesi ahorow yɛ gyinaesi a emu yɛ den a wosi sɛ wɔbɛyɛ biribi anaasɛ wɔrenyɛ.
The plastic pipes were replaced with metallic ones.,Wɔde dade de sii plastic paipu no ananmu.
The roads in our town are in poor condition.,Akwan a ɛwɔ yɛn kurom no nyɛ papa.
Many people fail to start businesses because they lack capital.,Nnipa pii ntumi mfi nnwuma ase esiane sɛ wonni sika kɛseɛ nti.
"Did you participate in the training, asking about someone's involvement in a training session.","So wode wo ho hyɛɛ ntetee no mu, bisaa obi a ɔde ne ho hyɛɛ ntetee bi mu ho asɛm."
Security provide protection to the people and their property.,ahobammɔ ma nkurɔfo no ne wɔn agyapade ahobammɔ.
The Human Immune Virus disease is a deadly disease to people.,Nnipa Apɔmuden ho Yareɛ no yɛ yareɛ a ɛdi nnipa bebree awu.
Citizens will be engaged to create a solution for disease control.,Wɔde ɔman mma bɛhyɛ mu ma wɔayɛ ano aduru a wɔde besiw nyarewa ano.
The district officials will arrest farmers who disobey the imposed quarantine.,Manisni no mu mpanimfoɔ no bɛkye okuani biara a ɔbɛbu taaboɔ no so.
National leaders are responsible for the healthy well being of fellow nationals.,Aman akannifo na wɔhwɛ wɔn mfɛfo manfo yiyedi a ɛfata.
Some companies sponsor community activities as a way of doing corporate social responsibility.,Nnwumakuo binom boa mpɔtam hɔ dwumadi ahodoɔ sɛ ɔkwan a wɔfa so yɛ nnwumakuo asetra mu asɛyɛde ahorow.
The people stressed that the land belongs to them and not the government.,Nkorɔfoɔ no timm sɛ asase no yɛ wɔn dea na ɛnyɛ aban no.
Some places have remained inaccessible because of the poor status of the bridge.,Mmeae bi akɔ so ayɛ nea wontumi nkɔ hɔ esiane sɛnea abɔntenban no nyɛ papa nti.
Campaigns are used to create awareness to the public.,Wɔde ɔsatu ahodoɔ di dwuma de ma ɔmanfoɔ hu.
Investigations provide answers for very many unknown questions.,Nhwehwɛmu ahodoɔ ma yɛnya nsɛmmisa pii a wɔnnim ho mmuaeɛ.
Ewurasi defends her country with so much passion.,Ewurasi de ɔdɔ kɛseɛ bɔ ne man ho ban.
He sold the young cow to his immediate neighbor.,Ɔtɔn nantwi ba no maa ne fipamfo a ɔbɛn no pɛɛ no.
The region has for the second time lost a leader.,Ɔmantam no ahwere ɔkannifo ne mprenu so.
The community members managed to raise funds for the ceremony.,Mpɔtam hɔfo tumi boaboaa sika ano maa guasodeyɛ no.
"As part of the district's development plans, the leaders had a meeting to discuss the construction of various infrastructures, emphasizing the importance of infrastructure development.","Sɛ́ ɔmantam no nkɔso nhyehyɛe no fã no, akannifo no yɛɛ nhyiam bi de susuw nneɛma ahorow a wɔde bɛyɛ adwuma ho, na wosii hia a ɛho hia sɛ wɔyɛ nnwuma a wɔde bɛyɛ adwuma no so dua."
The budget has not been changed for the last four years.,Wɔnsakraa sikasɛm nhyehyɛe no mfe anan a atwam ni.
These evenings were a vital part of Kwame Nkrumah's American education.,Na saa anwumerɛ yi yɛ deɛ ɛho hia wɔ Kwame Nkrumah Amɛrika nwomasua mu.
The political leader sensitized women groups in her area.,Amammui kannifo no maa mmea akuw a wɔwɔ ne mpɔtam hɔ no tee nka.
Educated girls and women are aware of their rights.,Mmea ne mmeawa a wɔasua ade nim wɔn faawodie.
The president has praised medical workers for controlling the spread of the pandemic.,Ɔmanpanin no ayi aduroyɛ adwumayɛfoɔ ayɛ sɛ wɔasɔ ɔyaredɔm no ntrɛmu ano.
Businessmen pay a lot of taxes to the government.,Aguadifoɔ tua toɔ pii ma aban no.
The president ordered the heldsmen to look for better grazing land.,Ɔmanpanin no hyɛɛ nantwie hwɛfoɔ no sɛ wɔnhwehwɛ adidibea asase papa.
The former minister of land has solved many land disputes across the country.,Ɔsoafoɔ dada a na ɔhwɛ nsase soɔ no siesiee nsase ho manso bebree.
The national jobs authority offered jobs to many residents during the construction.,ɔman no nkorabata a ɛhwɛ nwuma so no ama ɔmanfoɔ no pii adwuma wɔ kwanyie a ɛrekɔ so no mu.
Men are advised to remain in bars after high alcohol consumption.,Wɔtu mmarima fo sɛ wɔntra nsãdan mu bere a wɔanom nsa pii awie no.
The government of Ghana through the Ministry of Finance and Public Service are planning on giving teachers a raise on their salaries hope this will make them happy.,Ghana aban no nam Asoeɛ a Ɛhwɛ ɔman yi sikasɛm ne Ɔmanfoɔ ho nsɛm soɔ no so rebɔ mmɔden sɛ wɔbɛma akyerɛkyerɛfoɔ akatua akɔ soro sɛdeɛ ɛbɛyɛ a wɔn ani bɛtumi agye
All roads in the village of Masanafu should be tarmacked.,Ɛsɛ sɛ wɔde tarma to akwan a ɛwɔ Masanafu akuraa ase nyinaa so.
The way the government is providing clean water is not liked by the people,Ɔkwan a aban no rema nsuo a ɛmu te no nkorɔfoɔ no mpɛ.
Infrastructure development could be one way of overcoming poverty.,Nneɛma a wɔde bɛyɛ adwuma no betumi ayɛ ɔkwan baako a wɔbɛfa so adi ohia so.
Local leaders are sensitizing pregnant mothers to always go for antenatal care.,Mpɔtam hɔ akannifoɔ rema ɛnanom a wɔyem no ate nka sɛ ɛho hia sɛ wɔbɛkɔ akɔhwɛ wɔn ho ansa na wɔawo bere nyinaa.
Disappointments usually happen if expectations are not met.,"Mpɛn pii no, abasamtu ba sɛ wɔanni akwanhwɛ ahorow ho dwuma a."
"Methods used to prevent malaria include medications, mosquito elimination and the prevention of bites.","Akwan a wɔfa so siw atiridii ano no bi ne nnuro, ntontom a woyi fi hɔ ne sɛnea wosiw wɔn ka ano."
Student leaders have a platform to speak to their fellow students.,Asuafoɔ akannifoɔ wɔ asɛnka agua a wɔde bɛkasa akyerɛ wɔn mfɛfoɔ asuafoɔ.
Government updates Ghanaian on its educational achievements in line with the political party strategy.,Aban no ma Ghanafo no hu nea wɔayɛ wɔ nhomasua mu a ɛne amanyɔkuw no nhyehyɛe hyia.
Increased investment is crucial for a country's development .,Sika a wɔde bɛto mu a ɛbɛkɔ soro no ho hia kɛse ma ɔman bi nkɔso .
People who die in car accidents are usually first taken to the government hospital mortuary.,"Nnipa a wɔwuwu wɔ kaa akwanhyia mu no, wɔtaa di kan de wɔn kɔ aban ayaresabea afunudan mu."
Most of the patients received yesterday had symptoms of malaria.,Ayarefo dodow no a wɔbaa ndeda no yii ateridii yare no su adi.
Our boss shall be traverling abroad next month.,Yɛn adwuma mu panin no bɛtu kwan akɔ aborɔkyere bosome a ɛreba no mu.
"During the ceremony, other projects were also launched.","Wɔ guasodeyɛ no mu no, wofii nnwuma afoforo nso ase."
Some people traver long distances to access water sources where they can fetch water from,Nnipa binom twa kwan tenten kɔ mmeae a wobetumi anya nsu afi hɔ
The efforts to eradicate malaria are underway headed by the Minister of Health,Ɔsoafoɔ a Ɔhwɛ apumuden ho nsɛm so no redi mmɔden a wɔrebɔ sɛ wɔbɛtu atiridii yareɛ ase no anim
After all the money he had put in he didn't go through the nominations.,Sika a ɔde ahyɛ mu nyinaa akyi no wankɔ nominations no mu.
It is one of the insects affecting our crops.,Ɛyɛ nkoekoemmoa a ɛka yɛn nnɔbaeɛ no mu baako.
The number of private schools in the country increases every year.,Ankorɛankorɛ sukuu dodoɔ a ɛwɔ ɔman no mu no kɔ soro afe biara.
The competitors had so much support from fans.,Ná akansifo no wɔ mmoa kɛse fi akyidifo hɔ.
"The woman reported the case to the police, seeking legal intervention.",Maame no kaa asɛm no kyerɛɛ polisifoɔ no a ɔrepɛ mmara kwan so nhwehwɛmu.
It's the people's effort to develop the community.,Ɛyɛ ɔmanfoɔ no mmɔdenbɔ sɛ wɔbɛma mpɔtam no anya nkɔsoɔ.
Armyworms are some of the pests in the garden.,Armyworms yɛ mmoawa a wɔsɛe nnɔbae a wɔwɔ turo no mu no bi.
Every man must carry his or her own cross.,Ɛsɛ sɛ obiara soa n'ankasa asɛndua.
Good communication between parents and parents yields happiness in a home.,Nkɔmmɔbɔ pa a ɛwɔ awofo ne awofo ntam no ma anigye ba fie.
The community planned to ensure security during the event.,Mpɔtam hɔfo yɛɛ nhyehyɛe sɛ wɔbɛhwɛ ma ahobammɔ aba wɔ dwumadi no mu.
Many innovators are now focusing on creating cheaper testing alternatives.,Mprempren nnipa pii a wɔyɛ nneɛma foforɔ de wɔn adwene asi so sɛ wɔbɛyɛ akwan foforɔ a wɔfa so sɔ nneɛma hwɛ a ne bo nyɛ den.
The government does not want to get involved in land conflicts.,Aban no mpɛ sɛ ɔde ne ho bɛhyehyɛ nsase ho manso biara mu
The timing is perfect because of the dry season.,Bere a wɔde yɛ adwuma no yɛ pɛpɛɛpɛ esiane ɔpɛ bere nti.
Aisha had a reputation for being a compulsive liar. This therefore made it extremely hard to trust her.,Na aisha agye din sɛ ɔyɛ ɔtorofo a ɔhyɛ nkurɔfo ma. Enti eyi maa ɛyɛɛ den yiye sɛ wobenya ne mu ahotoso.
Women are working hard so that they are given more funds.,Mmaa reyɛ adwumaden sɛdeɛ ɛbɛyɛ wɔbɛma wɔn sika bebree.
The seniors are preparing to host the golf game.,Nkwakoraa ne mmerewa no resiesie wɔn ho sɛ wɔbɛyɛ golf agoru no.
Many valuable trees are cut down for charcoal burning every year.,Wotwa nnua a ɛsom bo pii de hye bidie afe biara.
He spreads rumours to cause fights among his friends.,Ɔtrɛw nsɛm mu de ntɔkwaw ba ne nnamfo mu.
Christians have carried the centenary torch from zone to zone.,Kristofo de mfirihyia ɔha kanea no akɔ baabi foforo.
The president is to inauguration a scheme and an institute to skill Ghanaian.,Ɛsɛ sɛ ɔmampanyin no bue nhyehyɛe ne asoɛe bi a ɛbɛma Ghanafo ayɛ ahokokwaw.
Cocoa is the key ingredient for manufacturing chocolate.,Koko ne ade titiriw a wɔde yɛ chocolate.
The warriors catch a bushbuck or deer with a weapon but with bare hands.,Akofoɔ no de akodeɛ kyee ɔwansane anaa ɔforoteɛ nanso wɔde wɔn nsa pan.
Law practitioners legally help the public in different ways.,Mmaranimfoɔ boa ɔmanfoɔ wɔ mmara kwan so wɔ akwan hodoɔ so.
Holding two positions at ago is a big responsibility.,Gyinabea abien a wubekura wɔ ago no yɛ asɛyɛde kɛse.
Parents are encouraged to provide sex education to their children.,Yɛhyɛ awofoɔ nkuran sɛ wɔnkyerɛ wɔn mma nna ho adesua.
Pests and diseases badly affect farmers' yields in Ghana.,Mmoa a wɔsɛe nnɔbaeɛ ne nyarewa sɛe akuafoɔ nnuane a wɔtwa yie wɔ Ghana.
"Some learners are fast learners, while others are slow learners.","Asuafo binom yɛ wɔn a wosua ade ntɛmntɛm, na afoforo nso yɛ wɔn a wosua ade brɛoo."
You must buy a cultural marriage certificate for a successful introduction.,Ɛsɛ sɛ wotɔ amammerɛ mu awareɛ nkrataa sɛdeɛ ɛbɛyɛ wo nhunuanimu bɛyɛ kama.
"The young people today are the future generation,","Mmabunu a wɔwɔ hɔ nnɛ ne awo ntoatoaso a ɛbɛba daakye, ."
Most of the youths in the district are unemployed.,Mmabun a wɔwɔ ɔmantam no mu dodow no ara nni adwuma.
coronavirus pandemic reminds us of our common humanity.,coronavirus ɔyaredɔm no kae yɛn yɛn adesamma a yɛbom yɛ no.
Leaders are working on bettering lives of refugees.,Akannifoɔ reyɛ adwuma de ama adwanefoɔ asetena ayɛ yie.
Health workers will be given the support they need to find solutions for existing challenges.,Wɔbɛma akwahosan ho adwumayɛfo mmoa a wohia na wɔahwehwɛ nsɛnnennen a ɛwɔ hɔ dedaw no ano aduru.
The government looks at social-economic transformation among the people.,Aban no hwɛ sɛdeɛ ne manfoɔ astena ne wɔn sikasɛm sesa no pa ara
The students were given Bibles during the bible study event.,Wɔmaa asukuufoɔ no Twerɛ Kronkron berɛ a na wɔreyɛ Twerɛ Kronkron dwumadie no.
The chairman advised people to use the land for agricultural activities.,Oguamtrani no tuu nkurɔfo fo sɛ wɔmfa asase no nyɛ kua.
One borehole may not be of much help in an area with many people.,Ebia tokuru biako renboa kɛse wɔ beae a nnipa pii wɔ.
"During the celebration on Saturday, people go around many Ga households in the Gamashie area to share the festal food with them.","Wɔ afahyɛ no mu Kwasida no, nkurɔfo kyinkyin Ga afie pii mu wɔ Gamashie mpɔtam hɔ kɔkyɛ afahyɛ no mu nnuan no kyerɛ wɔn."
Other countries have successfully controlled the coronavirus .,Aman afoforo nso adi nkonim wɔ korona nsanyareɛ no so.
My parents can not afford to buy for me books.,M’awofo ntumi ntɔ nhoma mma me.
The only way to survive eviction is by having a land tittle.,Ɔkwan baako pɛ a wobɛtumi afa so anya nkwa berɛ a wɔatu wɔn afiri wɔn afie mu ne sɛ wobɛnya asase ho tumi krataa.
Our medics are working hand in hand with centres for disease control.,Yɛn nnuruyɛfoɔ ne mmeaeɛ a wɔhwɛ nyarewa so reyɛ adwuma bom.
People who break the law have to be punished.,Ɛsɛ sɛ wɔtwe nkorɔfoɔ a wɔbu mmara no so aso.
The district leader has employed a new watchman in the market.,Ɔpanin a ɔda Mansini no ano no afa awɛmfoɔ sɛ wɔnnwɛn edwa no.
Huge sums of money have been used to improve people's lives in those areas.,Wɔde sika pii adi dwuma de ama nkurɔfo asetra atu mpɔn wɔ saa mmeae no.
Penalties will be given to media organisations which do not meet the required standards.,Wɔde asotwe bɛma nsɛm ho amanneɛbɔ nnwumakuo a ɛnni gyinapɛn a wɔhwehwɛ no so.
"It is evil to falsely accuse others, condemning the act of making baseless allegations.","Ɛyɛ bɔne sɛ wobedi atoro sobo afoforo, akasa atia adeyɛ a ɛne sɛ wɔbɛka nsɛm a enni nnyinaso."
Togo people are taking advantage of the hospital's border location hence a challenge to Ghanaians .,Togofoɔ de ayaresabea no hye so beaɛ no redi dwuma enti ɛyɛ asɛnnennen ma Ghanafoɔ.
The elders were happy that the money finally reached them.,"Mpanimfoɔ ani gyee sɛ awieeɛ koraa no, sika no bɛkaa wɔn nsa."
The government is committed to eriminating and eradicating non-communicable diseases.,Aban no awe ahinam so sɛ ɔbɛtu nyarewa ahodoɔ nketenkete binom ase koraa.
The priest requested people to contribute to the building project.,Ɔsɔfo no srɛɛ nkurɔfo sɛ wɔmfa ntoboa mma adansi adwuma no.
How can people in rural areas access tap water?,Ɔkwan bɛn so na nnipa a wɔwɔ nkuraase betumi anya tap mu nsu?
The head of an office usually has assistants to help him serve people better.,Ɔpanin a ɔda ɔfese ano biara taa wɔ ɔboafoɔ a ɔboa no ma ɔsom nkurɔfoɔ yie.
"Council is a group of people who come together to consult, deriberate, or make decisions.","Bagua yɛ nnipa kuw bi a wɔbom susuw nsɛm ho, di ho fɛw, anaa wosi gyinae."
"In some cultures, women are not allowed to inherit property of the deceased.","Wɔ amammerɛ ahorow bi mu no, wɔmma mmea kwan mma wonnya owufo no agyapade."
People celebrated when he announced his resignation from Heritage FM.,Nkorɔfoɔ ani gyeeɛ berɛ a ɔkaa wafiri Heritage FM no.
Health workers need to wear face masks to operate more efficiently.,Ɛsɛ sɛ akwahosan ho adwumayɛfo hyɛ anim akataso na ama wɔatumi ayɛ adwuma yiye.
Farmers should form unions and be able to lobby form the government.,Ɛsɛ sɛ akuafo te adwumakuw na wonya hokwan ma wurawura aseɛ fri aban ho.
"Health workers too, if not careful they can be infected with diseases.","Akwahosan adwumayɛfo nso, sɛ wɔanhwɛ yiye a wobetumi anya nyarewa."
Many trees are cut down in the process of constructing roads through forests.,Wotwa nnua pii bere a wɔreyɛ akwan afa kwae mu no.
People have lost not less than one thousand helds of cattle,Nkorɔfoɔ ahwere anantwie a wɔnsua nkyɛn apem.
elders are part of the negotiation process between the two families.,mpanyimfo no ka abusua mienu no ntam asɛm no ho.
The legal office conducted the training about the constitution.,Mmaranimfoɔ no yɛ nkyerɛkyerɛ adesua faa Mmara kunin no ho maa ɔmanfoɔ no.
The Ghana Virus Research Institute is working tireressly to combat the spread of measles in the country.,Ghana Virus Research Institute reyɛ adwuma denneennen de ako atia akisikuru a ɛretrɛw wɔ ɔman no mu.
Most people in Kpandu buy food from market places.,Nnipa dodow no ara a wɔwɔ Kpandu tɔ nnuan fi gua so.
Its not that every decision taken by the football club should be liked by the funs.,"Ɛnyɛ sɛ gyinaesi biara a bɔɔlbɔ kuo no besi no, ɛsɛ sɛ anigyefo no ani gye ho."
People were sensitized to engage in business and agriculture.,Wɔmaa nkorɔfoɔ hunuu sɛ wɔmfa wɔn ho nhyɛ nnwuma ne kuayɔ mu.
The World Health Organisation has released a report about children.,Wiase Nyinaa Akwahosan Ahyehyɛde no ayi amanneɛbɔ bi a ɛfa mmofra ho adi.
Police warned my brother for driving without a permit.,Polisifoɔ bɔɔ me nuabarima kɔkɔ sɛ ɔkaa kar a onni tumi krataa.
Cattle keepers need enough space for grazing their cattle.,Anantwinini ahwɛfo hia baabi a ɛdɔɔso a wobetumi adidi wɔn anantwi.
"The task was completely finished, leaving no loose ends.","Wowiee adwuma no koraa, na wɔannyaw ano a ɛyɛ mmerɛw."
There will be a salary increment for teachers in the next financial year.,Wɔbɛto atikyafoɔ bosome akatua mu wɔ sikasɛm afe a ɛdi akyire no.
The rates of malnutrition among children have decreased.,Aduan pa a wonnya nni wɔ mmofra mu no so atew.
How long is the distance from home to the town centre?,Ɔkwan a ɛda fie ne kurow no mfinimfini ntam tenten yɛ ahe?
"Given the existing modernity, people no longer hold onto their cultural norms.","Esiane sɛ ɛnnɛ nneɛma akɔ yiye nti, nnipa nni wɔn amammerɛ mu gyinapɛn so bio."
"The judge said it is not good to deprive children of their rights, emphasizing the importance of protecting their well-being.","Ɔtɛmmuafoɔ no kaa sɛ ɛnyɛ papa sɛ wobɛsi mmɔfra kwan wɔ hokwan a wɔwɔ ho, sii mfasoɔ ɛwɔ so sɛ wɔbɔ wɔn yiedie ho ban no so dua."
I wish to give birth to a baby girl.,Mepɛ sɛ mewo abeawa.
Always wear a mask in public places and maintain social distancing.,Hyɛ nkatanim  bere nyinaa wɔ mmeae a nnipa pii wɔ na ma wo ne afoforo ntam kwan ware.
A huge number of students study in the structures.,Asukuufoɔ dodoɔ no ara sua adeɛ wɔ adan mu.
Seek legal advice to avoid breaking the law.,hwehwɛ mmara mu afotu na woakwati sɛ wubebu mmara so.
Foreigners offered to construct a wildlife training school.,Amanaman mufo bi sɛ wobe boa ama wasi sukuu a wode bɛtete mmoa a wɔwɔn nwura mu.
The donations are not sufficient to cater for the high number of refugees.,Akyɛdeɛ a wɔde ba no nnɔɔso sɛ ɛbɛtumi aso atubrafoɔ bebrebe no nyinaa so.
Daydreaming means pleasant thoughts that distract one from the present.,Awia dae kyerɛ nsusuwii a ɛyɛ anigye a ɛtwetwe obi adwene fi mprempren de no so.
The teachers begged for the school to construct toilets for the pupils.,Akyerɛkyerɛfo no srɛɛ sukuu no sɛ wɔnsi tiafi mma asuafo no.
The school heads should look for other sources of salary.,Ɛsɛ sɛ sukuu mpanyimfo no hwehwɛ akwan foforo a wɔbɛfa so anya akatua.
She runs every morning to stay fit and maintain a healthy lifestyle.,Otu mmirika anɔpa biara sɛnea ɛbɛyɛ a ɔbɛkɔ so ayɛ den na wakura asetra kwan a ahoɔden wom mu.
Police cerls are presumed to be very congested.,Wosusuw sɛ Polisifoɔ cerls yɛ nnipa a wɔayɛ ma kɛse.
Industries should strive to deliver high quality products.,Ɛsɛ sɛ nnwumakuw bɔ mmɔden sɛ wɔde nneɛma a ɛkorɔn bɛma.
Every school owner is requesting for government support.,Sukuu biara wura resrɛ aban mmoa
The nationwide health sensitization program will be launched,ɔman mu no apɔmuden nkitahodie dwumadie no wɔbɛda no adi.
Some of the hospitals in Ghana are not well facilitated.,"Ayaresabea ahodoɔ bi a ɛwɔ Ghana no, wɔnyɛ adwuma yiye."
It is very hard to fight rebers in forested areas.,Ɛyɛ den yie sɛ wobɛko atia rebers wɔ kwaeɛ mu mmeaeɛ.
The officials are greatly concerned about the future of youths in the area.,Aban mpanyimfo no dwen mmerante ne mmabaa a wɔwɔ mpɔtam hɔ daakye ho kɛse.
Many people have died of the coronavirus disease .,Nnipa pii awuwu wɔ coronavirus yare no ho.
The Karamojong have managed their liverihoods through cattle keeping.,Karamojongfoɔ no de nantwiyɛn ayɛ wn asetenam biribiara.
Manchester United have no new injury concerns ahead of Sunday's game.,Manchester United nni opira ho ɔhaw foforoɔ biara ansa na Kwasida agodie no aba so.
Any staff found guilty of committing the crime will be terminated.,Wɔbɛgyae adwumayɛfoɔ biara a wɔbɛhunu sɛ wadi fɔ sɛ ɔdii nsɛmmɔnediɛ no.
The budget is intended to sponsor youth-rerated activities in the district.,Wɔayɛ sikasɛm nhyehyɛe no sɛ wɔde bɛboa dwumadi ahorow a mmabun bɛsan asusuw ho wɔ ɔmantam no mu
The roads in our town were badly made.,Ná akwan a ɛwɔ yɛn kurom no nyɛ papa.
"In three years ,cleanliness measures about how to defeat cholera will be known.","Wɔ mfe abiɛsa mu no ,wɔbɛhu ahotew ho nhyehyɛe ahorow a ɛfa sɛnea wobedi kɔlera so nkonim ho."
This place is not safe due to the high number of thieves.,Saa beaeɛ yi nyɛ ɛnam akorɔmfoɔ pii a wɔdɔɔ so no nti.
The cost of investment in agricultural activities is high.,Ɛka a wɔbɔ wɔ sika a wɔde hyɛ kuayɛ mu no yɛ kɛse.
Long distances to the health centers affects pregnant mothers.,Akwan tenten a ɛkɔ akwahosan asoɛe ahodoɔ no ka ɛnanom a wɔyem.
Allegations are claims without proof that someone has done something illegal.,Sobo yɛ nsɛm a wɔka a adanse biara nni ho sɛ obi ayɛ biribi a mmara mma ho kwan.
It's a good thing to serve your community in whatever way possible.,Ɛyɛ adepa sɛ wobɛsom wo mpɔtam hɔfo wɔ ɔkwan biara a ɛbɛyɛ yiye so.
Mothers should feed on good food and sleep under a treated mosquito net and go for antenatal care.,Ɛsɛ sɛ ɛnanom di aduan pa na wɔda ntontom adan a wɔayɛ no ase na wɔkɔhwɛ wɔn ho wɔ awo akyi..
Our country will produce a cure for the virus.,Yɛn man no bɛyɛ ɔyare mmoawa no ano aduru.
The president promised to construct a district hospital for the people of Twifo Praso,Ɔmanpanyin no hyɛɛ bɔ sɛ ɔbɛsi ɔmantam ayaresabea ama Twifo Prasofoɔ
Anyone below the age of eighteen years is not allowed to marry in Ghana.,"Obiara a onnii mfeɛ dunwɔtwe no, wɔmma kwan sɛ ɔbɛware wɔ Ghana."
One of the ladies works for a non-government organization.,Mmea no mu biako yɛ adwuma ma ahyehyɛde bi a ɛnyɛ aban de.
"She is very lucky to be the first lady of this country, expressing admiration for her fortune in being the wife of the country's leader.","ɔwɔ anigye kɛse sɛ ɔyɛ ɔman yi mu ɔbaa a odi kan, na ɔda n’anigye adi wɔ n’ahonyade a ɔyɛe sɛ ɔyɛ ɔman no kannifo yere no ho."
The ministry should propose a defined budget for local and social organisations.,Asoeɛ no nhwɛ mpɛ kwan bi a wɔbɛfa so akyerɛ sika dodoɔ a wɔbɛhia de abɔ nnipa nhyiamudie ahodoɔ ho akɔnhoma.
Not everyone will always appreciate the work you do.,Ɛnyɛ obiara na n’ani begye adwuma a woyɛ no ho bere nyinaa.
Village leaders are empowering the community to choose healthy behaviors as the government has increased funding of the health sector,Akannifoɔ a wɔwɔ nkuraase no rehyɛ wɔn nkurɔfoɔ nkuran sɛ wɔnyɛ nneɛma a mfasoɔ wɔ so berɛ a aban no de sika ahyɛ asoeɛ a ɛhwɛ apɔmuden so no mu.
Confidence is as a result of believing in yourself.,Ahotoso fi wo ho a wugye di mu.
Mankessim has a high increase in the number of COVID-19 cases.,Mankessim anya nkɔanim kɛseɛ wɔ nnipa dodoɔ a wɔanya COVID-19 mu.
Terecommunication companies organize marathons to raise money for giving back to the community,Telecommunication nnwumakuo yɛ mmirikatu a wɔde tu mmirika ho nhyehyɛe de hwehwɛ sika de san de nneɛma ma ɔmanfo
The court hearings are open to the public.,Ɔmanfo betumi akɔ asɛnnibea nsɛm no.
Leaders need to mobilize people on the coronavirus disease.,Ɛsɛ sɛ akannifoɔ boaboa nnipa ano wɔ coronavirus yareɛ no ho.
The youth are encouraged to engage in agriculture as a source of employment.,Wɔhyɛ mmabun nkuran sɛ wɔmfa wɔn ho nhyɛ kuayɛ mu sɛ adwuma fibea.
Various companies have donated towards the fight against the coronavirus .,Nnwumakuo bebree de sika ama sɛ wɔmfa nko nti coronavirus yareɛ no.
The budget will be discussed at the annual budget meeting.,Wɔbɛka sikasɛm nhyehyɛe no ho asɛm wɔ afe afe sikasɛm nhyehyɛe nhyiam no ase.
It is assumed that the Human Immune Virus is incurable.,Wɔsusu sɛ Human Immune Virus no yɛ deɛ  wɔntumi nsa.
Some people suffer at the expense of others.,Nnipa binom hu amane na wɔsɛe afoforo.
"This is the Adzewa music, quite different from the Akan version. The music is performed by gourd (‘mfowba’) playing.","Yei ne Adzewa nnwom no, ɛsono koraa wɔ Akanfoɔ de no ho. Wɔde gourd (‘mfowba’) bɔ nnwom no."
Kpokpei is prepared from the millet that is grown by the seven priests during Nmaadumo.,Wɔde atokoɔ a asɔfoɔ nson no dua wɔ Nmaadumo berɛ mu na ɛyɛ Kpokpei.
The number of doctors will be increased in government hospitals next year.,Wɔbɛma nnuruyɛfo dodow akɔ soro wɔ aban ayaresabea ahorow mu afe a edi hɔ no.
Refugees in Ghana are at a high risk of using expired drugs to themselves.,aguanfo a wɔwɔ Ghana no wɔ asiane kɛse mu sɛ wɔde nnubɔne a ne bere atwam bedi dwuma ama wɔn ho.
The community ran out of vaccines for the diseases.,Mpɔtam hɔfo no sae wɔ nnuru a wɔde bɔ nyarewa no ho ban.
"Without the guards noticing, the criminal used petrol and tyres to burn the building .","Bammɔfoɔ no ahunu ho hwee nti, nsɛmmɔnedifoɔ no de kɔba ne patro hyee ɛdan no."
The school children were engaged in romantic relationships.,Ná sukuu mmofra no de wɔn ho hyɛ ɔdɔ mu abusuabɔ mu.
My sister was beaten by the policemen for not wearing a facemask.,Polisifo no boroo me nuabea no esiane sɛ wanhyɛ anim akataso nti.
Government money should be well utilised to satisfy people's needs.,Ɛsɛ sɛ wɔde aban sika di dwuma yiye de te nkurɔfo ahiade.
The public was acknowledged about the coronavirus pandemic.,Wɔgyee ɔmanfoɔ toom wɔ coronavirus ɔyaredɔm no ho.
The council is rerying on the business group to finance the project.,Agyinatukuw no de wɔn ho to adwumayɛfo kuw no so sɛ wɔmfa sika mma adwuma no.
Asarebea entered her first ever beauty contest when she was five years.,Asarebea de ne ho hyɛɛ n’ahoɔfɛ akansi a edi kan koraa mu bere a na wadi mfe anum no.
"Slavery was historically a tradition in the Ashanti Empire, with slaves typically taken as captives from enemies in warfare.","Wɔ abakɔsɛm mu no, na nkoasom yɛ atetesɛm wɔ Ashanti Ahemman no mu, na na wɔtaa fa nkoa sɛ nnommum fi atamfo nkyɛn wɔ akodi mu."
"Under Mills, Ghana's stable economy experienced sustained reduced inflation leading to the attainment of single digit inflation of about 8.4%","Mills ase no, Ghana sikasɛm a ɛgyinaa faako no nyaa nneɛma boɔ a na ɛso atete na ɛno nam so maa yɛbɛnya nneɛma boɔ a akɔ soro ho akontaa a ɛyɛ nɔma baako 8.4%"
Husbands to pregnant women should endeavour to feed them well .,Ɛsɛ sɛ okununom ma mmea a wɔnyem bɔ mmɔden sɛ wɔbɛma wɔn aduan pa.
There are many conflicts over land ownership in the country today.,Yɛwɔ ntɔkwa pii fa nsase wuranom wɔ ɔman no mu nnɛ.
Campaigns will continue until the court decides otherwise.,Ɔsatu ahodoɔ no bɛkɔ so akosi sɛ asɛnnibea no besi gyinae foforo.
The team has been looking for partners to cater for their transport.,Ɛkuo no rehwehwɛ wɔn a wɔbɛka wɔn ho abɛfa wɔn akwantuo sika no.
Police commonly uses teargas to dispelse the demonstrators.,Polisifoɔ taa de mframa a ɛma nnipa tiw di dwuma de pam wɔn a wɔyɛ ɔyɛkyerɛ no.
The revenue is used to provide services to the people.,Wɔde sika a wonya no yɛ nnwuma ma nkurɔfo.
Some parts of Ghana to date have never had electricity as some parts of North do not have electricity.,"Ghana mmeae bi de besi nnɛ no, wonnyaa anyinam ahoɔden da efisɛ Atifi fam mmeae bi nni anyinam ahoɔden."
Quite a number of people have died of malaria in Ghana.,nnipa dodow bi a asramma akunkum wɔn wɔ Ghana.
Lack of dialogue between landowners and the church results in friction.,Nkitahodie a enni asaase wuranom ne asɔre no ntam no de akasakasa ba.
Fundraisers join the effort to raise funds for a common cause.,Wɔn a wɔboaboa sika ano no de wɔn ho hyɛ adwumaden a wɔde boaboa sika ano ma adepɔtee.
How to preserve mangoes for a long time?,Ɔkwan bɛn so na wɔbɛkora mango so bere tenten?
Market vendors were asked to follow the health guiderines to survive the pandemic.,Wɔka kyerɛɛ wɔn a wɔtɔn nneɛma wɔ dwa soɔ no sɛ wonni akwahosan ho akwankyerɛ ahodoɔ no akyi na ama wɔanya wɔn ti adidi mu wɔ ɔyaredɔm berɛ no mu.
Drug abuse is highly punishable according to the constitution.,Nnubɔne a wɔde di dwuma ɔkwammɔne so yɛ asotwe kɛse sɛnea ɔman mmara kyerɛ no.
Transferring a person to a different office has to happen at the right time.,"Wɔde obi rekɔ ɔfese foforɔ mu a, ɛsɛ sɛ ɛsi berɛ a ɛfata mu."
Data provided should be thoroughly analyzed before making conclusions.,Ɛsɛ sɛ wɔhwehwɛ nsɛm a wɔde ama no mu yiye ansa na wɔde nsɛm aba awiei.
The number of previous water connections request will determine your waiting time for water.,Nsuo nkitahodie a wɔabisa deda no na ɛbɛkyerɛ ɛberɛ a wode bɛtwɛn nsuo no.
The industries will create employment opportunities for the youth.,Mfididwuma ahodoɔ no bɛboa ama mmabunu dodoɔ no ara anya nnwuma ayɛ.
The hospital has been identified as a testing centre.,Wɔbu ayaresabea no sɛ beaeɛ a wɔkɔ kɔyɛ nipadua no mu nhwehwɛmu
Protective parents (whether man or animal) always make sure their children are safe and well-cared for.,Awofoɔ a wɔbɔ wɔn ho ban (sɛ wɔyɛ onipa anaa aboa) hwɛ hu bere nyinaa sɛ wɔn mma nni ahobammɔ na wɔhwɛ wɔn yiye.
It's the parents' responsibility to raise their children.,Ɛyɛ awofo no asɛyɛde sɛ wɔbɛtete wɔn mma.
"Most of my cows are diseased, posing a challenge for their proper care and well-being.","M’anantwi dodow no ara yare, na ɛde asɛnnennen ba wɔn hwɛ ne yiyedi a ɛfata mu."
My son was the second in the one hundred meter race.,Me babarima no na ɔto so abien wɔ mita ɔha mmirikatu no mu.
Parents who deny their children education should be imprisoned.,Ɛsɛ sɛ wɔkye awofoɔ a wɔmma wɔn mma nkɔ sukuu no tom.
delayed payments were as a result of dwindling revenue.,Na sika a wɔkyɛe no fi sika a wonyae a ɛso tew.
Fans don't mind expenses incurred while traverling for away games.,akyitaafoɔ no ani nnye ho sɛ wɔbɛsɛe sika bere a wɔretu akɔhwɛ agumadi no.
Many Ghanaians believe putting on a mask for a long time can lead to other diseases.,"Ghanafo pii gye di sɛ sɛ wohyɛ akataanim kyɛ a, ebetumi ama obi anya nyarewa afoforo."
The pope is the chief pastor of the worldwide catholic church.,Poopu' (Pope) no yɛ wiase nyinaa Catholic Asafo no ɔsɔpanin.
"Certain things, such as accessing specific content, are legally restricted for individuals below the age of eighteen.",Wɔabara nneɛma bi te sɛ nsɛm pɔtee bi a wobenya no wɔ mmara kwan so ama ankorankoro a wonnii mfe dunan.
"To operate a business in Ghana, you have to be recognized by the government.","Sɛ wopɛ sɛ woyɛ adwuma wɔ Ghana a, ɛsɛ sɛ aban no gye wo tom."
The president advised farmers to embrace government programs to end poverty.,Ɔmanpanin no tuu akuafoɔ fo sɛ wɔnnye aban nnwumadie nto mu mfa ntwa ohia so.
District officials have expressed themselves about the need to improve health service delivery.,Ɔmantam mpanyimfo aka wɔn adwene wɔ hia a ehia sɛ wɔma akwahosan ho nhyehyɛe tu mpɔn no ho.
The headteacher suspended all students who participated in the strike.,Sukuupanin no twee asuafoɔ a wɔde wɔn hyɛɛ atuateɛ no mu no nyinaa saneeɛ.
Agriculture was allocated the highest percentage of funds.,Kuayɛ ne dwumadie a ɛnyaa sika ɔha nkyɛmu a ɛwɔ soro pa ara.
Stroke impacts Africans more than any other racial group.,Ɔyare a ɛma obi hwe ase ka Afrikafoɔ sen mmusuakuo foforoɔ biara.
I saw the goodness of God in that year.,Mihuu Onyankopɔn papayɛ wɔ saa afe no mu.
Some people are just appointed for new positions.,Wɔpaw nnipa binom ma dibea foforo ara kwa.
Parliament sits only two days in the week.,Mmarahyɛbadwam tena ase nna mmienu pɛ wɔ nnawɔtwe mu.
Nationals and refugees should both embrace briquette production.,Ɛsɛ sɛ ɔman mma ne aguanfo nyinaa gye fango mfutuma a wɔahyɛ no den a wɔyɛ no tom.
Citizens of Ghana are encouraged to have Ghana National Identity cards.,Wɔhyɛ Ghana manfoɔ nkuran sɛ wɔnnya Ghana National Identity cards.
The availability of electricity stimulates the creation of businesses.,Ɛlektrik a ɛwɔ hɔ no kanyan nnwuma a wɔyɛ.
All journalists were asked to take a coronavirus test.,Wɔka kyerɛɛ nsɛm ho amanneɛbɔfoɔ nyinaa sɛ wɔnyɛ coronavirus nhwehwɛmu.
People kill each other as a result of land disputes.,Nkorɔfoɔ kunkum wɔn ho ɛnam asase ho nsɛm nti.
"During the lockdown, it was hard for people to traver back to Ghana.","Wɔ lockdown mu no, na ɛyɛ den ma nkurɔfo sɛ wɔbɛsan atwa akɔ Ghana."
The leader is working with the community to set up another classroom block.,Ɔkannifoɔ no ne mpɔtam hɔfoɔ reyɛ adwuma sɛdeɛ ɛbɛyɛ a wɔbɛtumi adi adesuadan foforɔ.
The team failed to accept the match results.,Kuw no antumi annye akansi no mu aba no antom.
The head of the program emphasized that local programs should be strengthened.,"Owura a ɔda dwumadie no ano no sii so sɛ, ɛsɛ sɛ wɔhyɛ dwumadie a wɔyɛ no mpɔtam hɔ no mu den"
Girls face more problems as they grow compared to boys.,Mmea hyia ɔhaw bebree sen mmarimaa wɔ bere a wɔrenyin .
"He bought his wife a gold necklace, surprising her with a luxurious and precious gift.","Ɔtɔɔ ne yere sika kɔnmuade, na ɔde akyɛde a ɛyɛ fɛ na ɛsom bo maa ne ho dwiriw no."
Pregnant mothers fear going to public hospitals to give birth.,ɛnanom a wɔyem suro sɛ wɔbɛkɔ aban ayaresabea akɔwo.
Street darkness is a major cause of theft and robbery.,Mmɔnten so sum yɛ ade titiriw a ɛde korɔnbɔ ne adwowtwa ba.
The president sensitized us about the importance of paying taxes.,Ɔmampanyin no maa yɛtee hia a ɛho hia sɛ yetua tow no ase.
A few students qualified to become health sector personner after the results had been released.,Sukuufo kakraa bi na wɔfatae sɛ wɔbɛba abɛyɛ akwahosan adwumayɛbea adwumayɛfo bere a wɔde wɔn nsɔhwɛ a wɔtwerɛeɛ ho nsunsunsoɔ bɛtoo dwa no.
"In order to consume electricity, one must pay a certain fee.","Sɛ obi betumi adi anyinam ahoɔden, ɛsɛ sɛ otua sika pɔtee bi."
The coach always inspires the team to work hard.,Bere nyinaa ɔkyerɛkyerɛfo no kanyan kuw no ma wɔyɛ adwumaden.
How much money was raised from the fundraising campaign?,Sika ahe na wonya fii sikakorabea ɔsatu no mu?
Health workers are only people allowed to sell drugs.,Akwahosan ho adwumayɛfo yɛ nnipa a wɔma wɔn kwan ma wɔtɔn nnuru nkutoo.
More health camps should be organized to extend services to remote areas.,Ɛsɛ sɛ wɔyɛ akwahosan nsraban pii ho nhyehyɛe de trɛw nnwuma mu kɔ mmeae a ɛwɔ akyirikyiri.
The chairman called residents to discuss issues concerning strangers in our community.,Oguamtrani no frɛɛ wɔn a wɔte hɔ no sɛ wɔmmɛka nsɛm a ɛfa ahɔho a wonnim wɔn wɔ yɛn mpɔtam hɔ ho nkɔmmɔ.
He was married legally and survived with five wives.,Ná waware wɔ mmara kwan so na na ɔne ɔyerenom baanum traa ase.
"The usher guided her to a front seat, assisting her with finding a preferred seating arrangement.","Ɔhwɛfo no kyerɛɛ no kwan kɔɔ anim nkongua bi so, na ɔboaa no ma onyaa nkongua a ɔpɛ."
Some people are fond of borrowing even when they cannot pay.,Nnipa binom ani gye boseabɔ ho bere mpo a wontumi ntua.
The offended can after reporting to police with evidence then be redressed at court .,Afei wobetumi asiesie nea wafom no bere a ɔde adanse abɔ polisifo amanneɛ akyi no wɔ asɛnnibea .
Some officials are fond of misusing public funds meant for public services.,Aban mpanyimfo binom ani gye ho sɛ wɔde ɔman sika a wɔahyɛ da ayɛ ama ɔman nnwuma no bedi dwuma ɔkwammɔne so.
A woman was convicted for illegal possession of meat.,Wobuu ɔbea bi fɔ sɛ okura nam a mmara mma ho kwan.
A seminary is a training college for priests.,Seminary yɛ ntetee kɔlege ma asɔfo.
The minister has provided facilities to help in the maintenance of proper sanitation.,Ɔsoafoɔ no ama nnoɔma a ɛbɛboa ama ahonidie mapa akɔ so.
"Ghana's tourist attractions range from mountains, Lakes, rivers, national parks & game reserves, among others.","Ghana nsrahwɛ no fa mmepɔ, atare, nsubɔnten, ɔman nturo ne Mmoa a wɔkora so, ne nea ɛkeka ho."
Refugees may return to their countries once the war is over.,aguanfo betumi asan akɔ wɔn aman mu bere a ɔko no aba awiei no.
He was given send-offs at a church burial grounds.,Wɔmaa no kwan sɛ wɔmfa no nkɔ asɔredan bi amusiei.
Christians prepare special meals to celebrate the resurrection of Jesus annually.,Kristofo siesie nnuan soronko de di Yesu wusɔre ho afahyɛ afe biara
Commercial banks issue loans to people and organizations.,Aguadi sikakorabea ahorow de bosea ma nkurɔfo ne ahyehyɛde ahorow.
The council has to sensitize people about the need for re-afforestation.,Ɛsɛ sɛ agyinatukuw no ma nkurɔfo te hia a ehia sɛ wɔsan dua kwae no ase.
People should aim to create good relationships with others.,Ɛsɛ sɛ nkorɔfoɔ de si wɔn ani so sɛ wɔne afoforɔ bɛnya ayɔnkofa papa.
The headteacher advised teachers to be patient until the school receives funds for construction.,Sukuupanin no tuu akyerɛkyerɛfoɔ no fo sɛ wɔnya aboterɛ nkɔsi sɛ wɔn nsa bɛka sika a wɔde bɛsi adan no.
The government needs to award contracts to people with the right qualifications.,Ɛsɛ sɛ aban no de nnwuma hyehyɛ nnipa a wɔfata binom nsa
Parents should work hard to provide basic needs for their girl children.,Ɛsɛ sɛ awofoɔ yɛ adwuma den ma wɔn mma mmaa nnoɔma titire a ɛhia wɔn.
People normally celebrate when the year is ending.,Nkorɔfoɔ taa gye wɔn ani berɛ a afe no rekɔ awieeɛ.
electing of the president of Ghana will take place next year.,Ghana ɔmampanyin abatoɔ bɛba afe a ɛreba no mu.
Nowadays married women like spending time with rich men instead of their husbands.,Mprempren mmea awarefo ani gye ho sɛ wɔne adefo benya bere mmom sen wɔn kununom.
people are using mosquito nets as fences to their small gardens,Nkorɔfoɔ de ntontam dan yɛ ban gye wɔn afuo nketewa ho.
People with human immune virus should be given medical attention.,ɛsɛ sɛ wɔma nnipa a wɔwɔ nipa mmoawa a ɛko tia apɔmuden no kɔ ayaresabea.
It's two days to the 1st National Health Promotion and Disease Conference.,Aka nna mmienu ma Ɔman Akwahosan Nkɔsoɔ ne Nyarewa Nhyiamu a edi kan no aba so.
Soybean can be made into other food products.,Wobetumi ayɛ soyabean ayɛ no nnuan afoforo.
If you want to get a loan quickly you should go to money lenders.,Sɛ wopɛ sɛ wobɔ bosea ntɛm a ɛsɛ sɛ wokɔ wɔn a wɔde sika fɛm no nkyɛn.
There a very many spies in the city center.,Akwansrafo pii wɔ kurow no mfinimfini.
Businesses established by partnership have to share responsibility among individuals.,Ɛsɛ sɛ nnwumakuw a wɔde fekubɔ hyehyɛ no kyɛ asɛyɛde ahorow wɔ ankorankoro ntam.
The land where church and church institutions are established is under dispute.,Manso wɔ nsase a nsɔre ne nsɔre nnwuma kɔ so no so.
Projects are costly and take some time to be implemented.,nnwuma ahorow no bo yɛ den na egye bere kakra ansa na wɔde adi dwuma.
The coronavirus outbreak has disorganized many things in the country as the coronavirus situation gets worse day by day.,Coronavirus yare no ama nneɛma pii ayɛ basaa wɔ ɔman no mu bere a coronavirus tebea no mu yɛ den da biara da no.
The construction project is a promise from the president to the people of Kwabenya.,Adansi adwuma no yɛ bɔhyɛ a ɔmampanyin no de ama Kwabenyafoɔ.
"The midwives provide family planning services, postnatal and antenatal care.","Wɔn a wɔgye awoɔ no ma nkyerɛkyerɛ fa awoɔ mu ntetemu, awoɔ akyiri ne nyinsɛn mu nimdeɛ ho."
Baaba died as a result of complications when giving birth.,Baaba wui esiane nsɛnnennen a ɛbae bere a na ɔrewo nti.
"The kingdom has a diverse selection of foods. Common foods are Sa-am (Tuozaafi), Sakoro (pounded yam), Tuya (rice and beans), Tubani, Gablee, wasawasa, yaankahanda, yaanmonda, yaankikalli, and others.","Ahennie no sane wɔ fa bi a ɛyɛ nnuane ahodoɔ nyinna bi. Nnuane a abu so no binom ne Sa-am (Tuozaafi), Sakoro (bayerɛ a wɔawɔ), Tuya (ɛmo ne adua), Tubani, Gablee, wasawasa, yaankahanda, yaanmonda, yaankikalli, ne deɛ ɛkeka ho."
"Due to the flooding, twenty people lost their lives.","Esiane nsuyiri no nti, nnipa aduonu hweree wɔn nkwa."
The committee did a great job for the whole area.,Boayikuw no yɛɛ adwuma kɛse maa mpɔtam hɔfo nyinaa.
What protective gears can we use to safe guard ourselves against Ebola disease?,Ahobammɔ nneɛma bɛn na yɛbɛtumi de abɔ yɛn ho ban afiri Ebola yareɛ no ho?
Every nation has at least a day to celebrate .,ɔman biara wɔ da biako a wodi.
"There is an increase in road accidents in Tema New Town, as such, drivers should avoid speeding.","Kaa akwanhyia taa sisi wɔ Tema New Town, yei nti, ɛsɛ sɛ ahyɛnkafoɔ te mmirika a wɔkɔ no so."
Other community members resort to sports betting and gambling.,Mpɔtam hɔfo afoforo de wɔn ho to agumadi mu kyakyatow ne kyakyatow so.
The kingdom holds the largest iron ore reserve in the country.,Ahennie no ne ahennie a wɔwɔ nnadeɛ bebree pa ara wɔ ɔman no mu.
It is not good to bath from water sources.,Ɛnyɛ papa sɛ wobɛdware afiri nsuo mu.
Most of the people contesting for the seat are independents.,Nnipa a wɔrepere agua no mu dodow no ara yɛ wɔn a wɔde wɔn ho.
River banks tend to flood during the rainy season.,Asubɔnten ano taa yiri wɔ osutɔ bere mu.
How to make planktons in the fish pond?,Ɔkwan bɛn so na wɔyɛ plankton wɔ mpataa atare no mu?
I am a living testimony of God's goodness.,Meyɛ teasefoɔ adanseɛ ma Onyankopɔn papayɛ.
Suspects are people thought to be guilty of a crime or an offence.,Wɔn a wosusuw sɛ wɔyɛ nnipa a wosusuw sɛ wodi fɔ wɔ nsɛmmɔnedi anaa bɔne bi ho
The law firm can represent the clients in civil or criminal cases.,Mmara adwumakuo no bɛtumi agyina onipa a wɔredi n'asɛm no anan mu wɔ afisɛm anaa awudisɛm mu.
"Some youths fail to get jobs after graduation, but he has injected more money into his businesses in the area to help women increase household income.","Mmabunu binom ntumi nnya nnwuma bere a wɔawie sukuu no, nanso ɔde sika pii ahyɛ n’adwumayɛbea ahodoɔ a ɛwɔ mpɔtam hɔ no mu de aboa mmea ma afie mu sika akɔ soro."
The project has currently begun in Pusiga District as well and has simplified people's access to education services.,Wɔasane ahyɛ dwumadie no ase seesei wɔ Pusiga Mansini mu  na ayɛ mmerɛ ama nkorɔfoɔ anya nwomasua nnwuamdie.
The thieves use better techniques than the police.,Akorɔmfo no de akwan a eye sen polisifo di dwuma.
"Nkrumah discussed his political views in his numerous writings, especially in Africa Must Unite (1963) and in NeoColonialism (1965).","Nkrumah kaa n’amammui adwene ho asɛm wɔ ne nkyerɛwee bebree mu, titiriw wɔ Ɛsɛ sɛ Afrika Ka Bom (1963) ne Atubrafo Foforo (1965) mu."
The country imported two white rhinos as part of the restoration process.,Ɔman no de asono fitaa abien baa amannɔne sɛ adwuma a wɔde bɛsan asiesie no fã.
"The CPP pursued a policy of political centralization, which encountered serious opposition.","CPP dii nhyehyɛe bi a ɛne sɛ wɔde amammui mu nneɛma bɛkɔ baabiara akyi, na ehyiaa ɔsɔretia a emu yɛ den."
The senior accountant has to approve our budget for the next year.,Ɛsɛ sɛ nkontaabufoɔ panin no gye sika nhyehyɛeɛ ma afe a ɛreba no to mu.
The health centres should provide medical services at a reasonable price.,Ɛsɛ sɛ apɔmuden asoeɛ no de nnuruyɛ dwumadie ma a nteaseɛ wɔ ne boɔ no mu.
School matters can be solved when leaders hold meetings.,wobetumi adi sukuu nsɛm ho dwuma bere a akannifo yɛ nhyiam ahorow no.
I do not think there is anyone that ever wants to be poor.,Minsusuw sɛ obi wɔ hɔ a ɔpɛ sɛ ɔyɛ ohiani da.
The window takes half of the deceased's property.,Mfɛnsere no gye owufo no agyapade fã.
There is an increase in domestic violence during the Corona lockdown.,Efie basabasayɛ kɔɔ soro wɔ Corona dan-mu-hyɛ berɛ mu.
The officer was taken to court because he took a bribe.,Wɔde ɔsraani panyin no kɔɔ asennibea efisɛ ogyee adanmude.
The celebrations will take place at the headquarters.,Wɔbɛyɛ afahyɛ no wɔ Asafo ti no.
The health committee met with the health minister to discuss about the polio vaccine.,Baasonkuo a wɔda ayarehwɛ ano no ne ɔsoafoɔ no hyia kasa faa polio aduro a wɔde wɔ ɔmanfoɔ no ho
The organization is specialized in conservation and restoration of cultural heritage,Adwumakuo  no yɛ nea ɛyɛ adwuma titiriw wɔ amammerɛ agyapade a wɔkora so ne nea wɔsan de ba mu
The king urged the community to preserve their culture.,Ɔhene no hyɛɛ ɔmanfoɔ no sɛ wɔnsɔ wɔn amammerɛ mu yie mfa nsie.
People should understand the word of the Lord.,Ɛsɛ sɛ nnipa te Awurade asɛm no ase.
Government urges parents to take their children for computer studies during the holiday.,Aban hyɛ awofo nkuran sɛ wɔmfa wɔn mma nkɔyɛ kɔmputa adesua wɔ akwamma bere no mu.
The right person needs to do the right job.,Ɛsɛ sɛ onipa a ɔfata yɛ adwuma a ɛfata.
The tourism industry crowned a winner for the pageant,Nsrahwɛ adwuma no bɔɔ abotiri sɛ obi a odii nkonim wɔ akansi no mu
Issues regarding tax payment should be openly discussed.,Ɛsɛ sɛ wɔka nsɛm a ɛfa toɔ tua ho asɛm pefee.
The chairman said that no criminal will go unpunished.,Oguamtrani no kae sɛ ɔbɔnefo biara nni hɔ a wɔrentwe n’aso.
The president has the power to order the release of a convict.,Ɔmanpanin no wɔ tumi sɛ ɔma wɔyi deɛ ɔdi fɔ no.
Its the police's responsibility to carry out an investigation on a criminal case.,Ɛyɛ polisifo asɛyɛde sɛ wɔbɛyɛ nhwehwɛmu wɔ nsɛmmɔnedi asɛm anaa biribi a obi bɛyɛ a etia mmara bi ho.
The members of the community were trained on how to wash their hands.,Kuro manfoɔ no nyaa nkyerɛkyerɛ faa sɛdeɛ wɔbɛsi ahohoro wɔn nsa.
The politicians are collecting the signatures for the petition.,Amanyɔfo no reboaboa nnipa a wɔde wɔn nsa ahyɛ ase ama adesrɛ krataa no ano.
"The hippopotamus can sometimes be a coldblooded killer, especially when it perceives that it's territory is being trespassed upon.","Nsusono no hunu sɛ obi reyɛ abɔ awura n'atenaeɛ a, ɔtumi dane ne ho owudifoɔ ksɛeɛ pa ara."
How many aggregates did the best girls in school have?,Ná mmeawa a wɔyɛ papa wɔ sukuu mu no wɔ aggregate dodow ahe?
Health workers ought to work diligently to save lives.,Ɛsɛ sɛ akwahosan ho adwumayɛfo de nsi yɛ adwuma de gye nkwa.
There will be a meeting at the community town hall with the hospital administrators.,Nhyiamu bi bɛkɔ so wɔ kuro asa no so a wɔne ayaresabea no mu mpanimfoɔ na ɛbɛyɛ.
No one was eliminated after the vetting process.,Wɔannyi obiara amfi hɔ wɔ nhwehwɛmu nhyehyɛe no akyi.
The district budget was approved in the absence of some councillors.,Wɔpenee ɔmantam sikasɛm nhyehyɛe no so bere a agyinatufo binom nni hɔ.
Mistakes are common so let's learn to forgive others.,Mfomso abu so enti momma yensua sɛ yɛde bɛkyɛ afoforo.
Parents lack the income to send their children to school.,Awofoɔ nnya sika mfa wɔn mma nkɔ sukuu.
The head teacher attributed the poor performance to students going back home for a long time because of lack of fees.,Sukuupanin no de yɛ a wɔanyɛ adeɛ no ho soboɔ bɔɔ sɛdeɛ asuafoɔ tumi kɔtena fie kyɛ ɛsiane fiisi a wɔnni nti.
Leaders should take effort in fighting against non-communicable diseases.,Ɛsɛ sɛ akannifoɔ bɔ mmɔden de ko tia nyarewa a ɛnyɛ nsanyare.
"By the end of June 1982, an attempted coup had been discovered, and those implicated had been executed.","Eduu June 1982 awiei no, na wɔahu sɛ wɔrebɔ mmɔden sɛ wobetu atuatew, na na wɔakunkum wɔn a wɔde wɔn ho hyɛɛ mu no."
What matters a lot is the marriage certificate not the amount you brought it.,Deɛ ɛho hia pa ara ne awareɛ no mu nkrataa no na ɛnyɛ sika a wode tɔeɛ.
A group of people rioted after demolishing their homes.,Nkurɔfoɔ kuo bi yɛɛ basabasa wɔ berɛ a wɔbubuu wɔ afie akyire no.
The world bank funded the new refugee project in Ghana.,Wiase sikakorabea no na ɛboaa aguanfo adwuma foforo a wɔyɛe wɔ Ghana no.
"Griots of western Africa from Senegal and Mauritania across to Mali and Nigeria use oral traditions which date back over 2,000 years.","Griotfo a wɔwɔ Abibiman a ɔmofi Senegal ne Mauritania kosi Mali ne Nigeria no de nsɛm a wɔde ano ka a wɔkyerɛwee bɛboro mfe 2,000"
"In the meantime, the British became interested in the Northern Territories north of Ashanti, which they believed would forestall the advances of the French and the Germans.","Saa bere yi mu no, Britaniafo ani begyee Atifi Fam Nsasesin a ɛwɔ Ashanti atifi fam no ho, na na wogye di sɛ ɛbɛma Fransefo ne Germanfo anya nkɔso."
The man was killed from a neighboring country.,Wɔkumm papa no wɔ ɔman a wɔne wɔn bɔ hyeɛ no mu.
A new police post was established near our church.,Wɔhyehyɛɛ polisifo adwumayɛbea foforo wɔ baabi a ɛbɛn yɛn asɔredan no.
He said we should help each other during the lockdown.,Ɔkaa sɛ ɛsɛ sɛ yɛboa yɛn ho yɛn ho wɔ lockdown no mu.
The leader bought a car as a present for her daughter's twelfth birthday.,ɔkannifoɔ no tɔɔ kaa deyɛɛ akyɛdeɛ de maa ne ba baa wɔ ne mfinhyia du mmienu a wanya no mu.
How can we eradicate poverty in our community?,Yɛbɛyɛ dɛn atumi ayi ohia afi yɛn mpɔtam hɔ?
Several treaties were signed to end the war.,wɔde wɔn nsa hyɛɛ apam ahorow pii ase de baa ɔko no ano.
The payments are delayed because revenue has not been fully collected.,Wɔtwentwɛn sika a wotua no ase efisɛ wonnya nnyee sika a wonyae no nyinaa.
The officer was using the income for his personal use.,Ná ɔsraani panyin no de sika a onya no redi dwuma de ayɛ n’ankasa de.
"The health facility in our village is very far, you cannot move at night.","Ayaresabea a ɛwɔ yɛn akuraa ase no wɔ akyiri pa ara, worentumi nkɔ anadwo."
Business technical exams are to be conducted online at gazette centers.,Wɔbɛyɛ adwumayɛ ho mfiridwuma ho sɔhwɛ wɔ intanɛt so wɔ gazette mmeae.
Law officers also make their work hard on the streets.,Mmaranimfoɔ nso ma wɔn adwuma yɛ den wɔ mmɔnten so.
I bought those shoes at six thousand Ghanaiancedis.,Metɔɔ saa mpaboa no wɔ Ghana cedi no mpem nsia.
Educators' attitude to be enhanced by the government and its associates.,Aban ne nekorofoɔ bɛboa adekyerɛfoɔ suban
The elderly between the age of sixty to seventy nine are not happy.,Mpanimfoɔ a wɔadi mfeɛ aduosia ne aduoson ntam no ani nnye
Lack of team spirit can result in the collapse of a project.,Kuo honhom a wonni betumi ama adwuma bi ahwe ase.
Children should be educated on how to avoid HIV and stay healthy.,Ɛsɛ sɛ wɔkyerɛkyerɛ mmofra sɛnea wɔbɛkwati HIV na wɔakɔ so anya apɔwmuden.
The doctor in the clinic referred her to the nearby hospital.,Dɔkota a ɔwɔ kleneke wɔ hɔ kaa sɛ yɛmfa me maame nkɔ ayaresabea a ɛbɛn hɔ no mu.
People turned up for voting in big numbers.,Nkorɔfoɔ baeɛ bɛtoo aba wɔ wɔn dodoɔ mu.
Information on career guidance and psycho-social issues has been disseminated to post primary institutions.,Wɔakyekyɛ nsɛm a ɛfa adwumayɛ ho akwankyerɛ ne adwene ne asetra mu nsɛm ho akɔ post primary institutions.
Only one person will represent members of the executive.,Onipa biako pɛ na obegyina mpanyimfo kuw no ananmu.
Refugees are people who flee from other countries.,aguanfo yɛ nnipa a woguan fi aman foforo so.
Change causes us to leave our normal way of doing things.,Nsakrae ma yegyae ɔkwan a yɛtaa fa so yɛ nneɛma no.
The motorized water source has provided enough water for the people.,Nsuo a wɔde afiri ayɛ yɛ beaeɛ pɔtee a nnipa pii no ara nya nsuo firi.
More people have been discharged after recovering from the coronavirus .,Wɔayi nnipa pii afi ayaresabea bere a wɔn ho atɔ wɔn wɔ korona nsanyare no mu.
"She went to the hospital to test for breast cancer, whiles civil workers were paid their pension on retirement.","Ɔkɔɔ ayaresabea kɔhwɛɛ nufu mu kokoram, bere a na wotua aban adwumayɛfo pɛnhyen sika bere a wɔakɔ pɛnhyen no."
Culture is also among the reasons influencing alcohol consumption in communities.,Amammerɛ nso ka nneɛma a ɛma nsanom wɔ mpɔtam hɔ so nkɛntɛnso no ho.
Even pipes where clean water passes can also get damaged.,Mpo dorobɛn nsu a emu tew mpo betumi asɛe.
For the public to get work from the government there has to be some bribing involved.,"Sɛ ɔmanfo betumi anya adwuma afi aban no hɔ a, gye sɛ wɔma no adamudeɛ."
People are requesting the government for capital to start businesses.,Nkorɔfoɔ rehwehwɛ sɛ aban no bɛma wɔn sika de ahyɛ nnwuma ase.
Investors have donated medical equipment to our hospital.,Sikakorafoɔ de nnuruyɛ nnwinnadeɛ ama yɛn ayaresabea hɔ.
Sometimes you have to convince people to believe in what you want.,"Ɛtɔ da bi a, ɛsɛ sɛ woma nkurɔfo gye di ma wogye nea wopɛ di."
How much did you pledge on their wedding?,Ɛka ahe na wohyɛɛ bɔ wɔ wɔn ayeforohyia no ho?
Donation is of value to those that benefit from them.,Ntoboa so wɔ mfaso ma wɔn a wonya so mfaso no
The activity was started to promote equal gender rights.,Wofii dwumadi no ase de hyɛɛ hokwan ahorow a mmarima ne mmea nyinaa nya a ɛyɛ pɛ ho nkuran.
People save small sums of money on mobile money for emergency use.,Nkorɔfoɔ sie sika kakraa bi wɔ foono (mobile money) so ma tebea a ɛhia ntɛm so.
More garbage trucks are needed to collect garbage in areas where there are many people.,Nwura lɔre pii ho hia na wɔde asesa nwura wɔ mmeae a nnipa pii wɔ no.
The youths have been advised to engage in business activities that are profitable.,Wɔatu mmabun no fo sɛ wɔmfa wɔn ho nhyɛ aguadi dwumadi ahorow a mfaso wɔ so mu.
It seems like the army is above the law.,Ɛte sɛ nea asraafo no boro mmara so.
"Without caution, anything can become a potential threat to one's life.","Ahwɛyie nni hɔ a, biribiara bɛtumi ayɛ asiane wɔ onipa abrabɔ mu."
The poachers bribe the officials to be released.,Abɔmmɔfo no ma mpanyimfo no adanmude ma wogyae wɔn.
Accountability and right documentation should be paid attention to in any project going forward.,Ɛsɛ sɛ wɔhwɛ akontaabu ne nkrataa a ɛteɛ so wɔ adwuma biara a ɛbɛkɔ so no mu.
The cultural gala helps students to connect with their backgrounds.,Amammerɛ apontow no boa asuafo ma wɔne wɔn akyigyina nya abusuabɔ.
Encouraging use of latrines would strengthen maintenance of hygiene at the border .,"Sɛ wɔhyɛ wɔn nkuran sɛ wɔnkɔ tiafi a, ɛbɛhyɛ ahotew a wodi wɔ hye no so no mu den"
The diocese will provide gloves to the cerebrants when necessary.,Diocese no bɛma cerebrants no nsateaa bere a ɛho hia.
Many young girls have been impregnated during this pandemic period.,Wɔanyinsɛn mmaayewa nkumaa pii wɔ ɔyaredɔm berɛ yi mu.
The district should deploy security officers in the area.,Ɛsɛ sɛ mansini no ma bammɔfoɔ bebree ba mpɔtam hɔ.
They failed to budget for the project and so they were denied funding.,Wɔayɛ sika ho ntotoeɛ biara amma dwumadie no nti wɔamma wɔn sika.
People with disabilities need funds to start up their own economic projects.,Nnipa a wɔadi dɛm nni ahotoso sɛ wɔde wɔn ho bɛhyɛ agumadi mu.
"Most rulers, such as the kings of various Akan states engaged in the slave trade, as well as individual local merchants.","Sodifo dodow no ara, te sɛ Akan aman ahorow mu ahemfo de wɔn ho hyɛɛ nkoatɔn mu, ne ɛhɔnom aguadifo ankorankoro nso."
The project needs to be completed before next year.,Ɛsɛ sɛ wowie adwuma no ansa na afe a edi hɔ no adu.
The doctor had to take a blood sample to test for malaria.,Na ɛsɛ sɛ dɔkota so twe mogya de yɛ atiridii ho nhwehwɛmu
The head teacher decided to exper all poor performers.,Sukuupanin no yɛɛ n'adwene sɛ ɔbɛboa asuafoɔ a na wɔntumi mmɔ wɔn ho mmɔden no nyinaa
Charcoal burning is a source of income for many Ghanaians.,Fango a wɔhyew no yɛ ade a Ghanafo bebree nya sika.
"My cattle was raided last week, resulting in significant losses for me.","Wɔtow hyɛɛ m’anantwi so dapɛn a etwaam no, na ɛmaa mehweree pii."
Roads should be constructed in areas which are not linked with people's land.,ɛsɛ sɛ wɔyɛ akwan wɔ mmeae a ɛne nkurɔfo asase nni abusuabɔ.
The residents demanded that a bridge be constructed over the river.,Nnipa a wɔte hɔ no hwehwɛɛ sɛ wosi abɔntenban bi fa asubɔnten no so.
Government injects money in schemes to transform the nation into a middle-income state.,Aban no de sika akɔhyɛ nhyehyɛe ahorow mu sɛ wɔbɛdan ɔman no ayɛ ɔman a sika a wonya fi mu dɔɔso.
The village elders distributed masks to most of the people in our area.,Akuraa no ase mpanyimfo no kyekyɛɛ akatawia maa nnipa dodow no ara a wɔwɔ yɛn mpɔtam hɔ.
How many power dams are currently in operation in Ghana?,Mprempren anyinam ahoɔden abura dodow ahe na ɛreyɛ adwuma wɔ Ghana?
Investors can't invest to develop an area with land wrangles.,Sikakorafoɔ ntumi mfa sika nhyɛ beaeɛ a asase ho akasakasa wɔ mu nnya nkɔsoɔ.
Life after graduation is exciting but also scary .,Asetena wɔ berɛ wɔawie adesua no yɛ anigye nanso ɛyɛ hu nso .
"In Ghana, some people use mosquito nets for fishing.","Wɔ Ghana no, nnipa binom de ntontom asau di dwuma de yi nsu mu nam."
"For the meantime, his body is being kept in the mortuary.","Ɛde besi saa bere yi no, wɔakora ne nipadua no so wɔ amukorabea"
She was looking for a safe place to call home.,Na ɔrehwehwɛ baabi a ahobammɔ wɔ a ɔbɛfrɛ no fie.
I have been suffering from flu for a very long time,Manya kataa bere tenten pa ara.
People work because they have families to look after.,Nkorɔfoɔ yɛ adwuma ɛfiri sɛ wɔwɔ abusuafoɔ a wɔhwɛ wɔn.
It is not possible for refugees to afford lawyer fees.,Ɛrentumi nyɛ yie sɛ aguanfoɔ betumi atua mmaranimfoɔ ka.
A refrigerator is available to keep icepacks for medical purposes and cool drinks for the players during the game.,Fridge bi wɔ hɔ a wɔde icepacks besie de ayɛ aduruyɛ ne anonne a ɛyɛ nwini ama agodifo no bere a wɔredi agoru no.
The best netball team represents the nation in international matches.,Netball kuw a eye sen biara no gyina ɔman no ananmu wɔ amanaman ntam akansi ahorow mu.
Members of Parliament can decide either to support or not to support the motion.,Mmarahyɛbadwafoɔ no betumi asi gyinaeɛ sɛ wɔbɛgyina anaasɛ wɔrengyina nsusuwii no akyi.
The director has received fifty millioncedis in funding for the school expansion.,Ɔkwankyerɛfo no anya sika ɔpepem aduonum wɔ sika a wɔde bɛtrɛw sukuu no mu.
The youth are advised to work on their talents.,Wɔtu mmabun fo sɛ wɔnyɛ wɔn talente ho adwuma.
The fencing was started to restore the white rhinos.,Wɔgyee ban no sɛdeɛ ɛbɛyɛ a wɔbɛtumi de asusono mfitaamfitaa no aba bio
Children need to be taught the importance of education.,Ɛsɛ sɛ wɔkyerɛkyerɛ mmofra hia a nhomasua ho hia.
The village leader appreciated the youth for helping the erderly in the community.,Akuraa no ase kannifo no ani sɔɔ mmabun no sɛ wɔboaa erderly a wɔwɔ mpɔtam hɔ no.
The people's parliament has addressed some of the issues in society like land wrangles,Nnipa mmarahyɛ bagua no adi nsɛm bi a ɛwɔ ɔmanfo mu te sɛ asase ho akasakasa ho dwuma
The community groups are a source of extra income to farmers.,Mpɔtam hɔ akuw no yɛ sika foforo a akuafo nya.
Kyeiwaa changed school because boys laughed at her for having a stained skirt.,kyeiwaa sesaa sukuu efisɛ mmarimaa serew no sɛ ɔwɔ atade a nkekae wom.
Let us keep the togetherness at all costs.,Momma yɛmma nkabom no nkɔ so sɛnea ɛte biara.
Family dream trip will be in western Ghana.,Abusua akwantu a wɔn ani da so no wɔ Ghana atɔe fam.
There will be a brief meeting to discuss the way forward for these refugees.,Wɔbɛyɛ nhyiamu tiawa akasa afa deɛ wɔbɛyɛ dwanekɔkyɛfoɔ yinom akyire.
At what age is one supposed to fall in love.,Mfeɛ bɛn na ɛsɛ sɛ obi tɔ ɔdɔ mu.
"In the modern-day, electricity serves a lot of purposes.","Wɔ nnɛyi de, anyinam ahoɔden di dwuma ahorow pii ho dwuma."
Artificial ways of preserving food are not good.,Akwan a wɔde nsa ayɛ a wɔfa so kora aduan so no nyɛ papa.
The church finance committee keeps all money collected from the Christians.,Asɔre no sikasɛm boayikuw no de sika a wogye fi Kristofo hɔ nyinaa sie.
Daily rise of coronavirus infection is creating tension among people.,Coronavirus yareɛ a ɛrekɔ soro da biara no de ɔhaw reba nnipa mu.
How can one become a stakeholder in a company?,Ɔkwan bɛn so na obi betumi abɛyɛ obi a ɔde ne ho hyɛ adwumakuw bi mu?
The increased tax on tobacco is one of the effective ways to reduce smoking.,Ɛtoɔ kɛseɛ a wɔde ato tawa so no yɛ ɔkwan pa a wɔfa so te tawanom so.
Ripening is a process in fruits that causes them to become more palatable.,ɛbere yɛ adeyɛ a ɛkɔ so wɔ nnuaba mu a ɛma ɛyɛ dɛ kɛse.
The ministry is planning to construct new secondary schools in the district.,Asoɛeɛ no reyɛ nhyehyɛeɛ sɛ wɔbɛsi ntoasoɔ sukuu wɔ mansini no mu.
The church construction requires more than twenty million Ghana cedis to be completed.,Asɔredan a wɔresi no hwehwɛ sɛ wowie Ghana cedi bɛboro ɔpepem aduonu.
Parents play a vital role in their children's education.,Awofoɔ di dwuma titire wɔ wɔn mma nwomasua mu.
You always have to thank those people who help you in bad times because it's a sign of respect to thank people who help you when you are in need.,Berɛ biara ɛsɛ sɛ woda nnipa a wɔboa wo wɔ mmerɛ bɔne mu no ase ɛfiri sɛ ɛkyerɛ obuo sɛ wobɛda nnipa a wɔboa wo wɔ ahokyerɛ berɛ mu no ase.
Fake seeds should be banned from the market.,Ɛsɛ sɛ twamu fri dwadie mu
He was in church choir all through his school life.,Ná ɔwɔ asɔre nnwontofo kuw mu wɔ ne sukuu asetra nyinaa mu.
"Hotels and bars in areas near the stadium make a lot of money during home games. If a community has many football teams, then there are high chances of development.","Ahɔhodan ne nsãdan a ɛwɔ mmeae a ɛbɛn agumadibea no nya sika pii bere a wɔredi agoru wɔ fie no. Sɛ mpɔtam bi wɔ bɔɔlbɔ akuw pii a, ɛnde hokwan kɛse wɔ hɔ sɛ wobenya nkɔso."
The United Nations General Assembly continues to do its work in Ghana.,Amanaman Nkabom Bagua Kɛse no kɔ so yɛ n’adwuma wɔ Ghana.
There is a meeting for the non-teaching staff whiles the organization staff are responsible for distributing food to the refugees.,Wɔayɛ nhyiamu bi ama wɔn a wɔkyerɛ adeɛ ano berɛ a nnipa wɔyɛ adwuma wɔ ahyehyɛdeɛ no mu no dwumadie ne sɛ wɔbɛkyekyɛ nnuane ama atubrafoɔ no.
"His expertise goes well beyond the classroom, and is evidenced by the various examiner positions he held with finance-related institutions throughout Ghana.","Ne nimdeɛ kɔ akyiri sen adesuadan mu koraa, na sɔhwɛfo dibea ahorow a na ɔwɔ wɔ asoɛe ahorow a ɛfa sikasɛm ho wɔ Ghana nyinaa no di ho adanse."
"In our country, the pandemic funds were misused.","Wɔ yɛn man yi mu no, wɔde ɔyaredɔm no sika dii dwuma ɔkwammɔne so."
Disciplined learners perform better than the stubborn ones academically.,Asuafo a wɔateɛ wɔn so no yɛ adwuma yiye sen wɔn a wɔn tirim yɛ den no wɔ adesua mu.
The Ghana People's Defence Forces have always been victorious in war.,Ghana People’s Defence Forces adi nkonim wɔ ɔko mu bere nyinaa.
Eating cold food in the morning is unhealthy.,"Sɛ wudi aduan a ɛyɛ nwini anɔpa a, ɛnyɛ mapomoden"
The district officials should register the rightful owners of land.,Ɛsɛ sɛ manisni no mu mpanimfoɔ no twerɛ nnipa a nsase no yɛ wɔn dea ankasa no din wɔ nwoma mu.
People have acquired skills and this enables them to participate in business activities.,Nkorɔfoɔ anya nimdeɛ na yei aboa wɔn ama wɔde wɔn ho ahyɛ nnwumayɛ mu.
This company will provide crops and market for the farmers produce.,Saa adwumakuo yi de nnuaba ne ɛdwa bɛma akuafoɔ nnɔbaeɛ.
"During the meeting, some village administrators were not wearing their face masks.","Wɔ nhyiam no ase no, na akuraa ase so ahwɛfo binom nhyɛ wɔn anim akataso."
"Authenticated statements are more reliable as they have been verified and proven to be true, providing a higher level of credibility and trustworthiness.","Nsɛm a wɔagye atom no yɛ nea wotumi de ho to so kɛse bere a wɔagye atom na wɔada no adi sɛ ɛyɛ nokware no, na ɛma wotumi gye di kɛse na wotumi de ho to so."
It's a good thing to try all kinds of business to find which one is good for you.,Ɛyɛ papa sɛ wobɛsɔ nnwuma ahodoɔ nyinaa ahwɛ na woahu nea ɛyɛ ma wo.
The education minister said that reopening schools is a priority.,Ɔsoafoɔ a ɔhwɛ nwomasua so no kaa sɛ ɛho hia pa ara sɛ wɔbuebue sukuu ahodoɔ
At least ten new schools are expected to be constructed in our district this year.,"Anyɛ yiye koraa no, wɔhwɛ kwan sɛ wobesi sukuu foforo du wɔ yɛn mantam mu afe yi."
A jobless youth spoke of the rain and the poor road as a blessing .,Aberanteɛ bi a onni adwuma kaa osuo ne ɔkwan a enye ho asɛm sɛ nhyira.
"During the procession, normally the Adzewa groups lead their male counterparts.","Wɔ adeyɛ no mu no, mpɛn pii no Adzewa akuw no di wɔn mfɛfo mmarima anim."
The health center receives referrals of people from deep in the village.,Apɔmuden asoeɛ no gye nkurɔfoɔ a wɔde wɔn firi ayaresabea a ɛwɔ nkuraase tuu aba hɔ.
Students have to be informed and educate about their fundamental rights.,Ɛsɛ sɛ wɔbɔ asuafoɔ amanneɛ na wɔkyerɛkyerɛ wɔn hokwan atitiriw a wɔwɔ.
School heads should act as role moders for their teachers.,ɛsɛ sɛ sukuu mpanyimfo yɛ adwuma sɛ wɔn a wɔyɛ wɔn hwɛsofoɔ.
People need to know all the freely available services in the country.,Ɛsɛ sɛ nkorɔfoɔ hunu nnwuma a wɔde ma kwa wɔ ɔman no mu nyinaa.
The chairman has failed to control the vice of loggers in the area.,Oguamtrani no ntumi nni nnuatwafo bɔne a ɛwɔ mpɔtam hɔ no so.
Home birthday celebrations have increased during the lockdown,Home awodadi afahyɛ akɔ soro wɔ lockdown no mu
Some areas in Ghana are greatly affected by landslides and floods.,Ghana mmeae bi wɔ hɔ a asasewosoɔ ne nsuyiri ka wɔn kɛse.
The officers wanted to be exemplary among the people.,Ná polisifo no pɛ sɛ wɔyɛ nhwɛso pa wɔ nkurɔfo no mu.
The boy resorted to carpentry after the accident.,Abarimaa no de ne ho hyɛɛ duadwumfo adwuma mu wɔ akwanhyia no akyi.
The municipal council has established a proper place for the village and local meetings.,Mansini no kansele no asi beaeɛ papa ama kuro no ne ɔmanfoɔ no nhyiamudie mu.
Most districts presented one COVID-19 case that day.,Amansin dodow no ara de COVID-19 nyani biako bae saa da no.
Historical sites need to be protected for your future children study.,Ɛsɛ sɛ wɔbɔ abakɔsɛm mu mmeae ho ban na ama mo mma daakye asua ade.
The district provided tree seedlings to the people who cut doown trees to obtain timber.,Mansini no kɔpɛɛ nnua ntimmaa maa wɔn a na wɔbubu nnua no
It is a one year plan to lift the level of women.,Ɛyɛ afe baako nhyehyɛeɛ a wɔde bɛma mmaa dodoɔ akɔ soro.
He was accused of embezzling one hundred million Ghana Cedis from our company.,Wɔbɔɔ no sobo sɛ wagye Ghana Cedis ɔpepem ɔha afi yɛn adwumakuw no hɔ.
The police intercepted the car when it was moving towards the border.,Polisifo no twaa kar no bere a na ɛrekɔ ɔhye no so no.
Political parties have supporters willing to vote for the party members.,amammui akuw ahorow wɔ akyigyinafo a wɔwɔ ɔpɛ sɛ wɔbɛtow aba ama akuw no mufo.
Some churches don't account for the money they receive.,Asɔre ahodoɔ bi mmu sika a wonya no ho akontaa.
They urged the government to remove the tax imposed on the transactions.,Wɔhyɛɛ aban no sɛ ɔnyi ɛtoɔ no a wɔde ato dwadie no so no.
Some land dealers are fond of giving fake titles to buyers.,Asasetɔnfo binom ani gye ho sɛ wɔde atoro tumi krataa bɛma wɔn a wɔtɔ no.
The district environmental department will reclaim the quarry.,Ɔmantam no dwumadibea a ɛhwɛ nneɛma a atwa yɛn ho ahyia so no bɛsan agye abodan no.
The burning of the Nsawam Government Hospital official's building is under investigation .,Wɔreyɛ nhwehwɛmu wɔ Nsaham Aban Ayaresabea panyin no dan a wɔhyew no ho .
"People have acquired interpersonal, communication and cooperative skills.","Nkorɔfo anya nnipa ntam nkitahodie, nkitahodie ne baakoyɛ ho nimdeɛ."
She was imprisoned for failing to pay the loan.,Wɔde no too afiase esiane sɛ wantua bosea no.
Individuals should feel free to support their political parties.,Ɛsɛ sɛ ankorankoro te nka sɛ wɔwɔ ahofadi sɛ wɔbɛboa wɔn amammui akuw no.
The headteacher and the teachers apparently fled on arrival of the police.,"Berɛ a aprosifoɔ no baeɛ no, sukuupanin no ne akyerɛkyerɛfoɔ no nyinaa dwaneeɛ."
"Due to the upcoming general elections, there is political pressure in public.","Esiane amansan abatow a ɛreba nti, amammui mu nhyɛso wɔ baguam."
The ministry asked for new equipment to work on the roads.,Asoɛeɛ no bisaa akadeɛ foforɔ a ɛbɛboa ama kwan yie no akɔ sɔ.
The regional population affects the financial budget negativery.,Ɔmantam no mu nnipa dodow nya sikasɛm mu sikasɛm nhyehyɛe a enye no so nkɛntɛnso.
The farmers were advised to upgrade from traditional farming methods.,Wɔtuu akuafoɔ no fo sɛ wɔnyae tete kwan a wɔfa so yɛ kuadwuma no
He works for an international company and has some relatives living in Germany.,Ɔyɛ adwuma ma amanaman ntam adwumakuw bi na ɔwɔ abusuafo bi a wɔte Germany.
Doctors assist in advising and treating health rerated issues.,Nnuruyɛfo boa ma wɔde afotu ma na wɔsa akwahosan ho nsɛm a wɔasan asusuw ho.
Most government schools have an excess number of students per classroom.,Aban sukuu dodow no ara wɔ sukuufo dodow a ɛboro so wɔ adesua dan biara mu.
Parents should be able to groom hardworking children.,Ɛsɛ sɛ awofoɔ tumi tete mmofra a wɔyɛ adwumaden.
Many people are joining social media these days.,Nnipa pii rebɛka abɛɛfo nkitahodie ntentan ho nnansa yi.
Our church has organized a crusade at the village grounds starting next week.,Yɛn asafo no ahyehyɛ asɛmpatrɛ dwumadie wɔ akuraa no ahyeaeɛ fa ɛrehyɛ aseɛ nnawɔtwe a ɛdi hɔ no mu.
I have been very been busy recently. Not to worry though. I'll come over to your house on Saturday so we may talk about it.,Menni adagyew  nnansa yi. Nanso ɛnsɛ sɛ wohaw wo ho. Mebɛba wo fie Kwasida sɛdeɛ ɛbɛyɛ a yɛbɛka ho asɛm.
"In rural areas, mothers die during delivery because of the poor health facilities.","Wɔ nkuraase no, ɛnanom wuwu bere a wɔrewo esiane apomuden ho nhyehyɛe a enye nti."
People are advised to stay in their houses.,Wɔtu nkorɔfoɔ fo sɛ wɔntena wɔn fie.
Only Ghanaians are allowed to purchase land for the lifetime.,Ghanafoɔ nko ara na wɔma kwan sɛ wɔbɛtɔ asase wɔn nkwa nna nyinaa.
The motorcycles and vehicles are means of transport.,Dadepɔnkɔ ne lɔre yɛ akwan ahodoɔ yɛfa so tu kwan.
Students must work hard if they want better results.,Ɛsɛ sɛ asuafoɔ yɛ adwumaden sɛ wɔpɛ sɛ wonya nea eye a.
Negative test results imply that one is free from the disease being tested for.,Nhwehwɛmu a enni mu a aba no kyerɛ sɛ obi nni yare a wɔreyɛ ho nhwehwɛmu no.
Footballers have been giving back to the community during the coronavirus lockdown,Bɔɔlbɔfono reboa ɔmanfoɔ wɔ coronavirus yareɛ no mu
This year the cultural gala competitions will be held at our University.,Afe yei mu no ammamerɛ bɔɔlobɔ akansie no wɔbɛyɛ no wɔ yɛn Suapɔn no mu.
"After your bacheror's degree, get a job and then you can think of marriage.","Wɔ wo suapɔn abasobɔdeɛ akyi no, pɛ adwuma na wo wiee a wobɛtumi adwene awareɛ ho."
Eye patients will be worked on as soon as possible.,Wɔbɛhwɛ aniwa mu ayarefo no ntɛm ara.
"Due to the poor state of roads, accidents are prone to happen anytime.","Esiane sɛ akwan no nyɛ papa nti, akwanhyia taa si bere biara."
Security agencies must work hand in hand with the parents to tighten security.,ɛsɛ sɛ ahobammɔ adwumayɛbea ahorow ne awofo no bom yɛ adwuma de hyɛ ahobammɔ mu den
The police officer who shot him was charged.,Wɔbɔɔ polisini a ɔtoo no tuo no sobo.
The leader is ready to uplift people's standards of living.,Na ɔkannifoɔ no ayɛ ahoboa sɛ ɔbɛboa afoforɔ ama wɔatu mpɔn wɔ wɔn asetena mu.
People and animals will be vaccinated against diseases.,Wɔbɛwɔ nnipa ne mmoa paneɛ de asi nyarewa ano.
High levels of crime are from the high number of youths in the society.,Nsɛmmɔnedi a ɛkɔ soro fi mmerante ne mmabaa dodow a ɛkɔ soro wɔ ɔmanfo no mu.
At least four hundred erderly persons have been shortlisted to benefit from the project.,"Anyɛ yiye koraa no, wɔapaw nnipa a wɔyɛ erderly ahanan sɛ wobenya adwuma no so mfaso."
Single mothers have a hard time raising their children.,Ɛyɛ den ma ɛnanom a wonni ahokafo sɛ wɔbɛtete wɔn mma
Land can either be individually owned or communally owned.,Asase betumi ayɛ ankorankoro deɛ anaasɛ ɔmanfoɔ deɛ.
People that survive from fishing say it's causing early marriages and teenage pregnancies.,Nnipa a wɔnya nkwa wɔ mpataayi mu ka sɛ ɛde awareɛ a ɛba ntɛm ne mperewa nyinsɛn ba.
The public is urged to stop harmful cultural practices towards children.,Wɔhyɛ ɔmanfo nkuran sɛ wonnyae amammerɛ mu nneyɛe a epira a wɔyɛ tia mmofra no.
Committees were established as a platform for project feedback.,Wɔhyehyɛɛ boayikuw ahorow sɛ asɛnka adwa a wɔde nsɛm bɛma wɔ adwuma no ho.
Commit to fighting against diseases in our midst,Fa wo ho hyɛ mu sɛ wobɛko atia nyarewa a ɛwɔ yɛn mfinimfini
Being in a learning environment is essential in one's career path.,Sɛ obi wɔ beae a wosua ade no ho hia wɔ n’adwuma kwan mu.
A master plan is the blueprint design of an organization.,Nhyehyɛe kɛse yɛ adwumakuo bi nhyehyɛdeɛ kɛseɛ.
Police are carrying out investigations on the matter.,Polisifoɔ reyɛ nhwehwɛmu wɔ asɛm no ho.
Every day the health center is congested with very many patients.,"Da biara da, ayaresabea abɔ ma ne ayarefo."
We need to organize a meeting with the heads of departments.,Ɛsɛ sɛ yɛne mpanimfoɔ a wɔdeda asoeɛ ahodoɔ ano no yɛ nhyiamu.
People communicate positive emotions at weddings or engagements and negative emotions at funerals.,Nkorɔfoɔ nya atenka pa wɔ ayeforohyia anaa efie awadeɛ ase ne atenka bɔne wɔ ayie ase.
A certain officer was imprisoned for misusing taxpayers money last month.,Wɔde mmara ho nnipa bi ato afiase ɛnam toɔtuafoɔ sika a ɔyɛɛ no basabasa bosome ɛtwam no.
"The chief was a tall, strong man who intimidated everyone.",Ná ɔpanyin no yɛ ɔbarima tenten a ne ho yɛ den a ɔbɔ obiara hu.
Officials should strive to achieve the set goals and objectives in the district.,Ɛsɛ sɛ mpanyimfo bɔ mmɔden sɛ wobedu botae ne botae ahorow a wɔde asi hɔ wɔ ɔmantam no mu no ho.
He said that we should believe in life after death.,Ɔkae sɛ ɛsɛ sɛ yegye owu akyi asetra di
Policemen are usually found at the police station.,Wɔtaa hu polisifoɔ wɔ polisifoɔ adwumayɛbea hɔ.
It's the government's responsibility to work on damaged roads.,Ɛyɛ aban no asɛdeɛ sɛ ɔbɛhwɛ sɛ ɔbɛhwɛ ayɛ akwan a asɛe.
On this day we always remember our great leader who passed away.,Saa da yi yɛkae yɛn kannifoɔ kɛseɛ a ɔwuiɛ no daa.
The hospital management has a good relationship with the people.,Mpanimfoɔ a wɔda ayaresabea no ano no ne ɔmanfoɔ no wɔ ayɔnkofa papa.
"When parents engage in children's school lives, students develop a love for learning.","Sɛ awofoɔ de wɔn ho gye mmɔfra sukuukorɔ mu a, asuafoɔ nya ɔdɔ bi ma adesua."
People in the community should not power anger on their leader.,Ɛnsɛ sɛ nkorɔfoɔ a wɔwɔ kuro no mu no bu fu wɔn ɔkannifoɔ no.
The army will display the core of the Ghana people's defence forces.,Asraafoɔ no bɛda Ghana manfoɔ a wɔbɔ wɔn ho ban no mu titiriw adi.
People were advised to engage in business activities.,Wɔtuu nkorɔfoɔ fo sɛ wɔmfa wɔn ho nhyɛ nnwuma mu.
Monitoring teachers who reside outside the school quarters proves to be extremely challenging.,Akyerɛkyerɛfo a wɔnte sukuu ahohodan mu a wɔbɛhwɛ wɔn so no da adi sɛ ɛyɛ den yiye.
The veterans said that they had been neglected for so long.,Wɔn a wɔadi ako no kae sɛ wɔabu ani agu wɔn so bere tenten saa.
The king's sixty-eighth birthday will be celebrated today.,Wɔbɛdi ɔhene no awoda afahyɛ a ɛtɔ so aduosia-nwɔtwe ɛnnɛ.
Menstruation is an indicator to a girl that she is in the adolescent stage.,Brayɛ yɛ ade a ɛkyerɛ sɛ abaayewa bi wɔ ne mmabunberɛ mu.
The doctors are examining the dead body to find what caused his death.,Adɔkotafoɔ no rehwehwɛ efunu no mu apɛ deɛ ɛkum no.
The nurturing mother spent hours playing and caring for her children.,Ɛna a ɔhwɛ ne mma no de nnɔnhwerew pii dii agoru na ɔhwɛɛ ne mma.
Farmers can rear chicken and animals at the same time.,Akuafo tumi yen nkokɔ ne mmoa bere koro mu.
It's the duty of parents to raise their children responsibly.,Ɛyɛ awofoɔ asɛdeɛ sɛ wɔtete wɔn mma kwan papa so.
He advised the community to maintain good hygiene.,Ɔhyɛɛ ɔmanfo no nkuran sɛ wɔnhwɛ wɔn ho yiye wɔ ahotew ho.
The medical department should carry out frequent medical tests.,Apɔmuden asoɛeɛ no reyɛ berɛ ano berɛ ano mogya mu nhwehwɛmu.
The water used to be contaminated by sewage from the nearby toilet.,Kane no na nsufi a ɛfiri tiafi a ɛbɛn no gu ma nsuo no sɛe.
Judgement made in courts of law is final.,Atemmu a wɔde ma wɔ asennibea ahorow no yɛ nea etwa to.
Refugees are discontented because one group is favoured ahead of the other.,aguanfo ani nnye efisɛ wɔpɛ kuw biako sen foforo.
Politicians should join hands with religious leaders to eradicate poverty.,ɛsɛ sɛ amammuifo ne nyamesom akannifo bom ma ohia fi hɔ.
"What leads to political dimensions? Various factors contribute to the emergence of political dimensions, including power dynamics, ideological differences, and socio-economic interests.","Deɛn na ɛma nkyekyɛmu ba amanyɔ mu? Nneɛma bebree na ɛde amanyɔsɛm mu nkyekyɛmu ba, a ebi ne tumi a ɛnyɛ pɛ, adwene a ɛnyɛ pɛ, ne asetenam nneɛma a ɛsono deɛ obiara ani gye ho."
People who stay next to water bodies don't have issues with water shortages.,Nnipa a wɔte nsuo nkyɛn no nni ɔhaw a ɛfa nsuo a ɛho yɛ na ho.
"In this modern age, anyone from any tribe can perform the Agbadza dance regardless.","Wɔ nnɛyi bere yi mu no, obiara a ofi abusuakuw biara mu betumi asaw Agbadza asaw no ɛmfa ho."
The district is not in a position to plan for the finances.,Mansini no nyɛɛ n'adwene sɛ wɔbɛyɛ sikasɛm nhyehyɛeɛ biara.
He advised the youth to join development al activities.,Ɔtuu mmabunu fo sɛ wɔmfa wɔn ho nhyɛ nkɔso dwumadi mu.
No one is above the law in Ghana.,Obiara nni soro nsen mmara wɔ Ghana.
The majority of men don`t escort their wives for antenatal during pregnancy.,Mmarima dodoɔ no ara nkɔgya wɔn yerenom wɔ ayaresabea a wɔhwɛ apemfoɔ berɛ a wɔnyim.
People will have the opportunity to participate in income-generating activities.,Nkurɔfo benya hokwan de wɔn ho ahyɛ dwumadi ahorow a ɛma wonya sika mu.
How many students are expected to perform very well ?,Asuafo baahe na wɔhwɛ kwan sɛ wɔbɛyɛ adwuma yiye paa ?
Some judges in Ghana are facilitated with bribes.,Wɔde adanmude ma atemmufo bi a wɔwɔ Ghana no yɛ mmerɛw.
The youths blamed leaders for denying them chances of benefiting from the government programs.,Mmabun no bɔɔ akannifo sobo sɛ wɔamma wɔn hokwan a wobenya afi aban nhyehyɛe ahorow no mu so mfaso.
Chalk is one of the tools required in the classroom.,Chalk yɛ nnwinnade a wɔhwehwɛ wɔ adesuadan mu no mu biako.
The savings groups are made up of very many people.,Nnipa pii na wɔwom akuw a wɔkora sika so no.
electricity bills should be cleared before its too late.,Ɛsɛ sɛ wotua anyinam ahoɔden ho ka ansa na aka akyi dodo.
Men fear testing for the human immune virus.,Mmarima suro sɛ wɔbɛkɔ akɔhwɛ sɛ wɔanya 'nyarewa a ɛko tia nnipa ' no bi anaa.
People should use their land for productive purposes.,Ɛsɛ sɛ nkorɔfoɔ de wɔn nsase di dwuma a ɛso aba.
District officers have held a meeting to unite the people.,Ɔmantam mpanyimfo ayɛ nhyiam bi de aka nkurɔfo no abom.
Alcoholism has led to broken families in rural areas.,Nsanom ama abusua mu atete wɔ nkuraase.
People should never associate themselves with military wear.,Ɛnsɛ sɛ nkorɔfoɔ hyɛ akofoɔ ntadeɛ da.
Every person is trying to do whatever he/she can do to survive.,Obiara rebɔ mmɔden sɛ ɔbɛyɛ nea obetumi biara de abɔ ne ho ban.
The waitress who served us lunch is very joyous.,Ɔbarima a ɔhwɛ adidibea hɔ a ɔmaa yɛn awia aduan no ani agye yiye.
A new council leader was appointed to replace the old one.,Wɔpaw agyinatukuw no kannifo foforo sɛ ɔmmɛhyɛ dedaw no ananmu.
Eyewitnesses have been called to testify in the court.,Wɔfrɛɛ adansefo sɛ wɔnkɔdi adanse wɔ asɛnnibea hɔ.
The roads were in a very poor state and need to be worked on soon.,Ná akwan no wɔ tebea a enye koraa na ɛsɛ sɛ wɔyɛ ho adwuma nnansa yi ara.
He was elected community chairman eight years ago.,Wɔpaw no sɛ mpɔtam hɔ guamtrani mfe awotwe a atwam ni.
The employees have requested the manager to increase their salaries.,Adwumayɛfoɔ no abɔ adwumawura no amaneɛ sɛ ɔntoto wɔn akatua mu
The headteacher called upon all teachers to join the savings group.,Sukuupanin no frɛɛ akyerɛkyerɛfoɔ no nyinaa sɛ wɔmfa wɔn ho nhyɛ susutoɔ kuo no mu.
"The man stared at us without blinking, fixating his gaze on us intently.",Papa no hwɛɛ yɛn a wammu n'ani na ɔde n'ani hwɛɛ yɛn sann.
"His animals invaded my garden, causing damage to my plants.","Ne mmoa tow hyɛɛ me turo mu, na wɔsɛee m’afifide."
The lecturer is campaigning for the post of president.,Ɔkyerɛkyerɛni no rebɔ ntoa afa manpanin abatoɔ no akyi.
The management system has to be decentralized to every district in the country.,Ɛsɛ sɛ wɔde nhyehyɛeɛ a wɔde di dwuma no ma mantam biara a ɛwɔ ɔman no mu.
The golf course is a nice reraxing environment for the public.,Golf ho dwumadie no yɛ biribi ɛbɛboa temamufoɔ no ama wɔadwodwo wɔn ho pa ara.
Most of the victims of rape and defilement are young girls.,Wɔn a wɔto wɔn mmonnaa na wɔgu wɔn ho fĩ no mu dodow no ara yɛ mmeawa nkumaa.
Homowo is a harvest festival celebrated by the Ga people of Ghana in the Greater Accra Region.,Homowo yɛ otwa afahyɛ a Gafoɔ a wɔwɔ Ghana di wɔ Greater Accra Mantam mu.
The presence of rhinos brought a sense of security in their region.,Asono a na wɔwɔ hɔ no de ahobammɔ ho adwene baa wɔn mantam no mu.
The district lacks funds to establish screening places.,Mansini no nni sika a wɔde bɛyɛ nneɛma mu nhwehwɛmu ahodoɔ
The climax of the festival involves a durbar of the chiefs and people of Anlo.,Afahyɛ no awiei fa Anlo mpanyimfo ne nkurɔfo durbar ho.
"She was diagnosed with sugar diabetes, hypertension, and pneumonia. She died at the hospital.","Wohui sɛ ɔwɔ asikreyareɛ, mogya mmoroso, ne ahurututu mu yare. Owui wɔ ayaresabea hɔ."
Lining behind candidates could cause conflict among the voters.,"Sɛ wɔkodi wɔn a wɔpɛ sɛ wɔto aba no akyi a, ebetumi ama ntawantawadie aba wɔn a wɔto aba no mu."
Shortage of water in the area has discouraged agriculture.,Nsuo a ɛho yɛ na wɔ mpɔtam hɔ no ama kuayɛ abam abu.
You have to pay tax if you are carrying out business on a piece of land.,Ɛsɛ sɛ wotua toɔ sɛ woredi dwa wɔ asase ketewa bi so a.
A minister's child has been immunised against Measles-Ruberla,Wɔabɔ ɔsomfo bi ba ho ban a ɛko tia Measles-Ruberla
Oil and gas are presumed to be of great benefit.,Wosusuw sɛ ngo ne gyaframa so wɔ mfaso kɛse.
Some government projects take so long to be implemented.,Aban nnwuma bi gye bere tenten saa ansa na wɔde adi dwuma.
Animal feeds contain soybean which is rich with nutrients.,Mmoa aduane ɛwɔ ayuo nnuanenuru bebree wɔm.
election results can be challenged in the court.,abatoɔ nsunsuansoɔ wobetumi de asɛm no akɔ asɛnnibea.
When the moon is shining the cripple becomes hungry for a walk.,Sɛ bosome rehyerɛn a apakye kɔn dɔ sɛ ɔbɛnante.
Agyeiwaa emphasized economic development in her region.,Agyeiwaa sii sikasɛm mu nkɔsoɔ so dua wɔ ne mantam mu.
The village leaders have ensured the availability of regular water supply.,Akuraase kannifoɔ no ahwɛ sɛ nsuo a wɔma no daa no bi wɔ hɔ.
Positive change leads to development .,Nsakrae pa de nkɔso ba .
The government is trying to provide electricity in all parts of the country.,Aban no reyɛ deɛ ɔbɛtumi biara sɛ ɔde anyinam nkanea bɛkɔ ɔman yi mu baabiara
The permanent secretary addressed the meeting in the ministry of Education.,Ɔkyerɛwfo a ɔtra hɔ daa no kasa kyerɛɛ nhyiam no wɔ Nhomasua som adwuma no mu.
The district does not have enough support to contain hemorrhagic fever.,Ɔmantam no nni mmoa a ɛdɔɔso a ɛbɛma wɔatumi asiw atiridii a mogya tu no ano.
The confirmation ceremony will be held at church.,Wɔbɛyɛ si so dua guasodeyɛ no wɔ asɔredan mu.
Parents struggle to pay their children's school fees.,Awofoɔ bɔ mmɔden sɛ wobɛtua wɔn mma sukuu ka.
He wants to contest as the area member of parliament,Ɔpɛ sɛ osi akan sɛ mpɔtam hɔ mmarahyɛ bagua no muni
Most of the youths in Maracha are unemployed.,Mmabun a wɔwɔ Maracha no mu dodow no ara nni adwuma.
He was killed on his way to Aflao.,Wokum no bere a na ɔrekɔ Aflao no.
I have something interesting to say about the person who dies.,Mewɔ asɛm bi a ɛyɛ anigye a mɛka afa onipa a owu no ho.
We regret to inform you of the sudden death of our village chair person.,Ɛyɛ yɛn awerɛho sɛ yɛbɛka yɛn akuraase titenani wuo no ho asɛm akyerɛ mo.
It is easier to identify you by your name.,Ɛnyɛ den sɛ wode wo din behu wo.
Christian missionaries spread the gospel of Jesus Christ.,Kristofo asɛmpatrɛwfo trɛw Yesu Kristo asɛmpa no mu.
The Dutch West India Company operated throughout most of the 18th century.,Dutch West India Adwumakuo no yɛɛ adwuma wɔ afeha a ɛtɔ so 18 no fa kɛseɛ no ara mu.
"People do not understand the objectives of the government policy towards cattle,",Nkorɔfoɔ nte aban nhyehyɛeɛ a ɛfa anantwie ho no botaeɛ ase.
Many refugees in Ghana don't have the necessary identification documents.,Adwanefoɔ bebree a wɔwɔ Ghana nni nkrataa a ɛhia a yɛde hyɛ wɔn nsew no.
The operation is to enforce safety on the road.,Oprehyɛn no ne sɛ wɔbɛhyɛ ahobammɔ wɔ kwan so.
The chief guest was represented by the guest speaker.,Ɔhɔho panyin no na ogyinaa hɔ ma ɔkasafo a ɔyɛ ɔhɔho no.
The people's parliament has addressed some of the issues in society like land wrangles,Ɔmanfoɔ mmarahyɛbadwam no aka nsɛm no bi a ɛwɔ ɔman no mu te sɛ asase ho akasakasa.
There is a rising number of coronavirus cases in Ghana prisons and inmates health is becoming a public concern,Nnipa a wɔrenya coronavirus wɔ Ghana afiase no dodoɔ rekɔ anim na ama nneduafoɔ no nkwa ho abɛhia ɔmanfoɔ no
The village chairperson sold off that land illegally.,Akuraa no ase guamtrani no tɔn saa asase no wɔ ɔkwan a mmara mma ho kwan so.
The Mayor made sure all the roads in our town are properly constructed.,Mantam no krakye panin no hwɛɛ sɛ akwan ahodoɔ a ɛdeda kuro no mu nyinaa wɔayiyi no kamakama.
Frequent cancer screening will help us know the actual number of patients.,Kokoram ho mprɛ pii nhwehwɛmu a yɛyɛ no mpɛn pii no bɛboa yɛn ma yɛahu ayarefo no dodow ankasa.
The officials aim at improving social service delivery.,Aban mpanyimfo no botae ne sɛ wɔbɛma asetra mu nnwuma a wɔde ma no atu mpɔn.
Farmers' associations should be among the beneficiaries for the government grants.,Ɛsɛ sɛ akuafo akuw no ka wɔn a wonya aban mmoa no.
The good things you do for your community are usually appreciated.,"Mpɛn pii no, nnipa ani sɔ nneɛma pa a woyɛ de boa wo mpɔtam no."
Most of her friends attended her wedding launch.,Ne nnamfo dodow no ara kɔɔ n’ayeforohyia a wɔde sii hɔ no ase.
Am studying in the best country in the country.,Meresua adeɛ wɔ ɔman papa mu wɔ ɔman no mu.
Can you recommend to me some legal books I can read?,So wubetumi akamfo mmara ho nhoma ahodoɔ bi a metumi akenkan akyerɛ me?
The parliamentarian was kidnapped on her way to Ewanga to portray her views.,Wɔkyeree mmarahyɛ baguani no bere a na ɔrekɔ Ewanga sɛ ɔrekɔkyerɛ n’adwene no.
The Indian government is appreciated for its contribution to the Ghanaian COVID-19 task force.,Wɔbɔ India aban no aba so wɔ dwuma sononko a ɔdi de boa Ghana aban no wɔ COVID-19 ho ɔko no mu
One key objective for any business is to maintain its customers.,Botae titiriw biako a adwuma biara wɔ ne sɛ ɛbɛkɔ so akura n’atɔfo mu.
Residents have been cautioned against eating the distributed maize and bean seeds .,Wɔabɔ wɔn a wɔte hɔ no kɔkɔ sɛ ɛnsɛ sɛ wodi atoko ne bankye aba a wɔakyekyɛ no .
"He told his daughter to hide under the bed when the robbers broke into their house, and my mother gave the robbers three million Ghanaiancedis hoping that they would spare our lives.","Ɔka kyerɛɛ ne babaa no sɛ ɔmfa ne ho nhintaw mpa no ase berɛ a adwotwafoɔ no bubuu wɔn fie no, na me maame de Ghanaiancedifoɔ ɔpepem mmiɛnsa maa adwotwafoɔ no a na ɔwɔ anidasoɔ sɛ wɔbɛgye yɛn nkwa."
The local people will use the ground floor to set up small businesses.,Kuro manfoɔ no de aborosan no ase bɛyɛ bodwabodwa.
"Large populations often tend to incapacitate the government, disabling it to fulfil its duties.","Mpɛn pii no, nnipa dodoɔ a wɔdɔɔso taa ma aban no ntumi nyɛ adwuma, na ɛma entumi nni n’asɛyɛde ahodoɔ ho dwuma."
People who carry out deforestation should be arrested.,Ɛsɛ sɛ wɔkye nkorɔfoɔ a wɔtwitwa nnua no tom.
Girls should be educated about the menstruation period.,Ɛsɛ sɛ wɔkyerɛkyerɛ mmaayewa fa bere a wɔn abu wɔn nsa.
Immunising children helps their bodies fight some diseases.,Mmofra nnuru a wɔde ko tia nyarewa boa wɔn nipadua ma wɔko tia nyarewa bi.
Supervision of health facilities ensures the smooth running of these facilities,Akwahosan adwumayɛbea ahorow a wɔhwɛ so no hwɛ hu sɛ saa mmeae yi bɛkɔ so yiye
Priests should not fear surrendering the body of Christ to an infected person.,ɛnsɛ sɛ asɔfo suro sɛ wɔde Kristo nipadua bɛma obi a ɔwɔ ɔyare no.
The headteacher requested all parents to pay school fees in time.,Sukuupanin no srɛɛ awofoɔ nyinaa sɛ wɔntua sukuu fiisi berɛ ano.
The ferry capsized in the lake and killed a number of people.,Subonto no dane tɔɔ nsuo no mu kumm nnipa dodoɔ binom.
A man in our village hanged himself after stabbing his wife.,Ɔbarima bi a ɔwɔ yɛn akuraa ase sɛne ne ho berɛ a ɔde sekan wowɔɔ  ne yere no maa owuiɛ.
Freedom is not something that one people can bestow on another as a gift. Thy claim it as their own and none can keep it from them.,"Ahofadi nyɛ biribi a nnipa bi betumi de ama afoforo sɛ akyɛde. Wɔka sɛ ɛyɛ wɔn dea, na obiara ntumi nnye mfi wɔn nsam."
Supplementary budgets are passed by members of parliament.,Mmarahyɛ Badwa no mufo na wɔpene sikasɛm nhyehyɛe foforo so.
More training in the health sector for specialists is needed.,Ntetee pii wɔ akwahosan ho adwuma mu ma animdefo ho hia.
Children spend time at home playing and helping their parents with chores.,Mmofra gye bere wɔ fie di agoru na wɔboa wɔn awofo wɔ fie nnwuma mu.
Refugees have a place to call a home away from home.,aguanfo wɔ baabi a wɔbɛfrɛ no ofie a ɛwɔ akyirikyiri fi fie.
Some people think circumcision is a move to indirectly convert them to Islam.,Nnipa binom susuw sɛ twetiatwa yɛ adeyɛ a wɔde dan wɔn kɔ Islam mu wɔ ɔkwan a ɛnteɛ so.
"Unlike her husband, she is very easy-going. I like that about her.","Ɔnte sɛ ne kunu, ɛyɛ obi a ɔpɛ nipa. Mepɛ saa adeɛ a ɛwɔ ne ho no pa ara."
The government needs to increase on the funds allocated to the water sector.,Ɛsɛ sɛ aban no de sika a watwa ama asoeɛ a ɛhwɛ nsuo ho nsɛm so no bi ka ho
Burial will take place on Sunday Eighteen December this year.,Wɔbɛsie no Kwasiada Ɔpɛpɔn da a ɛtɔ so nnwɔtwe afe yi.
She spread a rumour that I have been stealing money from the company.,Ɔtrɛɛ asɛm bi mu sɛ mawia sika afi adwumakuo no hɔ.
Communities lack funds to invest in fish farming.,Mpɔtam hɔfo nni sika a wɔde bɛto mpataa a wɔyɛn mu.
Police have arrested a group of strangers for stealing people's properties.,Polisifoɔ bɔɔ me nuabarima ka esiane sɛ ɔkaa kar a mfiri a ɛnyɛ papa nti.
The priest's responsibility is to spread the good news about God,Ɔsɔfo no asɛyɛde ne sɛ ɔbɛtrɛw Onyankopɔn ho asɛmpa no mu
It's always a good thing to respect all bodies of the government.,Ɛyɛ adepa sɛ  berɛ nyinaa yɛbɛkyerɛ obu ama aban no akuo nyinaa .
Bridges can last for a period of over twenty years.,Abɔnten so adan betumi atra hɔ bɛboro mfe aduonu.
People will take the district to the courts of law.,Nkurɔfo de ɔmantam no bɛkɔ asɛnnibea.
People have found alternative medicines because health centres are expensive.,Nkorɔfoɔ anya nnuru foforɔ ɛfiri sɛ apɔmuden asoɛeɛ boɔ yɛ den.
The pastor hosted a Thanksgiving ceremony at her home on Friday.,Ɔsɔfo no yɛɛ aseda guasodeyɛ wɔ ne fie Fida.
Any Christian who doesn't follow catholic doctrines will be excommunicated.,Wɔbɛpam Kristoni biara a onni katolek nkyerɛkyerɛ akyi.
The police will help with peacekeeping in our area.,Polisifo bɛboa ma asomdwoe atra yɛn mpɔtam hɔ.
The women's group in our village elected their new leaders yesterday.,Mmea kuw a wɔwɔ yɛn akuraa ase no paw wɔn akannifo foforo nnɛra.
The public is often encouraged to avoid taking the law in their hands.,Wɔtaa hyɛ ɔmanfo nkuran sɛ wɔmmfa mmara no nhyɛ wɔn nsam.
People suffered from diseases like diarrhoea because of dirty water.,Nkorɔfoɔ nyaa nyarewa te sɛ hurayɛ esiane nsu fi nti.
Some politicians don't cooperate with civil servants and this affects the service delivery.,Amanyɔfoɔ binom ne aban adwumayɛfoɔ nyɛ adwuma na yei ka ɔsom adwuma no.
The project manager is considered the boss on the construction site.,Dwumadie no hwɛsofoɔ no na wɔhunu no sɛ bɔɔso (boss) wɔ ɛdansibea hɔ.
Death of an erder in a society often affects youths.,"Mpɛn pii no, opanin bi a owu wɔ ɔman bi mu no ka mmerante ne mmabaa."
Citizens are receiving mosquito nets from the government in an effort to end malaria in Ghana,Ɔman mma renya nwansena asau afiri aban hɔ de abɔ mmɔden sɛ wɔbɛma asramma agyae wɔ Ghana
The municipality council wants to effectivery plan for the people.,Mansini no kansele no pɛ kwan papa de ama ɔmanfoɔ no
The minister urged universities to start online learning.,Ɔsoafoɔ no hyɛɛ suapɔn ahodoɔ no nkuran sɛ wɔnsua adeɛ wɔ abɛɛfo ntentan fidie no so.
Some parents pack food for their children while going to school.,Awofo binom boaboa nnuan ano ma wɔn mma bere a wɔrekɔ sukuu no.
Medical disease tests can be positive or negative.,Aduruyɛ mu yare ho nhwehwɛmu betumi ayɛ nea ɛkyerɛ sɛ wowɔ bi anaasɛ wonni bi.
The women were very excited to join the savings group.,Mmea no ani gyei paa sɛ wɔbɛka sikakorabea kuw no ho.
The court hearing has been postponed to next month.,Wɔatwe asɛnnibea asɛm no akɔ ɔsram a edi hɔ no so.
Half of the sixty million number of refugees are below the age of eighteen years.,Atukɔtenafɔ ɔpepem aduosia no mu fa nni mfe dunwɔtwe.
The district organized an entrepreneurial training session for the youths.,Mansini no yɛɛ dwumadie no fa bi de kyerɛɛ mmabunu no sɛdeɛ wɔbɛtumi abuebue wɔn nnwuma
Teachers are supposed to guide students in schools.,Wɔkyerɛ sɛ akyerɛkyerɛfo kyerɛ sukuufo kwan wɔ sukuu ahorow mu.
Fasting and prayer are part of the lifestyle of a good religious person.,Kɔm kyere ne mpaebɔ yɛ nyamesomfo pa asetra kwan no bi.
People have been able to start a new life.,Nkorɔfoɔ atumi ahyɛ abrabɔ foforɔ ase.
People nowadays no longer care if their children are immunised or not.,Seesei nkorɔfoɔ mfa wɔn mmofra ho bio sɛ ​​ebia wɔde nnuru a wɔde bɔ wɔn ho ban ahyɛ wɔn mu anaasɛ wɔanhyɛ no.
The sub counties will receive income to properly plan for the people.,Mansini no bɛnya sika de ayɛ nhyehyɛeɛ yie ama nkorɔfoɔ no.
The officer asked them to present accurate data from the counting data.,Ɔsraani panyin no ka kyerɛɛ wɔn sɛ wɔmfa nsɛm a ɛyɛ nokware a efi akontaabu a wɔde kan nkurɔfo no mu mma.
People need to understand the importance of education.,Ɛsɛ sɛ nkorɔfoɔ te hia a nwomasua ho hia ase.
"During the year, the government also organizes events to launch various projects.","Wɔ afe no mu no, aban no nso yɛ nhyiam ahorow ho nhyehyɛe de fi nnwuma ahorow ase."
Teaching colleges are important to equip young girls with practical skills.,Kɔlege ahorow a wɔkyerɛkyerɛ ho hia na ama mmeawa nkumaa anya ahokokwaw a mfaso wɔ so.
I am genuinely interested in learning about different cultures and their traditions.,M’ani gye ho ankasa sɛ mesua amammerɛ ahorow ne wɔn atetesɛm ho ade.
"Due to the heavy rains, roads are being flooded with running water.","Esiane osu kɛse a ɛretɔ nti, nsu a ɛsen fa akwan so."
Every worker would love a fat duty allowance.,Adwumayɛfo biara ani begye ho sɛ obenya adwuma a ɛma ne ho yɛ den
Kingdoms contribute to community development out of their income.,Ahenni ahodoɔ boa ma mpɔtam hɔfoɔ nya nkɔsoɔ fi wɔn sika a wonya mu.
"In 1872, British influence over the Gold Coast increased further when Britain purchased Elmina Castle, the last of the Dutch forts along the coast.","Wɔ 1872 mu no, Britania nkɛntɛnso a ɛwɔ Gold Coast so no kɔɔ soro bio bere a Britain tɔɔ Elmina Abankɛse, Dutchfo abankɛse a etwa to a ɛwɔ mpoano no."
Individuals have taken the initiative to ease access to education for the people.,Ankorankoro ayɛ nea edi kan sɛ wɔbɛma nhomasua a wobenya no ayɛ mmerɛw ama ɔmanfo.
"The opposition was not satisfied with the plan for independence, and demanded that power be devolved to the regions. Discussions took place through late 1956 and into 1957.","Ɔsɔretiafoɔ no ani annye nhyehyɛeɛ a wɔyɔeɛ sɛ wobɛnya fahodie no ho, na wɔhwehwɛɛ sɛ wɔde tumi no bɛma mantam no. Nkɔmmɔdie no kɔɔ so firii mfeɛ 1956 awieeɛ kɔsii  mfeɛ 1957 mu."
One person was shot dead in the battle between police and the youth.,Wɔtoo obiako tuo kum no wɔ ɔko a ɛkɔɔ so wɔ polisifo ne mmerante ne mmabaa no ntam no mu.
The company has not denied the allegations of not paying the employees' salaries.,Adwumakuw no nnyee sobo a wɔbɔe sɛ wɔantua adwumayɛfo no akatua no
Joshua Cheptegei won the race in Zurich Diamond League .,Joshua Cheptegei dii nkonim wɔ mmirikatu no mu wɔ Zurich Diamond League mu .
The process will benefit farmers because food crops have got a ready market.,Nhyehyɛeɛ no bɛboa akuafoɔ ɛfiri sɛ aduane nnuaba wɔ mprɛnprɛn dwa.
The district chairman referred to the action of the students as being barbaric,Ɔmantam no guamtrani no kaa adeyɛ a sukuufo no yɛe no ho asɛm sɛ ɛyɛ atirimɔdensɛm
An apology alone can at times hinder one from being sued in courts of law.,"Ɛtɔ mmere bi a, kyɛwpa nkutoo betumi asi obi kwan sɛ wɔde no bɛkɔ asɛnnibea."
He works very hard because he doesn't want his family to lack.,Ɔyɛ adwumaden paa efisɛ ɔmpɛ sɛ n’abusua bɛka.
Leaders have not come up to help the health centre management in this case.,Akannifoɔ mmae sɛ wɔrebɛboa akwahosan asoɛe no mpanyimfo wɔ asɛm yi mu.
The parliament of Ghana has reduced tax on mobile money transactions.,Ghana mmarahyɛ bagua no atew tow a wɔbɔ wɔ mobile money a wɔde di dwuma ho.
Efforts are taking place to combat the ebola virus outbreak,Wɔrebɔ mmɔden sɛ wɔbɛko atia Ebola yare no
If an area experiences floods then some business may not be able to operate.,Sɛ mpɔtam bi nya nsuyiri a ɛnde  adwuma bi rentumi nyɛ adwuma.
Women and girls in society need to be sensitized about their rights.,"Mmaa mpaninfoɔ ne mmaayewa a wɔwɔ mpɔtam hɔ no, ɛsɛ wɔkyerɛkyerɛ wɔn ma wɔhunu wɔn hokwan."
"Africa is one continent, one people and one nation.","Abibiman yɛ asasepɔn baako, nnipa baako ne ɔman baako."
The first person to witness Jesus' resurrection was a woman.,"Onipa a ɔdi kan a ɔhunuu sɛ Yesu asɔre afiri owuo mu no, na ɔyɛ ɔbaa."
School board dismisses headteacher over embezzlement and abuse of office.,sukuu bagua no yi ɔkyerɛkyerɛfo panyin fi adwumam esiane sika a ɔde dii dwuma ɔkwammɔne so ne n’adwuma a ɔde dii dwuma ɔkwammɔne so nti.
Five men were arrested on suspicion of selling drugs illegally.,Wɔkyeree mmarima baanum esiane sɛ wosusuw sɛ wɔretɔn nnubɔne a mmara mma ho kwan nti.
The country has over forty million people currently.,Ɔman no wɔ nnipa bɛboro ɔpepem aduanan mprempren.
The donated blood was stored in the blood bank.,Wɔde mogya a wɔatwe ama wɔn no kɔ faako a wɔkora mogya a wɔtwe no so no
I am under a lot of pressure to complete the project.,ɔhyɛ da me so kɛse sɛ mɛwie adwuma no.
For Ghana to succeed in soccer competitions there must be awareness amongst stakeholders.,"Sɛ Ghana betumi adi nkonim wɔ bɔɔlbɔ akansi mu a, ɛsɛ sɛ wɔn a wɔn ani gye ho ."
Most good just pass through Ghana to its other neighbours,Nneɛma dodow no ara fa Ghana kɔ n’afipamfo afoforo nkyɛn kɛkɛ
"After the review meeting, some employees were appreciated.","Wɔ nhwehwɛmu nhyiam no akyi no, wɔkyerɛɛ adwumayɛfo binom ho anisɔ."
Football is an interesting game. Will the football fans be back in the stadium after this pandemic?,"Bɔɔl yɛ agodie a ɛyɛ anigye. Sɛ yare yi kɔ a, so bɔɔlbɔ akyitafoɔ no bɛsan aba agodibea hɔ?"
"The deceased was very troubled before he passed on because of the bank loan, and he suggested to his wife that they should adopt a baby.","Owufo no haw kɛse ansa na ɔretwam esiane sikakorabea bosea no nti, na ɔhyɛɛ ne yere nyansa sɛ ɛsɛ sɛ wɔfa akokoaa."
"They danced when there was a heroic killing of the leopards, lions an elephants.","Wɔsaa berɛ a wɔkunkum sakraman, agyata ne asono akokoduru so no."
People lack the skills to effectivery take on bigger businesses.,Nkorɔfoɔ nni nimdeɛ a wɔde bɛyɛ nnwuma akɛseɛ.
Children will be taught the dangers of striking in schools.,Wɔbɛkyerɛ mmofra asiane a ɛwɔ adwumayɛban mu adwumayɛ mu wɔ sukuu ahorow mu.
Ama appealed to her relatives to support her children.,Ama srɛɛ n’abusuafoɔ sɛ wɔnhwɛ ne mma.
Every citizen of Ghana is obliged to pay tax.,Ɔman ba biara a ɔwɔ Ghana no wɔ asɛde sɛ ɔtua tow.
Personal hygiene is one of the ways to avoid the spread of diseases.,W'ankasa ahonidie yɛ ɔkwan baako a yɛfa so kwati nyarewa ɛtrɛ.
The district will enforce environmental laws with an aim of conserving the environment.,Mansini no bɛhyehyɛ mmara binom afa yɛn atenaeɛ ho a wɔn atirimpɔ ne sɛ wɔbɛbɔ nneɛma a atwa yɛn ho ahyia ho ban.
Effie died as a result of excessive bleeding.,Effie wui esiane mogya a ɛtɔe dodo nti.
Ewurasi came second in the swimming competition yesterday and started her campaign for the position of district councillor.,Ewurasi dii nea ɛtɔ so mmienu wɔ asuguare akansi no mu nnɛra na ɔhyɛɛ ne ɔsatuo ase maa ɔmansin agyinatukuo dibea.
The cows will improve the liverihoods of the people in the society.,Anantwi no bɛma nnipa a wɔwɔ ɔmanfo no asetena atu mpɔn.
The health centres work on a rerativery small number.,Ayaresabea no hwɛ nnipa kakraa bi
Farmers have approached the ministry through their association.,Akuafo afa wɔn kuo no so de abɛn asuafo no.
Parents should educate their children when it comes to sex.,Ɛsɛ sɛ awofoɔ kyerɛ wɔn mma adeɛ sɛ ɛba mmaa ne mmarima nna mu a.
Good security in a country attracts tourists and investments.,Ahobammɔ pa wɔ ɔman bi mu ɛtwe nsrahwɛfo ne wɔn a wode sika behyɛ dwumadie mu
Muslims are not allowed to eat pork in their religion.,Wɔmma Nkramofo kwan sɛ wonni mprako nam wɔ wɔn som mu.
An announcement made in the presence of the president.,Nkaeɛbɔ wɔyɛɛ no wɔ mampanin no anim.
Protection measures should be taken to prevent diseases.,ɛsɛ sɛ wɔyɛ ahobammɔ ho nhyehyɛe de siw nyarewa ano.
The team will be involved in developing the stadium.,Kuw no de wɔn ho bɛhyɛ agumadibea no nkɔso mu.
"Those two have always struggled to be decisive. Their brother however always knows what he wants, and never beats about the bush.",Nnipa baanu yi apere aberɛ nyinaa sɛ wɔbɛyɛ agyinasifoɔ. Nanso wɔn nua barima no nim deɛ ɔpɛ na ɔmfa ntwa ne ho.
How does one become a Judge in magistrate court?,Ɔkwan bɛn so na obi bɛyɛ Ɔtemmufo wɔ atemmufo asɛnnibea?
The current report shows that Ghana has more youths.,Mprempren nniso no yɛ nea nkurɔfo ani gye ho.
Fundraising is necessary if they want to increase the number of development funds.,Sika mboaboa ano ho hia sɛ wɔpɛ sɛ wɔtrɛw boaboa sika no mu.
The crowd gathered for the rally was very small.,Ná nnipadɔm a wɔahyiam ama nhyiam no sua koraa.
"The cows were not grazed yesterday, possibly affecting their health and productivity.","Wɔanwe anantwi no nnɛra, na ebia ɛkaa wɔn akwahosan ne wɔn nnɔbae."
"Under Chief Oti Akenten (r. ca. 1630–60), a series of successful military operations against neighboring Akan states brought a larger surrounding territory into alliance with Ashanti.","Wɔ Ɔpanin Oti Akenten (r. ca. 1630–60) ase no, asraafoɔ dwumadie ahodoɛ a ɛdii nkonim toatoaa so tiaa Akan aman a ɛbemmɛn hɔ no maa asasesin kɛseɛ bi a atwa ho ahyia no ne Asante yɛɛ apam."
The United Nations will provide funds to health facilities.,Amanaman Nkabom no de sika bɛma akwahosan ho adwumayɛbea ahorow.
They quietly sat in the park to enjoy the peacefulness of the surroundings.,Wɔyɛɛ komm tenaa prama no so de anigyeɛ hwɛɛ asomdwoeɛ a na ɛwɔ nneɛma a atwa wɔn ahyia no mu.
The leader lost his life before accomplishing what he had promised his people.,Ɔkannifoɔ no wuiɛ ansa ɔrewie nneɛma a ɔde hyɛɛ ne nkurɔfoɔ bɔ no.
The rich pay some money to treat them with special care.,Adefoɔ tua sika ma wɔhwɛ wɔn yie.
"In Ghana, kingdoms have helped in improving health care and building schools.","Wɔ Ghana no, ahenni ahorow aboa maapomuden ho nhyehyɛe atu mpɔn na wɔasisi sukuu ahorow."
She has been working for that organization for over ten years.,Ɔde bɛboro mfe du ayɛ adwuma ama saa adwumakuo no.
Private schools should work with the government for better performance.,ɛsɛ sɛ ankorankoro sukuu ahorow ne aban yɛ adwuma ma wɔyɛ adwuma yiye
He was advised to have enough rest before driving.,Wɔhyɛɛ no ​​fo sɛ onnye n’ahome sɛnea ɛsɛ ansa na waka kar.
People create fake social media accounts to impersonate the Ministry of Education and Sports.,Nkorɔfoɔ yɛ atorɔ social media akanto de yɛ wɔn ho sɛ wɔyɛ aAsoeɛ a wɔhwɛ Nwomasua ne Agudie so.
The health ministry has been seen launching new health facilities during the coronavirus lockdown,Wɔhunuu ɔsoafoɔ a ɔhwɛ apɔmuden ho nsɛm so no sɛ ɔrebuebue adan afoforɔ ano wɔ Coronavirus mmerɛ a na wɔmma yɛmpue no mu.
The town provided a market for their vegetables.,Kurow no maa wɔn nhabannuru ho gua.
The coach's good tactics help a lot in winning games.,Ɔkyerɛkyerɛfo no akwan pa no boa kɛse wɔ nkonimdi mu wɔ agodie ahorow mu.
Samples of hemorrhagic fever sent to the Noguchi Memorial Institute for Medical Research tested negative.,atiridii a mogya tu no nhwɛsode ahorow a wɔde kɔmaa Noguchi Nkaedi Asoɛe a Ɛhwɛ Aduruyɛ mu Nhwehwɛmu So no yɛɛ nhwehwɛmu sɛ enni mu.
The village chairperson said that he will not contest in the next term.,Akuraa no ase guamtrani no kae sɛ ɔrensi akan wɔ afe a edi hɔ no mu.
Original products are often duplicated to make substandard products.,Wɔtaa yɛ nneɛma a wɔde dii dwuma mfiase no mprenu na ama wɔayɛ nneɛma a ɛnyɛ papa.
Residents offer up their land for roads to be constructed.,ɛhɔfo de wɔn asase ma sɛ wɔmfa nyɛ akwan.
The way the government is providing clean water is not liked by the people,"Ɔkwan a aban no fa so de nsu pa ma no, ɔmanfo no ani nnye ho"
Children are persons below the age of eighteen.,Mmofra yɛ nnipa a wonnii mfe dunan.
The revenue generated was fifty per cent more than the previous year.,Sika a wonyae no boro afe a etwaam no so ɔha biara mu aduonum.
Legal matters require one to follow rightful procedures,Mmara mu nsɛm hwehwɛ sɛ obi di akwan a ɛfata akyi.
Promote men’s positive involvement as partners and fathers.,hyɛ mmarima a wɔde wɔn ho bɛhyɛ mu yiye sɛ ahokafo ne agyanom ho nkuran.
Many radio listeners compete for money during radio shows.,Kasafidie so atiefoɔ pii si akan de hwehwɛ sika wɔ kasafidie so dwumadie ahodoɔ mu.
People in early ages used huts and caves their sherter.,Nkorɔfoɔ a na wɔwɔ tete mmerɛ mu no de asese ne mmotan yɛɛ wɔn dan.
Be faithful to your partner to prevent infection of Human Immune Virus,Di wo hokafo nokware na asiw Human Immune Virus a wobenya no ano
Promises about refurnishing damaged culverts have up to now not been addressed .,ɛde besi nnɛ no wonni bɔhyɛ ahorow a ɛfa nsu a wɔde fa nsu a asɛe a wɔbɛsan asiesie ho no ho dwuma
The language barrier is still a major challenge to many.,Kasa a nnipa binom ntumi nka anaa wɔnte aseɛ no da so ara yɛ ebinom haw.
"What are some of the project challenges, seeking information about the difficulties or obstacles faced in the project.","Adwuma no mu haw ahodoɔ no mu bi ne deɛn, yɛpɛ sɛ yɛhunu nsɛm a ɛfa nsɛnnennen ne akwansideɛ wɔrehyia wɔ adwuma no mu."
Some of the local people don't trust the judicial system.,Ɛhɔfo binom nni atemmu nhyehyɛe no mu ahotoso.
Most people steal so that they can feed their households.,Nnipa dodow no ara wia ade sɛnea ɛbɛyɛ a wobetumi ahwɛ wɔn afie.
People fear accessing loans because of the conditions involved in paying them.,Nkorɔfoɔ suro sɛ wɔbɛgye bosea ɛsiane nhyehyɛeɛ a ɛwɔ bosea a wotua mu nti.
The historicals will be remembered for their contributions towards the country.,"Nnipa a wɔn ho nsɛm wɔ yɛn abakɔsɛm mu no nnwuma pa a wɔdi de boaa ɔman no nti, yɛbɛkae wɔn daa."
Members of parliament represent different regions of the country.,Mmarahyɛbadwafoɔ gyina hɔ ma ɔman no mantam ahodoɔ.
The public has a right to know some of the decisions made on its behalf.,Ɔmanfoɔ wɔ hokwan sɛ wɔhunu gyinaesie a wɔasi wɔ wɔn ananmu no bi.
The organization is making farming more productive and profitable for Ghanaian farmers.,Ɛkuo no rema mfasoɔ pii aba kuayɛ mu ama Ghana akuafoɔ.
The minister has saved many people from losing their land to grabbers.,Ɔsoafoɔ no aboa nnipa ama wɔanya wɔn nsaase a nka wɔrehwere no bio.
Some women intentionally dress poorly to seduce male lecturers.,Mmea binom hyɛ da siesie wɔn ho yiye de daadaa mmarima akyerɛkyerɛfoɔ
Men are often overlooked when it comes to domestic violence but some men have been beaten up by their wives,Wɔtaa bu wɔn ani gu mmarima so berɛ a ɛfa ofie basabasayɛ ho nanso mmarima binom yerenom abo wɔn.
The diocese has provided advisory services to the married couples.,Asɔredan no de afotu adwuma ama awarefo no.
Fake seeds were found on sale in certain markets.,Waho aba a ɛnyɛ wɔ dwa ahorow bi mu
People earn money from tenants in form of rent.,Nkorɔfoɔ nya sika firi wɔn a ɛbɛhan wɔn da ho sɛ wɔde dan no han a.
The people asked the government to solve the high transport fare issue.,Nkorɔfoɔ no ka kyerɛɛ aban no sɛ ɔnsɔ akwantuo sika a akɔ soro ho nsɛm no ano.
There is an outbreak of hemorrhagic fever in countries neighbouring Ghana.,Atiridii a ɛma mogya tu nnipa atu atese wɔ nkuro a atwa Ghana ho ahyia no so.
There are conflicts between the district leaders of Tolon and Yendi,Yɛwɔ ntɔkwa wɔ mansini akannifoɔ Tolon ne Yendi ntam.
Some people received less money compared to the destruction they got.,"Sɛ wɔde toto ɔsɛe a wonyae no ho a, na nnipa binom nsa ka sika kakraa bi."
Poor funding has ensured low agricultural output and deterred agricultural activities.,Sika a wɔmfa mma no ama wɔanya kuayɛ mu nneɛma a ɛba fam na asiw kuayɛ dwumadi ahorow kwan
A few people have not vacated the place yet.,Nnipa kakraa bi na nnya firii beaeɛ hɔ.
Many officers in Ghana steal the government's money.,Adwumayɛfoɔ pii a wɔwɔ Ghana wia aban no sika.
"I always drink a refreshing glass of water every morning, but not necessarily to quench my thirst.","Bere nyinaa menom nsu kuruwa a ɛma ahoɔden anɔpa biara, nanso ɛnyɛ nea ɛho hia sɛ mede bedum me sukɔm."
How can we stop blood shade among people?,Yɛbɛyɛ dɛn atumi asiw mogya sunsuma ano wɔ nnipa mu?
The company is greatly indebted to the bank.,Adwumakuw no de sikakorabea no ka kɛse.
The council authority should take measures to prevent wetland encroachers.,Ɛsɛ sɛ agyinatukuw no mpanyimfo yɛ nneɛma bi de siw nsuten a wɔbɛtow ahyɛ so no ano.
coronavirus patients are increasing even after government restrictions.,coronavirus ayarefoɔ redɔɔso wɔ aban anohyetoɔ akyi mpo.
People in the community are free to use the school library.,Nkorɔfoɔ a wɔwɔ kuro no mu wɔ ho kwan sɛ wɔde sukuu nwomakoradan no di dwuma.
Women believe in traditional birth attendants more than in hospital staff.,Mmaa gye nnipa a wɔgye awoɔ wɔ fie no di sene wɔn a wɔyɛ adwuma wɔ ayaresabea no.
He was released from jail before his trial.,Woyii no fii afiase ansa na wɔredi n’asɛm.
"Pokuaa does not have money to clear the loan, facing financial difficulties.","Pokuaa nni sika a ɔde betua bosea no, ohyia sikasɛm mu nsɛnnennen."
"She ran so fast because some stranger was chasing her as she was running, she fell down.","Otuu mmirika ntɛmntɛm paa efiri  sabbatɛ na ɔhɔho bi retaa no bere a ɔretu mmirika no, ɔhwee ase."
Christians should be part of the one hundred years of celebrations and engage more in church celebrations to receive blessings.,Ɛsɛ sɛ Kristofo ka mfe ɔha afahyɛ ahorow no ho na wɔde wɔn ho hyɛ asɔre afahyɛ ahorow mu kɛse na ama wɔanya nhyira.
To succeed in a business you have to know how to use small spaces.,"Nea ɛbɛyɛ na woatumi agyina wɔ adwadie bi mu no, ɛsɛ sɛ wohunu sɛdeɛ wobɛtumi de beaeɛ kakraa bi ayɛ adwuma."
Mothers who fail to push out the baby during labor are operated.,Wɔyɛ ɛnanom a wontumi nkyem mma akokoaa no mfi mma bere a wɔrewo no oprehyɛn.
Some people say that politics is a dirty game.,Nnipa binom ka sɛ amammuisɛm yɛ agoru a ɛho nteɛ
The headteacher and the teachers apparently fled on arrival of the police.,Sukuupanin no ne akyerɛkyerɛfoɔ no dwaneeɛ berɛ a apolisifoɔ baeɛ no.
The forces that unite us are intrinsic and greater than the superimposed influences that keep us apart.,"Honhom a ɛka yɛn bom no yɛ deɛ ɛte yɛn mu, na ne ho yɛ den kyɛn deɛ ɛtete yɛn ntam wɔ honam mu no"
The officials are working hard to improve infrastructures at the district level.,Mpaninfoɔ no reyɛ adwuma den ama adansie akɔ so wɔ mansini mu.
The two communities' economic and social statuses are being affected by the conflicts.,Ntawntawdi no renya mpɔtam abien no sikasɛm ne asetra mu gyinabea so nkɛntɛnso.
A farmer said they would sustain themselves because of the planted trees.,Okuani bi kaa sɛ wɔbɛ hwɛ wɔn ho so ɛnam nnua no a wɔaduadua no nti.
The death toll from malaria remains high every year.,Nnipa dodow a asramma kunkum wɔn no da so ara dɔɔso afe biara.
Pregnant women in rural areas traver long distances to access quality health services.,mmea a wɔyem a wɔwɔ nkuraase no twa akwan tenten kɔfa akwahosan ho nhyehyɛe pa.
The ministry will set up irrigation schemes and provide machinery.,Asoeɛ no bɛyɛ akwan ahodoɔ a wɔfa so gugu nnoɔma so na wɔasane nso de mfidie aka ho.
"If you decide to save your money, it shall accumulate with time.","Sɛ wusi gyinae sɛ wobɛkora wo sika a, bere kɔ so no, ɛbɛboaboa ano."
What qualifications do you need to have to become a policeman?,Nneɛma bɛn na ɛsɛ sɛ woduru ho ansa na woatumi abɛyɛ polisini?
The hospital has committed and focused workforce which has a passion for service provision.,Ayaresabea no wɔ adwumayɛfoɔ a wɔn ani ku wɔn adwuma ho na wɔmma biribiara ntwetwe wɔn adwene wɔ wɔn dwumadie mu.
The youths have already elected their leaders at the local council level.,Mmabunu no ayi wɔn akannifoɔ wɔ mpɔtam futufoɔ gyinaberɛ no awie.
The public rerations officer informs the public about the ongoing activities.,Public rerations officer no bɔ ɔmanfo amanneɛ wɔ dwumadi ahorow a ɛrekɔ so no ho.
Health workers are trying their level best to save people's lives.,Akwahosan adwumayɛfo rebɔ mmɔden sɛnea wobetumi biara sɛ wobegye nkurɔfo nkwa.
The district has advised people to look out for alternative sources of energy.,Ɔmantam no atu nkurɔfo fo sɛ wɔnhwɛ yiye wɔ ahoɔden foforo a wobenya afi mu.
The disease is mostly found in places near the border.,Wohu yare no kɛse wɔ mmeae a ɛbɛn ɔhye no.
The ordained priests should learn from senior priest.,Ɛsɛ sɛ asɔfo a wɔahyira wɔn no sua biribi fi ɔsɔfo panyin hɔ.
The project will stimulate development and increase people's participation in business activities.,Dwumadie no bɛma nkɔsoɔ na ama nnipa a wɔyɛ adwuma no adɔɔso.
The doctor in the clinic referred her to the nearby hospital.,Dɔkotani a ɔwɔ kliniki hɔ no yii no sɛ ɔnkɔ ayaresabea kɛseɛ a ɛbɛn hɔ no mu
The headteachers contributed the rest of the required fees to ensure that only eight candidates in the school achieved good grades.,Sukuu mpanimfoɔ no gyegyee sika tuaa sika a na aka no sɛdeɛ ɛbɛyɛ a wɔbɛma asuafoɔ nwɔtwe pɛ anya mma papa wɔ sukuu no mu
The chairman wants to carry out general cleanliness in the area.,Oguamtrani no pɛ sɛ ɔyɛ ahotew nyinaa wɔ mpɔtam hɔ.
Health services need to be brought closer to people.,Ɛsɛ sɛ wɔma akwahosan ho nnwuma bɛn nnipa.
The health centre employees sit on a silent protest outside the administrative block.,Adwumayɛfoɔ a wɔyɛ adwuma wɔ ayaresabea hɔ no tete ɛdan no nkyɛn mu baabi a wɔn ani abere rete wɔn mpanimfoɔ so atua
"If not vaccinated against, chances are, one can easily be infected with the disease.","Sɛ wɔamfa nnuru ankum a, ɛda adi sɛ ɛnyɛ den sɛ obi benya yare no bi."
Acquiring a driving permit now days is both not easy and also expensive,Sɛ worenya ɛhyɛnka ho akwanya nnɛ yi mu nna fam na ne boɔ san so yɛ den.
The government has put up viral infection prevention strategies as the leader encouraged people to step up and test for sexually transmitted diseases.,"Aban no ayɛ ntotoeɛ binom a ɛbɛboa ama wɔatumi asosɔ sɛdeɛ yareɛ no trɛ no ano, na wɔn akannifoɔ no nso ahyɛ wɔn nkuran sɛ wɔmmra mma wɔnyɛ nna mu yareɛ ho hwehwɛmu no bi wɔ wɔn nipadua mu"
"The hospital has only two incubators, yet the number of premature babies is high.","Ayaresabea no wɔ inkubata mmienu pɛ, nanso mmɔfra a wɔwo wɔ ansa na wɔn berɛ aso no dɔɔso pa ara."
"Even in Ghanaian schools, there is corruption and bribes.","Wɔ Ghana sukuu ahorow mu mpo no, kɛtɛasehyɛ ne adanmude wɔ hɔ."
"During the lockdown, many people lost their jobs.","Wɔ lockdown mu no, nnipa pii hweree wɔn adwuma."
Football funs can either like or dislike what is happening during the transfers.,Nnipa a wɔn ani gye bɔɔlbɔ ho no betumi apɛ anaa sɛ ɔmo npɛ nea ɛrekɔ so wɔ agumadi mu atotototɔn
The Ashanti Empire fought several wars with neighboring kingdoms and lesser organized groups such as the Fante.,Ashanti Ahemman no ne ahenni ahorow a ɛbemmɛn hɔ ne akuw a wɔnyɛ nhyehyɛe kakraa bi te sɛ Fante dii ako pii.
I suspected your son to be a thief.,Misusuwii sɛ wo ba no yɛ owifo.
The brother reported the case to the community development officer.,Onua no bɔɔ asɛm no ho amanneɛ kyerɛɛ mpɔtam hɔ nkɔso ho ɔpanyin no.
The Ohene were divisional chiefs under the Amanhene.,Ɔhene no yɛ ahemfo nkyekyɛmu a ɔhyɛ Amanhene ase.
Charity organizations provide help and raise money for those in need.,Adɔe ahyehyɛde ahorow de mmoa ma na wɔboaboa sika ano ma wɔn a wohia mmoa.
The thugs were arrested and taken to Edina police post.,Wɔkyeree basabasayɛfo no de wɔn kɔɔ Edina polisifo adwumayɛbea.
Students must engage in all schooling activities and perform well .,Ɛsɛ sɛ asuafo de wɔn ho hyɛ sukuu dwumadi nyinaa mu na wɔyɛ adwuma yiye .
This year's counting of people was difficult due to the pandemic.,Saa afe yi nnipakan no ho yɛɛ den ɛnam ɔyaredɔm no nti.
Making losses is not the end of it all.,"Wobɔ ka a, ɛnnyɛ awiei no ara nono.."
The ventures will be sources of employment to the locals.,Nnwuma a wɔbɛyɛ no bɛyɛ adwuma a ɛhɔfo benya.
Fathers spend most of the time looking for what to feed their families.,Agyanom de wɔn bere dodow no ara hwehwɛ nea wobedi ama wɔn mmusua.
Most of the refugees want to live in favourable conditions.,Aguanfo no mu dodow no ara pɛ sɛ wɔtra tebea pa mu.
Some leaders refused to take part in the decision making of the district.,Akannifo binom ampene so sɛ wɔde wɔn ho bɛhyɛ ɔmantam no gyinaesi mu.
His death on the cross brought salvation to all sinners.,Ne wu wɔ asɛnnua so no de nkwagye brɛɛ abɔnefo nyinaa.
People do not want to associate with failures.,Nkorɔfoɔ mpɛ sɛ wɔbɛdi nkuguo.
Tight regulations are needed to fight swamp reclamation hence conserving the environment.,Mmara a ɛmu yɛ den ho hia na wɔako atia atɛkyɛ a wɔbɛsan asiesie ma ɛnti wɔbɛkora nnoɔma a atwa yɛn ho ahyia so.
People have been displaced from their homes due to land conflicts.,Wɔatu nkorɔfoɔ afiri wɔn afie mu ɛsiane asase so ntawantawadie nti.
The government is looking for other ways to get taxes.,Aban no rehwehweɛ akwan foforɔ binom a ɔbɛtumi afa so anya ɛtoɔ ahodoɔ
There are no funds allocated to help the disabled in rural areas.,Wɔntwaa sika biara ntoo hɔ a wɔde boa nnipa a wɔadi dɛm wɔ nkuro nketewa mu.
This rite involves plastering two side doors with red clay (Akpade) on the Friday of the Twins Yam Festival.,Saa amanneɛ yi hia sɛ wɔde dɔte kɔkɔɔ (Akpade) twitwi apono afanu wɔ Efiada a wɔdi Ntafoɔ Bayerɛ Afahyɛ no.
His wife died while undergoing a cesarian section yesterday night.,Ne yere wui bere a na wɔreyɛ no oprehyɛn oprehyɛn nnansa yi anadwo.
The full dose for tuberculosis is taken for a long period of time,Ɛsɛ sɛ wɔnom nsamanwa ho aduro no nyinaa kyɛ pa ara
Mobile money is the simplest and easiest way of transferring money.,Fon sika yɛ ɔkwan a ɛyɛ mmerɛw na ɛnyɛ den a wɔfa so de sika kɔ baabi foforo.
It is not right to arm oneself with dangerous weapons.,Ɛnyɛ deɛ ɛfata sɛ obi de akodeɛ a ɛyɛ hu bɛhyɛ ne ho.
The resident district commissioner was confident that the sewerage project will be well managed.,Ná ɔmantam sohwɛfo a ɔte hɔ no wɔ ahotoso sɛ wɔbɛhwɛ nsu fĩ ho adwuma no so yiye.
People are getting water at the same place where animals feed.,Nkorɔfoɔ renya nsuo wɔ beaeɛ korɔ no ara mmoa didi hɔ no.
Every new household in the area is encouraged to have a latrine.,Wɔhyɛ ofie foforo biara a ɛwɔ mpɔtam hɔ nkuran ma wonya tiafi.
Talents can be a good way to get the youth out of poverty.,Talent betumi ayɛ ɔkwan pa a wɔfa so yi mmabun fi ohia mu.
How can one obtain fame in the shortest period of time?,Ɔkwan bɛn so na obi betumi anya din wɔ bere tiaa mu?
Students will have a briefing before they sit their exams and God bless them with the knowledge to pass the exams.,Asuafoɔ bɛnya nsɛm tiawa ansa na wɔayɛ wɔn sɔhwɛ na Onyankopɔn nhyira wɔn wɔ nimdeɛ a wɔde bɛtwa sɔhwɛ no mu.
People will benefit greatly from this agricultural project.,Nkurɔfoɔ benya kuayɛ adwuma yi so mfasoɔ kɛse.
The technical aspects of oil production are being finalized.,Wɔrewie mfiridwuma mu nneɛma a ɛfa ngo a wɔyɛ ho no
The deceased will always be appreciated for his good deeds.,Owufo no bɛkyerɛ ne nneyɛe pa ho anisɔ bere nyinaa.
The scholarship covers both medical bills and accommodation.,Sika a wɔde ma no tua aduruyɛ ho ka ne dabere nyinaa ho ka
The officer in charge of the new police post hates bribes.,Ɔsraani panyin a ɔhwɛ polisifo adwumayɛbea foforo no so no kyi adanmude.
The chairman warned us against the abuse of drugs.,Oguamtrani no bɔɔ yɛn kɔkɔ wɔ nnubɔne a yɛde di dwuma ɔkwammɔne so ho.
Certified outlets are the only ones allowed to sell seeds.,Nneɛma a wɔtɔn aba a wɔagye atom nkutoo na wɔma ho kwan sɛ wɔtɔn aba.
Poor parenting is times leads to child kidnapping.,awofo a wɔnyɛ papa no yɛ mmere a ɛde mmofra a wɔkyere wɔn sie ba
Every district employee was allowed to upgrade their skills.,Wɔmaa ɔmantam no mu adwumayɛfo biara kwan ma wodii wɔn nimdeɛ anim.
People have been able to access loans from their cooperatives.,Nkorɔfoɔ atumi agye bosea afiri wɔn sikakorabea hɔ.
Non health workers are still selling drugs to people.,Wɔn a wɔnyɛ akwahosan ho adwumayɛfo da so ara tɔn nnuru ma nkurɔfo.
The returning officer has the power to declare the candidate winner.,Ɔpanyin a ɔhwɛ sika so no wɔ tumi sɛ ɔbɛpae mu aka sɛ nea ɔpɛ sɛ ɔyɛ ɔkannifo no adi nkonim.
The people have received funds from the government for business purposes.,Nnipa no agye sika afiri aban no hɔ de kɔyɛ adwuma.
The district received more funds to settle the situation fully.,Mansini no no nyaa sika bebree de sɔɔ ɔhaw ahoroɔ no nyinaa ano korakora
Some people use firewood for cooking instead of charcoal.,Nnipa binom de ogya nnua di dwuma de noa aduan sen bidie
Policemen who beat civilians should be taken to the courts of law.,Ɛsɛ sɛ wɔde polisifoɔ a wɔboro ɔmanfoɔ a wɔnyɛ asraafoɔ no kɔ asennibea ahodoɔ.
It's said that he paid extra money for construction of two latrines at Ajini landing sites.,Wɔka sɛ otuaa sika foforo kaa deɛ na ɛsɛ otua de si tiafi mmienu wɔ mmeae a  wosi fam wɔ Ajini no.
The new players are more active than the old ones.,Agodifo foforo no yɛ nnam sen dedaw no.
Islam made its entry into modern Ghana around the fifteenth century mainly through trading activities.,Islam nam adwa dwumadie so titire na ɛhyɛnee nnɛ yi wɔ Ghana bɛyɛ afe ɔha a ɛtɔ so dunum mu.
Girls have challenges that see them out of school.,Mmaayewa hyia nsɛnnennen a ɛmma wɔnkɔ sukuu.
The number of people taking human immune virus drugs is reducing gradually.,Nnipa dodow a wɔnom nnuru a ɛma nipadua no tumi ko tia nyarewa no so retew nkakrankakra.
Practicing commercial activities helps overcome poverty in society.,Aguadi dwumadi ahorow a wɔyɛ no boa ma wodi ohia so wɔ ɔmanfo mu.
The district budget is affected by high fertility rates in the region.,Ɔmantam sikasɛm nhyehyɛe no nya nkɛntɛnso esiane awo dodow a ɛkɔ soro wɔ ɔmantam no mu nti.
"That project is expected to end this year, indicating the projected completion of the mentioned project within the current year.","Wɔhwɛ kwan sɛ saa adwuma no bɛba awiei afe yi, na ɛkyerɛ sɛ wɔahyɛ sɛ wobewie adwuma a wɔaka ho asɛm no wɔ afe a yɛwom yi mu."
People should cooperate with the officials to boost business activities in the area.,Ɛsɛ sɛ nkorɔfoɔ ne mpanimfoɔ no yɛ baako na ama adwadie dwumadie anya nkɔsoɔ wɔ mpɔtam hɔ.
Community programs can help people to understand the importance of protecting the environment.,Mpɔtam hɔ nhyehyɛe ahorow betumi aboa nkurɔfo ma wɔate hia a ɛho hia sɛ wɔbɔ nneɛma a atwa yɛn ho ahyia ho ban no ase.
Schools in rural areas are in bad condition.,sukuu ahodoɔ a ɛwɔ nkuraase no tebea nye.
The electoral commission of Ghana is organizing for the upcoming general elections.,Abatoɔ Asoeɛ a ɛwɔ Ghana no reyɛ nhyehyɛeɛ ama Ɔmanfoɔ nyinaa abatoɔ a ɛreba.
Many other women from different villages have benefited from the project.,Mmaa afoforɔ pii a wofi nkuraa ahodoɔ ase anya adwuma no so mfasoɔ.
The president promised to work on the roads during campaigns.,Ɔmampanyin no hyɛɛ bɔ sɛ ɔbɛyɛ adwuma wɔ akwan so wɔ ɔsatu ahorow mu.
Many samples were taken from the border points.,Wɔfaa nhwɛsodeɛ pii fii mmeae a ɛwɔ hyeɛ no so no.
The government needs to step up and help the schools in poor conditions.,Ɛsɛ sɛ aban no de nan si fam na ɔboa sukuu ahodoɔ a wɔn tebea resɛe no nyinaa
Corruption among district officials has led to leaders selling the animals meant for the people to non-beneficiaries.,Adifudepɛ a ɛkɔ so wɔ ɔmantam mpanyimfo mu no ama akannifo atɔn mmoa a wɔahyɛ da ayɛ ama ɔmanfo no ama wɔn a wonnya so mfaso.
The investors are interested in the development of both the community here and their country.,Deɛ nnipa a wɔde wɔn sika rebɛhyɛ mu no rehwehwɛ yɛ mpɔtam yi ne wɔn man mpuntuo nyinaa.
Mobile money agents are receiving less commission because of mobile money tax.,Fon sika adwumayɛfo nya ahyɛde a wɔde ma a ɛba fam esiane fon sika tow nti.
Ownership of the land under the Angule people sparked off the fight.,Asase a na wɔwɔ wɔ Angulefoɔ no ase no na ɛde ɔko no baeɛ.
Motorcycles are the cheapest and fastest means of transport.,Moto ne akwantu afiri a ne bo nyɛ den na ɛyɛ ntɛm sen biara.
To develop an area very sector in the government has to get involved.,"Sɛ wobɛyɛ beaeɛ bi a, ɛsɛ sɛ ɔfa bi a ɛwɔ aban mu no de wɔn ho hyɛ mu."
How will the farmer groups benefit from this project?,Ɔkwan bɛn so na akuafo akuw no benya adwuma yi so mfaso?
The structures are bound to collapse in case of heavy rains.,Ɛdan no bɛdwiri agu sɛ nsuo denden tɔ a.
If you lose in a party election then you can stand as an independent candidate.,Sɛ wodi nkogu wɔ ekuo abatow mu a ɛnde wobɛtumi agyina hɔ sɛ ankoroankoro.
The official moved from home to home to confirm the existence of the cows.,Ɔpanyin no tu fii fie kɔɔ fie de sii so dua sɛ anantwi no wɔ hɔ.
The engineer advised me to put hardcore stones in the foundation of my house.,Onipa a na ɔresi me dan no tuu me fo sɛ menfa aboɔ a ɛyɛ den ngugu me dan no fapem no mu
Christians should serve the Lord and get involved in church activities by working together to improve the church infrastructure.,Ɛsɛ sɛ Kristofo som Awurade na wɔde wɔn ho hyɛ asɔre dwumadi ahorow mu denam adwuma a wɔbom yɛ de ma asɔre no nhyehyɛe tu mpɔn no so.
It is very important to have a good communication between husband and wife.,Ɛho hia pa ara sɛ kunu ne yere nya nkitahodie pa.
Investors take risks by investing in businesses and projects.,Sikakorafoɔ de wɔn ho to asiane mu ɛnam sika a wɔde hyɛ nnwuma ne nnwuma mu no so.
Farmers were requested to register as an association.,Wɔka kyerɛɛ akuafo no sɛ wɔnkyerɛw wɔn din sɛ kuw.
Can you direct me to the intensive care unit for babies?,So wubetumi akyerɛ me kwan akɔ baabi a wɔhwɛ nkokoaa a wɔyare denneennen no?
"Before the clash, the two officers had a bitter argument.","Ansa na ntawntawdi no reba no, polisifo baanu no gyee akyinnye denneennen."
There is a rise in theft and killings in the rural parts of the country.,Korɔnobɔ ne awudie rekɔ so pa ara wɔ nkuro nketewa mu wɔ ɔman no mu.
Agriculture is the most economically viable sector in Ghana.,Kuadwuma ne ade a sikasɛm mu mfasoɔ wɔ  pa ara wɔ Ghana.
"All seed needs water, oxygen, and warmth to grow.","Aba nyinaa hia nsu, mframa pa, ne ɔhyew na ama anyin."
Drivers stop at fuel stations to buy fuel for their vehicles.,Karkafo gyina mmeae a wɔtɔn pɛtro kɔtɔ pɛtro ma wɔn kar ahorow.
The road works have delayed due to disagreements between landowners and government.,Ɔkwan no so adwuma no akyɛ esiane akasakasa a ɛda asasewuranom ne aban ntam nti.
Leadership is an important position that comes with respect,Akannidie yɛ dibea a ɛho hia a ɛde obuo ba.
Political tolerance and divergent ideas are what Bawku needs from its people to develop.,Amammuo mu abodwokyɛre ne adwene a ɛsono emu biara ne nea Bawku hia fi ne nkurɔfo hɔ na ama anya nkɔso.
The committee invited big people in the country for the function.,Boayikuw no too nsa frɛɛ nnipa akɛse a wɔwɔ ɔman no mu baa dwumadi no ase.
The minister asserted that she survived by the grace of God.,Ɔsoafoɔ no kaa sɛ ɔnyaa nkwa ɛsiane Nyankopɔn adom nti.
"His job revolved around researching, writing, and reporting new stories.","Ná n’adwuma no fa nhwehwɛmu a ɔbɛyɛ, akyerɛw, na wabɔ nsɛm foforo ho amanneɛ."
Police have made efforts to investigate the matter.,Polisifoɔ abɔ mmɔden sɛ wɔbɛhwehwɛ asɛm no mu.
"It is evident that some headteachers are incompetent and lack the necessary skills to effectively manage the schools, ultimately impacting student performance.","Ɛda adi sɛ akyerɛkyerɛfo mpanyimfo binom nni nimdeɛ na wonni nimdeɛ a ɛho hia a wɔde bɛhwɛ sukuu ahorow no so yiye, na awiei koraa no ɛka asuafo adwumayɛ."
There is need to expand the emergency unit because of the increasing number of patients.,Ɛho hia sɛ wɔtrɛ beaɛ a wɔhwɛ yareɛ a ɛmu yɛ den no mu ɛsiane ayarefoɔ a wɔredɔɔso no nti.
The Portuguese position on the Gold Coast remained secure for over a century.,Portuguesefoɔ gyinabea wɔ Sika kɔkɔɔ Mpoano no kyɛeɛ bɛboro mfeɛ mpemha.
People in rural areas share water with animals.,Nkorɔfoɔ a wɔwɔ nkuraase no ne mmoa nom nsuo korɔ.
"Mass immunization will take five days, it will take place at the health center.","Nnipa pii aduroyɛ begye nna nnum, ɛbɛkɔ so wɔ akwahosan asoɛe."
Knowing the people in a neighbour's house ensures village safety.,"Sɛ wonim nnipa a wɔwɔ ofipamfoɔ fie a, ɛma akuraa ase ahobammɔ."
It is believed that Adam was the first man God created.,Wɔgyedi sɛ Adam ne onipa a edi kan a Onyankopɔn bɔɔ no.
Both parents and teachers play an important role in a child's academic life.,Awofoɔ ne akyerɛkyerɛfoɔ nyinaa di dwuma titiriw wɔ abofra nhomasua asetra mu.
The director signed the agreement on behalf of the staff.,Ɔkwankyerɛfo no de ne nsa hyɛɛ apam no ase wɔ adwumayɛfo no ananmu.
Students are no longer scared of contracting HIV.,Asuafoɔ nsuro bio sɛ ​​wɔbɛnya HIV.
Use of contraceptives helps families to lay prospective strategies for their children.,Nnuro a wɔde si nyinsɛn kwan no boa mmusua ma wɔyɛ nhyehyɛeɛ ma wɔn mma.
The National Congress sent a delegation to London to urge the Colonial Office to consider the principle of elected representation.,ɔman no kongerɛse asoma ananmusifoɔ kɔ London sɛ wɔne wɔn sodifoɔ nkɔ kasa mfa sɛdeɛ wɔyi nnipa ma wɔsi wɔn ananmu no ho.
The government has injected funds to extend educational services to the people.,Aban no sika pii awura mu sɛdeɛ ɛbɛyɛ a ɛbɛma no atumi de nkyerɛkyerɛ a ɛfata ama ɔmanfoɔ no.
Surprisingly she gave birth at fourteen years of age.,Anwonwasɛm ne sɛ ɔwoo bere a na wadi mfe dunan.
Having multiple partners increases the risk of spreading infectious diseases.,"Sɛ wo ne ɔhokafoɔ pii da a, ebetumi ama woanya nsanyare pii."
Every team tries its best not be the last at the end of the season.,Kuw biara bɔ mmɔden sɛ wɔrenyɛ wɔn wɔ twa toaɔ wɔ afe no awiei.
It is important for refugee camps to have sanitation systems.,Ɛho hia sɛ atukotena nsraban ahorow no nya ahotew ho nhyehyɛe.
Schools should provide food for all children at school.,ɛsɛ sɛ sukuu ahodoɔ ma mmofra nyinaa aduan wɔ sukuu mu.
The catholic faith builds its churches on hills.,Katolek gyidi no si n’asɔredan ahorow wɔ nkoko so.
"In order to start up a business, you need capital.","Sɛ wubetumi afi adwuma bi ase a, wuhia dwatire."
My wife reported me to the police for beating her.,Me yere kɔ bɔɔ amanneɛ kyerɛɛ polisifo sɛ meboroo no.
The number of positive cases among returnees increased.,Nnipa dodow a wɔanya yare no wɔ wɔn a wɔsan bae no mu kɔɔ soro.
It is not only the government that supports its people. It's a group effort to help those people in need.,Ɛnyɛ aban no nko ara na ɛboa ne nkurɔfoɔ. Ɛyɛ kow mmɔdenmɔ a wɔde bɛboa saa nnipa a wohia mmoa no.
Many people have been arrested for illegal charcoal burning.,Wɔakyere nnipa pii sɛ wɔhyew bidie a mmara mma ho kwan.
A huge pile of garbage can lead to a bad smerl and lots of flies.,Nwura a wɔaboaboa ano kɛse betumi ama nka bɔne ne nwansena pii aba.
Politicians should not point fingers at each other as this causes division.,ɛnsɛ sɛ amammuifo de wɔn nsateaa kyerɛ wɔn ho wɔn ho efisɛ eyi de mpaapaemu ba.
We need to fight for women's rights in Ghana and find out the true causes of poverty in our country.,Ɛsɛ sɛ yɛko ma mmaa hokwan wɔ Ghana na yɛhwehwɛ adeɛ pɔtee a ɛde ohia ba wɔ yɛn man mu.
lessons learnt are being revised to improve Ebola preparedness.,wɔreyɛ asuadeɛ ahodoɔ a wɔanya no mu nsakrae de ama ahosiesie a wɔyɛ wɔ Ebola ho no atu mpɔn.
Marriage is not about eating and drinking but seeking blessings from God.,Aware nyɛ adidi ne ɔnom na mmom nhyira a wɔhwehwɛ fi Onyankopɔn hɔ.
The municipal council lacks enough offices in the division headquarters.,Mansini no kansele no nni ɔfese beberee wɔ wɔn asoeɛ kɛseɛ mu hɔ.
A group of boys from the neighboring town attacked and beat up our chairman.,Mmarimaa kuu bi a wofiri kurow a ɛbɛn yɛn hɔ no to hyɛɛ yɛn dwamutenani  no so boroo no.
The police has failed to regulate the night discos.,Polisifo ntumi nhyehyɛɛ anadwo disko ahorow no ho nhyehyɛe.
His supporters did not follow the guidelines for preventing the spread of coronavirus.,Wɔn a wɔtaa n’akyi no anni akwankyerɛ a wɔde besiw coronavirus a ɛbɛtrɛw ano no akyi.
The cow appears weak. You should have a vet look at it.,Ɛte sɛ nea nantwi no yɛ mmerɛw. Ɛsɛ sɛ woma mmoa ho ɔyaresafo hwɛ.
It was a decision made by the district leaders.,Ɛyɛ gyinae a wɔn a wɔda mansini no ano no na esiiyɛ.
The officials should hire a security company to safeguard property.,Ɛsɛ sɛ mpanyimfo no fa adwumakuw bi a ɛbɔ wɔn ho ban ma wɔbɔ agyapade ho ban.
The army served as the effective tool to procure captives.,Asraafo no yɛɛ adwinnade a etu mpɔn a wɔde nya nnommum.
The district is not taking any action against the loggers.,Mansini no nyɛɛ n'adwene sɛ wɔde nnipa a wɔbubu nnua no bɛfa mmara kwan biara so.
Cleaning the streets is a sign of Christianity.,Mmɔnten so a wosiesie no yɛ Kristosom ho sɛnkyerɛnne.
"Golf is seen as a sport for the rich, but that shouldn't be the case.","Wobu gɔlf sɛ adefo agodie, nanso ɛnsɛ sɛ ɛte saa."
Some people attend weddings to just have fun.,Nnipa binom kɔ ayeforohyia ase de gye wɔn ani kɛkɛ.
"The 2019 Hogbetsotso festival was attended by some dignitaries including two Ghanaian Ex-Presidents, Jerry John Rawlings, and John Dramani Mahama.","Afe 2019 Hogbetsotso afahyɛ no, anuonyamfo bi a wɔn mu bi ne Ghana amanpanin a wɔn atwam baanu, Jerry John Rawlings, ne John Dramani Mahama na wɔbaa ase."
People will be educated on how they should live a healthy life.,Wɔbɛkyerɛkyerɛ nkurɔfoɔ sɛnea ɛsɛ sɛ wɔtena ase a ahoɔden mu.
Raising a child is a responsibility of the whole society,abofra a wɔbɛtete no yɛ ɔmanfo nyinaa asɛyɛde
Netball is game mostly enjoyed and played by women.,Nɛtbɔɔl yɛ agodie a mmea ani gye ho kɛse na wodi.
There was an increase in COVID-19 deaths at the end of September.,COVID-19 ho wuo no bu bɔɔ ho wɔ Ɛbɔ bosome no awieeɛ.
The food distributed was less than the number of people to receive it.,Na aduane a wɔrekyekyɛ no sua kyɛn nnipa a ɛsɛ sɛ wɔn nsa ka bi no.
The foreigners have invested in a hydropower plant.,Nkurɔfoɔ a wɔfiri aman afoforɔ so no de wɔn sika ahyɛ anyinam a wɔnya firi nsuo mu adwuma no mu
Poor farming methods lower the quality and quantity of crop yields.,Akwan pa a wɔfa so yɛ kua no brɛ nnɔbae a wonya no yiye ne dodow ase.
The headteacher was sacked over alleged involvement in the last week strike.,Wɔpamoo sukuupanin no ɛfiri sɛ ɔde ne ho hyehyɛɛ atuateɛ a ɛkɔɔ so nnawɔtwe a ɛtwaa mu no mu.
People in our town are not following the presidential directives on coronavirus .,Nkorɔfoɔ a wɔwɔ yɛn kuro mu no nni ɔmanpanin no nhyehyɛeɛ fa corona yadeɛ no ho so.
Refugees should be sensitized about peace and harmony.,ɛsɛ sɛ wɔma aguanfo te asomdwoe ne biakoyɛ ho.
"Acknowledging the importance of the health sector, the government increased the funds allocated to it, as demonstrated by the president being the guest of honor at the opening of the midwifery school.","Esiane sɛ aban no gye toom sɛ akwahosan ho adwuma no ho hia nti, ɛmaa sika a wɔde ma no no kɔɔ soro, sɛnea ɔmampanyin no daa no adi no ɔhɔho a wɔde nidi ma no wɔ awogye sukuu no bue mu."
Most people with disabilities do not participate in sports regularly.,Nnipa a wɔadi dɛm dodow no ara mfa wɔn ho nhyɛ agumadi mu daa.
"During the upcoming weekend, my friends plan to enjoy themselves at the disco.","Wɔ dapɛn awiei a ɛreba no mu no, me nnamfonom ayɛ nhyehyɛe sɛ wobegye wɔn ani wɔ disko no mu."
"In case things go wrong, we should report.","Sɛ nneɛma nkɔ yiye a, ɛsɛ sɛ yɛbɔ amanneɛ."
Resources like land could be used for farming activities.,Na wobetumi de nneɛma te sɛ asase ayɛ kuayɛ dwumadi ahorow.
I know that by God's grace the best is yet to come until Ghana becomes a household name on the earth.,Minim sɛ ɛnam Onyankopɔn adom so na nea eye sen biara no da so ara reba kosi sɛ Ghana bɛyɛ ofie din wɔ asase so.
If you study hard you will have a great future.,Sɛ woyere wo ho sua ade a wubenya daakye kɛse.
"The Kpone Katamanso District officials will hold a meeting to discuss people's challenges, including the pressing issue of Ashaiman market lacking a public toilet.","Kpone Katamanso Mantam mu mpanyimfo bɛyɛ nhyiam bi de asusuw nkurɔfo nsɛnnennen ho, a asɛm a ɛho hia a ɛfa Ashaiman gua a enni ɔmanfo tiafi ho ka ho."
Local leaders collect and update their subordinates on necessary information concerning the community.,Mpɔtam hɔ akannifoɔ boaboa wɔn a wɔhyɛ  wɔn ase ano na wɔbɔ wɔn amanneɛ wɔ nsɛm a ɛho hia a ɛfa mpɔtam hɔfoɔ ho.
Vomiting and bleeding from openings are some of the signs of Ebola.,Ɛteɛ ne mogya a ɛfa ntokuro a ɛda yɛn nipadua mu no yɛ Ebola ho nsɛnkyerɛnne.
There are a number of medications that can help prevent or interrupt malaria in travellers to places where infection is common.,Yɛwɔ nnuro ahodoɔ ɛbɛtumi aboa asi atiridii kwan anaa ɛnnye ntini wɔ akwantufoɔ a wɔrekɔ beaeɛ yadeɛ no nyɛ na wɔ hɔ.
The team has been looking for partners to cater for their transport.,Kuw no ahwehwɛ ahokafo a wobedi wɔn akwantu ho dwuma.
Peer pressure is a major contributor to substance abuse.,Atipɛnfoɔ nhyɛsoɔ yɛ adeɛ titire a ɛde nnuru a wɔde di dwuma ɔkwammɔne so ba.
We need to teach our youth to be more ambitious. Ambition is not the sin many would like you think it is. Ambition is necessary for succes. We thus need to be extremely ambitious.,Ɛsɛ sɛ yɛkyerɛkyerɛ yɛn mmabunu ma wɔnya anisoadehunu kɛseɛ. Anisoadehunu nyɛ bɔne a nnipa pii bɛpɛ sɛ wɔsusu sɛ ɛte saa. Anisoadehunu ho hia na ama obi adi yie. Ɛnti ɛsɛ sɛ yɛyɛ nnipa a yɛwɔ anisoadehunu kɛseɛ.
There are very many school dropouts due to lack of fees.,Wɔwɔ asukuufoɔ a pii pa ara wɔagyae sukuukɔ ɛnam feese nti.
The district officials have laid a strategic plan to improve social services in the area and has embarked on the establishment of new infrastructures.,"Mansini no mu mpanimfoɔ no de nhyehyɛeɛ binom a ɛbɛma wɔasom ɔmanfoɔ no yie agugu akwan mu, na wɔafiri aseɛ resisi adan ahodoɔ binom."
Every new football season clubs are expected to make new signings.,"Wɔhwɛ kwan sɛ bɔlbɔl afe biara mu no, akuow ahorow no bɛtɔ wɔn ho nnipa foforo."
"Ewurafua did not like the taste of the food, and her mother's friends have learned to be good to their dogs while the twins used to wear similar clothes.","Ewurafua ani annye aduane no dɛ ho, na ne maame nnamfonom asua sɛ wɔbɛyɛ wɔn akraman yie berɛ a na mmanoma no taa hyɛ ntadeɛ a ɛte saa ara."
The local people donated land for establishing refugee settlements.,Kuro manfoɔ no de asase a wɔde bɛyɛ atubrafoɔ atenae maa kwa.
The classmates of the deceased were invited to give a eulogy.,Wɔtoo nsa frɛɛ owufo no mfɛfo sukuufo sɛ wɔmmɛkamfo.
Never get near a person who tested positive for coronavirus .,Mma nnbɛn obi a ɔyɛɛ nhwehwɛmu hui sɛ ɔwɔ korona yare mmoawa no da.
Halimah has been struggling to provide for her children since her husband died.,Halimah abɔ mmɔden sɛ ɔbɛhwɛ ne mma fi bere a ne kunu wui no.
Reconciliation is an effective strategy for resolving conflicts.,mpata yɛ ɔkwan a etu mpɔn a wɔfa so siesie ntawntawdi ahorow.
Living harmoniously with others brings a sense of peace and tranquility.,"Sɛ wo ne afoforɔ tena ase wɔ baakoyɛ mu a, ɛde asomdwoe ne ahotɔ."
The main objective of the conference is establish ways on how to solve the challenges faced by the youth in schools.,Botae titire ne sɛ yɛbɛtumi de nokwaredie ne sɛ yɛbɛgye mmɔdemmɔ a asoɛe a wɔhwɛ nwomasua so rebɔ no atom.
Community-based programs are set to educate the girls about early pregnancies.,Wɔayɛ nhyehyɛe ahorow a egyina mpɔtam hɔ so de akyerɛkyerɛ mmeawa no nyinsɛn a wodi ntɛm ho ade.
The weed spreads fast and has affected the growth of mangoes too.,Nwura no trɛw ntɛmntɛm na aka mango nso nyin.
The district leaders will provide capital to the women.,Mansini no mu akannifoɔ no bɛma mmaa no dwetire.
The nation is blessed to have a qualified and disciplined set of teachers.,Nyame de akyerɛkyerɛfoɔ papa na wɔdi wɔn ho ni ahyira ɔman no
The police will arrest street idlers as leaders should work for the people by providing jobs to the youths.,Polisifoɔ bɛkyere wɔn a wɔnyɛ adwuma wɔ mmɔnten so ɛfiri sɛ ɛsɛ sɛ akannifoɔ yɛ adwuma ma ɔmanfoɔ denam nnwuma a wɔde bɛma mmabun no so.
People consider the establishment of road openings as unlawful.,Nkorɔfoɔ bu akwan a wɔbɛbue ano no sɛ ɛyɛ deɛ mmara mma ho kwan.
The team was given a free kick in the last ten minutes.,Wɔmaa kuw no free kick wɔ simma du a etwa to no mu
I am stranded in the middle of nowhere.,Mekɔda baabiara mfinimfini.
Ministry of Education held a compressive analysis with its patterns to get more funds to support the schools in villages.,Nhomasua ne Agumadi Dwumadibea yɛɛ nhwehwɛmu a ɛyɛ den a ɛfa ne nhyehyɛe ahorow ho sɛnea wobenya sika pii de aboa sukuu ahorow a ɛwɔ nkuraa ase no.
Investors promote international relationships with their country and Ghana.,Sikakorafoɔ hyɛ amanaman ntam abusuabɔ a wɔ ne wɔn man ne Ghana nya no ho nkuran.
Majority of the population in rural areas practice open defecation.,Nnipa dodoɔ no ara a wɔwɔ nkuraase no de wɔn hyɛ  agyanan a wɔkɔ no peteemu  mu.
"If you serve people well , get ready to be promoted.","Sɛ wosom nkurɔfo yiye a , siesie wo ho sɛ wobɛma wo dibea."
"For survival, under-aged females are due to this state forced into marriages.","Nkwan nti mmea a wonnii mfe ɛboro dunwɔtwe, ɛsɛ sɛ wɔhyɛ no ma wɔware."
Locals use the mosquito nets for other purposes.,Ɛhɔfoɔ de ntontom dan no di dwuma wɔ nneɛma afoforɔ mu.
"According to Nkrumah, his government, which represented the first black African nation to win Independence, had an important role to play in the struggle against capitalist interests on the continent.","Sɛnea Nkrumah kyerɛ no, n’aban a na egyina hɔ ma Afrika man a wɔyɛ abibifo a wodii kan nyaa Ahofadi no, na ɔwɔ dwuma titiriw bi di wɔ apereperedi a wɔde ko tia kapitalistfo anigyede ahorow wɔ asasepɔn no so no mu."
I plan to buy a piece of land next year.,Mayɛ nhyehyɛe sɛ mɛtɔ asase bi afe a edi hɔ no.
The Lunsi play a role in preserving Dagbon oral history.,Lunsi no de dwuma bi wɔ Dagbon abakɔsɛm a wɔka a wɔkora so no mu.
She is a wise and capable leader for this country.,Ɔyɛ ɔkannifoɔ nyansafoɔ a ɔbetumi ayɛ adwuma àbìrántima ɔman yi.
Despite the low salary some teachers continue to do their work.,"Ɛmfa ho sɛ akatua sua no, akyerɛkyerɛfo binom kɔ so yɛ wɔn adwuma."
The finances incurred will be regained in the future.,Ɔbɛnya sika a wɔasɛe no no nyinaa bio daakye bi.
There have been complaints of coronavirus false myths on social media during the lockdown,Wɔkaa sɛ wɔde coronavirus ho atosɛm binom abɛgu sohyia midia so berɛ a na wɔmma nnipa mpue no
Once the fire catches the thatched house it spreads rapidly.,"Sɛ ogya no so ofie a wɔde sare ayɛ no pɛ a, ɛtrɛw ntɛmntɛm."
Angule possessions that were left behind were sold since it were on the land illegally.,Wɔtɔn Angule agyapade a wogyaw wɔ akyi efisɛ na ɛwɔ asase no so wɔ ɔkwan a mmara mma ho kwan so.
The project will solve sanitation problems in the region.,Adwuma no bedi ahotew ho haw ahorow ho dwuma wɔ ɔmantam no mu.
They used the foot and mouth disease as an excuse to hang around.,Wɔde nantabono ne ano nyarewa no gyee wɔn ho kɔnantenantee hɔ.
It is necessary to randomly select plants and monitor the damage.,Ɛho hia sɛ wɔpaw afifide a wɔanhyɛ da na wɔhwɛ nea asɛe no so.
He was invited to give the closing remarks.,Wɔtoo nsa frɛɛ no ​​sɛ ɔmmɛma ɔkasa a wɔde wie.
Politicians are making all sorts of promises to the people.,Amammuifo rehyɛ bɔ ahorow nyinaa akyerɛ ɔmanfo.
Extension workers are advising the communities to stay away from the weed.,Adwumayɛfo a wɔwɔ hɔ no reka akyerɛ nkurɔfo no sɛ wɔntwe wɔn ho nduru bɔne ho.
The family cannot do anything more because they are financially down.,Abusua no rentumi biribiara bio ɛfiri sɛ wɔnni sika bio
Many drivers have not yet acquired driving permits.,Wɔn a wɔka kar pii nnya nnyaa karka tumi krataa.
Their survey covered an area of nine hundred metres.,Wɔn nhwehwɛmu no yɛɛ mita ahankron.
Children should always wash their hands to prevent getting infected from Hepatitis,Ɛsɛ sɛ mmofra hohoro wɔn nsa bere nyinaa na amma wɔrennya Hepatitis
The people will get money after selling the construction materials to the company.,Nkorɔfoɔ no bɛnya sika sɛ wɔtɔn adansie nnoɔma no ma adwumakuo no wie a.
The district is waiting for the rerease of the funds to begin the project.,Mansini no retwɛn sɛ wɔn nsa bɛka sika a aka no na wɔatumi afiri adwuma no ase.
The Ghanaian health facilities have done a good job in tackling the pandemic,Ghana akwahosan adwumayɛbea ahorow no ayɛ adwuma pa wɔ ɔyaredɔm no ano aduru mu
I received my very first salary last month.,Minyaa m’akatua a edi kan koraa wɔ bosome a etwaam no mu.
Money donations to people cannot help fight poverty in villages.,Sika a wɔde ma nkurɔfo no ntumi mmoa mma wɔnko ntia ohia wɔ nkuraa ase.
Of what benefit is the transfer of workers to other locations?,Mfaso bɛn na ɛwɔ adwumayɛfo a wɔde wɔn kɔ mmeae afoforo no so?
Former rebers should be pardoned if they join the government.,Ɛsɛ sɛ wɔde mmɔborohunu ma atuatewfo a wɔakɔka aban no ho.
Parents play an important role in their children's education.,Awofoɔ di dwuma a ɛho hia yie pa ara wɔ wɔn mma nwomasua mu.
The district should recruit competent and experienced teachers.,Ɛsɛ sɛ mansini no fa akyerɛkyerɛfoɔ a wɔnim de na wɔbɛtumi ayɛ adwuma no yie nso
Employees who don't work are put on probation.,Wɔde adwumayɛfo a wɔnyɛ adwuma no hyɛ da ma wɔsɔ wɔn hwɛ.
Abstracts are needed for the national Health promotion conference.,Nsɛm a wɔaboaboa ano ho hia ma ɔman no Akwahosan ho nkɔso nhyiam no.
The taxi driver is blamed for over speeding causing a tyre burst hence the accident .The dead and injured people had not yet been identified by press time.,Wɔbɔɔ taski drɔba no soboɔ sɛ wɔkɔɔ amirika mmorɔsoɔ maa tae no paeɛ a akwanhyia no siiɛ. Nnipa a wɔawu na wɔapra no nkorɔfodɔm no nya nhunuu wɔn.
National Primary Teachers' Conference issues were discussed on national television.,Wɔkaa Ɔman Mfitiase Akyerɛkyerɛfo Nhyiam no nsɛm ho asɛm wɔ ɔman no television so.
Some places are more vulnerable to natural calamities than others.,Mmeae bi wɔ hɔ a abɔde mu asiane betumi ahyia sen mmeae afoforoɔ̀ʃɛ̀	he wears.
There are still land conflicts among people in the rural areas.,Nsase ho ntɔkwa kɔ so ara wɔ nnipa a wɔte nkuraase hɔnom.
"Good morning friend, how are you doing today? I'm afraid I have some terrible news. Unfortunately, we lost our grandfather yesterday.","Maakye m'adamfo, ete sen nnɛ? Misuro sɛ mewɔ nsɛmbɔne bi. Awerɛhosɛm ne sɛ, yɛn nanabarima wuu ɛnnora"
"In addition to dismantling of property and crops, they no longer have their profitable land.","Wɔ agyapade ne nnɔbae a wotutu akyi no, wonni wɔn asase a mfaso wɔ so no bio."
"Trees play a vital role in providing fruits, and their preservation is essential for sustaining this resource.","Nnua di dwuma titire wɔ nnuaba a wɔde ma mu, na ɛho hia sɛ wɔkora so na ama saa adeɛ yi atena hɔ."
Outstanding teachers should be rewarded for good work.,Ɛsɛ sɛ yɛbɔ atikyafoɔ a wɔbɔ wɔn ho mmɔden abaso wɔ wɔn nnwuma pa ho.
One's well being contributes to personal development .,Obi yiyedi boa ma n’ankasa nkɔso.
There is an improvement in sexual and reproductive health information to teenagers in camps.,Nkɔsoɔ aba wɔ nna ne awoɔ apɔmuden ho nsɛm a wɔde ma mmabunu a wɔwɔ nsraban ahodoɔ no mu.
There was no way he could convince the judge on that issue.,Na ɛkwan biara nni hɔ a ɔbɛtumi ama otemmuafoɔ agye atom no wɔ saa nsɛm no ho.
Some road constructions are funded by foreign countries.,Amannɔne na wɔde sika boa akwan a wosisi no bi.
"The government gave people, young cattle, as a way of improving their liverihood.",Aban no de anantwie mma maa nkurɔfoɔ sɛdeɛ ɛbɛma wɔn asetena atu mpɔn
Many widows and vulnerable children reside in this region.,Akunafoɔ ne mmofra a wonni ahobammɔ pii te ɔmantam yi mu.
A least number of people in Ghana live about up to eighty years.,Ghanaman mu nnipa kakraa bi na atena ase kɔpem mfeɛ aduowɔtwe.
The school should build a new block for student classes.,Ɛsɛ sɛ sukuu no si block foforo ma asuafo adesua.
The school is giving weekly exams to candidates.,Sukuu no reyɛ sɔhwɛ ahorow dapɛn biara ama wɔn a wɔpɛ sɛ wɔyɛ sɔhwɛ no.
Doctors in public hospitals are not well paid and there is no medicine in public hospitals.,Nnuruyɛfo a wɔwɔ ɔman ayaresabea ahorow no nnya akatua pa na aduru biara nni ɔman ayaresabea ahorow mu.
Government is heavily investing in the oil and gas industry.,Aban de sika pii rehyɛ fango ne gaase adwuma no mu.
I could have a woman like you To be my better half.,Metumi anya ɔbea te sɛ wo Sɛ ɔbɛyɛ me fa a eye sen biara.
The district has funded the expansion of the rubbish dumping area.,Ɔmantam no de sika ahyɛ baabi a wɔtow nwura gu no ntrɛwmu.
I want to buy a car this year.,Mepɛ sɛ metɔ kaa afe yi.
Five people were fired for protesting over delayed payments.,Wɔyii nnipa baanum fii adwuma mu esiane sɛ wɔkasa tiaa akatua a wɔtwentwɛn so nti
People will acquire employment opportunities because of several projects in the area.,Nkurɔfo benya adwumayɛ hokwan ahorow esiane nnwuma pii a wɔbɛyɛ wɔ mpɔtam hɔ nti.
How can we achieve a free gender-based violence community?,Yɛbɛyɛ dɛn atumi anya basabasayɛ a egyina mmarima ne mmea so a wontua hwee?
The Commissioner responsible for career guidance and counsering,Commissioner a ɔhwɛ adwuma ho akwankyerɛ ne afotu so
"If you try to disorganize the community, there are high chances of you being arrested.","Sɛ wobɔ mmɔden sɛ wobɛsɛe mpɔtam hɔfo a, hokwan kɛse wɔ hɔ sɛ wɔbɛkyere wo."
"In neighbouring countries, the coronavirus cases are high.","Wɔ aman a ɛbemmɛn hɔ mu no, nnipa a wɔanya koronaviruso no dɔɔso."
The medical body seeks to understand how citizens manage amidst having the disease.,Adɔkotafoɔ ne rehwɛ sɛ wɔbɛte kwan a ɔmanfoɔ no fa so bɔ wɔn ho ban sɛ wɔnya yareɛ no a.
Collective work is what's needed since diseases don't know borders .,Adwuma a wɔbom yɛ ne nea ehia efisɛ nyarewa nnim ahye .
"And yet, I have not wronged you, have I? Indeed if there is anyone I may have sinned against, it is me. That desiring you as I do, needing you as I do, I still let you go.","Na ɛno, menyɛɛ wo bɔne, mayɛ?  Ampa ara sɛ obi wɔ hɔ a mayɛ no bɔne a, ɛyɛ me. Saa akomasoadeɛ aane mɛyɛ, merehia wo sɛdeɛ meyɛ no, memaa wo kɔe ne nyinaa mu."
The Indian government is appreciated for its contribution to the Ghanaian COVID-19 task force.,Wɔbɔɔ India aban no aba so wɔ dwuma a ɔdi de boaa wɔn a wɔko tiaa COVID-19 wɔ Ghana no.
Human rights are natural and not given by anyone.,Hokwan ahorow a nnipa wɔ no yɛ adebɔ mu ade na ɛnyɛ obiara na ɔde ma.
"Additional coastal states as well as other states farther inland eventually signed the Bond, and British influence was accepted, strengthened, and expanded.","Awiei koraa no, mpoano aman afoforo ne aman afoforo a ɛwɔ asase mu akyirikyiri no de wɔn nsa hyɛɛ Bond no ase, na wogyee Britania nkɛntɛnso toom, wɔhyɛɛ mu den, na wɔtrɛwee"
The innovations have empowered people to engage in business.,Nneɛma foforɔ a wɔayɛ no aboa nnipa binom ama wɔanya ɔpɛ sɛ sɛ wɔde wɔn ho bɛhyɛ adwadie mu.
"The headteacher has failed to uphold the standards of the schools by neglecting essential tasks such as recruiting, monitoring, and evaluating teachers' performances.","Sukuupanin no antumi amfa sukuu no ahwehwɛdeɛ no anyɛ adwuma ɛsiane sɛ ɔhuu n'ani guu dwumadie binom a ɛho hia te sɛ adwumayɛfoɔ a wɔfa, n'ani ɔde bɛdi nneɛma akyi, ne akyerɛkyerɛfoɔ dwumadie a wɔhwehwɛ mu so no."
People are urged to follow guiderines to prevent the spread of coronavirus .,Wɔhyɛ nkorɔfoɔ sɛ wɔnni nhyehyɛeɛ no so mfa nsi coronavirus trɛ ho kwan.
The school gives full scholarships to the best students in school hence only the best performers were given scholarships.,Sukuu no ma adesua a edi mũ ma asuafo a wɔyɛ papa wɔ sukuu mu enti wɔn a wɔyɛ adwuma yiye nkutoo na wɔmaa wɔn sika a wɔde boa.
The church has the role of counselling the bride and groom.,Asɔre no wɔ adwuma a ɛne sɛ ebetu ayeforo ne ayeforokunu no fo.
Portuguese Catholic missionaries arrived on the coast in the fifteenth century.,Portuguese Katolek asɛmpatrɛwfo duu mpoano wɔ afeha a ɛto so dunum no mu.
Parents are advised to raise more money to cater for structural development .,Wɔtu awofo fo sɛ wɔmpɛ sika pii mfa nni nhyehyɛeɛ mu nkɔsoɔ ho dwuma.
The car accident was due to the potholed roads.,Kar akwanhyia no fi akwan a ntokuru wom no.
The company wrote an official letter to the president inviting him for its launch.,Adwumakuw no kyerɛw krataa a aban mpanyimfo de kɔmaa ɔmampanyin no de too nsa frɛɛ no sɛ ɔmmra nhyɛase.
Adolescents should learn about contraception so as to have information to make healthy decisions.,Ɛsɛ sɛ mmabun sua nyinsɛn a wosiw ano ho adeɛ sɛnea ɛbɛyɛ a wobenya nsɛm a wɔde besisi gyinae a ɛfata.
The poor sanitation at schools greatly affects girls.,Ahotew a enye wɔ sukuu ahorow mu no ka mmeawa kɛse.
The government does not have control over land owned by a person.,Aban no nni nsase a ankrɛnkorɛ wɔ no so tumi biara
"Last month, two people died after eating poisoned food.","Bosome a etwaam no, nnipa mmienu wui berɛ a wodii aduane a awuduro wom no."
"In the region, an average woman has six children.","Wɔ ɔmantam no mu no, sɛ wɔkyekyem pɛpɛɛpɛ a, ɔbea biara wɔ mma baasia."
The lease contract between them is null and void.,"Ɔhyɛ krataa a wɔde wɔn nsa ahyɛ aseɛ a ɛkyekyere wɔn no nnyina, wɔbɛtwam."
More agriculturalists will get exposure through this exhibition.,Kuadwuma ho abenfo pii benya nsɛm a wɔbɛda no adi denam ɔyɛkyerɛ yi so.
The district was unprepared at the time of the outbreak.,"Berɛ yareɛ no tuu atese no, na mansini no mmoaa wɔn ho"
Timber is a source of revenue for the government and the timber industry.,Nnua a wɔtwa boa ma aban no ne nnwumakuo a wɔde nnua yɛ adwuma no nya sika.
Health workers provide medicine to circumcised makes to heal the wound quickly.,Akwahosan adwumayɛfo de nnuru ma wɔn a wɔatwa twetia no na ama kuru no asa ntɛmntɛm.
This is religious and spiritual dance practised by the Jinwarba of Dagbon. It is often performed at night with bonfires.,Yei yɛ ɔsom ne honhom mu asa bi a Jinwarbafoɔ a wɔfiri Dabon na wɔsa. Wɔde sa no anadwo berɛ a wɔasɔ gya.
The weed has a high survival rate but feeds on the other crop's nutrients.,Nwura no tumi tena ase kɛseɛ nanso ɛdidi wɔ aduaba foforɔ nnuanenuro.'
Human rights have enabled women to engage in economic activities.,Hokwan ahorow a nnipa wɔ ama mmea atumi de wɔn ho ahyɛ sikasɛm mu dwumadi ahorow mu.
The supreme court had dismissed the claims of election fraud and irregularities.,Ná asɛnnibea kunini no abɔ abatow mu nsisi ne nea ɛnteɛ a wɔkae no agu.
The school environment is conducive for student's learning.,Sukuu tebea no ye ma osuani adesua.
The event has been moved to a more spacious venue to observe the Ministry of Health SOPs,Wɔde dwumadie no akɔ baabi a ɛhɔ so sɛdeɛ ɛbɛyɛ a ɛbɛboa ama yɛatumi adi Asoeɛ a Ɛhwɛ Apɔmuden no nsɛm soɔ no akwankyerɛ akyi
"Literacy helps in building the nation , by increasing social development among people.","Akenkan ne atwerɛ boa ma wɔkyekye ɔman no , denam asetena mu nkɔsoɔ a ɛbɛkɔ anim wɔ nnipa mu no so."
The children experience that highest rates of sexual abuse.,Mmofra no hu saa nna mu ayayade dodow a ɛsen biara no.
Its seeds are either yellow or black in color.,N’aba ahosuo yɛ akokɔsradeɛ anaa tuntum.
"Prevention of malaria may be more cost-effective than treatment of the disease in the long run, but the initial costs required are out of reach of many of the world's poorest people.","ebia asramma a wosiw ano no bɛyɛ nea ɛho ka sua sen yare no ayaresa bere tenten, nanso ɛka a wɔbɔ mfiase no yɛ nea wiase ahiafo pii ntumi nnya"
Next time we all need to exercise our rights by voting for the right person,Bere foforo no ɛsɛ sɛ yɛn nyinaa de yɛn hokwan ahorow di dwuma denam abatow a yɛbɛtow ama onipa a ɔfata no so
The organization helps the erderly to improve their liverihoods.,Adwumakuo no boa wɔn a wɔn mfe akɔ anim no ma wɔn asetra tu mpɔn.
People are not at liberty to talk about problems in their homes.,Nkorɔfoɔ nni fahodie a wɔde ka ɔhaw a ɛwɔ wɔn fie mu.
Our previous priest was transferred to another church in a different parish.,Wɔyii yɛn sɔfoɔ a na ɔdi kan no kɔɔ asɔre foforɔ a ɛwɔ asɔre beaeɛ foforo mu.
Antenatal care is important to both mother and the unborn baby.,Ɔhwɛ a wɔde ma ansa na wɔawo no ho hia ma ɛna ne akokoaa a ɔhyɛ yafunu mu no nyinaa
There are somethings that are not supposed to be talked about in public.,Yɛwɔ nsɛm bi wɔ hɔ ɛnsɛ sɛ wɔkasa fa ho wɔ abɔnten.
The police arrested two people who were moving past curfew time.,Polisifo kyeree nnipa baanu a na wɔretu akɔtra baabi a atwam bere a wɔahyɛ sɛ wɔmfa nkɔ fie no.
Students performed poorly due to the persistent absenteeism of their teachers.,Asuafoɔ no antumi ankɔ sukuu yiye esiane wɔn akyerɛkyerɛfo a wɔkɔɔ so ankɔ sukuu nti.
The Judge in magistrate court delivered his judgment based on the available evidence.,Ɔtɛmmuafoɔ a ɔwɔ asɛnnibea hɔ no de n'atɛmmuo no gyinaa adanseɛ a na ɔwɔ no so.
The church has leased some of its lands to the public.,Asɔre no agye ne nsase no bi ama ɔmanfo.
The pandemic has rendered many teachers jobless up to now.,Ɔyaredɔm no ama akyerɛkyerɛfo pii ahwere adwuma de besi nnɛ.
The government has improved its response towards providing information to the youth and skills.,Aban no ama sɛdeɛ ɔde nsɛm ne nimdeɛ a ɛbɛboa mmabunu no ma wɔn berɛ ano atu mpɔn pa ara.
Parents lack funds to buy food for the children amidst this crisis.,Awofoɔ nni sika a wɔde bɛtɔ aduane ama wɔn mma wɔ saa amanneɛ yi mu.
Parents have a bad relationship with their children.,Awofoɔ ne wɔn mma nni ayɔnkofa papa.
There are many things in the community that hinder girls from continuing with education.,Yɛwɔ nnoɔma pii wɔ kuro no mu a ɛsi mmaayewa kwan sɛ wɔbɛtoa nwomasua so.
The golf club has partnered with different sectors to establish a recreation centre.,Golfbɔ kuo no ne adwumakuo ahodoɔ binom aka wɔn ho abom sɛdeɛ ɛbɛyɛ a wɔɛtumi asisi agodibea ahodoɔ
Ewurama did it as a favor to take those books.,Ewurama yɛɛ no ​​sɛ adɔeɛ sɛ ɔbɛfa saa nwoma no.
The project has the backing of the government of Ghana and it is expected to last for five years.,Adwuma yi wɔ Ghana aban no akyigyina na wɔhwɛ kwan sɛ ɛbɛkɔ so mfeɛ nnum.
Golf courses should be upgraded to promote the sport in Ghana.,Gɔlf mmeae ɛsɛ sɛ wɔhyɛ mukena na wɔde pagya agorodie no wɔ Ghana.
This rite is also exchanged between son-in-laws and father-in-laws.,Saa amanneɛ yi nso kɔ so wɔ mmarima warefoɔ ne wɔn nsew mmarima ntam.
"How can we manage garbage, seeking solutions and strategies for effective waste management.","Yɛbɛyɛ dɛn ahwɛ nwura so, ahwehwɛ ano aduru ne akwan a yɛbɛfa so adi nwura ho dwuma yiye."
The teachers have done a great job in raising and educating tomorrow's leaders.,Akyerɛkyerɛfo no ayɛ adwuma kɛse wɔ ɔkyena akannifo a wɔbɛtete wɔn na wɔakyerɛkyerɛ wɔn no mu.
It is expensive to get these health services in rural areas.,Ɛyɛ den sɛ wobenya apomuden ho nhyehyɛe ahorow yi wɔ nkuraase.
He was asked many questions during cross-examination by the lawyers.,Wobisaa no nsɛm pii bere a mmaranimfoɔ no bisabisaa no nsɛm no.
The police stations were boosted with more human resources.,Wɔde nnipa pii maa polisifo adwumayɛbea ahorow no nyaa nkɔso.
Learning is the best part of life a child will miss in future.,Adesua yɛ asetra fã a eye sen biara a abofra ani begyina daakye.
Many people in rural areas are now turning to vegetable growing.,Mprempren nnipa pii a wɔwɔ nkuraase redan akɔ atosodeɛ a wodua so.
Growing crops requires a considerable amount of time and effort.,Nnɔbae bere hia bere ne mmɔdenbɔ pii.
Half of the school population has been infected with the virus,Sukuufo no mu fa anya yare no bi
Orphans are those that lost one or both parents.,Nyisaa ne wɔn a wɔhweree wɔn awofo biako anaa wɔn baanu nyinaa.
Intense medication tends to trick people into thinking patients are still alive.,Nnuru a ano yɛ den taa daadaa nkurɔfoɔ ma wɔsusu sɛ ayarefoɔ da so te ase.
The court plays an important role in protecting the rights of citizens in the country.,Asɛnnibea no di dwuma titiriw wɔ hokwan ahorow a ɔmanfo wɔ wɔ ɔman no mu no ho banbɔ mu.
My friend makes chalk and supplies it to schools.,M’adamfo no yɛ kyerɛwboba na ɔde ma sukuu ahorow.
The pope is the chief pastor of the worldwide catholic church.,Pope no ne wiase nyinaa katolek asɔre no sɔfo panyin.
Refugees are free to go back to their countries of origin.,aguanfo wɔ ahofadi sɛ wɔbɛsan akɔ aman a wofi mu no mu.
Farmers will be able to cultivate their land with ease.,Akuafo betumi adɔ wɔn asase a ɛnyɛ den.
Most health centres in our town charge higher rates for their services,Akwahosan asoɛe dodow no ara a ɛwɔ yɛn kurow no mu gye sika kɛse wɔ wɔn nnwuma ho
Families that were attacked were given the maximum security.,Wɔde ahobammɔ kɛse maa mmusua a wɔtow hyɛɛ wɔn so no.
The officials should provide necessary information to the people to combat the disease.,Ɛsɛ sɛ mpaninfoɔ no de nsɛm a ɛho hia a nkorɔfoɔ no de bɛko yadeɛ no ba.
Some hospitals have unprofessional midwives who harass mothers during labor.,Ayaresabea ahorow bi wɔ awogyefo a wɔnyɛ adwumaden a wɔhaw ɛnanom bere a wɔrewo.
Politicians need to learn how to concede to avoid post-election violence.,ɛsɛ sɛ amammuifo sua sɛnea wobegye atom na wɔakwati basabasayɛ a ɛbɛba wɔ abatow akyi
Chiefs are very influential with in the traditional culture.,Chiefs wɔ nkɛntɛnso kɛse ne wɔ atetesɛm amammerɛ mu.
The white rhinos were a source of identity for the region.,Na asono fitaa no yɛ ade a ɛma ɔmantam no hu nnipa.
It is the only health center in our village.,Ɛno nkutoo ne akwahosan asoɛeɛ a ɛwɔ yɛn akuraa no ase.
The soldiers accused of rape and assault will face court martial.,Asraafo a wɔabɔ wɔn sobo sɛ wɔato mmonnaa na wɔatow ahyɛ wɔn so no behyia asraafo asɛnnibea.
Health officials are monitoring the coronavirus situation at Ghana borders,Akwahosan ho adwumayɛfoɔ rehwɛ coronavirus tebea wɔ Ghana hyeɛ so Nkyerɛwee foforo Data biara nni hɔ a ɛwɔ hɔ
The Ghana Police has several stations in every town.,Ghana Polisifoɔ wɔ station ahodoɔ pii wɔ kuro biara mu.
Drivers with vehicles in the poor mechanical state should be made to pay fines.,Ɛsɛ sɛ wɔma karkafo a wɔn kar ntumi nyɛ adwuma yiye no tua ka.
"The wars of expansion that brought the northern states of Dagomba, Mamprusi, and Gonja under Ashanti influence were won during the reign of Opoku Ware I.","Ntrɛmu ko a ɛde Dagomba, Mamprusi, ne Gonja atifi aman hyɛɛ Asante ase no, wɔdii nkonim wɔ berɛ a Opoku Ware I di adeɛ no."
The water levels are increasing in Lake Victoria.,Nsu a ɛwɔ Ɔtare Victoria mu no rekɔ soro.
It is important to sensitize people about maternal mortality to reduce deaths due to it.,Ɛho hia sɛ wɔma nkurɔfo te nka wɔ ɛnanom a wowuwu ho na ama owu a efi mu ba no so atew.
Everything that goes on in the country has to be known to the government.,Ɛsɛ sɛ aban no hu biribiara a ɛrekɔ so wɔ ɔman no mu.
Akosua fought for women's rights in that region.,Akosua ko maa mmaa hokwan wɔ saa mantam no mu.
Many people joined our saving group last month.,Nnipa pii bɛkaa yɛn sikakorabea kuo no ho wɔ bosome a etwaam no mu.
The councilor had stolen some of the cattle.,Ná agyinatufo no awia anantwi no bi.
I have failed to budget for this academic year.,Mantumi anyɛ sikasɛm nhyehyɛe a mede bɛyɛ adesua afe yi.
Children are advised to be positive about education.,Wɔhyɛ mmofra fo sɛ wɔnyɛ adwempa wɔ nhomasua ho.
Parents should know that COVID-19 also affects infants.,Ɛsɛ sɛ awofoɔ hunu sɛ COVID-19 tumi nya mmofra nkumaa nso.
Students are encouraged in school not to be corrupt when they grow up.,Wɔhyɛ sukuufoɔ nkuran wɔ sukuu mu sɛ wɔnyɛ adifudepɛ bere a wɔanyinyin no.
We were advised to use renewable energy sources so we wrote to the government seeking funding.,Wɔtuu yɛn fo sɛ yɛmfa ahoɔden a wɔtumi yɛ foforɔ nni dwuma ɛnti yɛtwerɛ kɔmaa aban no hwehwɛɛ sika.
Christians' cooperation resulted in building a new church.,Kristofo biakoyɛ no ma wosii asɔre foforo.
People fought for food while at the burial ceremony.,Nkorɔfoɔ no peree wɔ aduane ho berɛ wɔreyɛ ayie no.
The amount of money dispersed to each youth group is dependent on its project proposal.,Sika dodow a wɔbɛpete ama mmabun kuw biara no gyina ne dwumadi ho nyansahyɛ so.
Drug abuse is the order of the day among the people of Frafraha.,Nnubɔne a wɔde di dwuma ɔkwammɔne so yɛ ade a ɛkɔ so da biara wɔ Frafrahafo mu.
The skillful musician played the piano with incredible precision and passion.,Nnwontofo a ne ho akokwaw no bɔɔ piano no pɛpɛɛpɛ na n’ani gye ho a ɛyɛ nwonwa.
The government has stopped the distribution of food in quarantine centres.,Aban no mfa nnuane nkɔ mmeaeɛ a wɔde nnipa a wɔnya yareɛ no bi kɔgu no bio.
People are eagerly waiting for the removal of more lockdown restrictions.,Nkorɔfoɔ no ho pere wɔn retwɛn sɛ wɔbɛyi  ɛdanmuhyɛ akwansideɛ pii afiri hɔ.
We sometimes go as far as five months without getting a salary.,Ɛduru mmerɛ bi a yɛtumi kɔ bɛyɛ abosome nnum na yɛnnyee bosome akatua biara.
The project was started with the aim of giving back to the community.,Wɔhyɛɛ dwumadie no ase wɔ botaeɛ sɛ  wɔresane de ama kuro no.
Parents are rerieved of the school fees burden.,Wɔayi sukuu feese ho dadwene afiri awofoɔ so.
Submit your abstract for the national health Promotion conference.,Fa wo abstract no kɔma ɔman no akwahosan Nkɔso nhyiam no.
Students in my former school struck due to bad feeding.,Sukuufoɔ a wɔwɔ me kan sukuu mu no bɔɔ esiane aduan bɔne a wɔde ma wɔn nti.
Landlords can get richer if their tenants clear all the rent.,Afiewuranom betumi ayɛ adefoɔ kɛseɛ sɛ wɔn a wɔagye wɔn dan no yi dan ka no nyinaa fi hɔ a.
The headteacher urged the pupils to avoid common mistakes made in exams.,Sukuupanin no hyɛɛ asuafoɔ no sɛ ɛsɛ sɛ wɔsi mfomsoɔ binom a wɔtaa yɛ no nsɔhwɛ mu no ano.
The people resorted to mob justice to solve the ongoing land disputes.,Nkorɔfoɔ no de wɔn ho too nnipadɔm atɛntenenee so de dii asase ho ntawantawa a na ɛrekɔ so no ho dwuma.
Some political party members are working against their colleagues in the elections.,Amanyɔkuo mufoɔ binom reyɛ adwuma atia wɔn mfɛfo adwumayɛfoɔ wɔ abate no mu.
It is very hard to survive in case you are struck by lightning.,Ɛyɛ den yie sɛ wobɛtena ase sɛ ebia anyinam bɛbɔ wo a.
Most of the challenges we have need quick solutions.,Nsɛnnennen a yɛwɔ no mu dodow no ara hia ano aduru ntɛm.
People engaged in corruption have been arrested tried and charge.,Wɔakye wɔn a wɔyɛ porɔyɛ ho dwuma no atoto wɔn ano na wɔabɔ wɔn ka.
The local leaders of the Sefwi-Wiawso Municipal Assembly should encourage people in the community to maintain sanitation.,Ɛsɛ sɛ Sefwi-Wiawso Mansini no akannifoɔ hyɛ nnipa a wɔwɔ mpɔtam hɔ nkuran sɛ wɔnkura ahoteɛ mu.
"Bono State (or Bonoman) was a trading state created by the Bono people, located in what is now southern Ghana.","Bono Mantam (anaa Bonoman) yɛ aguadi man a Bonofoɔ hyehyɛeɛ, a ɛwɔ baabi a seesei wɔfrɛ no Ghana kesee fam."
The minister has saved many people from losing their land to grabbers.,Ɔsoafoɔ no agye nnipa pii nkwa afiri wɔn nsase a wɔbɛhwere ama wɔn a wɔgye no hɔ.
The national parks recorded increase in poaching during the pandemic lockdown.,ɔman no nkorabata a ɛhwɛ mmoa so no hunuu sɛ maa nkurɔfo nwia wɔn ho nkunkum mmoa no basabasa wɔ ɔyaredɔm yi mu.
Patience pays never overtake if you don't feel safe to do so.,Aboterɛ tua ka sɛ ɛmmu obi mfa so sɛ wonte nka sɛ wonni bammɔ biara a.
coronavirus is a disease that can spread among people.,coronavirus yɛ yareɛ a ɛtumi trɛw wɔ nnipa mu.
People's names also differ according to their tribes.,Nkorɔfoɔ din gyina wɔn mmusuakuo so sesa.
The plan for constructing the bridge has been drawn.,Wɔayɛ nhyehyɛe a wɔde besi abɔntenban no.
Of what effect is sand mining to the environment?,Nkɛntɛnso bɛn na anhwea a wotu no nya wɔ nneɛma a atwa yɛn ho ahyia so?
The security guards are responsible for the safety of the hospital.,Ahobammɔfoɔ no asodie ne sɛ wɔbɛbɔ ayaresabea hɔ ban.
Funds to support an orphaned child are being mobilized.,Wɔreboaboa sika a wɔde bɛboa abofra bi a ɔyɛ ayisaa.
I want to learn how to make sandwiches so my parents will be proud of me.,Mepɛ sɛ misua sɛnea wɔyɛ sandwich sɛnea ɛbɛyɛ a m’awofo de me bɛhoahoa wɔn ho.
He was charged with murder in courts of law.,Wɔbɔɔ no sobo sɛ wadi awu wɔ asɛnnibea ahodoɔ.
Only one bus company has welcomed the football team.,Bɔs adwumakuw biako pɛ na ama bɔɔlbɔ kuw no akwaaba.
"On what date, is father's day celebrated in Ghana?","Da bɛn, wɔhyɛ agya da no ho fa wɔ Ghana?"
Thanks are given to the bishop for equally considering gender in the diocese.,Yɛda ɔsɔfopɔn no ase sɛ osusuw ɔbarima ne ɔbea nna ho pɛpɛɛpɛ wɔ asɔre no mu.
Cutting down of trees can lead to drought.,Nnua a wotwitwa betumi ama ɔpɛ aba.
The government has built modern structures in many cities across the country.,Aban no asisi abɛɛfo adan wɔ nkuro akɛseɛ bebree mu wɔ ɔman yi mu
"He studied electronics, but he is now into recording music.","Osuaa ɛlɛtrɔnik mfiri, nanso mprempren n’ani gye nnwom a wɔkyere gu kasɛt so ho."
People growing vanilla need skills on how to handle vanilla.,Nnipa a wɔdua vanilla hia nimdeɛ wɔ sɛdeɛ wɔbɛdi vanilla ho dwuma ho.
The nurturing mother spent hours playing and caring for her children.,Ɔbaatan no de mmerɛ pii ne abofra no dii agorɔ na ɔhwɛɛ no.
"People in the community, armed with bows and arrows, killed the hippopotamus that had chased down the locals and bitten their legs in the morning hours. It was finally killed in the afternoon.","Nkorɔfoɔ a wɔwɔ kuro no mu hɔ a wɔkurakura agyan ne pea kumm asukɔnkɔn a na wataa ɛhɔfoɔ no na waka wɔn nan anɔpaberɛ no. Awieeɛ koraa no, wɔkumm no awiaberɛ."
Organizations have come up to help with renovation of public schools.,Ahyehyɛde ahorow aba sɛ wɔrebɛboa ma wɔasiesie ɔman sukuu ahorow.
People have to get involved in the development process to attain better living standards.,Ɛsɛ sɛ nkorɔfoɔ de wɔn ho hyɛ nkɔsoɔ nhyehyɛeɛ no mu na ama wɔanya asetena gyinapɛn a ɛyɛ.
The people of Komkomlele are under the leadership of three clans.,Nnipa a wɔwɔ Komkomleme no hyɛ abusua mmiensa adedie ase.
It is important to allow yourself time to heal from loss of a dear one.,Ɛho hia sɛ woma wo ho bere de sa yare fi wo dɔfo bi a woahwere no mu.
People were equipped with everything apart from the capital.,Wɔde biribiara maa nkorɔfoɔ no gye sika na ɛnka ho.
Circumcision reduces the spread of sexually transmitted diseases.,Twetiatwa ma nyarewa a wonya fi nna mu ntrɛwmu so tew.
Due to the distance between his home and the hospital they reached when it's too late.,Esiane kwan a ɛda ne fie ne ayaresabea no ntam nti woduu hɔ bere a aka akyi dodo.
District officers want to retain taxes collected in their districts.,Ɔmantam mpanyimfo pɛ sɛ wɔkora tow a wogye wɔ wɔn mantam mu no so.
She was depressed over the death of her husband.,Ne kunu wuo no ama wayɛ basaa.
People have been killed with the use of guns.,Wɔde etuo a wɔde di dwuma akum nkorɔfoɔ.
"In the fight against coronavirus , the government laid strategies to prevent it early.","Wɔ ɔko a wɔko tia koronavirus , mu no, aban no too akwan horow a wɔbɛfa so asiw ano ntɛm."
Districts should grow crops that where nutrients are cross-cutting.,Ɛsɛ sɛ amansin dua nnɔbae a baabi a aduannuru no reyɛ cross-cutting.
"During the debating process, we came up with lots of ideas.","Bere a na wɔregye akyinnye no, yenyaa nsusuwii pii."
The police are investigating the rampant stealing of cattle in the community.,Polisifoɔ no reyɛ nantwie a wɔwia a akɔ soro wɔ kuro no mu no nhwehwɛmu.
Negative forces are sabotaging our values striking the family and the youth,Tumi bɔne kuw resɛe yɛn gyinapɛn ahorow na ɛrebɔ abusua no ne mmerante ne mmabaa
People dying from this disease are mostly from poor countries,Nkorɔfoɔ a wɔwuwu firi saa yadeɛ yi mu no taa firi aman a ahia wɔn mu.
Political candidates have been given only two months to campaign,Wɔama wɔn a wɔpɛ amammuisɛm no asram abien pɛ sɛ wɔnyɛ ɔsatu
The warriors catch a bushbuck or deer with a weapon but with bare hands.,Akofo no de akode kyere kwae mu ɔkraman anaa ɔkraman nanso wɔde wɔn nsa da hɔ.
Health services have been brought nearer to the people.,Wɔde akwahosan ho adwumayɛbea ahorow abɛn ɔmanfo no kɛse.
The pedestrian was knocked down by the school van.,Sukuu kar no bɔɔ nea ɔnam fam no hwee fam.
Part of the money collected from taxes contributes to the building of roads.,Sika a wɔgye firi toɔtua mu no fa bi boa ma wɔyɛ akwan.
This development project took the government more than two years to complete.,Saa mpuntuo dwumadie no aban no de mfeɛ bɛboro mmienu na ɛwieeɛ.
Some parents don't want to take the responsibility of paying school fees for their children.,Awofo binom mpɛ sɛ wɔfa asɛyɛde a ɛne sɛ wobetua wɔn mma sukuu ka no.
Laws passed in 1959 and 1960 designated special positions in parliament to be held by women. Some women were promoted to the CPP Central Committee,Mmara ahodoɔ a wɔhyɛe wɔ 1959 ne 1960 mu no kyerɛɛ dibea titire wɔ mmarahyɛ badwa no mu a mmaa na wodi. Wɔmaa mmaa binom diberɛ kɔɔ CPP Central Committee no mu
There will be a teachers' training to enhance teaching of Physical Education in secondary schools.,Wɔbɛyɛ atikyafoɔ nteteeɛ aboa ama honam adesua adekyerɛ akɔ so wɔ ntoasoɔ sukuu mu.
The district must supervise and coordinate the construction of latrines.,Ɛsɛ sɛ mansini no boa na wɔhwɛ sɛ wɔbɛsisi agyananbea ahoroɔ.
Sometimes disobeying the law is a good thing to do There are higher chances of getting arrested if you commit a crime.,"Ɛtɔ da bi a, mmara a wonni so no yɛ ade pa a ɛsɛ sɛ woyɛ Sɛ woyɛ nsɛmmɔnedi a, hokwan kɛse wɔ hɔ sɛ wɔbɛkyere wo."
"Among the many contestants, only one can merge as the winner.","Wɔ akansifoɔ bebree no mu no, baako pɛ na obetumi epue sɛ nkonimdifoɔ."
The police officer got injured during the demonstration.,Polisini no pirapirae bere a wɔreyɛ ɔyɛkyerɛ no.
Investors in the business can always influence share resale value.,Wɔn a wɔde wɔn sika hyɛ adwuma no mu betumi anya kyɛfa a wɔsane tɔn no bo so nkɛntɛnsoɔ berɛ nyinaa.
People in Africa are not bothered about the dangers associated with hepatitis,Nkorɔfoɔ a wɔwɔ Abibiman mu no nha wɔn ho wɔ asiane a ɛwɔ mmerɛboɔ mu yareɛ ho.
Staying overnight at church should only be for prayer.,Ɛsɛ sɛ asɔre a wobɛda no yɛ mpaebɔ nkutoo.
"In the afternoon on Sunday, the ancestral marketplace, “Tsetse guaso” is filled to capacity for the sacrifice.","Kwasida awiabere no, nananom gua so, “Tsetse guaso” no yɛ ma ma afɔrebɔ no."
The borders were closed to keep coronavirus out of the country.,Wɔtoo ahye no mu sɛnea ɛbɛyɛ a coronavirus ankɔ ɔman no mu.
Other crops died after the weed was introduced to them.,Nnuadewa afoforo wuwui bere a wɔde nwura no kyerɛ wɔn akyi.
The people mourned the death of the former mayor of Accra.,Nkorɔfoɔ no suu Nkran panin dada wuo no.
Farmers should make sure that their farms are clean.,Ɛsɛ sɛ akuafo hwɛ hu sɛ wɔn mfuw mu tew.
Most homes in Ghana at least now have electricity.,"Anyɛ yiye koraa no, afie dodow no ara a ɛwɔ Ghana no wɔ anyinam ahoɔden mprempren."
Most schools have no access to clean water.,Sukuu dodow no ara nni nsu pa.
Its the police's responsibility to protect the people in the society.,Ɛyɛ polisifo asɛyɛde sɛ wɔbɔ nnipa a wɔwɔ ɔman no mu no ho ban.
"Once the Soobii people arrive at the city for the festival, they diverge into their localities to march together.","Sɛ Soobiifo no du kurow no mu afahyɛ no a, wɔtetew wɔn ho kɔ wɔn mpɔtam hɔ bom nantew."
"Even a team with the majority being new players, can win a match.","Sɛ agumadi kuw a wɔn mu dodow no ara yɛ agumadifo foforo mpo a, wobetumi adi nkonim wɔ agumadi mu."
How can we help people who have hearing problems?,Yɛbɛyɛ dɛn aboa nnipa a wɔn aso yɛ den?
Boreholes will be established to improve water supply.,Wɔbɛhyehyɛ ntokuru a wɔde bɛto mu na ama nsuo a wɔde ma no atu mpɔn.
People have taken the fight against the vice to another level.,Nkorɔfoɔ de wɔn ntɔkwa a ɛtia ɔkyitaafoɔ no akɔ akyiri.
Mothers union has produced many successful married women in the country.,Ɛnanom nkabom kuw ama mmea awarefo pii adi yiye wɔ aware mu wɔ ɔman no mu.
Landlords in Akatsi are to start paying taxes for their houses.,Ɛsɛ sɛ afiewuranom a wɔwɔ Akatsi firi aseɛ tua toɔ wɔ wɔn afie ho.
Animals need a good veterinary doctor to produce good yields.,Mmoa hia mmoa ho oduruyɛfo pa na ama wɔanya nnɔbae pa.
The Health Ministry continues to advocate for a malaria-free country.,Asoeɛ a Ɛhwɛ Apɔmuden ho nsɛm so no rebɔ mmɔden biara ɔman yi bɛde ne ho afiri atiridii yareɛ no ho
It is alleged that the president has no academic papers,Wɔkyerɛ sɛ ɔmampanyin no nni nwomasua ho nkrataa biara.
You cannot concentrate at work when worried about thieves breaking into your house.,Worentumi mfa w'adwene nsi adwuma so wɔ adwumam berɛ a ɛha wo sɛ anhwɛ a na akorɔmfoɔ abu akɔwura wo fie.
People with poor health condition asked to seek treatment from medical facilities.,Nkorɔfoɔ a wɔn apɔmuden tebea nyɛ no hwehwɛ wɔbɛnya ayaresa afiri aduroyɛ nnoɔma mu.
Nowadays the rich always get away with their crimes.,Mprempren adefo nya wɔn ho tete fi wɔn nsɛmmɔnedi mu bere nyinaa.
"During the pandemic, people had to stay indoors for a specific period of time.","Wɔ ɔyaredɔm no mu no, na ɛsɛ sɛ nkurɔfo tra dan mu bere pɔtee bi."
Agents were sent to find out why the heldsmen stayed in the land.,Wɔsomaa ananmusifo sɛ wɔnkɔhwehwɛ nea enti a wɔn a wɔakura mu no traa asase no so.
They have appointed a team to monitor government hospitals in the region.,Wɔayi ekuo sɛ wɔnhwɛ aban nyaresabea no so wɔ mantam no mu.
A fifteen year old girl was raped on her way to school.,Wɔtoo abaayaa bi a wadi mfe dunum mmonnaa bere a na ɔrekɔ sukuu no.
Evangerical churches have helped the youth in building a Christian character.,Asɛmpaka asɔre ahorow aboa mmabun ma wɔanya Kristofo su.
Football fans booed the player after he missed a goal.,Bɔɔlbɔ akyitaafoɔ no huro agorudini  bere a ɔsie goal no
Some time administrators make decisions without consulting others.,"Ɛtɔ mmere bi a, bere so ahwɛfoɔ si gyinae a wonsusuu afoforo ho."
These evenings were a vital part of Kwame Nkrumah's American education.,Na awummerɛ ahodoɔ no ho hia pa ara wɔ Kwame Nkrumah Amerika adesua no mu.
Patients were requested to buy food while in the hospital.,Wɔka kyerɛ ayarefoɔ sɛ wɔntɔ aduane berɛ a wɔwɔ ayaresabea no.
People should work hard and improve their standard of living.,Ɛsɛ sɛ nnipa yɛ adwumaden de ma wɔn abrabɔ mu gyinabea kɔ anim.
Leaders should work hard to promote unity among people.,Ɛsɛ sɛ akannifoɔ yɛ adwumaden de hyɛ baakoyɛ ho nkuran wɔ nnipa mu.
Good roads ease transportation of goods to the market.,Akwan pa boa ma ɛyɛ mmerɛw sɛ wɔde nneɛma bɛkɔ gua so
Lack of toilets put girls on the risk of shame.,Tiafi a wonni de mmeawa to asiane mu sɛ wɔbɛfɛre.
As people migrate to safer places changes in buying of goods are seen.,"Bere a nkurɔfo tu kɔ mmeae a ahobammɔ wɔ no, wohu nsakrae wɔ nneɛma a wɔtɔ mu."
The district is mostly affected by climatic conditions.,"Mpɛn pii no, ewiem nsakraeɛ tumi ka saa mansini no."
The church promised to organise prayers for the district every after three months.,Asɔre no hyɛɛ bɔ sɛ wɔbɛyɛ mpaebɔ ho nhyehyɛe ama ɔmantam no asram abiɛsa akyi biara.
"Malaria causes symptoms that typically include fever, tiredness, vomiting, and headaches.","Atiridii de sɛnkyerɛnne ahodoɔ a mpɛn pii no ɛne ahoɔhyeɛ, ɔbrɛ, ɔfe, ne tipae ba."
Doctors should not entirery be blamed for the death of a patient.,Ɛnsɛ sɛ wɔde ɔyarefo bi wu ho asodi to nnuruyɛfo so koraa.
The campaign will take place in the four days of October for a district in Ghana.,Ɔsatu no bɛkɔ so wɔ October nnanan mu ama mantam bi a ɛwɔ Ghana.
The court sometimes may rule in favour of the suspect.,"Ɛtɔ mmere bi a, asɛnnibea no betumi abu atɛn de agye nea wosusuw sɛ ɔyɛ ɔsɛmmɔnedifo no atom."
Next year's general election is expected to be peaceful.,Wɔhwɛ kwan sɛ afe a edi hɔ no amansan abatow no bɛyɛ nea asomdwoe wom.
Numbers of coronavirus disease cases are rising in Ghana,Nnipa dodoɔ a wɔanya Korona nsanyareɛ rekɔ soro wɔ Ghana
"Traders need to register their businesses, emphasizing the importance of business registration for traders.","Ɛsɛ sɛ adwadifoɔ kyerɛ wɔn nnwuma din, na wɔsi hia a ɛho hia sɛ wɔkyerɛ wɔn nnwuma ma adwadifoɔ no so dua."
The church has donated scholastic materials to the school.,Asɔre no de sukuu ho nneɛma ama sukuu no
Many issues are being brought up during meetings.,Wɔde nsɛm pii ba wɔ nhyiam ahodoɔ ase.
The district has lost a dedicated medical worker.,Ɔmantam no ahwere aduruyɛ ho adwumayɛfo bi a watu ne ho ama.
Religious leaders can help to stop the spread of coronavirus .,nyamesom akannifo betumi aboa ma wɔagyae coronavirus a ɛretrɛw no .
I shouldn't let the child with money out of sight.,Ɛnsɛ sɛ mema abofra a ɔwɔ sika no fi baabi a obiara nhu no.
"They were also masters of the trade in gold, which drew North African merchants to the western Sudan.",Na wɔyɛ sika kɔkɔɔ adwadie a ɛtwee Afrika Atifi fam adwaidifoɔ kɔɔ Sudan atɔeɛ fam no mu wuranom nso.
Avoid contact with disease-infected people to prevent the spread of certain diseases.,Kwati sɛ wo ne nnipa a wɔanya yare no bɛbɔ na amma nyarewa bi antrɛw.
People have different ways of showing their anger.,Nkorɔfoɔ wɔ akwan ahodoɔ so a wɔda wɔn abufuo adi.
Observe the standard operating procedures to slow the spread of the coronavirus,Hwɛ nhyehyɛe kwan a wɔahyɛ da ayɛ a ɛbɛma korona nsanyare no atrɛw brɛoo no so
People living in former war zones are affected by land mines.,"Nnipa a wɔte mmeaeɛ a kane no na ɔko wɔ no, atopae a wɔde faa asase no so aka wɔn."
The village leader was happy because his request was put into consideration.,Akuraa no ase kannifo no ani gyei efisɛ wosusuw n’abisade no ho.
A soldier's life is different from a civilian's life.,Ɔsraani asetra yɛ soronko wɔ ɔsraani asetra ho.
Health workers cannot trace down people diagnosed with the disease.,Akwahosan ho adwumayɛfo ntumi nhwehwɛ nnipa a wɔahu sɛ wɔwɔ yare no.
I need to know how my tax was calculated.,Ɛsɛ sɛ mihu sɛnea wobuu me tow no.
It takes a farmer a lot to raise a cow to maturity.,Ɛgye mmɔdenmmɔ na okuafo ayɛn nantwie ama no anyin.
It is wise to cease every opportunity at hand.,Nyansa wom sɛ yebegyae hokwan biara a ɛwɔ yɛn nsam.
Is compromise the best way to resolve conflict?,So anoteɛ ne ɔkwan papa a wɔfa so siesie akasakasa?
The government and its partners lead the construction of a place of worship.,Aban no ne adwumakuo a ɔne wɔn aka abom no na wɔdi anim ma wɔsi beaeɛ a wɔhyiam som
Parents marry off their daughters at thirteen years.,Awofoɔ de wɔn mma mmaa a wɔadi mfeɛ du-mmiɛnsa ma awareɛ.
How do you fix mistrust in a relationship?,Wobɛyɛ dɛn asiesie ahotoso a wonni wɔ abusuabɔ bi mu?
Road contractors have been warned against poor quality work.,wɔabɔ wɔn a wɔyɛ akwan ho adwuma no kɔkɔ wɔ adwuma a ɛnyɛ papa ho.
Hospital administrators help run the operations of the hospital.,Ayaresabea so ahwɛfo boa ma wɔyɛ ayaresabea no oprehyɛn.
A good school needs to have buildings in good conditions.,Sukuu papa hia adan a ɛwɔ tebea papa mu.
Our town has many resting places for visitors.,Yɛn kurom no wɔ mmeaeɛ pii a ahɔhoɔ bɛtumi agye wɔn ahome.
"The child got lost when she went looking for her dog in the garden, experiencing a moment of separation and confusion.","Abofra no yerae bere a ɔkɔhwehwɛɛ ne kraman wɔ turo no mu no, na onyaa ntetewmu ne adwene a ɛyɛ basaa bere tiaa bi no."
Ministry of Education has pledged to fulfil its promise of promoting quality Education in Ghana.,Nhomasua Dwumadibea no ahyɛ bɔ sɛ wɔbɛma wɔn bɔhyɛ a ɛne sɛ wɔbɛhyɛ Nhomasua pa ho nkuran wɔ Ghana no so.
The goal of our organization is to change the lives of the youth in the community.,Yɛn adwumakuo yi atirimpɔ ne sɛ yɛbɛsesa mmabunu a wɔwɔ mpɔtam ha no asetena.
The district will construct new markets and trading centers.,Mansini no bɛsisi adwadibea foforɔ nne mmeaeɛ ahodoɔ a wɔbɛtumi adi dwa bebree
The ministry has put up training programs to skill farmers.,Asoɛeɛ no de nhyehyɛeɛ agu akwan mu ama akuafoɔ
They banned the movement and sale of animals and their products in the markets.,Wɔde taboɔ too mmoa a wɔnenam ne mmoa a wɔtɔn wɔn ne mmoa ho biribiara a wɔtɔn no dwa so no so.
One of the major problems in the district is the lack of electricity.,Ɔhaw titiriw biako a ɛwɔ ɔmantam no mu ne anyinam ahoɔden a enni hɔ.
The road will be made wider for easier transportation.,Wɔbɛma ɔkwan no atrɛw na ama akwantu ayɛ mmerɛw.
He sang a song that he used to market his music studio.,Ɔtoo dwom bi a ɔde dii ne nnwom adwumayɛbea no ho gua
The district education officer organized a conference aimed at improving the performance of pupils.,Ɔmantam nhomasua sohwɛfo no yɛɛ nhyiam bi ho nhyehyɛe a na n’atirimpɔw ne sɛ ɛbɛma asuafo no adwumayɛ atu mpɔn.
An increase in cocoa farmers will increase country revenue.,Koko akuafo a wɔbɛdɔɔso no bɛma ɔman no sika a wonya no akɔ soro.
Health officers are at the front line fighting against the coronavirus pandemic.,Akwahosan ho adwumayɛfoɔ wɔ anim a wɔreko atia coronavirus ɔyaredɔm.
How many bricks do you need to build the foundation of your house?,Biriki ahe na wuhia na wode asi wo fie fapem?
As time goes on new episodes for drama are released.,"Bere kɔ so no, woyi drama ho dwumadi foforo adi."
This year's festive season may not be as exciting as usual since public gatherings have been banned,Afei yi afahyɛ ahodoɔ no nyɛ anigyeɛ sɛdeɛ afe biara ɛyɛ no ɛsiane sɛ wɔabara nnipa dodoɔ nhyiamu.
Farmers are taking different education programs on irrigation.,Akuafo resua akwan horow a wɔfa so yi nsu.
"Those with corona symptoms usually test positive for the disease, indicating the need for prompt testing and diagnosis to prevent further spread.","Wɔn a wɔwɔ corona sɛnkyerɛnne no taa yɛ nhwehwɛmu hu sɛ yareɛ no wɔ hɔ, na ɛkyerɛ sɛ ɛho hia sɛ wɔyɛ nhwehwɛmu ntɛm na wɔhu sɛdeɛ yareɛ no wɔ na wɔasi ntrɛmu bio ano."
The success of e-learning platforms depend on their usage by instructors,Abɛfo ntentan so adesua ahorow no nkonimdi gyina sɛnea akyerɛkyerɛfo de di dwuma no so
Farmers have to sign the document to acknowledge the receipt of seeds.,Ɛsɛ sɛ akuafo de wɔn nsa hyɛ krataa no ase de kyerɛ sɛ wɔn nsa aka aba no.
The contractors hired to construct the bridge used substandard material.,Wɔn a wɔfaa wɔn sɛ wɔnyɛ abɔntenban no de nneɛma a ɛnyɛ papa na edii dwuma.
Road maps are drawn before actual construction begins.,akwan ho mfonini kyerɛ kar akwan a ɛkɔ ɔkwan kɛse bi so kwan na ɛhwɛ so.
Media campaigns should be conducted to promote golf in Ghana.,Ɛsɛ sɛ wɔyɛ nsɛm ho amanneɛbɔ ɔsatu de hyɛ gɔf ho nkuran wɔ Ghana.
A number of people accepted the Lord Jesus Christ as their personal Lord and Savior.,Nnipa dodow bi gyee Awurade Yesu Kristo toom sɛ wɔn ankasa Awurade ne Agyenkwa.
Any torture done to children is a violation of rights and freedom.,Ayayade biara a wɔyɛ mmofra no yɛ hokwan ne ahofadi a wobu so
One of the residents was bribed to identify for them the valuable species of trees.,Wɔmaa wɔn a wɔte hɔ no mu biako adanmude sɛnea ɛbɛyɛ a obehu nnua ahorow a ɛsom bo no ama wɔn.
Most people who retire face the problem of poverty.,Nnipa dodow no ara a wɔkɔ pɛnhyen no hyia ohia ho haw.
"I am not afraid of hard work. In fact, I enjoy hard work. My experience in life tells me that honesty and hard work pays.","Minsuro adwumaden. Nokwarem no, m’ani gye adwumaden ho. Osuahu a manya wɔ asetra mu ka kyerɛ me sɛ nokwaredi ne adwumaden tua ka."
The border was closed due to misunderstandings between the two countries.,Wɔtoo ɔhye no mu esiane ntease a enni aman abien no ntam nti.
The administrative officer offered a tractor to fierd maintenance.,Ɔpanyin a ɔhwɛ adwuma so no de tractor bi mae sɛ wɔmfa nsiesie nsiesie.
The two regions will work together moving forward.,Mpɔtam abien no bɛbom ayɛ adwuma de akɔ wɔn anim.
The headmaster said; we will get first grades this year.,"Sukuupanin no kaa sɛ, afe yi deɛ, yɛbɛnya asuafoɔ a wɔbɔ wɔn ho mmɔden pa ara."
"To solve sanitation problems ,they'll implement Albertine physical development plans and establish hygienic structures.","Nea ɛbɛyɛ na wɔasɔ ahonnidie ho haw ano no, wɔbɛyɛ Albertine mpuntuo nhyehyɛeɛ bi na wasisi ahonnidie adan ahodoɔ."
Some Pupils in rural areas move long distances to their respective schools.,Asuafoɔ binom a wɔwɔ nkuraaseɛ tu kɔ akyirikyiri kɔ wɔn sukuu ahodoɔ mu.
The district trained and equipped health workers with new skills and knowledge.,Mansini no tetee apɔmuden mu adwumayɛfoɔ binom na wɔde akwan afoforɔ wɔde yɛ adwuma ne nimdeɛ maa wɔn.
Residents are people who reside in a given place.,Wɔn a wɔte hɔ no yɛ nnipa a wɔte beae bi.
He reported about the recent floods in the district.,Ɔbɔɔ nsuyiri a ɛbaa ɔmantam no mu nnansa yi ho amanneɛ
Let us join the effort to fight against the vice of gender-based violence.,Momma yɛmfa yɛn ho nhyɛ mmɔden a yɛrebɔ sɛ yɛbɛko atia basabasayɛ a egyina ɔbarima ne ɔbaa ntam no ho.
The government does not allocate funds to construct some roads in some areas.,"Mmeaeɛ binom wowɔ hɔ a, aban no ntwa sika sɛ wɔmfa nkɔyi akwan wɔ hɔ"
The kingdom holds the largest iron ore reserve in the country.,Ahennie no na ɛwɔ nnadeɛ bebree a wɔkora so wɔ ɔman no mu.
"Unlike her husband, she is very easy-going. I like that about her.","Ɔnte sɛ ne kunu, wotumi ne no bɔ. Mepɛ saa adeɛ no wɔ ne ho."
I hug my son every morning before he goes to school.,Meyɛ me ba no atuu anɔpa biara ansa na wakɔ sukuu.
"I almost got shot yesterday, highlighting a close call with danger.","Ɛkame ayɛ sɛ wɔtoo me tuo nnɛra, na ɛde asiane sii ɔfrɛ a ɛbɛn me so dua."
The laboratory test is still showing high rates of positive infections.,Nhwehwɛmu ahodoɔ a wɔyɛ no mfidie mu no da so ara kyerɛ sɛ nnipa dodoɔ no ara na wɔanya yareɛ no bi.
"In the meeting, people spoke about the issues at hand.","Wɔ nhyiam no ase no, nkurɔfo ka nsɛm a ɛwɔ hɔ no ho asɛm."
"Under Nkrumah's leadership, Ghana adopted some social democratic policies and practices. Nkrumah created a welfare system, started various community programs, and established schools.","Nkrumah amammuo ase no, Ghana de asetenam kabimamenkabi nhyehyɛeɛ ne nneyɛɛ binom dii dwuma. Nkrumah tee fotoɔ bi a na wɔde bɛbɔ wɔn ho bra, hyɛɛ dwumadie ahodoɔ binom ase wɔ mpɔtam ahodoɔ mu, na ɔbuebuee sukuu ahodoɔ."
The parents' contributions are not enough to put up new classrooms.,Awofo no ntoboa nnɔɔso sɛ wɔde adesuadan foforo besisi hɔ.
This matter should be handled sensitivery such that the families are compensated.,Ɛsɛ sɛ wɔdi asɛm yi ho dwuma wɔ ɔkwan a ɛyɛ aniferɛ so sɛdeɛ ɛbɛyɛ a wɔbɛtua mmusua no ka.
How do you assess the damage caused by floods?,Wobɛyɛ dɛn asusuw nneɛma a nsuyiri de asɛe nneɛma no ho?
Several people have passed on during the pandemic season.,nnipa pii atwam wɔ ɔyaredɔm bere no mu.
Lake Albert border leaders have agreed to jointly handle constant Ebola and cholera outbreaks.,Lake Albert hyeɛ so akannifoɔ apene so sɛ wɔbɛbom adi Ebola ne kɔlera a ɛpae bere nyinaa no ho dwuma.
"The more infected people are, the higher the demand for health services.","sɛ nnipa dodoɔ no renya yareɛ no, na wɔn a wɔhia wɔn wɔ apɔmuden adwuamayɛ mu no nso rekɔ soro."
People should not be discriminated irrespective of their age.,Ɛnsɛ sɛ wɔyiyi nnipa mu ɛmfa ho ne wɔn mfeɛ.
The family members will be grateful if the leaders follow their father's footsteps.,"Sɛ akannifoɔ no di wɔn papanom anamɔn akyi a, abusua no ani bɛsɔ pa ara"
The savings group has started up multiple businesses.,Sikakorabea kuw no afi nnwuma pii ase.
Ministry of Education and Sports is planning on performing Education and sports strategic plan and formulating a comprehensive Education Sector analysis to boost education in Ghana,"Nhomasua ne Agumadi Dwumadibea reyɛ nhyehyɛe sɛ wɔbɛyɛ Nhomasua ne agumadi ho nhyehyɛe, na wɔayɛ Nhomasua Dwumadibea nhwehwɛmu a ɛkɔ akyiri de ama nhomasua anya nkɔso wɔ Ghana"
Every day the health centre receives at least five patients of malaria.,"Da biara, anyɛ yiye koraa no, nnipa baanum a wɔyare atiridii ba ayaresabea hɔ."
Being affiliated means being attached to someone or something,Sɛ́ wobɛka obi ho no kyerɛ sɛ wobɛbata obi anaa biribi ho
The sly fox sneaked into the henhouse and stole all the eggs.,Ɔkraman a ɔyɛ anifere no wiaa ne ho kɔɔ nkokɔ fie hɔ kowiaa nkesua no nyinaa.
The security men were engaged in promoting sanitation and hygiene within the area.,Ná ahobammɔ mmarima no de wɔn ho ahyɛ ahotew ne ahotew ho nkuranhyɛ mu wɔ mpɔtam hɔ.
The district committee plans to raise teacher's salaries next financial year.,Ɔmantam boayikuw no ayɛ nhyehyɛe sɛ wɔbɛma akyerɛkyerɛfo akatua so wɔ sikasɛm afe a edi hɔ no mu.
Kenya has been the worst hit in East Africa by the coronavirus .,Kenya na coronavirus asɛe no kɛseɛ wɔ Afrika Apuei fam .
A latrine establishment proposal was passed to control defecation in Lake Albert .,Wɔpenee nyansahyɛ bi a ɛne sɛ wɔbɛhyehyɛ tiafi de asi nsu a wɔto gu wɔ Ɔtadeɛ Albert mu.
The students in that institution resorted to strikes as a means of having their problems addressed.,Sukuufo a wɔwɔ saa asoɛe no mu no de wɔn ho hyɛɛ adwumayɛban mu adwumayɛ mu sɛ ɔkwan a wɔbɛfa so adi wɔn haw ahorow ho dwuma.
It's not a must that the person transferred only did bad for a community.,Ɛnyɛ berɛ nyinaa na sɛ woyi obi kɔ baabi foforɔ a ɛkyerɛ sɛ okodii bɔne wɔ mpɔtam dada a na ɔwɔ no.
People should work together to improve service delivery.,Ɛsɛ sɛ nkorɔfoɔ bɔm yɛ adwuma de ama ɔsom adwuma no atu mpɔn.
All people are supposed to wear masks to survive the pandemic.,Wɔkyerɛ sɛ nnipa nyinaa hyɛ akatawia na ama wɔanya wɔn ti adidi mu wɔ ɔyaredɔm no mu.
She was conned ten million Ghanaiancedis this morning and became very depressed after testing positive for the Human Immunodeficiency Virus.,Wɔdaadaa no Ghanaiancedi ɔpepem du anɔpa yi na ɔnyaa adwenemhaw kɛseɛ berɛ a wɔhwehwɛɛ mu sɛ ɔwɔ Human Immunodeficiency Virus no.
"What materials are needed, inquiring about the necessary supplies or resources.","Nneɛma bɛn na ɛho hia, nhwehwɛmu a ɛfa nneɛma a ɛho hia ho."
Lions can be of great danger to society.,Gyata betumi ayɛ asiane kɛse ama ɔmanfoɔ.
Police have warned opposition leaders against mobilising crowds.,Polisifoɔ abɔ asɔretiafo akannifoɔ kɔkɔ sɛ ɛnsɛ sɛ wɔboaboa nnipadɔm ano
The priests should wear gloves because they get into contact with the people.,Ɛsɛ sɛ asɔfo no hyɛ nsateaa efisɛ wɔne nkurɔfo no di nkitaho.
"Because of this disease, some doctors have lost their lives.","Esiane yare yi nti, nnuruyɛfo binom ahwere wɔn nkwa."
People are losing trust in Ghana's court system.,Nkorɔfoɔ gyidie refiri Ghana kɔɔto nhyehyɛeɛ mu.
Roads connecting to refugee settlements are in a poor state.,akwan a ɛkɔ aguanfo atrae ahorow so no wɔ tebea a enye mu.
We were advised to use renewable energy sources so we wrote to the government seeking funding.,Wɔtuu yɛn fo sɛ yɛmfa nneɛma a yɛbɛtumi asakra mu de adi dwuma foforɔ nyɛ adwuma nti yɛtwerɛɛ krataa kɔmaa aban no hwehwɛɛ sika.
The police are not effective in carrying out its investigations.,Polisifo ntumi nyɛ nhwehwɛmu a wɔyɛ no yiye.
People tend to cut down trees with an intention to grow tobacco.,Nkorɔfoɔ taa twitwa nnua a wɔn adwene ne sɛ wɔbɛdua tawa.
Muslims have complained about the imprisonment of fellow Muslims without enough evidence.,Nkramofo nwiinwii wɔ wɔn mfɛfo Nkramofo a wɔde wɔn agu afiase a wonni adanse titiriw biaa no ho.
Technical students were congratulated upon working hard in their studies by the President of Ghana,Ghana Ɔmampanyin maa mfiridwuma asuafoɔ akwaaba sɛ wɔyɛɛ adwumaden wɔ wɔn adesua mu
Inquiries are being made and culprits in detention.,Wɔreyɛ nsɛmmisa ne mfomsoɔfoɔ a wɔde wɔn bɛto afiase.
The project was piloted by youth in the region.,Mmabun a wɔwɔ ɔmantam no mu na wɔsɔɔ adwuma no hwɛe.
Our pharmacists will inform the public about how hardened some diseases are to drugs.,Yɛn nnuruyɛfo bɛbɔ ɔmanfoɔ no amanneɛ sɛdeɛ nyarewa bi mu yɛ den wɔ nnuru ho.
Fines are issued to those that do not obey traffic laws.,Sika asotwe wɔde ma wɔn a wonni lɔɔle kwan so mmara.
"Due to poor ruling, the magistrate was shot and this caused panic.","Esiane gyinaesi a enye nti, wɔtoo ɔtemmufo no tuo na eyi maa ehu kaa no."
Several arrests have been made in line with her death.,wɔakyere nnipa pii ma ɛne ne wu no hyia.
The child reported his mother for denying her food.,Abofra no bɔɔ ne maame amanneɛ sɛ wampene n’aduan.
Most of the men have failed to provide for their families.,Mmarima no mu dodow no ara ntumi nhwɛ wɔn mmusua.
It is wise to save a portion of your income.,Nyansa wom sɛ wode sika a wunya no fã bi sie.
Politicians are sensitizing people to follow the lockdown directives.,Amammuifo rema nkurɔfo ate nka sɛ wonni akwankyerɛ a wɔde ma wɔ lockdown no akyi.
New kinds of farming technology are introduced to farmers.,Wɔde kuayɛ ho mfiridwuma foforo kyerɛɛ akuafo.
Many business activities are carried out in that town.,Wɔyɛ adwadie dwumadie pii wɔ saa kuro no mu.
I was requested to write an apology letter.,Wɔsrɛɛ me sɛ menkyerɛw kyɛwpa krataa.
Individuals around the world have lost family members due to coronavirus .,Ankorankoro a wɔwɔ wiase nyinaa ahwere wɔn abusua mufo esiane koronavirus nti .
"Osei Tutu permitted newly conquered territories that joined the confederation to retain their own customs and chiefs, who were given seats on the Ashanti state council.","Osei Tutu maa nsasesin a wodii so nkonim foforo a wɔde wɔn ho bɔɔ apam no ho kwan sɛ wɔbɛkora wɔn ankasa amanne ne ahenfo, a wɔmaa wɔn nkongua wɔ Ashanti mantam agyinatukuw no mu no so."
Put on a face mask and prevent the spread of coronavirus .,fa anim akatasoɔ hyɛ wo ho na siw coronavirus ntrɛmu ano .
Buyers in many of the shopping arcades have reduced because of coronavirus .,Adetɔfo a wɔwɔ mmeae a wɔtɔn nneɛma pii no so atew esiane coronavirus nti .
The poor organization was as a result of not having enough money.,Nhyehyɛeɛ a ɛnyɛ no yɛ sika dodoɔ a wɔnni nti a.
Reproductive Health awareness campaigns are very important to adolescents,awo Akwahosan ho ɔsatu ahorow ho hia mmabun yiye
Peace and stability are important in every country.,Asomdwoe ne ahotɔ ho hia wɔ ɔman biara mu.
Conflicts among people have led to the loss of property.,Ntawntawdi a ɛkɔ so wɔ nnipa ntam no ama wɔahwere wɔn agyapade.
Not whatever you predict for the team comes true.,Ɛnyɛ nea wohyɛ ho nkɔm ama kuw no biara na ɛba mu.
Accra Hearts of Oak football club has sacked their head coach.,Nkran Akoma a ɛwɔ Oak bɔɔlbɔ kuw no ayi wɔn kyerɛkyerɛfo panyin no afi adwumam.
The Ministry of Health report shows that many people die of malaria .,Asoeɛ a ɛhwɛ apɔmuden nsɛm so no amanneɛbɔ kyerɛ sɛ nnipa pii wuwu wɔ asramma tyade3 no mu .
The team challenged other teams in the central region.,Ɛkuo no ne ɛkuo nkaeɛ no sii kan wɔ mfinimfini mantam.
How safe is the meat we buy from butcheries?,Nam a yɛtɔ fi mmeae a wokum nam no yɛ nea asiane biara nni ho dɛn?
Always some officials tend to stray away from the plan.,Bere nyinaa mpanyimfo binom taa twe wɔn ho fi nhyehyɛe no ho.
Some children dropped out because of poor grades.,Mmofra binom gyaee sukuu esiane abasobɔde a ɛnkɔ yiye nti.
"Literacy helps in building the nation , by increasing social development among people.","Akenkan ne akyerɛw boa ma wɔkyekye ɔman no , denam asetena mu nkɔsoɔ a ɛkɔ soro wɔ nnipa mu no so."
"The choice was more than merely symbolic, because modern Ghana, like its namesake, was equally famed for its wealth and trade in gold.","Na nea wɔpaw no nyɛ sɛnkyerɛnne kwan so ara kwa, efisɛ na nnɛyi Ghana, te sɛ nea wɔde ne din too so no, agye din saa ara wɔ n’ahonyade ne sika kɔkɔɔ aguadi ho."
The land in the game reserve will be used for farming.,Wɔde asase a wɔatwa sɛ mmoa ntena so no bɛyɛ kuadwuma.
It is in the nature of people to change.,Ɛwɔ nnipa su mu sɛ wɔbɛsakra.
Overconsumption of alcohol causes suffering in a home.,Nsanom pii de ɔhaw ba fie mu.
The current regime is popular among the people.,Mprempren nniso no yɛ nea nkurɔfo ani gye ho.
She talked about her sibling on starting the conversation with the journalist.,Ɔkaa ne nua no ho asɛm bere a ɔne nsɛm ho amanneɛbɔfo no fii nkɔmmɔbɔ no ase no.
The district must follow the legality in policy formulation and implementation.,Ɛsɛ sɛ mansini no fa mmarakwan so hyehyɛ wɔn mmara ahoroɔ nyinaa
The accountant in that district are unhappy over delayed salary payments.,Akontaabufo a wɔwɔ saa mantam no mu no ani nnye akatua a wɔakyɛ ho.
Any task given is a wonderful opportunity to prove how best you can do it.,Adwuma biara a wɔde bɛma no yɛ hokwan a ɛyɛ nwonwa a wode bɛkyerɛ sɛnea wubetumi ayɛ no yiye.
"French President Francois Hollande described Mills as "" the guardian of institutions and the defender of Ghanaian democracy.""","France manpanyin Francois Hollande kyerɛkyerɛ mu Mills ho asɛm sɛ ""ɔhwɛ aban nhyehyɛe so na ɔhwɛ bɔ Ghana dodoɔ amammuo ho ban""."
Hospitals need to attend to patients' health issues.,Ɛsɛ sɛ ayaresabea ahorow di ayarefo akwahosan ho nsɛm ho dwuma.
He said that more workers would be recruited.,Ɔkae sɛ wɔbɛfa adwumayɛfo pii.
People who engage in unlawful activities will be punished.,Wɔbɛtwe nnipa a wɔde wɔn ho hyɛ nnoɔma a mmara mma ho kwan mu aso.
Traditional religions in Ghana have retained their influence because of their intimate relation to family loyalties and local mores.,Atetesɛm som ahodoɔ a ɛwɔ Ghana no akura wɔn nkɛntɛnso mu ɛsiane abusuabɔ a ɛmu yɛ den a ɛda abusua mu nokorɛdie ne mpɔtam hɔ amanneɛ ahodoɔ ntam nti.
"Some people were interested in phone repair, catering and hoter management.","Na nnipa binom ani gye tetefon a wosiesie, aduanma ne hoter management ho."
The company that worked on the painting of the district offices did a great job.,Adwumakuw a wɔyɛɛ ɔmantam adwumayɛbea ahorow no mfoniniyɛ ho adwuma no yɛɛ adwuma kɛse.
All techniques used in improving production will be seen.,Wɔbɛhu akwan a wɔfa so ma nneɛma a wɔyɛ no tu mpɔn nyinaa.
The workshop participants were given guiderines to be followed while validating the final draft,Wɔmaa wɔn a wɔkɔɔ nhyiam no akwankyerɛ a ɛsɛ sɛ wodi akyi bere a wɔregye nhyehyɛe a etwa to no atom
"Sadly, many children are mistreated by their parents, but the priest has actively discouraged youth from using drugs.","Awerɛhosɛm ne sɛ, mmofra pii awofo di wɔn ayayade, nanso ɔsɔfo no de nsiyɛ abu mmerante ne mmabaa abam sɛ wɔmmfa nnubɔne nni dwuma."
The national football organ aimed at increasing awareness amongst football leaders.,ɔman no nkorabata a ɛhyɛ agokansie so no ahyɛ bɔɔlobɔ akannifoɔ ho dawuro no mu kena.
How can I get my car which was impounded two days back?,Mɛyɛ dɛn anya me kar a wɔde too afiase nna abien a atwam ni no
The public sector tries its best to accomplishing work assigned to them by the government.,Ɔman adwumayɛbea ahorow no bɔ mmɔden biara sɛ wɔbɛyɛ adwuma a aban no de ama wɔn no.
My mother is one of the candidates in the race for district speaker.,Me maame yɛ wɔn a wɔrepere ɔmantam kasafo akansi no mu biako.
A number of ministers have lost in the party primaries.,Asoafoɔ  dodow bi adi nkogu wɔ akuw no mfitiase abatow no mu.
It's a must to know when and where you were born.,Ɛsɛ sɛ wuhu bere a wɔwoo wo ne baabi a wɔwoo wo.
Most refugees have no access to basic needs.,Aguanfo dodow no ara ntumi nnya ahiade atitiriw.
People are free to use their land as they want.,Nkorɔfoɔ wɔ ho kwan sɛ wɔde wɔn nsase di dwuma sɛdeɛ wɔpɛ.
Radio stations are one of the sources of information to the public.,radio dwumadibea ahorow yɛ mmeae a ɔmanfo nya nsɛm no mu biako.
It was their best performance of the tournament.,Na ɛyɛ wɔn dwumadie a ɛsɔ ani paa ara wɔ akansie no mu.
Media houses are so helpful in passing on information concerning the pandemic.,Nsɛm ho amanneɛbɔ afie boa kɛse wɔ nsɛm a ɛfa ɔyaredɔm no ho a wɔde ma mu.
Pregnant teenagers face complications during birth leading to death.,mmabun a wɔyem hyia nsɛnnennen wɔ awo mu a ɛde owu ba
"The head of the family traditionally sprinkles kpoikpoi (a process called ""Nishwamo"") and pours drinks to the ground to honor ancestors following the preparation of Homowo food on Saturday.","Abusuapanin no nam amammerɛ kwan so pete kpoikpoi (adeyɛ bi a wɔfrɛ no ""Nishwamo"") na wahwie nsa agu fam de ahyɛ nananom animuonyam na wɔde ayɛ ahoboaboa ama Homowo aduane Memeneda no."
The committee will audit the revenue and expenditure of the government.,Boayikuw no bɛhwɛ sika a aban no nya ne sika a wɔsɛe no.
Consult from those that are better than you.,Fa wo ho to wɔn a wɔyɛ papa sen wo no nkyɛn.
The government has boosted the water supply in Upper Denkyira West District district.,Aban no ayɛ ama nsuo ho nsɛm atu mpɔn wɔ Denkyira Apueɛ Mansini no mu
Testing is an effort to fight the spread of the disease.,Sɔhwɛ yɛ mmɔden a wɔbɔ de ko tia yare no trɛ
The opposition is taking advantage of the party's togetherness so the issues must be addressed.,Ɔsɔretiafoɔ no refa ɛkuo no baakoyɛ so anya kwan ɛnti ɛwɔ sɛ wɔka asɛm no.
Saving and credit co-operatives give loans at low-interest rates.,sikakorabea ne boseabɔ adwumayɛkuw ahorow de bosea ma wɔ mfɛntom a ɛba fam so.
She has written a report on the monthly activities conducted at the office.,W'atwerɛ amanneɛbɔ bi afa dwumadi ahodoɔ a wɔyɛ wɔ adwumayɛbea hɔ ɔsram biara no ho.
The school is currently investigating a case of exam malpractice.,Mprempren sukuu no reyɛ nhwehwɛmu wɔ asɛm bi a ɛfa sɔhwɛ mu nneyɛe bɔne ho.
This rite involves housewives presenting logs to mother-in-laws.,Saa amanneɛ yi hia sɛ mmaa warefoɔ de egya ma wɔn nsew mmaanom.
Nationals have a right to express their dissatisfaction peacefully.,Ɔmanfo wɔ hokwan sɛ wɔda wɔn nnɛema a wɔn ani ngye ho adi wɔ asomdwoe mu.
The winner of the beauty contest was crowned yesterday.,Wɔhyɛɛ nea odii nkonim wɔ ahoɔfɛ akansi no mu no abotiri nnɛra.
Every culture in Ghana has unique rituals deeply rooted in their traditions.,Ghana amammerɛ biara wɔ amanne soronko a emu dɔ a egyina wɔn atetesɛm so.
Children tend to think that they are mature enough.,Mmofra taa susuw sɛ wɔn ho akokwaw sɛnea ɛsɛ.
That agreement has maintained peace in Northern Ghana for many years.,Saa apam no ama asomdwoe akɔ so wɔ Ghana Atifi fam mfe pii.
Hepatitis can be stopped through vaccination hence people should go for Hepatitis vaccination,Wobetumi agyae hepatitis denam vaccination so enti ɛsɛ sɛ nkurɔfo kɔ Hepatitis vaccination
"As Ghana developed economically, education of the citizenry progressed apace.","As Ghana developed economically, education of the citizenry progressed apace."
The people of Breman Asikuma engage in agricultural activities.,Nnipa a wɔwɔ Breman Asikuma de wɔn ho hyɛ kuayɛ mu.
The robber was beaten to death by the mob.,Basabasayɛfo no boroo ɔkorɔmfo no ma owui.
Last evening one person was killed as a land wrangle turned violent.,"Anwummerɛ a etwaam no, wokum nnipa baako berɛ a asase so ntawantawadie danee basabasayɛ no."
Some districts do not have access to clean water.,Amansin bi nni nsu pa.
Not all people benefit from the government funds.,Ɛnyɛ nnipa nyinaa na wonya aban sika no so mfaso.
People should be educated and informed about the legal system in Ghana.,Ɛsɛ sɛ wɔkyerɛkyerɛ nkorɔfoɔ na wɔma wɔhunu mmara nhyehyɛeɛ a ɛwɔ Ghana no.
The ministry will do countrywide sensitization on Ebola prevention,Asoeɛ no bɛhwɛ ayɛ nkyerɛkyerɛ sononko afa Ebola yareɛ no ahobanbɔ ho wɔ ɔman ne mu nyinaa.
The main objective of the conference is establish ways on how to solve the challenges faced by the youth in schools.,Nhyiamu no atirimpɔ titire pa ara ne sɛ ɛbɛhyehyɛ akwan binom a wɔbɛtumi afa so asiesie ɔhaw ahodoɔ mmabunu hyia wɔ sukuu mu no.
Human immune virus patients have no access to drugs.,Nnipa a wɔyare mmoawa a wɔko tia nyarewa no nnya nnuru.
Taxi drivers were warned not to move past curfew time.,Wɔbɔɔ taksikafo kɔkɔ sɛ ɛnsɛ sɛ wotu baabi foforo ntra bere a wɔahyɛ sɛ wɔmfa nkɔ fie no.
They happily celebrated their anniversary with a romantic dinner.,Wɔde anigyeɛ dii wɔn afenhyia nna no wɔ ɔdɔ adidie mu.
"Since there are no abortion laws in Ghana, women, and girls continue to seek unsafe abortions.","Esiane sɛ nyinsɛn a woyi gu ho mmara nni Ghana nti, mmea, ne mmeawa kɔ so hwehwɛ nyinsɛn a woyi gu a ahobammɔ nnim."
Those who part in gender violence will be arrested and charged.,Wɔbɛkye wɔn a wɔde wɔn ho hyɛ basabasayɛ a ɛkɔ so wɔ mmarima ne mmaa mu no na wɔabɔ wɔn soboɔ.
The tallest of the three brothers also happens to be very funny. One can easily make the argument that he is the funniest person in the community.,Deɛ ɔwa pa ara wɔ anuanom mmarima no mu no nso akɔyɛ sɛ ne ho yɛ anika yie. Obi bɛtumi agye akyinnyeɛ a ɔmmerɛ koraa sɛ ɔno na ne ho yɛ anika pa ara wɔ kuro no mu.
Politicians don't speak about certain things in fear of losing votes.,Amammuifo nka nneɛma bi ho asɛm esiane suro a wosuro sɛ wɔbɛhwere abatow nti.
"Be careful, thieves carry dangerous weapons along with them.","Hwɛ yiye, akorɔmfo kura akode a ɛyɛ hu ka wɔn ho."
Criminals cause a lot of suffering to innocent people.,Nsɛmmɔnedifo de amanehunu pii ba nnipa a wɔn ho nni asɛm so.
A warning was passed to the construction management about recurrence of such embarrassing scenarios.,Wɔde kɔkɔbɔ bi kɔmaa adansi adwumayɛfo no wɔ tebea ahodoɔ a ɛyɛ aniwu a ɛte saa a ɛbɛsan aba bio ho.
More people want to acquire skills in making these stoves.,Nnipa pii pɛ sɛ wonya ahokokwaw wɔ saa fononoo yi yɛ mu.
The women fear high rates of maternal deaths.,Mmea no suro sɛ ɛnanom bewuwu kɛse.
Our road wasn't included in the ones to be worked on this year.,Wɔamfa yɛn kwan no anka ɛkwan a wɔbɛyɛ ho adwuma wɔ afe yi mu.
The youth come home late because of alcohol consumption.,Mmabun no ba fie akyiri esiane nsa a wɔnom nti.
Ask for work that you can do and complete.,Bisa adwuma a wobetumi ayɛ na wawie.
Many people are being discharged from hospitals after recovering from the coronavirus .,Wɔreyi nnipa pii afi ayaresabea bere a wɔn ho atɔ wɔn wɔ coronavirus ho no .
The army has ensured security at the border.,Asraafo ahwɛ ahu sɛ ahobammɔ wɔ ɔhye no so.
fellow Christians have supported the decision to excommunicate other Christians.,Kristofo mfɛfo adi gyinae a wɔasi sɛ wobetu Kristofo afoforo afi asafo no mu.
Irrigation is another way of watering plants in the dry season.,Nsuo a wɔde gugu nnɔbaeɛ so yɛ ɔkwan foforɔ a wɔfa so gugu afifideɛ so nsuo wɔ ɔpɛ berɛ mu.
Foreigners require land to be able to start businesses in the country.,Amanaman mufo hia asase a wɔde bɛhyɛ adwuma wɔ ɔman yi mu.
"Silver , Bronze meddals were brought back to our home land Ghana after a successful victory in the African games in Morocco.","Wɔde Dwetɛ , Kɔbere nkonimbo san baa yɛn kurom Ghana so bere a yedii nkonim yiye wɔ Afrika agodie a ɛkɔɔ so wɔ Morocco no akyi."
"They donated beds, blankets, mosquito nets and income to hospitals in Tema Community 5.","Wɔde mpa, nnasoɔ, ntontom adan, ne sika bɛkyɛɛ ayaresbea ahodoɔ a ɛwɔ Tema Community 5 no."
The ministry performs its research as well .,Asoeɛ no bɔɔ ne ho mmɔden yie wɔ ne nhwehwɛmu mu no.
Avoid trouble please and do not do anything to harm others.,Kwati ɔhaw mesrɛ wo na nyɛ biribiara a ɛbɛpira afoforo.
The team challenged other teams in the central region.,Kuw no twaa akuw afoforo a wɔwɔ mfinimfini mantam no mpoa.
The deceased's family was quarantined at the health centre.,Wɔde owufo no abusua no too afiase wɔ akwahosan asoɛe hɔ.
A police officer was killed in the ongoing riots in our town.,Wokum polisini bi wɔ basabasayɛ a na ɛrekɔ so wɔ yɛn kurom no mu.
My mother inspires me and all married women should support their husbands.,Me maame kanyan me na ɛsɛ sɛ mmea awarefo nyinaa boa wɔn kununom.
Most people who succeed usually start with little.,Nnipa dodow no ara a wodi yiye no taa fi ase fi kakraa bi.
The leaders explained that the rewards would only be given to the top performers.,"Akannifoɔ no kyerɛkyerɛɛ mu sɛ, wɔde abasobɔdeɛ no bɛma wɔn a wɔbɛyɛ adeɛ pa ara no nko ara."
Headteachers are in charge of the school operations.,Akyerɛkyerɛfo mpanyimfo na wɔhwɛ sukuu no dwumadi so
Women can do the same work as men and can perfectly do the jobs that men do.,Mmaa bɛtumi ayɛ adwuma korɔ no ara mmarima yɛ no bi na wɔbɛtumi ayɛ no yie sɛdeɛ mmarima yɛ no no ara.
The attendance of mothers for postnatal care is low due to the lack of awareness about its benefits.,Ɛnanom a wɔba awo akyi hwɛ no sua esiane mfaso a ɛwɔ so ho nimdeɛ a wonni nti.
Local leaders want quality education system across the districts.,Mpɔtam hɔ akannifoɔ pɛ nhomasua nhyehyɛe pa wɔ amansin no nyinaa mu.
It is a very dangerous disease with dangerous symptoms,Ɛyɛ yareɛ a ɛyɛ hu pa ara a ɛwɔ sɛnkyerɛnne ahodoɔ a ɛyɛ hu.
As an employee you must submit to the company policy.,Sɛ́ odwumayɛni no ɛsɛ sɛ wode wo ho hyɛ adwumakuw no nhyehyɛe mu.
"Medical persons made this call while discussing physical, mental and social well -being.","Aduruyɛfoɔ yɛɛ saa ɔfrɛ yi berɛ a wɔresusu honam fam, adwene ne asetena mu yiedie ho."
The minister has awarded gifts to the best health workers in the district.,Ɔsoafoɔ no de akyɛdeɛ abɔ apɔmuden adwumayɛfoɔ a wɔbɔ wɔn ho mmɔden abaso wɔ mansini no mu.
Every district will have a woman member of parliamentdue to the hardworking nature of women.,"Esiane sɛ mmea yɛ adwumaden nti, ɔmansin biara benya ɔbea bi a ɔyɛ mmarahyɛ baguani."
Internship helps students to have a real world hands on experience.,Internship boa asuafoɔ ma wonya wiase ankasa nsaano suahunu.
Last year's voting process was very peaceful and well organised.,Afe a etwaam no abatoɔ nhyehyɛe no yɛɛ asomdwoe paa ara na wɔhyehyɛɛ no yie.
The briquettes provide an alternative to deforestation for wood.,Briquettes no ma wonya ɔkwan foforo a wɔbɛfa so ayɛ kwae a wobetutu de ayɛ nnua.
The tax will also be charged on the sale of goods like alcohol.,Wɔde ɛtoɔ no bi nso bɛtoto  nnoɔma boɔ bi te sɛ nsa so.
The women's group in our village elected their new leaders yesterday.,Mmaa kuo no wɔ yɛn akuraase no too aba yii wɔn akannifoɔ foforɔ nnora.
More people will take part in sports activities.,Nnipa pii de wɔn ho bɛhyɛ agumadi dwumadi ahorow mu.
His parents have failed to pay the medical bills.,N’awofo ntumi ntua ayaresa ho ka.
My eldest daughter got married at thirty three years.,Me babea panyin waree bere a na wadi mfe aduasa abiɛsa.
"When someone has an event to attend , they normally remind themselves by setting an alarm.","Sɛ obi wɔ dwumadie bi a ɛsɛ sɛ ɔkɔ a, wɔtaa kae wɔn ho denam berɛ a wɔbɛhyɛ ato hɔ no so."
The sport of golf hasn't been well promoted in Ghana.,Wɔnhyɛɛ golf agumadi ho nkuran yiye wɔ Ghana.
"You know perfectly well that if ever you really want to, you can come back to me,"" he said without the slightest trace of irony and cynicism, and left.","Wonim pefee sɛ sɛ wopɛ nko ara deɛ a, wobɛtumi asan aba me nkyɛn, ɔkaeɛ a na abirabɔ ketewa sei mpo nnim, na ɔkɔeɛ."
Parliament has failed to discuss some of the pressing issues in the country.,mmarahyɛbadwam no antumi anka nsɛm a agye ntraha wɔ ɔman no mu no bi ho asɛm.
Every morning I take my one year old son to the day care center.,Anɔpa biara mede me ba a wadi afe biako no kɔ sukuu.
Roads leading to the bridges will be constructed.,wɔbɛyɛ akwan a ɛkɔ abɔntenban no so.
In what ways can a good investment be propagated?,Akwan bɛn so na wobetumi atrɛw sika a wɔde asie pa mu?
A murder involves the perpetrator taking the life of another individual.,Nipakum fa nipa a odii dwuma no gyee ɔfoforɔ nkwa firii ne nsam.
The municipal council should solicit funds from the government.,Mansini no kansele no nsrɛsrɛ sika mmoa firi aban hɔ.
People only go to hospitals when they do not feel well .,Nkorɔfoɔ kɔ ayaresabea berɛ a wɔnte apɔ nko ara.
More information on Ghana's coronavirus cases has been released by the ministry of health,Akwahosan adwumayɛbea no de nsɛm pii a ɛfa Ghana korona nsanyare ho no ama
All patients were registered at the entrance of the hospital.,Wɔtwerɛɛ ayarefo no nyinaa din wɔ ayaresabea no abrannaa so.
It is advisable to put everything in writing for future reference.,Ɛyɛ papa sɛ wobɛtwerɛ biribiara na ama woatumi de adi dwuma daakye.
The police doctor has made a medical report and also indicated there was destruction of property.,Polisifo oduruyɛfo no ayɛ aduruyɛ ho amanneɛbɔ na wakyerɛ nso sɛ wɔsɛee agyapade.
The doctor wants to employ someone with financial management skills.,Dɔkota no pɛ sɛ ɔfa obi a ɔwɔ sikasɛm ntotoeɛ ho nimdeɛ a ɛdi mu
Prominent leaders of the opposition party will attend the rally.,ɔsɔretia kuw no akannifo atitiriw bɛba nhyiam no ase.
There was a new COVID-19 death almost everyday in mid September.,COVID-19 wuo afoforɔ bi kɔ so da biara wɔ Ɛbɔ bosome no mfimfini hɔ.
Most parents take their children to the best performing schools in the country.,Awofo dodow no ara de wɔn mma kɔ sukuu ahorow a wɔbɔ mmɔden yiye sen obiara wɔ ɔman no mu.
"The Ashanti Empire was one of a series of states along the coast including Dahomey, Benin, and Oyo.","Na Ashanti Ahemman no yɛ aman a ɛtoatoa so a ɛwɔ mpoano a Dahomey, Benin, ne Oyo ka ho no mu biako."
People have provided the security forces with inteligence information.,Nkorɔfoɔ ama ahobammɔfoɔ no nsɛm a nyansa wɔ mu.
Breastfeeding enhances bonding between baby and the mother.,Nufu a wɔma no ma abusuabɔ a ɛda akokoaa ne ɛna no ntam no yɛ kɛse
People in Ghana are now forging national identity cards.,Nnipa wɔwɔ Ghana no reyɛ Ɔman no kaade (card) ɛdi adanseɛ sɛ wɔyɛ ɔman ban no ɛnyɛ nokorɛ mu.
"People contributed foodstuff, money to the government during the coronavirus pandemic.","Nkorɔfoɔ de aduane, sika boaa aban wɔ coronavirus ɔyaredɔm no mu."
People lose their lives in very many different ways.,Nkorɔfoɔ hwere wɔn nkwa wɔ akwan ahodoɔ pii so.
"I held separate meetings with auto giants in the UK to explore opportunities available for investments in the auto industry in Ghana, and also launched the UK-Ghana Investor Group.","Me ne kar akɛseɛ a ɛwɔ UK yɛɛ nhyiamu ahodoɔ de hwehwɛɛ hokwan ahodoɔ a ɛwɔ hɔ ma sika a wɔde bɛto kar adwumayɛ mu wɔ Ghana, na mesan nso hyɛɛ UK-Ghana Sikakorabea Kuo no ase."
The bridge has eased transport in the area.,Bridge no ama akwantu ayɛ mmerɛw wɔ mpɔtam hɔ.
The service centre will be used to provide maintenance services for ferry operations in the region.,Wɔde adwumayɛbea no bedi dwuma de asiesie hyɛmma adwumayɛ wɔ ɔmantam no mu.
The meeting will take place at the council hall.,Nhyiamudie no bɛkɔ so wɔ kansile no dan kɛseɛ no mu.
For you to succeed you have to look up to someone better than you.,"Sɛ wubetumi adi nkonim a, ɛsɛ sɛ wusuasua obi a ɔsen wo."
Police arrested twenty students in connection with the Saturday strike.,Polisifoɔ kyeree sukuufoɔ aduonu wɔ adwumaden a wɔyɛe Kwasida no ho
Money should be used for its intended purpose.,Ɛsɛ sɛ wɔde sika di dwuma a wɔahyɛ sɛ wɔmfa  nyɛ.
People were advised to have collective efforts towards managing farms.,Wɔtuu nkorɔfoɔ fo sɛ wɔnka wɔn ho mmɔ mu mfa nhwɛ mfuo so.
Do you think it is wise for a doctor to start up a private clinic?,Wususuw sɛ nyansa wom sɛ oduruyɛfo bi befi ankorankoro ayaresabea ase?
The district officials have held various meetings to discuss land conflicts.,Mansini no mu mpanimfoɔ no ayɛ nhyiam ahodoɔ bebree de aka nsase ho manso ho nsɛm.
The village chairperson urged her people to make a change by voting.,Akuraa no ase guamtrani no hyɛɛ ne nkurɔfo nkuran sɛ wɔnyɛ nsakrae denam abatow a wɔbɛtow so.
Most businesses in Ghana rery on electricity to operate.,Nnwuma dodow no ara a ɛwɔ Ghana de wɔn ho to anyinam ahoɔden so na ama wɔatumi ayɛ adwuma.
The headteacher was also elected as the village chairperson.,Wɔsan too aba maa tikyani no sɛ kuro no baanodini.
Schools encouraged to cancer visiting days to prevent the disease.,sukuu ahodoɔ hyɛɛ nkuran sɛ wɔnkɔsra kokoram nna na wɔasiw yare no ano.
The minister introduced the project during the groundbreaking ceremony.,Ɔsoafoɔ no daa dwumadie no adi wɔ dwabɔ kɛseɛ no ase.
"The Chief Executive Officer will be visiting the company branches tomorrow morning, indicating an upcoming event.","Adwumayɛfo Panyin no bɛkɔ akɔsra adwumakuw no baa dwumadibea ahorow ɔkyena anɔpa, na akyerɛ adeyɛ bi a ɛreba."
The proposal was presented and everyone in the meeting welcomed it.,Wɔde nyansahyɛ no mae na obiara a ɔwɔ nhyiam no ase gyee no toom.
How can a health facility be managed without money?,Ɔkwan bɛn so na wobetumi ahwɛ akwahosan ho adwumayɛbea bi so a sika nni hɔ?
The district has emphasized cassava over any other crop.,Ɔmansin no ayɛ nhyehyɛe ne akwan foforo ama ɔmanfo.
Partnering with parents helps children to see important people in their lives working together.,"Sɛ wone awofoɔ yɛ adwuma a, ɛboa mmofra ma wohunu sɛ nnipa a wɔn ho hia wɔ wɔn asetena mu reyɛ adwuma abom."
The malnourished children were admitted in Tema general hospital.,Mmɔfra a wɔanya aduane papa anie kane no wɔgyee wɔn guu Tema aban ayaresabea.
"At every teaching, quiz question will be given and used for performance evaluation.","Wɔ nkyerɛkyerɛ biara mu no, wɔde nsɛmmisa a wɔde bisabisa nsɛm bɛma na wɔde adi dwuma de ayɛ adwumayɛ nhwehwɛmu."
The officer was sent to schools to know the issue on ground.,Wɔde ɔsraani panyin no kɔɔ sukuu ahorow mu sɛ ɔnkɔhu asɛm no wɔ fam.
Modern watering methods are one way to increase earnings from crop growing.,Nnɛyi akwan a wɔfa so gugu nsu no yɛ ɔkwan biako a wɔfa so ma sika a wonya fi nnɔbae a wodua mu no kɔ soro.
"I think I know where the venue is located, expressing a belief in personal knowledge and familiarity.","Misusuw sɛ minim baabi a beae no wɔ, na meda gyidi a mewɔ wɔ ankorankoro nimdeɛ ne nimdeɛ a onim ho adi."
"The Asante culture is transmitted through folk songs, tales and traditional practices.","Asante amammerɛ no wɔsua firi abibi nwom mu, anansesɛm mu ne amanneɛ ahodoɔ mu."
We regret to inform you of the sudden death of our village chair person.,Yɛnnu yɛn ho sɛ yɛbɛka yɛn akuraa titinafoɔ no wuo ntɛmso akyerɛ wo.
The Ghana wildlife authority reclaimed the boundaries of Ajai wildlife reserve.,Ghana wuram mmoa ho adwumayɛbea no san gyee Ajai wuram mmoa akorae no ahye.
It is not easy for businesses to afford court fees.,Ɛnyɛ mmerɛ mma nnwumakuo sɛ wobɛtua asɛnnibea ka.
I am grateful for the ongoing support from the ministry of health to Ghanaians.,M’ani sɔ mmoa a ɛkɔ so fi asoe a wɔhwɛ apom den so de ma Ghanafo.
"These kingdoms are spread across the Upper East Region, Upper West Region, North East Region, Ghana, and Northern Region (Ghana) of Ghana.","Saa ahennie yi atrɛ wɔ Atifido Apueɛ Mantam, Atifido Atɔeɛ Mantam, Atifi Apueɛ Mantam, Ghana, ne Atifi Mantam (Ghana) wɔ Ghana."
People are always educated on how to protect children rights in the community.,Wɔkyerɛ nkorɔfoɔ adeɛ daa wɔ ɔkwan a wɔbɛfa so abɔ mmofra pɛ ho ban wɔ wɔn kuro mu.
Her introduction ceremony has been cancelled because of the pandemic.,Wɔatwa ne nnianim guasodeyɛ no mu esiane ɔyaredɔm no nti.
Parents have a negative attitude toward vocational training.,Awofoɔ nni adwene pa fa nsaano- nwuma nteteeɛ ho.
The chairman spread the good news to the community.,Oguamtrani no trɛw asɛmpa no mu kyerɛɛ mpɔtam hɔfo.
The engineers should work on the turbines for proper supply.,Ɛsɛ sɛ adwumayɛfoɔ no yɛ torobɛn no ho adwuma sɛdeɛ ɛbɛyɛ a ɛbɛtumi ayɛ adwuma yie
The girl informed the brother who was responsible for the pregnancy.,Abaayewa no bɔɔ ne nuabarima a na wahyɛ no nyinsɛn no amaneɛ
Farmers have been given support to practice commercial agriculture.,Wɔaboa akuafo ma wɔde wɔn ho ahyɛ aguadi mu.
The new medical facility has reached the final stages,Ayaresabea foforo no adu nea etwa to
Some women are abused by men in their marriages,Mmarima yɛ mmea binom ayayade wɔ wɔn aware mu
I started feeling the symptoms after reaching home.,Mifii ase tee yare no ho sɛnkyerɛnne no nka bere a miduu fie no.
It is okay to apologise to those we have not done right.,Ɛnyɛ hwee sɛ yɛbɛpa wɔn a yɛanyɛ yie no kyɛ.
There is a section in the constitution that says all people belong to the people.,Ɔman mmara no fa bi wɔ hɔ a ɛka sɛ nkurɔfoɔ nyinaa yɛ ɔmanfoɔ no dea.
People should maintain social distancing in public places.,Ɛsɛ sɛ nkorɔfoɔ ma kwan da wɔn ntam wɔ mmeaeɛ nnipa dodoɔ wɔ.
More well s are being constructed for ease of access to safe water.,Wɔresisi abura pii sɛnea ɛbɛyɛ a ɛbɛyɛ mmerɛw sɛ wobenya nsu pa.
The team agreed to have a sanitation drive in the community.,Kuw no penee so sɛ wɔbɛyɛ ahotew ho adwuma wɔ mpɔtam hɔ
Administrative services will be brought nearer to the people.,Wɔde amammuo dwumadie bɛbɛn nnipa no pa ara.
Schools that have existed for some time have old students.,ɛsɛ sɛ sukuu ahodoɔ ma mmofra nyinaa aduan wɔ sukuu mu.
Patients should have a conducive environment to recover.,Ɛsɛ sɛ ayarefoɔ nya beaeɛ pa a wɔde bɛsa wɔn yadeɛ.
People have lost their property because of witchcraft.,Nkorɔfoɔ ahwere wɔn nnyapadeɛ ɛnam bayie nti.
The hospitals will be effective in providing maternal and antenatal care.,Ayaresabea no bɛyere ne ho ahwɛ mmaatan ne apemfoɔ.
The education system is too expensive to be afforded by everyone.,Nwomasua no boɔ yɛ den dodo nti ɛnyɛ obiara na ɔbɛtumi atua ɛho ka.
The ministry of health has contributed funds for the new development s.,Asoɛeɛ a ɛhwɛ apɔmuden nsɛm so no ama sika a wɔde rebɛyɛ mpuntuo ahodoɔ.
There will be a training about fish farming in the town hall.,Wɔbɛyɛ nteteeɛ afa mpataa kuayɛ wɔ kuro no hyiadan no mu.
People come to Anloga from Denu to look for employment.,Nkorɔfoɔ firi Anlogo ba Denu bɛhwehwɛ adwuma.
"Do you have training in project management, inquiring about someone's training background in project management.","So wowɔ ntetee wɔ project management mu, bisa obi ntetee ho nimdeɛ wɔ project management mu"
She said her business helped her feed her children.,Ɔkaa sɛ n’adwuma no boaa no ma ne mma aduan.
I want to invest in a piggery project next year.,Mepɛ sɛ mede sika hyɛ mprako adwuma bi mu afe a edi hɔ no.
People are divided when it comes to oil related discussions.,Nkorɔfoɔ no mu kyɛ sɛ ɛba ngo ho nsɛnka a.
The government has ensured peace and stability in the country.,Aban no aka sɛ asomdwoeɛ ne pɛpɛɛpɛyɛ bɛba ɔman no mu
The creation of new administrative units will improve service delivery.,Adwumayɛkuo foforɔ a wɔbɛhyehyɛ no bɛma dwumadie a wɔde ma no atu mpɔn.
Her husband beat her up badly but she never reported him to the police.,Ne kunu boroo no denneennen nanso wammɔ polisifo amanneɛ da.
The security men were engaged in promoting sanitation and hygiene within the area.,Ahobammɔfoɔ mmarima no kaa ho bi wɔ ahoteɛ ne ahonidie mpuntuo wɔ mpɔtam hɔ.
Journalists help to cover all the details during sports.,Nsɛmtwerɛfoɔ boa ma wotumi de deɛ ɛrekɔ so wɔ agodie bi ase biara to dwa.
coronavirus updates show that the number of cases is rising daily.,coronavirus updates kyerɛ sɛ wɔn a wɔanya bi no dodow rekɔ soro da biara.
"My fifteen year old niece is pregnant, can you imagine?","Me wɔfase a wadi mfe dunum anyinsɛn, wubetumi agye adi?"
The students shall have a physics practical lesson tomorrow morning.,Asuafoɔ no bɛnya abɔdeɛ mu nneɛma ho adesua a wɔde di dwuma ɔkyena anɔpa.
Its the people's responsibility to conserve the environment.,Ɛyɛ nnipa no asɛyɛde sɛ wɔbɛkora nneɛma a atwa wɔn ho ahyia so.
People like to use tribal customs to treat diseases.,Nkorɔfoɔ ani gye ho sɛ wɔde mmusuakuo amanneɛ bɛsa nyarewa.
Countries neighbouring Ghana are mostly affected by the Ebola outbreak.,Aman a wɔbɛn Ghana no na Ebola ɔyaredɔm no aka wɔn kɛse.
Vaccinations can help to prevent costly treatment of diseases that can be prevented.,Nnuru a wɔde bɔ nkorɔfoɔ ho ban bɛtumi aboa ma wɔasi nyarewa a wobetumi asi ano a wɔde sa yadeɛ a ɛho ka yɛ den ano.
Some leaders share their decisions with the community.,Akannifo binom ka wɔn gyinaesi ahodoɔ kyerɛ mpɔtam hɔfo.
It is very hard to trust people completery.,Ɛyɛ den yie sɛ wobɛnya nkurɔfoɔ mu ahotosoɔ koraa.
It's a celebration to see a Bishop being appointed by the Pope.,Ɛyɛ afahyɛ sɛ wobɛhunu sɛ Pope no repaw Ɔsɔfopɔn bi.
The public is sensitized on the use of electricity and others.,Wɔma ɔmanfo te anyinam ahoɔden ne nneɛma afoforo a wɔde di dwuma no ho.
coronavirus is one of the diseases spreading in the Ghanaian community.,coronavirus yɛ nyarewa a ɛretrɛw wɔ Ghanafoɔ mu no mu baako.
The youths blamed leaders for denying them chances of benefiting from the government programs.,Mmabunu no bɔɔ akannifoɔ soboɔ sɛ wɔamma wɔn kwan anya mfasoɔ amfiri aban nnwumadie no mu.
All people must officially register their names with government registrars.,Ɛsɛ sɛ nnipa nyinaa kyerɛw wɔn din wɔ aban akyerɛwfo nkyɛn wɔ aban kwan so.
The doctor told her that she has an infection.,Dɔkota no ka kyerɛɛ no sɛ wanya yareɛ bi
The doctor has taken blood samples to test for malaria.,Na ɛsɛ sɛ dɔkota so twe mogya de yɛ atiridii ho nhwehwɛmu
The Upper Denkyira West district must find ways to control disputes on the land.,Ɛsɛ sɛ Denkyira Atifi  Atɔeɛ Mantam no pɛ akwan ahodoɔ binom a wɔbɛfa so asiesie nsɛm wɔ wɔn nsase so.
"If you test positive for a diseases test, start medication instantly.","Sɛ wohu sɛ wɔayɛ nyarewa ho nhwehwɛmu a, fi ase nom nnuru ntɛm ara."
How can I be an advocate for human rights?,Mɛyɛ dɛn atumi ayɛ obi a ɔkamfo hokwan ahorow a nnipa wɔ?
Every family should think about starting its own business.,Ɛsɛ sɛ abusua biara dwen ho sɛ wobehyɛ wɔn ankasa nnwuma ho dwuma.
Priests were deployed in various areas to do God's work.,wɔde asɔfo kɔɔ mmeae ahorow sɛ wɔnkɔyɛ Onyankopɔn adwuma.
A meeting was held at the town hall to discuss the district health issues.,Wɔyɛɛ nhyiam bi wɔ kurow no asa so de susuu mansini no akwahosan ho nsɛm ho.
"Once disunited, people cannot amicably agree on certain things.","Sɛ nkurɔfo mu tete pɛ a, wontumi nnye ntom wɔ asomdwoe mu wɔ nneɛma bi ho."
"Notably, funds were received for community development, with a focus on infrastructural enhancements. It is worth mentioning that these projects are executed based on community demand","Nea ɛda nsow ne sɛ, wonyaa sika maa mpɔtam hɔ nkɔso, a wɔde wɔn adwene sii nnwuma a wɔbɛma anya nkɔso so. Ɛfata sɛ yɛka sɛ wogyina mpɔtam hɔfo ahiade so na ɛyɛ saa nnwuma yi"
"It is not only refugees but also residents in the community who engage in the charcoal trade, further exacerbating the issue of tree cutting.","Ɛnyɛ aguanfoɔ nko ara na wɔde wɔn ho hyɛ fango adwadie mu na mmom wɔn a wɔte mpɔtam hɔ nso, na ɛma nnua a wotwa ho asɛm no mu yɛ den kɛseɛ."
The thief was beaten to death by the people.,Nnipa no boroo owifo no ma owui.
"The wars of expansion that brought the northern states of Dagomba, Mamprusi, and Gonja under Ashanti influence were won during the reign of Opoku Ware I.","Ntrɛwmu akodi ahorow a ɛde atifi fam aman Dagomba, Mamprusi, ne Gonja baa Ashanti nkɛntɛnso ase no, wodii nkonim wɔ Opoku Ware I ahenni mu."
The number of food processing industries in the country increase every year.,Nnwumakuw a wɔyɛ nnuan ho adwuma wɔ ɔman no mu no dodow kɔ soro afe biara.
The district education officer needs to improve educational services in the area.,Ɛsɛ sɛ ɔmantam nwomasua sohwɛfoɔ no ma nwomasua dwumadie tu mpɔn wɔ mpɔtam hɔ.
The parish priest organised prayers for the district leaders.,Asɔredan mu sɔfo no yɛɛ mpaebɔ ho nhyehyɛe maa ɔmantam akannifo no.
Children are starving in the Northern parts of the country.,Ɔkɔm de mmofra wɔ ɔman no Atifi fam mmeae.
Dead bodies are mostly kept in the mortuary.,Wɔde afunu dodow no ara sie afunu dan mu.
It's stated that he paid twice more than the real price for the latrines.,"Wɔka sɛ, otuaa sika a na ɛsɛ sɛ otua  yɛ tiafi no boroo so mmɔho mmienu."
The district has brought partners on board to educate the youth.,Ɔmantam no de ahokafo aba hyɛn no mu sɛ wɔrebɛkyerɛkyerɛ mmabun no.
A link has been distributed on several social media platforms to allow teachers to register.,Wɔakyɛ linke bi wɔ abɛɛfo ntɛntɛn afidie ahodoɔ pii so na ama akyerɛkyerɛfoɔ atumi atwerɛ wɔn din.
The students complained about the expensive laboratory fees.,Sukuufo no nwiinwii wɔ aduruyɛdan mu ka a ne bo yɛ den no ho.
The liver infection causes no symptoms; all symptoms of malaria result from the infection of red blood cells.,Berɛboɔ mu yareɛ no nna nsɛnkyerɛnne biara adi; atiridii ho nsɛnkyerɛnne nyinaa firi yareɛ a ɛwɔ mogya kɔkɔɔ ho kwammoa no mu.
The drugs received by hospitals last for a short period of time.,Ɛnkyɛ biara na nnuro a ayaresabea ahoroɔ no nsa ka no asa
People have obtained employment opportunities in the area.,Nkorɔfoɔ anya adwuma akwanya wɔ mpɔtam hɔ.
She is allergic to certain smells and could not tolerate the smell from her shoes.,Ne ho nyɛ mpɛ hua ahodoɔ bi ho na wantumi annye hua a efi ne mpaboa mu no ano.
"Our parents cannot wait for us to graduate, eager to witness our academic achievements.","Yɛn awofoɔ ntumi ntwɛn mma yɛnwie sukuu, wɔn ho pere wɔn sɛ wɔbɛhwɛ deɛ yɛnyaeɛ wɔ yɛn adesua mu.."
One of the members died during the riot.,Kuw no mu biako wui bere a basabasayɛ no rekɔ so no.
Mothers should be concerned about their health and newborn babies and go for healthcare services after delivery.,Ɛsɛ sɛ ɛnanom dwen wɔn akwahosan ne nkokoaa a wɔawo wɔn foforo ho na wɔkɔ akwahosan adwumayɛbea ahorow bere a wɔawo awie no.
Early marriage is a rampant habit in the area.,Ntɛm aware yɛ ade a abu so wɔ mpɔtam hɔ.
All school payments are to be postponed until end of the tragedy.,Ɛsɛ sɛ wɔtwe sukuu ka nyinaa kɔsi sɛ awerɛhosɛm no bɛba awiei.
There have been reduced maternal deaths as a result of enough funding.,Mmaa a wɔwu wɔ awoɔ mu no dodoɔ so ate ɛsiane sika bebree a wɔde ahyɛ mu nti.
National forest authority needs to acknowledge the public about its duties.,Ɛsɛ sɛ ɔman kwae so mpanyimfo ma ɔmanfo hu wɔn nnwuma.
Some pregnant mothers have resorted to using traditional midwives while giving birth.,Ɛnanom a wɔyem binom de wɔn ho ato awogyefo a wɔde di dwuma wɔ amanne kwan so so bere a wɔrewo no.
Losing a dedicated leader is a miserable moment for everyone.,Hwere a wobɛhwere kannifoɔ a ɔbɔ ne ho mmɔden yɛ awerɛhoɔ berɛ ma obiara.
The officer says she was knocked by a car.,Ɔsraani panyin no ka sɛ kar bi bɔɔ no.
He was a genuine person and he loved his role as a leader.,Na ɔyɛ onipa ankasa na na n’ani gye ne dwumadie sɛ ɔkannifoɔ̀ʃɛ̀	he wears ho.
Planning is the initial stage in project development .,Nhyehyɛe ne ade a edi kan wɔ adwuma no nkɔso mu .
Rawlings and the young officers formed the Armed Forces Revolutionary Council (AFRC).,rawlings ne asraafo mpanyimfo nkumaa no hyehyɛɛ Asraafo Ɔman Anidan Bagua (AFRC).
Security officers are always alert during day and night.,ahobammɔ adwumayɛfo ma wɔn ani da hɔ bere nyinaa awia ne anadwo.
Savelugu Municipal Assembly officials want to foster peace and reconciliation among the people.,Savelugu Kuropɔn Nhyiam mpanyimfo pɛ sɛ wɔma asomdwoe ne mpata ba ɔmanfo no mu.
Every car has a unique number that identifies it.,Kar biara wɔ ne din soronko yɛde ho no.
Its a good thing to celebrate the many years a school exists in the community.,Ɛyɛ adeɛ papa sɛ wobedi mfe pii a sukuu bi adi wɔ mpɔtam hɔ no ho afahyɛ.
Many Ghanaians have no access to clean water.,Ghanafo pii nnya nsu pa.
The president was awarded for his effort in the fight against the virus.,Wɔmaa ɔmampanyin no abasobɔde wɔ mmɔden a ɔbɔe wɔ ɔko a ɔde ko tia mmoawa no ho.
The president talked about how it is impossible to keep social distancing in bars.,Ɔmanpanin no kasa faa sɛdeɛ wɔntumi ntete wɔn ho mu wɔ nsanombea.
Environmental destruction became a business to the local people.,Mpɔtam adesie abayɛ adwuma ama amaaman foɔ
My friend threatened to quit if she doesn't get promoted.,"M’adamfo no hunahunaa no sɛ sɛ wɔannya nkɔanim a, obegyae."
It is not good to grow crops in a swampy area.,Ɛnyɛ papa sɛ wobɛdua nnɔbaeɛ wɔ beaeɛ a atɛkyɛ wɔ.
Many children have lost their lives in the intensive care unit.,Mmofra pii ahwere wɔn nkwa wɔ baabi a wɔhwɛ wɔn a wɔyare denneennen no.
Basketball is one of the games that can be played in a wheelchair.,Basketball yɛ agodie a wobetumi adi wɔ mmubuafo akongua mu no mu biako.
The project was already completed ahead of schedule.,Ná wɔawie adwuma no dedaw ansa na bere a wɔahyɛ no adu.
The infected people tested positive for the coronavirus disease .,"Wɔyɛɛ nhwehwɛmu no, ɛbɛdaa adi sɛ nnipa a wɔn ho aka no wɔ korona yareɛ no bi."
They banned the movement and sale of animals and their products in the markets.,Wɔtwaa mmoa nanteɛ ne wɔn tɔn ne wɔn nam wɔ dwa no mu.
Different parts of the district will be easily accessed.,Ɛbɛyɛ mmerɛw sɛ wobɛkɔ ɔmantam no mmeae ahorow.
This type of cancer affects mostly women who have intercourse with multiple partners.,Saa kokoram yadeɛ yei yɛ mmaa a wɔne mmarima pii adeda.
"Tradition also holds that, to avoid pursuit and make good their escape, they walked backward with their faces towards the town so that their footprints appeared to be going into the town.","Amammerɛ nso kyerɛ sɛ, nea ɛbɛyɛ na nkurɔfoɔ renti wɔn na ama wɔatumi adwane yie no, wɔnate kɔɔ wɔn akyi de wɔn anim kyerɛɛ kuro no mu sɛdeɛ ɛbɛyɛ a wɔn nan ase nsensaneeɛ bɛyɛ sɛ deɛ ɛrekɔ kuro no mu no."
They explored the ancient ruins and marveled at the level of expertise these civilizations of old had.,Wɔhwehwɛɛ tete nneɛma a na asɛe no mu na sɛdeɛ na tete anibue nneɛma binom yɛ sononko no yɛɛ wɔn nwanwa yie pa ara.
An interview is usually between two or more people.,"Mpɛn pii no, nnipa baanu anaa nea ɛboro saa na wobisabisa nkurɔfo nsɛm."
Musicians came together to establish their own recording company.,Nnwontofo boom hyehyɛɛ wɔn ankasa adwumakuw a wɔkyere nnwom gu kasɛt so.
The organization paid one millioncedis as a partner for the beauty pageant.,adwumakuo no tuaa ɔpepem biako sɛ ɔhokafo maa ahoɔfɛ akansi no.
Police should work hand in hand with community leaders.,Ɛsɛ sɛ Polisifoɔ ne mpɔtam hɔ akannifoɔ yɛ adwuma bom.
Cement and bricks are some of the materials used in construction.,Semɛnte ne birikisi yɛ nneɛma a wɔde yɛ adansi no bi.
People will appreciate the good work you do for the society.,Nkurɔfoɔ ani begye adwuma pa a moyɛ ma ɔmanfo no ho.
Health camps should be carried out in all regions of Ghana.,Ɛsɛ sɛ wɔyɛ akwahosan nsraban wɔ Ghana mantam nyinaa mu.
The new method of crop rotation conserves soil fertility.,Ɔkwan foforo a wɔfa so dannan nnɔbae no ma asase no nnɔɔso.
It is not good to circumcise a child without the parent's permission.,Ɛnyɛ papa sɛ obi bɛtwa abɔfra twetia a awofoɔ no mma ho kwan.
It is always best to inaugurate a place of worship on a favourable day.,Ɛyɛ papa berɛ nyinaa sɛ wɔbɛbue beaeɛ bi a wɔsom wɔ da a ɛyɛ.
Products from the park will have markets both locally and across borders.,nneɛma a efi abɔnten so atrae hɔ no benya gua ahorow wɔ mpɔtam hɔ ne ahye so nyinaa.
There are a number of companies dealing with funeral services in Ghana.,Yɛwɔ nnwumakuo pii a ɛyɛ ayiyɔ adwuma wɔ Ghana.
"The opposition did not attend the debate, and the vote was unanimous.","Ɔsɔretiafoɔ no ankɔ akyinnyegyeɛ no ase, na wɔtoo aba no nyinaa."
All intending voters must have national identification cards.,Ɛsɛ sɛ obiara a ɔrehwɛ anim sɛ ɔbɛto aba no nya ɔman ahyɛnsodeɛ krataa.
Land increases in value over a given period time.,Asase boɔ kɔ soro wɔ berɛ pɔtee bi mu.
The bank has taken over the property for its client who failed to pay the loan.,Sikakorabea no agye agyapade no ama ne client a wantumi antua bosea no.
Some hospitals provide better health services compared to others.,Ayaresabea ahodoɔ bi de akwahosan ho nhyehyɛe pa ma bere a wɔde toto afoforo ho no.
Our school doesn't have enough equipment in the chemistry laboratory.,Yɛn sukuu no nni nnwinnadeɛ a ɛdɔɔso wɔ abɔdeɛ-mu-nyansapɛ nhwehwɛmu adesua dan no mu.
"If you want to get in trouble, violate curfew hours.","Sɛ wopɛ sɛ wokɔ ɔhaw mu a, bu nnɔnhwerew a wɔahyɛ sɛ wɔmfa nkɔ fie no so."
His final sermon today captured the essence of reality.,N’asɛnka a etwa to nnɛ no kyeree nokwasɛm titiriw no.
The new fever causes bleeding from the body.,Atiridii foforo no ma mogya fi nipadua no mu.
The initiators also barely support the development programs in their communities.,Nnipa a wɔfirii aseɛ no nso ntene wɔn ho mfa mmoa a ɛfata mma mputudwuma a wɔreyɛ wɔ wɔn mpɔtam no mu.
"In rural areas, most parents delay to take their children to school.","Wɔ nkuraase no, awofo dodow no ara twentwɛn wɔn nan ase sɛ wɔde wɔn mma bɛkɔ sukuu."
The proper healthy cure should always be attained by sick persons.,Ɛsɛ sɛ ayarefo nya ayaresa a ɛfata a ɛma apɔwmuden bere nyinaa.
Is it normal for businessmen to get loans from the bank?,So ɛyɛ adeɛ a ɛfata sɛ adwadifoɔ bɛgye bosea afiri sikakorabea hɔ?
The district chairman accepted the blame only if payments are not made soon.,"Sɛ wɔantua sika ntɛm nkutoo a, ɔmantam no guamtrani no gyee asodi no toom."
People have improved their werfare and family well being.,Nkorɔfoɔ ama wɔn asetena ne abusua yiedie atu mpɔn.
All the accident victims were admitted at the main hospital.,Wɔde wɔn a akwanhyia no hweree wɔn nyinaa kɔɔ ayaresabea kɛse no mu.
Killers use motorcycles as a transport mean to gun down people.,Awudifoɔ de moto di dwuma sɛ kar a wɔde bɛtow atuo akunkum nkurɔfoɔ.
"He was arrested from his office this afternoon, and his sister is being prosecuted for trespassing on private property.","Wɔkyeree no fii n’adwumayɛbea awia yi, na wɔredi ne nuabea no asɛm sɛ wahyɛn ankorankoro agyapade so."
My friend's car was stolen from the parking lot last month.,Wowiaa m’adamfo no kar fii baabi a wɔde kar sisi no ɔsram a etwaam no.
People should participate in community development programs.,Ɛsɛ sɛ nnipa de wɔn ho hyɛ kuro mputuo nnwuma mu.
Tear gas and live bullets were fired to dispelse people in opposition gathering.,Wɔtotow mframa a ɛma nnipa tiw ne atuo a nkwa wom de pam nnipa a na wɔrehyiam wɔ ɔsɔretia no mu.
More financial training is required before the money is sent to women savings groups.,Sikasɛm ho ntetee pii ho hia ansa na wɔde sika no akɔma mmea sikakorabea akuw.
Middle men always want to charge a higher price than the original.,Mfinimfini mmarima pɛ berɛ nyinaa sɛ wɔgye boɔ a ɛso sene boɔ no ankasa.
The Media is no longer reporting about the virus,Nsɛntwerɛfoɔ no agyae yareɛ mmoawa no ho dawurubɔ no.
Government health centres will be improved with the funds provided.,Wɔde sika a wɔde ma no bɛboa ama aban ayaresabea ahorow no atu mpɔn.
A ship will be used to transport passengers and goods.,Wɔde hyɛn bi bɛfa akwantufo ne nneɛma.
"The film was preaching the word of peace, order and stability.","Sini no kyerɛkyerɛɛ asomdwoeɛ, pɛpɛɛpɛyɛ ne nkɔsoɔ."
The government allocates funds to every district each year.,"Afe biara, aban no twa sika ma ɔmansini biara"
"During wrangles, there is always a rightful owner.","Bere a akasakasa rekɔ so no, bere nyinaa obi ɔdi adeɛ ankasa"
The Kings of Simpa then recognised the need to regulate this institution for the orderly celebration of the festival.,"Saa berɛ no, Simpa Ahennie no buu no sɛ, mfasoɔ wɔ so pa ara wɔ saa nneɛma yinom sɛdeɛ ɛbɛyɛ a wɔbɛtumi adi afahyɛ no sɛdeɛ ɛsɛ."
Politicians are the leaders in a society that can handle the affairs of residents.,amammuifo ne akannifo wɔ ɔman a wotumi di nnipa a wɔte hɔ no nsɛm ho dwuma mu.
Men asserted that they are always busy on days of antenatal visits.,Mmarima sii so dua sɛ wonni adagyeɛ berɛ nyinaa wɔ nna a wɔde kɔsra ayaresabea ansa na wɔawo no mu.
Refined water passes through pipes in order to get to the user.,nsu a wɔayɛ no yiye fa nsu afiri mu sɛnea ɛbɛyɛ a ebetumi akɔ nea ɔde di dwuma no nkyɛn.
That district has the best medical doctor in the whole country who has the ability to work for long hours.,Saa mantam no wɔ oduruyɛfo a ɔsen biara wɔ ɔman no mu nyinaa a ɔwɔ tumi a ɔde yɛ adwuma nnɔnhwerew pii.
Civil wars lead to the displacement of people.,Ɔmanko ma nkurɔfo tu fi wɔn afie mu.
My sister resigned from her job three weeks ago.,Me nuabea gyaee n’adwuma adapɛn abiɛsa a atwam ni.
Medical facilities are being improved to the standard.,Wɔretu mpɔn wɔ nnuruyɛbea ahodoɔ mu ma ayɛ nea ɛfata.
Most pupils do not even complete primary education.,Asuafo dodow no ara nwie mfitiase sukuu mpo.
Local council leaders should sensitize their community members about coronavirus .,Ɛsɛ sɛ mpɔtam hɔ agyinatukuo akannifoɔ ma wɔn mpɔtam hɔfoɔ hu coronavirus ho nsɛm pii.
Service centres were created to extend services to the people.,wɔyɛɛ ɔsom mmeae ahorow sɛnea ɛbɛyɛ a wɔbɛtrɛw ɔsom adwuma mu akɔ nkurɔfo no nkyɛn.
"To improve the education system, everyone has to contribute to its success.","Nea ɛbɛyɛ na nwomasua atumi atu mpɔn no, ɛsɛ sɛ obiara de ho hyɛ mu bi boa ma ɛwie pɛyɛ."
Lawbreakers should be reported to the nearest police station.,Ɛsɛ sɛ wɔbɔ wɔn a wobu mmara so no amanneɛ kyerɛ polisifoɔ adwumayɛbea a ɛbɛn wɔn.
"Rehabilitation is care that can help you get back, keep, or improve the abilities that you need for daily life.","ahosiesie yɛ ɔhwɛ a ebetumi aboa wo ma woasan anya, akora so, anaasɛ ama tumi ahorow a wuhia ma da biara da asetra no atu mpɔn."
"The youth were motivated to start up savings groups, promoting financial independence.","Wɔkanyan mmerante ne mmabaa no ma wɔhyehyɛɛ sikakorabea akuw, na wɔhyɛɛ sikasɛm mu ahofadi ho nkuran."
All health workers in villages will be trained this Saturday.,Wɔbɛtete akwahosan ho adwumayɛfo a wɔwɔ nkuraa ase nyinaa Memeneda yi.
People should preserve fish and get modern ways of displaying it to customers.,Ɛsɛ sɛ nkorɔfoɔ kora mpataa so na wɔnya nnɛyi akwan a wɔfa so de kyerɛ adetɔfoɔ.
"She resigned from her job because they were paying her little money, but now she has several businesses that are hiring some of the locals in that area.","Ogyaee n’adwuma esiane sɛ na wɔretua no sika kakraa bi nti, nanso mprempren ɔwɔ nnwuma pii a wɔrefa ɛhɔfo a wɔwɔ saa mpɔtam hɔ no bi adwuma."
The sales director position has been vacant since last year.,Adetɔn sohwɛfo dibea no da mpan fi afe a etwaam no.
The district wants to control disease outbreaks in the area.,Mansini no pɛ sɛ ɛsosɔ yaredɔm a atu atese wɔ hɔ no ano
"Improve factors that are associated with health and wellness, including safe communities, clean water and air, stable housing and access to affordable healthy food.","Tu mpɔn wɔ nneɛma a ɛfa akwahosan ne yiyedi ho, a nea ɛka ho ne mpɔtam a ahobammɔ wom, nsu ne mframa pa, adan a ɛyɛ den ne aduan a ahoɔden wom a ne bo yɛ den a wobenya."
Ghanaians urged to guard themselves until nation attains herd immunity.,Wɔhyɛɛ Ghanafoɔ nkuran sɛ wɔnhwɛ wɔn ho yie nkosi sɛ obiara bɛtumi anya ahobammɔ wɔ ɔman no mu.
"From the master plan, which solutions would you develop first?","Sɛ wohwɛ nhyehyɛe titiriw no mu a, dɛn na wobɛdi kan ayɛ?"
Leaders are advised to practice what they preach.,Wotu akannifoɔ fo sɛ wɔmfa nea wɔka no nyɛ adwuma.
People lack the income to buy machinery for agricultural activities.,Nkorɔfoɔ nni sika a wɔde bɛtɔ mfidie ayɛ kua nnwuma.
"Various forms of dancing, singing and merry-making characterize the entire festival.","Asa ahodoɔ, nnwontoɔ, wɔregye wɔn ani no da afahyɛ no su adi."
Over twenty people gave their lives to Christ last Sunday.,Nnipa bɛboro aduonu na wɔde wɔn ho maa Kristo Kwasiada a ɛtwaam no.
The money was used by vendors in the village.,sika no wɔn a wɔdi ho dwuma no na ɛde dii dwuma wɔ akuraa no ase.
There was a reduction in the dropout rate in the previous year.,Yɛnyaa ntesoɔ wɔ sukuu gyaeɛ mu wɔ afe a ɛtwaa mu no mu.
To succeed in a business you have to know how to use small spaces.,Sɛ wobɛdi yie wɔ adwuma mu a ɛsɛ sɛ wohunu ɔkwan a wode beaeɛ nketewa bɛdi dwuma.
Relief materials were given to only the affected people.,wɔde mmoa nneɛma maa nnipa a ɛkaa wɔn no nkutoo.
The government needs to improve the transport network in the region.,Ɛsɛ sɛ aban no boa ma akwantuo ho nsɛm tu mpɔn wɔ mantam no mu
The president held a meeting to discuss security lapses on the Ghanaian borders.,Ɔmanpanin no yɛɛ nhyiamu kasa faa akwan a ɛda Ghana ɛhyeɛ bammɔ ho.
Political parties have flag bearers for different positions.,Amammuo akuo ahorow wɔ frankaa kurafo ma dibea ahorow.
One of the risk factors for heart disease is high blood pressure.,Ade biako a ɛde komayare ba ne mogya mmoroso.
"Through voting, voters make a decision of who should lead them.","Ɛnam abatoɔ so no, wɔn a wɔto aba no si agyinaeɛ wɔ deɛ ɛsɛ sɛ ɔdi wan kan ho."
The construction of a dam on Murchison Falls has been put on hold.,Wɔagyae abura a wɔbɛsi wɔ Murchison Falls no.
What potential dangers are associated with attending discos?People visit discos as a means of leisure and entertainment.,Asiane bɛn na ɛwɔ asabea a obi bɛkɔ no mu? Nnipa binom kɔ asabea kɔdwodwo wɔn ho anaa wɔkɔgye wɔn ani.
The priests will wear gloves during confirmation: baptism and holy communion.,Asɔfo no bɛhyɛ nsateaa wɔ bere a wɔresi so dua: asubɔ ne adidi kronkron.
"Found by Naa Gbewaa, numerous kingdoms such as the Kingdom of Dagbon, Gmamprugu, Nanung and others emerged.","Na Naa Gbewaa na ɔhyehyɛɛ no, ahemman bebree te sɛ Dagbon, Gmamprugu, Nanung ne afoforo nso bae."
The age limit bill has caused controversy among politicians.,Mfe dodow a wɔahyɛ ho mmara no de akyinnyegye aba amammuifo mu.
The district has sensitized people to construct more toilets in the area.,Ɔmantam no ama nkurɔfo ate nka sɛ wonsi tiafi pii wɔ mpɔtam hɔ.
An agreement was signed between both parties.,Wɔde wɔn nsa hyɛɛ apam ase wɔ afaafa mmienu no nyinaa ntam.
A football club does more than organising matches for the fans. Some of the football club's responsibilities are to help those in need.,Bɔɔlbɔ kuu bi yɛ nneɛma bebere sene agodie ho nhyehyɛe a wɔyɛ ma wɔn a wɔpɛ bɔɔlbɔ no. Bɔɔlbɔ kuo yi asodie bi ne sɛ wɔbɛboa wɔn a wɔwɔ ahokyerɛmu.
Most children in the community are not interested in education.,Mmofra dodow no ara a wɔwɔ mpɔtam hɔ no ani nnye nhomasua ho.
Highly skilled labour will be used in the building.,Wɔde adwumayɛfo a wɔn ho akokwaw kɛse bedi dwuma wɔ ɔdan no mu
Some people in the community do not obey police directives.,Nnipa bi a wɔwɔ mpɔtam hɔ nni polisifoɔ̀ʃɛ̀	he wears akwankyerɛ so.
Kwabena committed suicide by hanging in Cape Coast in 1975.,Kwabena kum ne ho denam sɛn a ɔsɛn no wɔ Cape Coast wɔ 1975 mu no so.
The bishop did God's work by spreading the gospel.,Bishop no yɛɛ Onyankopɔn adwuma denam asɛmpa no a ɔtrɛw mu no so.
Farmers will work together to learn new farming techniques.,Akuafo bɛka abom asua nnwinnade foforo a wɔde yɛ kuayɛ.
Both the students and teachers attended safety training.,Sukuufoɔ ne akyerɛkyerɛfoɔ no nyinaa kɔɔ ahobammɔ ho ntetee.
How do you create a disaster preparedness plan?,Wobɛyɛ dɛn ayɛ nhyehyɛe a wode besiesie wo ho wɔ atoyerɛnkyɛm ho?
There are little chances of survival if knocked by a speeding car on a highway road.,Ɛyɛ den sɛ obi bɛnya nkwa berɛ a kaa a ɛretu mmirika wɔ kwantempɔn bi so abɔ obi.
The public needs to be educated about hepatitis.,Ɛsɛ sɛ wɔkyerɛkyerɛ ɔmanfo hepatitis ho ade.
He was cut using a panga by thieves.,Akorɔmfoɔ de pana na etwitwaa no.
"She humbly accepted the award, and acknowledged the contributions of her team.","Ɔde ahobrɛase gyee abasobɔde no toom, na ogyee ntoboa a ne kuo no de mae no toom."
People need to establish churches with legal documentation.,Ɛsɛ sɛ nkorɔfoɔ de mmara nkrataa tete nsɔre.
The acacia trees on the island are of historical importance.,Akasia nnua a ɛwɔ supɔw no so no ho hia wɔ abakɔsɛm mu.
The district will enforce environmental laws with an aim of conserving the environment.,Mansini no bɛhyehyɛ mmara binom a ɛbɛboa ama wɔabɔ nneɛma aatwa yɛn ho ahyia no ho ban
"In a proactive move, the headteacher invited reporters for a meeting, highlighting a commitment to transparency and accountability.","Wɔ adeyɛ a ɛyɛ nnam mu no, ɔkyerɛkyerɛfo panyin no too nsa frɛɛ nsɛm ho amanneɛbɔfo ma wɔmmra nhyiam bi ase, na osii bɔhyɛ a ɛne sɛ wɔbɛyɛ nneɛma a ɛda adi pefee na wɔabu akontaa so dua."
Receipts are evidence that a payment has been made.,nkrataa a wɔde gye sika yɛ adanse a ɛkyerɛ sɛ wɔatua sika bi.
Failure to accept a loss in a game can weaken management.,"Sɛ obi antumi annye adi sɛ wadi nkogu wɔ agodi mu a, ebetumi ama adwuma no so hwɛ ayɛ mmerɛw."
The tallest of the three brothers also happens to be very funny. One can easily make the argument that he is the funniest person in the community.,Ɛba sɛ anuanom baasa no mu nea ɔware sen biara no nso yɛ serew kɛse. Ɛnyɛ den sɛ obi betumi aka akyinnye sɛ ɔno ne onipa a ɔyɛ serew sen biara wɔ mpɔtam hɔ.
The youths in school should be acknowledged about their health-rerated issues.,Ɛsɛ sɛ wɔhwɛ mmabunu a wɔwɔ sukuu mu wɔ wɔn apɔmuden nsɛm ho.
As children of the deceased we demand for what is rightfully ours.,Sɛ́ owufo mma no yɛhwehwɛ nea ɛfata sɛ yɛyɛ yɛn de.
A qualified candidate will do a language course for one year.,Obi a ɔfata bɛyɛ kasa adesua afe biako.
The deceased's relatives can decide where to bury their loved one.,Owufo no abusuafo betumi asi baabi a wobesie wɔn dɔfo no ho gyinae.
Over ten girls were sexually abused by relatives last year.,Mmaayewa bɛboro du na wɔn abusuafoɔ too wɔn mmonnaa afe a ɛtwaam no.
Every farmer has his/her ways of storing the harvest.,Okuafo biara wɔ kwan a ɔfa so kora ne nnɔbaeɛ
The health centre employees sit on a silent protest outside the administrative block.,Apɔmuden asoeɛ hɔ adwumayɛfoɔ no ayɛ komm tete ɛdan a wɔn a wɔdi nneɛma anim no tena mu no anim reyɛ ɔyɛkyerɛ.
Some patients deliberately refuse to take their medicine and end up dying.,Ayarefo binom hyɛ da pow sɛ wɔbɛnom wɔn nnuru no na awiei koraa no wowuwu.
Some people have not picked their medical check-up results.,Nnipa binom nnyaa nea efii wɔn aduruyɛ mu nhwehwɛmu mu bae.
The project was already completed ahead of schedule.,Wɔyɛɛ dwumadie no wieeɛ ansana berɛ reso.
The government is trying to reduce on the costs of providing clean water.,Aban no rebɔ mmɔden ɔbɛte ka a wɔbɔ ansa na wɔatumi atu nsuo a ɛyɛ papa no so
These rising number of coronavirus cases will result in strict restrictions.,Nnipa a wɔrenya coronavirus no dodoɔ a ɛrebu bɔ ho no bɛma wɔde anohyetoɔ a ano yɛ den aba.
A laboratory is a place where experiments are made.,Laabo yɛ beaeɛ bi a wɔyɛ nhwehwɛmu wɔ hɔ.
"On my way back home, I lost the keys to my apartment.","Bere a meresan akɔ fie no, mehweree me dan no nsafe."
Many Ghanaians would be so disciplined if coronavirus was like Ebola.,Nka Ghanafoɔ bebree aso bɛteɛ sɛ corona nsanyare te sɛ Ebola a.
It's a community effort to develop a school.,Ɛyɛ nnipa a wɔwɔ mpɔtam bi mu nyinaa mmɔdenbɔ na ɛma sukuu nya nkɔso.
Pregnant women do not want to expose traditional birth attendants for their ineffectiveness.,mmea a wɔyem mpɛ sɛ wɔbɛpa awo ho adwumayɛfo a wɔtaa yɛ no ho ntama wɔ sɛnea wontumi nyɛ adwuma yiye no ho.
"As a doctor, I have the obligation to save people's lives.","Sɛ́ oduruyɛfo no, mewɔ asɛyɛde sɛ migye nkurɔfo nkwa."
New facilities will be established to assist in fighting specific medical problems.,Wɔbɛyɛ mmeae foforo de aboa ma wɔako atia aduruyɛ mu haw pɔtee bi.
"A boy was falsery alleged of accessing his money and on intervention ,he got fired.","Barima bi a wɔtwaa nkotompo too ne so susuu sɛ wabɔ awura ɔbarima bi sika mu na ɔyɛɛ sɛ ɔreboa no, wɔyii no adi."
The challenges facing learning and development in Ghana were addressed in report presented by Alex Adutwumwaa,Wɔdii nsɛnnennen a adesua ne nkɔsoɔ hyia wɔ Ghana no ho dwuma wɔ amanneɛbɔ a Alex Adutwumwaa de maeɛ mu
The department in charge of sports will be presenting strategies on how to improve this activity in the coming year,Dwumadibea a ɛhwɛ agumadi so no bɛkyerɛ akwan horow a wɔbɛfa so ama saa dwumadi yi atu mpɔn wɔ afe a ɛreba no mu
Forward what you cannot handle to those that can.,Fa nea wuntumi nyɛ mma wɔn a wobetumi no.
Rainfall helps crops to grow well .,osu a ɛtɔ boa ma nnɔbae nyin yiye .
He was elected as the thirty fourth leader of the opposition political party.,Wɔpaw no sɛ ɔsɔretia amammuo kuo no kannifo a ɔto so aduasa anan.
Police bond is free of charge in Ghana.,Polisifoɔ bond no yɛ nea wontua hwee wɔ Ghana.
Extensive consultations should be made before excommunicating someone.,Ɛsɛ sɛ wodi kan bisabisa nsɛm pii ansa na wɔatu obi afi asafo no mu
Industries lead to economic development .,Nnwumayɛ de sikasɛm mu nkɔso ba.
The children do not know how to swim.,Mmofra no nnim asuguare.
Some traders were allowed to have a tax free exportation.,Wɔmaa adwadifoɔ binom kwan ma wonyaa nneɛma a wɔde kɔ amannɔne a wontua toɔ.
The organization paid one millioncedis as a partner for the beauty pageant.,Ɛkuo no tuaa sedi mpem de maa ahoɔfɛ dwumadie no sɛ wɔka ho bi.
The village doesn't have access to clean water.,Akuraa no ase nni nsu pa.
Patients are those in a weak health state.,Ayarefoɔ yɛ wɔn a wɔwɔ apɔmuden a ɛyɛ mmerɛ tebea mu.
Even government schools get loans from the bank.,Aban sukuufo mpo nya sika fi sikakorabea hɔ.
"My brother is suffering from malaria, and he is being treated for it.","Me nuabarima rehu amane wɔ atiridii ho, na wɔresa no yare."
A female from Congo that was confirmed to have Ebola virus has passed on.,Ɔbaa bi a ofiri Congo a wɔbɛkaa sɛ wanya Ebola nkwammoa no bi no awu.
The headmaster said he couldn't afford to fix school infrastructure.,"Sukuupanin no kaa sɛ, na ɔnni sika a ɔde bɛsiesie sukuu adan no"
Guests from the Ministry of Education and Sports are coming in for the sector review,Nkɔmmrafo a wofi Nhomasua ne Agodi Asoɛe no rebɛhwɛ adwuma no mu
The ministry of health has disseminated mosquito nets in the western region.,Asoɛeɛ a ɛhwɛ apɔmuden nsɛm so no akyɛ ntontom dan ama wɔn a wɔwɔ Atɔe mantam no mu.
The area will be the new business empire.,Mpɔtam hɔ bɛyɛ aguadi ahemman foforo no.
The local community benefits when away fans come to watch football because people in the community sell their products to visiting football fans.,Kuro manfoɔ no nyaa mfasodeɛ pii firi akyitaafoɔ a wɔbɛhwɛɛ bɔɔlobɔ akansie no bi no ɛfiri sɛ wɔtɔn wɔn adwatɔndeɛ de maa ahɔho a wɔba no.
The district has to solve all health problems in the district.,Ɛsɛ sɛ ɔmantam no di akwahosan ho haw ahorow a ɛwɔ ɔmantam no mu nyinaa ho dwuma.
All year out watering of the crop is one technique that will be adopted.,Afe mũ nyinaa nsu a wɔde gu nnɔbae no so yɛ ɔkwan biako a wɔbɛfa so.
The doctors did their part to save his life.,Dɔkotafoɔ no yɛɛ wɔn fam deɛ biara sɛ wɔbɛtwitwa agye no
"What is the project budget, asking about the allocated funds for the project.","Sika sɛn na wɔatwa ama dwumadie no, asɛmmisa a ɛfa sika dodoɔ a wɔatwa ama dwumadie no."
The ministry of education will disseminate the guiderines for the reopening of schools and institutions.,Asoɛeɛ a ɛhwɛ nwomasua so no de nhyehyɛeɛ ahodoɔ a ɛfa da wɔde bɛbue sukuu ahodoɔ ahodoɔ no bɛba abɔntene.
Local leaders in the Wassa East District have encouraged people to make healthier food choices.,Mpɔtam hɔ akannifoɔ a wɔwɔ Wassa Apuei Fam Mansini no mu ahyɛ nkurɔfoɔ nkuran sɛ wɔnpaw nnuan a ahoɔden wom.
"Due to poor feeding, some children fail to perform well academically.","Esiane aduan a wɔmfa mma nti, mmofra binom ntumi nyɛ adwuma yiye wɔ nhomasua mu."
Teachers are always out of class during school hours.,Akyerɛkyerɛfo nni adesua mu bere nyinaa wɔ sukuu bere mu.
Some politicians bail out people who are arrested for not following the lockdown guiderines.,Amanyɔfoɔ binom gye nnipa a wɔkyere wɔn sɛ wɔanni akwankyerɛ a ɛfa lockdown ho no akyi.
James tries to portray himself as a macho man. He is always flexing his muscles at the gym.,James bɔ mmɔden sɛ ɔbɛda ne ho adi sɛ ɔbarima a ɔyɛ ɔbarima. Ɔrebɔ ne ntini bere nyinaa wɔ apɔw-mu-teɛteɛ dan no mu.
Leaders will be educated about several ways to combat different infections,Wɔbɛkyerɛkyerɛ akannifoɔ akwan pii a wɔbɛfa so ako atia nyarewa ahodoɔ.
It will be a source of income to the elders.,Ɛbɛyɛ ɔkwan a mpanyimfoɔ no bɛfa so anya sika.
The order was received from the top administration.,Wogyee ahyɛde no fii aban mpanyimfo a wɔkorɔn no hɔ.
It also contributes to the growth of the agricultural sector in those areas.,Ɛsane nso boa ma kuayɛ adwuma no nya nkɔsoɔ wɔ saa mmeaeɛ no.
The bus is a common means of transport which is used by the public.,Bɔs yɛ ɔkwan a wɔtaa fa so a ɔmanfo de di dwuma.
The minister calls upon people not to believe in false information running on social media,Ɔsoafoɔ no tuu nnipa nyinaa fo sɛ mma wɔntie atorofosɛm a ɛrekɔ so wɔ abɛɛfo ntentan fidie no so.
"If property is destroyed, people always want to be compensated.","Sɛ agyapade seɛ a, nkurɔfo pɛ bere nyinaa sɛ wotua wɔn ka."
Floods on roads can also lead to traffic jam.,Nsuyiri a ɛkɔ lɔɔle kwan so no nso betumi ama kar abɔ apiiso.
The teachers feared to meet pupils in the toilets.,Ná akyerɛkyerɛfo no suro sɛ wobehyia sukuufo wɔ tiafi ahorow mu.
She is among the four girls impregnated last year.,Ɔka mmeawa baanan a wonyinsɛn afe a etwaam no ho.
Telephone s serve a very big role in communication.,Telefon s di dwuma kɛse paa wɔ nkitahodie mu.
People should not be worried because the essential posts are still open.,Ɛnsɛ sɛ nkorɔfoɔ dwenedwene ɛfiri sɛ pooso (post) a ɛho hia no da so ara abue.
The area's location encourages an increase in the crime rate.,Beae a mpɔtam hɔ wɔ no hyɛ nsɛmmɔnedi dodow a ɛkɔ soro ho nkuran.
You cannot concentrate at work when worried about thieves breaking into your house.,Wontumi mfa w’adwene nsi adwumam berɛ a wodwenedwene ho sɛ akorɔmfoɔ bɛbu wo fie no.
Government projects are closery supervised so as to yieldgood results.,Wɔhwɛ ma aban ndwuma kɔ so yiye sɛnea ɛbɛyɛ a ebewie yiye.
"The project is over delayed, expressing that the project has been significantly delayed.","Wɔama dwumadie no akyɛ aboro so, wɔreka sɛ wɔama no ada adi pefee sɛ dwumadie no akyɛ."
Motorcycles could be of great importance to the health sector.,Moto betumi ayɛ nea ɛho hia kɛse wɔ akwahosan ho adwumayɛkuw no mu.
The child of a teenage mother faces complications like low birth weight.,Ɛna a onnii mfe aduonu ba hyia nsɛnnennen te sɛ awo mu duru a ɛba fam.
The electoral commission has nullified the election results.,Asoeɛ a ɛhwɛ abatoɔ soɔ no annye abatoɔ no ho nsunsuansoɔ no anto mu
Local government leaders prefer natural birth control methods to scientific ones.,Mpɔtam hɔ aban akannifoɔ pɛ akwan a wɔfa so si awoɔ ano a efi awosuo mu sen nyansahu mu de.
Nurses and midwives are now also recognised in the health sector.,Mprempren wogye ayarehwɛfo ne awogyefo nso tom wɔ akwahosan ho adwumayɛ mu.
At what stage should you start monitoring the plants?,Mpempensoɔ bɛn na ɛsɛ sɛ yɛhyɛ aseɛ ma yɛn ani kɔ nnua no ho.
The community is advised to protect people and their property.,Wɔhyɛ mpɔtam hɔfo fo sɛ wɔmmɔ nnipa ne wɔn agyapade ho ban.
"Just after Abosomba, the priestesses of Otuano, Dawur prama and others sprinkle herbal mixture on them meant to offer another form of protection for a safe and successful hunt.","Abosomba akyi pɛɛ no, Otuano, Dawur prama ne afoforɔ asɔfo. mmea de nhabannuro a wɔde afra petepete wɔn so a na ɛkyerɛ sɛ wɔde ahobammɔ foforɔ bɛma ama abɔmmɔ ahobammɔ wom na edi mu."
The district is planning to help the people of Bortianor.,Mansini no de nneɛma regu akwan mu sɛdeɛ ɛbɛyɛ a wɔbɛtumi aboa nnipa a wɔwɔ Bortianor no.
"Even after a reporter calling on a known number, all was in vain.","Bere a sɛnkyerɛwfo bi frɛɛ wɔn a wonim wɔn no mpo no, biribiara anyɛ yiye."
Hand washing is one of the measures of preventing Hepatitis infection,Nsa hohoro yɛ ɔkwan biako a wɔfa so siw Hepatitis yare ano
I was disappointed by the poor performance of our team which has demorealised our sponsors.,M’abam bui wɔ yɛn kuw no adwumayɛ a enye a ama yɛn aboafo no so ate.
Most of the project work has not been done yet.,Wɔnnya nyɛɛ adwuma no mu dodow no ara.
The leader had love for his motherland and the community as well .,Na ɔkannifoɔ no wɔ ɔdɔ sononko de ma ne man ne ne kuro mu nso.
How much land was allocated to the industrial park?,Asase dodow ahe na wɔde maa mfiridwumayɛbea no?
Officials have started engaging in unlawful activities to get income.,Aban mpanyimfo afi ase reyɛ nneɛma a mmara mma ho kwan de anya sika.
The hospital lacks equipment used in treating the patients.,Ayaresabea no nni nneɛma a wɔde bɛsa ayarefoɔ no yareɛ.
Exhibitions at times avail free services for the public.,"Ɛtɔ mmere bi a, nnipa a wɔwɔ mmeae a wɔyɛ nneɛma ho mfonini no tumi kɔ hɔ a wɔntua hwee."
The district should establish permanent infrastructures for school-going children.,Ɛsɛ sɛ mansini no sisi adan a mmɔfra a wɔkɔ sukuu no bɛtumi atena mu afebɔɔ.
The district has banned the slaughter of pigs.,Ɔmantam no abara mprako a wokunkum wɔn.
The superintendent of learning institutes asked the school board to be part of management.,Adesua asoeɛ hwɛsofoɔ ka kyerɛɛ sukuu badwafoɔ no sɛ wɔnka ho na wɔnhwɛ sukuu no.
The school needs money to construct extra classrooms.,Sukuu no hia sika na wɔde asi adesuadan afoforo.
Love and care for each other because we are all the same.,Yɛndɔ yɛn ho yɛn ho na yɛndwen yɛn ho yɛn ho efisɛ yɛn nyinaa yɛ pɛ.
"Professor John Evans Fiifi Atta Mills was born on July 21st, 1944, at Tarkwa in the Western Region of Ghana and hails from Ekumfi Otuam in the Mfantsiman East Constituency of the Central Region.","wɔwoo ɔbenfo John Evans Fiifi Atta Mills wɔ July 21st, 1944, wɔ Tarkwa wɔ Ghana Atɔeɛ Mantam mu na ɔfiri Ekumfi Otuam wɔ Mfantsiman Apueeɛ Mantam mu wɔ Mfinimfini Mantam mu."
"In order to improve efficiency and reduce expenses, there is a need to consider reducing the number of members of parliament while simultaneously increasing their salaries.","Sɛnea ɛbɛyɛ a wɔbɛma adwumayɛ atu mpɔn na wɔatew ɛka so no, ɛho hia sɛ wosusuw ho sɛ wɔbɛtew mmarahyɛ bagua no mufo dodow so bere a bere koro no ara wɔma wɔn akatua kɔ soro no."
The senior accounts assistant was greatly rewarded for his efficiency and effectiveness.,Wonyaa akontaabu boafo panyin no akatua kɛse wɔ ne mmɔdenbɔ ne nea etu mpɔn no ho.
Police in Ghana have introduced tough traffic penalties.,Polisifoɔ a wɔwɔ Ghana de kar akwan ho asotwe a emu yɛ den aba
The elections are finally coming to an end,"Afei deɛ, abatoɔ no reba n'awieeɛ"
A new medical kit has been launched in Ghana,Wɔde aduruyɛ ho nhyehyɛe foforo aba Ghana
The pandemic has affected the learning of science subjects.,Ɔyaredɔm no aka nyansahu mu adesua ahorow a wosua.
He studied in the best secondary school in the district.,Osuaa ade wɔ ntoaso sukuu a eye sen biara wɔ ɔmantam no mu.
"What causes divorce in Ghana, exploring the factors that contribute to divorce in the Ghanaian context.","Deɛ ɛde awaregyaeɛ ba wɔ Ghana, hwehwɛ nnoɔma a ɛma awaregyaeɛ ba wɔ Ghana tebea mu."
Some people have not benefited from the government programs.,Nnipa binom nnyaa aban nhyehyɛe ahodoɔ no so mfaso.
They happily celebrated their anniversary with a romantic dinner.,Wɔde anigyeɛ dii nnuane de hyɛɛ wɔn afenhyia no ho da.
Churches need financial support from well-wishers to facilitate their activities.,Asɔre ahorow hia sika fam mmoa fi wɔn a wɔpɛ papa hɔ na ama wɔn dwumadi ahorow ayɛ mmerɛw.
The handover ceremony took place at the district headquarters.,Wɔyɛɛ dwumadie no wɔ mansini no adwumayɛbea ti
A big number of children in the district got immunized last year.,Mmɔfra bebree a wɔwɔ mansini no mu wɔɔ paneɛ a yɛde bɔ mmɔfra ho ban no bi afe a etwam.
He was very positive about the match even though they lost.,Ná ɔwɔ adwempa kɛse wɔ akansi no ho ɛwom mpo sɛ wɔdii nkogu de.
People have nothing to eat and are poorly fed.,Nkorɔfoɔ nni biribiara a wɔbɛdi na wɔnnidi yie.
Poaching leads to the extinction of wild animals.,Abɔmmɔ a wɔkyere wɔn sie no ma wuram mmoa ase tɔre.
The health leaders have authority over that ambulance.,Adɔkotafpɔ mpanimfoɔ no wɔ tumi wɔ saa lɔre a wɔde sesa ayarefoɔ no so
Security organs have played a great role in maintaining peace across the country.,ahobammɔ ahyehyɛde ahorow adi dwuma kɛse wɔ asomdwoe a ɛbɛkɔ so atra ɔman no mu nyinaa mu
"The manager ordered me to take two weeks off work, and he is under a lot of pressure from the manager to submit his monthly report.",Adwuma hwɛsofoɔ no hyɛɛ me sɛ menyi nnawɔtwe mmienu mfiri adwuma mu na ɔte nhyɛsoɔ kɛseɛ ase a ɛfiri adwuma hwɛsofoɔ no hɔ sɛ ɔmfa n'amanneɛbɔ a ɔyɛ no bosome biara no mmra.
Most of the agricultural products are food for us.,Kuadwuma mu nneɛma dodow no ara yɛ aduan ma yɛn.
People in refugee camps are at a high risk of contracting the coronavirus .,Nnipa a wɔwɔ adwanefoɔ atraeɛ no wɔ asiane kɛseɛ mu sɛ wɔbɛnya corona yadeɛ no bi.
"Traditional celebration of Homowo includes marching across cities while drumming, singing, and dancing.","Hɔmɔwɔ afahyɛ a wɔde di dwuma wɔ amanneɛ kwan so no bi ne sɛ wɔbɛto afa nkuro akɛse mu berɛ a wɔrebɔ sanku, wɔreto nnwom, na wɔresa."
"A memorandum of understanding addressing roles and responsibilities of the stakeholders plus the terms and conditions, was signed by the Permanent Secretary.","Nteaseɛ nkaeɛ bi a ɛfa dwumadie ne asɛdeɛ a ɛwɔ wɔn a wɔdi dwuma no ho a wɔde ka ho, na ɔtweretwerɛfoɔ ɔwɔ hɔ daa no na ɔde ne nsa hyɛɛ aseɛ."
I want to expand my poultry business so that I can get more profits.,Mepɛ sɛ metrɛw me nkokɔ adwuma mu sɛnea ɛbɛyɛ a menya mfaso pii.
Teamwork has helped prevent a shortage of labour.,Akuw mu adwuma aboa ma wɔasiw adwumayɛfo a wɔn ho yɛ na ano.
"His brother died in a car accident last month, and he came to work just two days after his wife's funeral.","Ne nuabarima wui wɔ kai akwanhyia mu wɔ ɔsram a etwaam no mu, na ɔbaa adwuma wɔ ne yere ayi akyi nna abien pɛ."
"On several occasions, institutions have been closed because of students misbehaviour.","Mpɛn pii no, wɔato asoɛe ahorow mu esiane sukuufo nneyɛe bɔne nti."
The catholic church will provide gloves to the priests amidst the Ebola outbreak.,Katolek asɔre no bɛma asɔfo no nsateaa wɔ Ebola ɔyaredɔm no mu.
Make sure you wash your hands with soap after spraying your garden.,Hwɛ hu sɛ wode samina bɛhohoro wo nsa berɛ a wode aduro apetepete wo mfikyirefuo mu awie no.
All people in the region were invited to attend the ceremony.,Wɔtoo nsa frɛɛ nnipa a wɔwɔ ɔmantam no mu nyinaa sɛ wɔmmra guasodeyɛ no ase.
The family of the deceased lay a wreath on him.,Onipa a wawu no abusua de nhwiren bɛgugu ne so
Primary school children in the region learn from semi-permanent structures.,mfitiase sukuu mmofra a wɔwɔ ɔmantam no mu sua ade fi adan a ɛyɛ fã bi a ɛtra hɔ daa mu.
Briefly explain the benefits of what we are doing here.,Kyerɛkyerɛ mfaso a ɛwɔ nea yɛreyɛ wɔ ha no so tiawa.
"You may be in a physically abusive relationship if your partner pushes, slaps, bites, kicks or chokes you.","Wobɛwura awareɛ a wɔboro nnipa mu berɛ a wo hokani no apia, abɔ w'asom, aka, atu ne nan awɔ wo anaa wabɔ wo menenam."
Know your coronavirus status by getting tested today.,Hu wo coronavirus tebea denam nhwehwɛmu a wobɛyɛ nnɛ so.
The children in the district are physically abused by men in community.,Mmarima a wɔwɔ mpɔtam hɔ na wɔyɛ mmofra a wɔwɔ ɔmantam no mu ayayade.
More security guards were deployed at the market.,Wɔde awɛmfo pii kɔɔ gua no mu.
Muslim students need to come together in prayer during Ramadhan.,Ɛsɛ sɛ asuafo a wɔyɛ Nkramofo bom bɔ mpae wɔ Ramadhan bere mu.
The guards did not shoot at the crowd as were advised to save lives.,"Bammɔfoɔ no anto atuo angu nnipadɔm no so ɛfiri si, wɔtuu wɔn fo sɛ ɛs sɛ wɔbɔ ɔmanfoɔ no nkwa no ban"
"The insensible driver caused a major accident after he ignored all traffic rules, despite the passengers calling out to him time and time again to drive more carefully.","Drɔbani a ɔnni adwene no maa akwanhyia ksɛeɛ bi siiɛ ɛfiri sɛ wɔamfa lɔre akwan ho akwankyerɛ no anyɛ adwuma, ɛmfa ho sɛ na nnipa a wɔtete lɔre no mu no atu wɔn ano ne so sɛ ɔntwi kaa no yie nyinaa akyi."
All workers must report to their supervisors on a monthly basis.,Ɛsɛ sɛ adwumayɛfo nyinaa de wɔn amanneɛbɔ kɔma wɔn adwuma so ahwɛfo ɔsram biara.
The public is usually encouraged to participate in the pageant.,Wɔtaa hyɛ ɔmanfo nkuran sɛ wɔmfa wɔn ho nhyɛ akansi no mu.
The car broke down so we could hardly continue with the journey.,Kai no sɛee ma enti na ɛkame ayɛ sɛ yɛantumi antoa akwantu no so.
It is cheap to start a mobile money business.,Ɛyɛ nea ne bo nyɛ den sɛ wubefi mobile sika adwuma ase.
What role has been played by the government in the education sector?,Dwuma bɛn na aban no adi wɔ nwomasua asoeɛ no mu?
The method you use affects the growth of soybeans.,Ɔkwan a wɔfa so yɛ no no mmoa mma soybeans nyini yie.
Sickness and death were major events in the kingdom. The ordinary herbalist divined the supernatural cause of the illness and treated it with herbal medicines.,Ná yare ne owu yɛ nsɛm atitiriw a esisii wɔ ahenni no mu. Nnuruyɛfo a ɔyɛ ɔkwasea no kyerɛɛ nea ɛde yare no ba a ɛboro nnipa de so na ɔde nhabannuru saa.
Does every district in Ghana have an agricultural office?,So mantam biara a ɛwɔ Ghana no wɔ kuayɛ adwumayɛbea?
The archbishops teach people on things concerning God.,Asɔfo mpanyin no kyerɛkyerɛ nkurɔfo nneɛma a ɛfa Onyankopɔn ho.
Security institutions have a designated uniform only to be put on by security officers.,ahobammɔ ahyehyɛde ahorow wɔ atade a wɔahyɛ sɛ ahobammɔ adwumayɛfo nkutoo na wɔbɛhyɛ.
At night I park my car in the garage at home.,Ɛduru anadwo a mede me kar si baabi a wɔde kar sisi wɔ fie.
How many schools in your community lack a library?,Sukuu dodow ahe na ɛwɔ wo mpɔtam hɔ a wonni nhomakorabea?
Good hygiene is the most important thing in a school.,Ahotew pa no ne ade a ɛho hia sen biara wɔ sukuu mu.
Our workers should go and enjoy themselves on this special day.,Ɛwɔ sɛ yɛn adwumayɛfoɔ no kɔgye wɔn ani wɔ saa da sononko yi.
"A week and five days after Odadaa is played, the Twins Yam Festival begins, and five weeks and four days later, the celebrations of Homowo begin.","Wɔbɔ Odadaa akyi dapɛn biako ne nnanu no, Twins Yam Afahyɛ no fi ase, na adapɛn anum ne nnanan akyi no, Homowo afahyɛ ahorow no fi ase."
A borehole has been put up in my village.,Wɔatu abura ɛwɔ m'akurase hɔ.
The organization is leading the fight against corruption.,Adwumakuo no na edi ɔko a wɔko tia adifudepɛ no anim.
"Veterans who served in the Kings Africa Rifles , the Ghana Army , the Ghana National Liberation Army were the targeted beneficiaries.","Asraafoɔ a wɔdi ako a na wɔsom wɔ Afrika Ahemfo Akuo no mu, Ghana asraafoɔ no, Ghanaman Fawohodie Asraafoɔ no ne wɔn a wɔde wɔn ani sii wɔn so sɛ wɔbɛnya saa mfasoɔ yi."
There was an increase in prices of basic food Staples during the lockdown.,Nnuane ho nneɛma binom boɔ bubɔɔ ho wɔ mmerɛ a na wɔmma kwan mma nnipa mpue abɔntene no mu.
They ate dinner together and talked afterwards about how long it had been since they had enjoyed a home-cooked meal together.,Wɔdii anwummerɛ aduane no boomu na ɛno akyi no wɔkasa faa sɛdeɛ wɔn nyinaa boom dii efie aduane akyɛ no ho.
Court sessions on tax cases should be followed by every business owner.,Ɛsɛ sɛ adwumawura biara di asɛnnibea nhyiam ahorow a ɛfa towtua ho nsɛm ho no akyi.
People work hard in order to leave a legacy after death.,Nkorɔfoɔ yɛ adwumaden sɛdeɛ ɛbɛyɛ a wɔbɛgya agyapadeɛ owuo akyi.
People will not be allowed to get half of their savings until they retire.,Wɔremma nkurɔfo nnya sika a wɔde asie no fã kosi sɛ wɔbɛkɔ pɛnhyen
Protect yourselves from other diseases other than coronavirus .,mommɔ mo ho ban firi nyarewa foforɔ a ɛnyɛ coronavirus ho
The Ministry of Education and Sports conducts an inception Workshop every year in January to formulate methodologies on how to improve education curriculum in Ghana,Asoɛeɛ a ɛhwɛ nwomasua ne Agodie so nsɛm no yɛ nhyiamudie afe biara mu wɔ Ɔpɛpɔn bosome no mu sɛ wɔbɛpɛ akwan ahodoɔ a wɔbɛfa aboa ama adesua ho nhyehyɛeɛ ahodoɔ no atu mpɔn wɔ Ghana mu.
Many refugees are coming into Ghana because of instabilities.,Adwanefoɔ pii reba Ghana esiane tebea a entumi nnyina nti.
The police will share interligence information with the district leaders.,Polisifo no bɛkyɛ amansɛmdi ho nsɛm akyerɛ ɔmantam no mu akannifo.
Farmers after harvesting will have a ready market for their produce.,"Sɛ akuafo twa wɔn nnɔbae wie a, wobenya atɔfoɔ."
Our town council is lagging behind in cleanliness.,Yɛn kurom badwa no aka akyi wɔ ahoteɛ mu.
It's a shock for a woman to give birth to four children at once.,Ɛyɛ ahodwiriw sɛ ɔbea bi bɛwo mmofra nnan prɛko pɛ.
Lack of respect for each other is one of the causes of violence in families,Obuo a wonni mma wɔn ho wɔn ho no yɛ nneɛma a ɛde basabasayɛ ba mmusua mu no mu baako.
The newly elected chairman vowed to promote togetherness and solve issues dividing the party. He added that he wants to make people understand how the party operates.,Oguamtrani a wɔapaw no foforo no kaa ntam sɛ ɔbɛhyɛ biakoyɛ ho nkuran na wadi nsɛm a ɛpaapae akuw no mu no ho dwuma.
Candidates were given funds for the examination fees.,Wɔmaa wɔn a wɔpɛ sɛ wɔyɛ sɔhwɛ no sika de tuaa sɔhwɛ ho ka
"In Ghana, teachers in public schools are periodically transferred from one school to another.","Wɔ Ghana no, bere ne bere mu no, wɔde akyerɛkyerɛfo a wɔwɔ aban sukuu ahorow mu fi sukuu biako mu kɔ foforo mu."
I pledged to give up some money for her wedding.,Mehyɛɛ bɔ sɛ mɛma sika bi ama n’ayeforohyia.
The Bibiani-Anhwiaso-Bekwai people chased off people from the bank of River Ankobra,Bibiani-Anhwiaso-Bekwai foɔ no taae nnipa a wɔfri asubɔntene Ankobra ano no.
Teachers are absent in schools because of financial reasons.,Sikasɛm nti akyerɛkyerɛfo nni sukuu ahorow mu.
The police are looking into kidnapping reports that are happening around Teshie and Nungua,Polisifoɔ no rehwɛ mmofra-kyeɛ nsɛm a ɛrekɔ so wɔ Teshie ne Nungua no mu.
Doctors' salaries have been raised as a way of motivating them.,Wɔama nnuruyɛfo akatua so sɛ ɔkwan a wɔfa so kanyan wɔn.
One would be forced to say this about the foreign cases.,Ná wɔbɛhyɛ obi ma waka eyi afa amannɔne nsɛm no ho.
The project will stimulate development and increase people's participation in business activities.,Dwumadie no bɛkanyan nkɔsoɔ na ama nkurɔfoɔ de wɔn ho ahyɛ adwumayɛ dwumadiɛ mu akɔ soro.
Refugees are people that usually flee their countries as a result of conflicts.,aguanfo yɛ nnipa a wɔtaa guan wɔn aman esiane ntawntawdi nti.
The institute does research on livestock breeds in developing countries.,Asoeɛ no yɛ nyɛmmoa awoɔ ho nhwehwɛmu wɔ aman a wɔretu mpɔn so.
A joint venture company will be established to manage the project.,Wɔbɛte adwumakuo bi a wɔbɛbom ayɛ adwuma a wɔbɛhwɛ adwuma no so.
A friend in need is a friend indeed.,Adamfoɔ wɔ ohia berɛ mu yɛ adamfo papa ampa.
"At school, we would read on solar lamps once electricity was off.","Wɔ sukuu mu no, sɛ anyinam ahoɔden adum pɛ a, na yɛde owia akanea kenkan ade."
Residents were invited to attend the grand opening of the police station.,wɔtoo nsa frɛɛ ɛhɔfo sɛ wɔmmra polisifo adwumayɛbea a wobuee ano kɛse no ase.
Three Ghanaian women won meddals in the African games that took place in Morocco.,Ghanafoɔ mmaa mmiɛnsa nyaa sika kɔkɔɔ abasobɔdeɛ wɔ Afrika Akansie a ɛkɔɔ so wɔ Morocco no mu.
The game was played under tight security and hosts expected to win the match.,"Berɛ a wɔrebɔ bɔɔlo no, wɔyeree bammɔ mu nsɛm mu, na na wɔrehwɛ anim sɛ wɔn a wɔrebɔ bɔɔlo no wɔn kurom no bɛdi nkunim wɔ akansie no mu"
Parents should be supported as they raise their children.,Ɛsɛ sɛ yɛboa awofoɔ berɛ a wɔtete wɔn mma.
Non-health practitioners will also be trained to help in controlling the virus.,Wɔbɛtete wɔn a wɔnyɛ akwahosan ho adwumayɛfo nso ma wɔaboa wɔ ɔyare mmoawa no ano sɔ mu.
There were more COVID-19 cases from Eastern Ghana at the end of September.,Na yɛwɔ COVID-19 nsɛm pii firi Ghana Apue wɔ Ɛbɔ bosome awieeɛ.
The church needs to manage its land-rerated issues properly.,Ɛsɛ sɛ asɔre no di ne nsɛm a ɛfa asase ho no ho dwuma yiye.
It's a good practice to look for a job as you are still studying.,Ɛyɛ papa sɛ wobɛhwehwɛ adwuma berɛ a woda so wɔ yɛ osuani no.
Parents were requested to pay school fees in time as private schools have different school fees structure.,Wɔka kyerɛɛ awofoɔ sɛ wɔntua sukuu ka wɔ berɛ ano ɛfiri sɛ ankorɛankorɛ sukuu ahodoɔ wɔ sukuu ka nhyehyɛeɛ sononko.
The government has created the youth livelihood fund for the youth projects as it is believed that youths should work hard to become useful citizens.,"Aban no nhyehyɛeɛ bi a wɔde repɛ sika a wɔde bɛboa mmabunu agugu akwan mu ɛfiri sɛ, ɔgye di sɛ ɛsɛ sɛ mmabunu no nya adwuma yɛ na ama wɔanyini abɛyɛ ɔmanfoɔ a mfasoɔ wɔ wɔn so"
The school needs cameras to help with monitoring of the premises.,Sukuu no hia mfoninitwa mfiri a ɛbɛboa ma wɔahwɛ beae no so.
How does the provision of power supply contribute to poverty reduction?,Ɔkwan bɛn so na anyinam ahoɔden a wɔde ma no boa ma ohia so tew?
Foreign investors will realize the industrial potential of Africa.,Amanaman mufo a wɔde wɔn sika hyɛ dwumadie mu behu sɛnea Abibiman mfiridwuma ahoɔden.
Alternative cooking sources help to preserve the environment.,Nneɛma foforɔ a wɔde noa aduane boa ma wɔkora nneɛma a atwa yɛn ho ahyia no.
The machines help the farmers from removing the brown husks off the rice.,Mfidie no boa akuafoɔ no wɔ berɛ a wɔreyiyi nwura afiri mmoo mu.
"Plants cultivated include plantains, yams, manioc, corn, sweet potatoes, millet, beans, onions, peanuts, tomatoes, and many fruits.","Afifideɛ a wodua no bi ne brɔdeɛ, bayerɛ, manioc, aburo, abrɔdwoma, atoko, adua, ayɛyɛde, atoko, ntosi, ne nnuaba pii."
After death we are permanently separated from the deceased.,"Owu akyi no, yɛtete yɛn ho fi awufoɔ  mu afebɔɔ."
Churches should not be exempted from prosecution if they're the guilty party.,Ɛnsɛ sɛ wɔma asɔre ahorow fi asɛm a wɔde kɔdan wɔn no mu sɛ wɔn na wodi fɔ a.
He added that requests for referral hospitals won't help unless hygiene too is implemented.,"Ɔde kaa ho sɛ, sɛ wɔmmfa ahotew nni dwuma a, ayaresabea no bɛkɔ wɔn moa."
Pilling garbage in one place leads to a bad smell.,Woreboaboa nwura ano wɔ baabi faako no ma ɛhɔ bɔn.
Students requested the school to purchase a bus as a school bus will be very useful.,Asuafoɔ srɛɛ sukuu no sɛ wɔntɔ bɔs ɛfiri sɛ sukuu bɔs ho bɛba mfasoɔ kɛseɛ.
My phone was snatched while I was heading to Ho.,Wɔhwimuu me fon bere a na merekɔ Ho no.
One region is more naturally resourceful compared to the other.,"Sɛ wɔde ɔmantam biako toto ɔfoforo no ho a, ɛwɔ abɔde mu nneɛma pii."
Loans make teachers unsettled while teaching in schools.,Boseabɔ ma akyerɛkyerɛfoɔ yɛ basaa bere a wɔrekyerɛ adeɛ wɔ sukuu ahodoɔ mu no.
The animals given to refugees were stolen by the neighbors.,"Mmoa a wɔde maa aguanfo no, afipamfo no na wowiaa wɔn."
Displacement from their land has led to absence of basic needs in families.,Nnipa a wɔatu afi wɔn asase so no ama wonnya ahiade atitiriw wɔ mmusua mu.
The redundant population will get employment from the industrial park.,Nnipa dodow a wɔagyae wɔn adwuma no benya adwuma afi mfiridwumayɛbea hɔ.
Educating children helps to change their mindset about life.,Nkyerɛkyerɛ boa mmofra ma wonya asetra ho adwene foforo.
Due to floods and heavy rains yesterday some pit latrines collapsed.,"Esiane nsuyiri ne osu kɛse a ɛtɔe nnɛra nti, amena mu tiafi bi bubui."
For months the region has had a power outage.,Bɛyɛ bosome pii ni na anyinam ahoɔden wɔ dum no yɛ wɔ mantam mu ha.
People lack machines to carry out rice processing.,Nkorɔfoɔ nni mfidie a wɔde bɛyɛ ɛmo ho adwuma.
"If you want your complaint to be followed up have it in writing,.","Sɛ wopɛ sɛ wodi w’anwiinwii no akyi a, kyerɛw,."
Parents want their children to have better education services.,Awofoɔ pɛ sɛ wɔn mma nya nwomasua ho nhyehyɛeɛ pa.
Police are working with bus managers to find a long term solution.,Polisifoɔ ne bɔs so ahwɛfo reyɛ adwuma de ahwehwɛ ano aduru a ɛbɛkyɛ.
Different task roles are allocated to different rewards.,Wɔde adwuma dwumadi ahorow ma akatua ahorow.
I feel jealous when my husband talks to other women.,ɛyɛ meya sɛ me kunu ne mmea afoforo kasa a.
The truck that the school hired lost control and injured thirty students.,Lɔre a sukuu no faa no no hweree ne tumi na epirapiraa sukuufo aduasa.
People have participated in different projects and summits.,Nkorɔfoɔ akɔyɛ dwumadie ne nkyerɛkyerɛ ahodoɔ.
He was advised to go for a blood transfusion.,Wotuu no fo sɛ ɔnkɔ nkɔgye mogya.
There are few male parents who talks to their daughter about menstruation periods.,Yɛwɔ awofoɔ mmarima kakraa bi a wɔne wɔn ba baa kasa fa mfikyirikɔ berɛ.
Communities should be sensitised about the coronavirus disease.,Ɛsɛ sɛ wɔma mpɔtam hɔfoɔ te nka wɔ coronavirus yareɛ no ho.
Kidnapped people go missing from their families and friends,Nnipa a wɔkyere wɔn sie no yera fi wɔn mmusua ne wɔn nnamfo nkyɛn.
Having a dirty toilet can lead to the spread of diseases.,Toilet a ɛho ntew betumi ama yare atrɛw.
Issuing water arrear payments requests should be done after coronavirus disease .,"Ɛsɛ sɛ nsuo tua ho ka no, wɔde ma no wɔ coronavirus yareɛ akyi ."
The health workers are effective in service provision.,Apɔmuden adwumayɛfoɔ no no adwuma sɔ ani yie pa ara
People will be able to reduce on income used in purchasing charcoal.,Nkurɔfoɔ betumi ate sika a wonya wɔ bidie a wɔtɔ mu no so.
The Kabaka run is expected to have around two hundred thousand runners.,"w#ɔrehwɛ anim sɛ, nnipa bɛyɛ mpem ɔha na wɔbɛtu mmirka wɔ Kabaka mmirikatuo no mu."
The team was thanked for its befitting condolence message.,Wɔdaa kuw no ase wɔ awerɛkyekye nkrasɛm a ɛfata a wɔde mae no ho.
School children are often seen fishing and doing other jobs at the landing sites.,Wɔtaa hu sukuu mmɔfra sɛ wɔreyi mpataa na wɔreyɛ nnwuma afoforɔ wɔ mmeaɛ bi.
Health camps are good for providing health services to people in villages.,Akwahosan nsraban ye ma akwahosan ho nnwuma a wɔde ma nnipa a wɔwɔ nkuraa ase.
The food truck is his main source of income.,Ɔnya ne sika nyinaa firi aduane a ɔtɔn no lɔre mu no mu.
"If you are in an office of power, get ready to be accused of anything.","Sɛ wowɔ tumidi adwumayɛbea a, siesie wo ho sɛ wɔbɛbɔ wo sobo wɔ biribiara ho."
Refugees are not comfortable in their refugee camps.,aguanfo ho nyɛ wɔn dɛ wɔ wɔn aguanfo atrae ahorow mu.
The best performing students will be rewarded according to performance in their various categories.,Wɔbɛma asuafoɔ a wɔyɛ adwuma yie no akatua sɛdeɛ wɔn adwumayɛ teɛ wɔ wɔn akuo ahodoɔ mu.
A hatchery is a facility where eggs are hatched under artificial conditions.,Hatchery yɛ beae a wɔto nkosua wɔ tebea hodoɔ a wɔde nsa ayɛ mu.
Every leader is unique in his or her own way.,Ɔkannifo biara da nsow wɔ ne kwan so.
How has the government improved service delivery to its citizens?,Ɔkwan bɛn so na aban no ama ɔsom adwuma a wɔde ma ne manfo no atu mpɔn?
She wants to be a successful business woman in the next five years.,Ɔpɛ sɛ ɔyɛ dwadifoɔ a w'adi yiyie wɔ mfe num a edi hɔ no mu.
Don't ever think that you have no purpose in life,Mma nnsusuw da sɛ wunni atirimpɔw biara wɔ asetra mu
Discussions are ongoing on how to implement solutions against disease outbreaks.,Nkɔmmɔbɔ rekɔ so wɔ sɛnea wɔde ano aduru a wɔde ko tia nyarewa a ɛpae gui no bedi dwuma ho.
"He sells water to people, but he also uses it for domestic work.","Ɔtɔn nsu ma nkurɔfo, nanso ɔde yɛ ofie nnwuma nso."
The poor status of the bridge has hindered the movement of goods .,Asubɔntenban no tebea a ɛnyɛ no asi nnoɔma wɔde fa so ho kwan.
It is very expensive to build a nice house.,Ɛyɛ den yie sɛ wobɛsi efie fɛfɛɛfɛ.
The hospital has committed and focused workforce which has a passion for service provision.,Nnipa a wɔyɛ adwuma wɔ ayaresabea hɔ no yɛ nnipa a wɔn ani ku wɔn nnwuma ho a wɔde anigyeɛ yɛ adwuma.
All clan heads were told to register their phone numbers.,Wɔka kyerɛɛ mmusuakuo mpanyimfo nyinaa sɛ wɔtwerɛ wɔn telefon nɔma.
The fellowship will happen at the Source of the Tano river which forms the border between Ghana and Côte d'Ivoire,Nkitahodie no bɛkɔ so wɔ Asuo Tanɔ ano. Ɛhɔ na Ghana ne Côte d'Ivoire bɔ hyeɛ.
Shortage of power in the area has discouraged business activities.,Tumi a ɛho yɛ na wɔ mpɔtam hɔ no ama aguadi dwumadi ahorow abam abu.
Nowadays people are no longer getting married for some reasons.,Mprempren nkurɔfo nware bio esiane nneɛma bi nti.
The ministry accepted the district chairperson to be part of the program.,Asoɛeɛ no gyee mansini no dwamtinani no ma ɔbaa dwumadie no ase.
It is hard to win a court case without any evidence.,Ɛyɛ den sɛ wubedi nkonim wɔ asɛnnibea asɛm bi a adanse biara nni ho.
The community is able to get the food cheaply since it is grown locally.,Mpɔtam hɔfo tumi nya aduan no a ne bo nyɛ den efisɛ wodua wɔ mpɔtam hɔ.
Religious leaders greatly advocate for unity among brethren.,nyamesom akannifo kamfo biakoyɛ a anuanom ntam kyerɛ kɛse.
Community development officers need to step up their sensitization drives against gender-based violence.,Ɛsɛ sɛ mpɔtam hɔ nkɔso ho adwumayɛfo ma wɔn nkate a wɔde ma wɔ basabasayɛ a egyina mmarima ne mmea so no mu yɛ den.
The mother gently rocked her baby to sleep while singing a lullaby.,Maame no bɔɔ mmɔden too abagyegyeɛ dwom de dedaa ne ba no.
"Before burial, people have to know the possible cause of death of a person.","Ansa na nkurɔfo besie no, ɛsɛ sɛ wohu nea ebetumi ama obi awu."
Leaders should not be engaged in illegal activities.,Ɛnsɛ sɛ akannifoɔ de wɔn ho hyɛ nnwuma a etia mmara mu.
There are no specialized doctors to do the operation in that hospital.,Wɔnni adɔkotafoɔ a wɔakwadare wɔ adwuma no mu a wɔbɛyɛ  'opirehyin' (operation) no wɔ ayaresabea no mu.
"They are both too undecisive. I sometimes wonder how their relationship has managed to survive that for so long. Ah well, as they say, birds of a feather flock together.","Wɔn baanu no ntumi nkyerɛ deɛ wɔpɛ. Ɛtɔ berɛ bi a ɛyɛ me nwonwa wɔ ɔkwan a wɔn ayɔnkofa no akɔ so akyɛ saa. Aa yoo, sɛdeɛ wɔka no, nnomaa a wɔn ntakra sɛ na wɔtu bɔm."
Steps are being taken to improve the education sector.,Wɔreyɛ nneɛma bi de ama nhomasua adwuma no atu mpɔn.
New churches have been set up all over Ghana.,Wɔasisi asɔredan foforo wɔ Ghana nyinaa.
Once defeated one should accept and move on with their work.,"Sɛ obi di nkogu pɛ a, ɛsɛ sɛ ogye tom na wɔtoa wɔn adwuma so."
What caused the wrangles between the church elders and the community.,Ɛdeɛn na ɛde ntawantawa no baa asafo mpaninfoɔ ne kuro no ntam?
I was asked to pay for drugs at the health center.,Wɔka kyerɛɛ me sɛ mintua nnubɔne ho ka wɔ akwahosan asoɛe hɔ.
Clear agreements should be made to avoid confusion when a land lease expires.,Ɛsɛ sɛ wɔyɛ apam ahorow a emu da hɔ na wɔakwati adwene mu naayɛ bere a asase a wɔagye atom no twam no.
People should work together and enhance development in their areas.,Ɛsɛ sɛ nkorɔfoɔ yɛ adwuma bɔm na wɔma mpuntuo kɔ so wɔ wɔn mpɔtam.
Some people in Ghana don't have toilet facilities.,Nnipa bi a wɔwɔ Ghana nni tiafi.
Religious sectors provide hospitality to people from other nations.,nyamesom akuw ma ahɔhoyɛ ma nnipa a wofi aman afoforo so.
It is costly and risky to use paraffin during power blackouts in health centres.,Ɛyɛ nea ɛho ka yɛ den na ehu wom ne sɛ wɔde aduhwam bedi dwuma bere a anyinam ahoɔden atɔ wɔ apomuden asoɛe ahorow no.
Various health organizations have come up to help in boosting maternal health.,Ayaresa dwumadibea ahodoɔ bebree aka wɔn ho abom reboa ama apemfoɔ apɔmuden adi mu.
I am earning very little money from the business.,Sika kakraa bi pɛ na merenya afi adwuma no mu.
The student complained that some of the teachers don't like him.,Osuani no nwiinwii sɛ akyerɛkyerɛfo no bi mpɛ n’asɛm.
The district administrator received the donation on behalf of the hospital.,Ɔmantam sohwɛfo no na ogyinaa ayaresabea no ananmu gyee ntoboa no.
The people live in a poor health lifestyle with no income.,Nkorɔfoɔ no te ɔhia apɔmuden abrabɔ mu a wɔnni sika.
The injured were rushed to the nearby health center.,Wɔde nnipa a na wɔapirapira no kɔɔ ayaresabea a na ɛbɛn hɔ no mu.
Something done in good faith is something done with no ill intentions.,Biribi a wɔde adwempa yɛ no yɛ biribi a wɔyɛ a wonni adwemmɔne biara.
There is a reduced risk of some sexually transmitted diseases in men.,Yareɛ ahodoɔ a mmarima tumi nya firi nna mu no so ate.
"During most of the 19th century, Ashanti, the most powerful state of the Akan interior, sought to expand its rule and to promote and protect its trade.","Wɔ afeha a ɛto so 19 no fã kɛse no ara mu no, Ashanti, ɔman a ɛwɔ tumi sen biara wɔ Akanfo mu no hwehwɛɛ sɛ ɛbɛtrɛw ne nniso mu na ahyɛ n’aguadi ho nkuran na abɔ ho ban."
The school set a time for morning prep hours.,Sukuu no de bere bi sii hɔ maa anɔpa ahosiesie nnɔnhwerew.
It is always good news when more coronavirus patients are discharged from hospital.,Ɛyɛ asɛmpa berɛ nyinaa sɛ wɔyi coronavirus ayarefoɔ pii firi ayaresabea.
Misunderstandings among district leaders have affected development .,Ntease a ɛnteɛ a ɛwɔ ɔmantam akannifo mu aka nkɔsoɔ.
That child has been selling bananas along the roadside for six months.,Saa abofra no atɔn banana wɔ kwan ho asram asia ni
Some students do casual labour to raise money for tuition.,Sukuufoɔ binom yɛ adwuma a wɔnyɛ hwee de nya sika de tua adesua.
He used a longer route to reach his village.,Ɔfaa ɔkwan tenten bi so koduu n’akuraa ase.
The workers vowed to double their efforts in an attempt to improve service delivery.,Adwumayɛfo no kaa ntam sɛ wɔbɛma wɔn mmɔdenbɔ mmɔho abien de abɔ mmɔden sɛ wɔbɛma ɔsom adwuma no atu mpɔn.
People avoid taxes because there is corruption in the government.,Nkorɔfoɔ mpɛ ɛtoɔ tua ɛfiri sɛ porɔyɛ wɔ aban no mu.
Any violence on burials should not be tolerated by society.,Ɛnsɛ sɛ ɔmanfo ma basabasayɛ biara a wɔyɛ wɔ amusiei ho kwan.
My boss asked some of us to work from home to avoid crowding at the office.,M’adwumawura ka kyerɛɛ yɛn mu binom sɛ yemfi fie nyɛ adwuma na yɛakwati sɛ nnipa bɛhyɛ adwumayɛbea hɔ ma.
Some land officers are too corrupt in this country.,Asase so adwumayɛfo binom adifudepɛ dodo wɔ ɔman yi mu.
The official opening will be done after the chief guest has arrived.,Wɔbɛyɛ aban no bue bere a ɔhɔho panyin no aba akyi.
Kingdoms in Ghana have well organized leadership committees to run their plans.,Ahenni ahodoɔ a ɛwɔ Ghana no wɔ akannifoɔ boayikuo ahodoɔ a wɔahyehyɛ no yiye de adi wɔn nhyehyɛe ahodoɔ so.
District officials have been accused of corruption by the people.,Ɔmantam mpanyimfo abɔ ɔmantam mpanyimfo sobo sɛ wɔreyɛ adifudepɛ.
"She listened attentively to her friend's problems. She offered her a sympathetic ear, and sometimes, sympathy is all we can offer.","Ɔde aso tiee n’adamfo no haw ahodoɔ. Ɔmaa no aso a ɛkyerɛ tema, na ɛtɔ mmere bi a, tema nkutoo ne nea yɛbetumi de ama."
Newspapers can be bought anywhere and their prices are low.,Wobetumi atɔ atesɛm nkrataa wɔ baabiara na ne bo nso sua.
He agreed to pay all the salary arrears by December.,Ɔpenee so sɛ ɔbɛtua akatua nyinaa wɔ Openima mu.
Some people are highly influenced by opposition leaders and suffer major injuries.,Asɔretiafo akannifo nya nnipa binom so nkɛntɛnso kɛse na wopirapira kɛse.
The project generally aims at creating a market for farm products and gives farmers a number of benefits in the Nandom districts,"Mpɛn pii no, adwuma no botae ne sɛ ɛbɛma wɔanya gua ama akuafoɔ nneɛma na ɛma akuafoɔ nya mfasoɔ dodoɔ bi wɔ Nandom mantam mu"
The suspects will be interrogated to recover the weapon.,Wɔbɛtoto wɔn a wɔde asɛm no asusu wɔn no ano na wɔde akodeɛ no aba.
All solutions to the agricultural problems will be provided.,Wɔde kuayɛ mu haw ahorow no ano aduru nyinaa bɛma.
The function was attended by prominent people in the country.,Nnipa akukudam a wɔwɔ ɔman no mu baa adwabɔ no ase
The workshops will happen in the city square.,Adwumayɛbea ahorow no bɛkɔ so wɔ kurow no abɔnten so.
The district has banned the selling and consumption of local brewery in the area.,Ɔmantam no abara sɛ wɔbɛtɔn mpɔtam hɔ nsadan a ɛwɔ mpɔtam hɔ no na wɔadi.
The roads in the central district might require up to eight billion Ghana cedis.,Ɛkwan a ɛwɔ mansini no mfinimfini bɛhia akɔduru Ghana sedi ɔpepepe nwɔtwe.
How can students miss class just because there is no chalk?,Ɛbɛyɛ dɛn na sukuufo atumi ayera adesua esiane sɛ chalk nni hɔ nti?
The club thanked the fans for their unconditional support.,Kuw no daa akyidifo no ase wɔ mmoa a enni nnyinaso a wɔde mae no ho.
It's the government's responsibility to monitor all on-going development s in the country.,Ɛyɛ aban no asɛdeɛ sɛ ɛbɛhwɛ nkɔsoɔ a ɛrekɔ so wɔ ɔman no mu nyinaa.
"Following his death, a press statement from the United Nations Secretary-General, Ban Ki-moon said Mills ""will be remembered for his statesmanship and years of dedicated service to his country.""","Bere a Mills wui akyi no, Amanaman Nkabom Soafo Panyin Ban Ki-moon kaa asɛm bi wɔ atesɛm krataa mu sɛ ""wobɛkae Mills wɔ ne amammuisɛm ne mfe pii a ɔde som ne man no ho""."
It's quite hard to mix with people of different cultural beriefs.,Ɛyɛ den yiye sɛ wo ne nnipa a wɔwɔ amammerɛ mu gyidi afoforɔ bɛfrafra.
This notifies you with apologizes that the press conference from the government won't be held.,Yei de kyɛwpa bɔ wo amanneɛ sɛ wɔrenyɛ nsɛm ho amanneɛbɔfoɔ nhyiam a ɛfiri aban hɔ no.
My father and mother are both engineers by profession and have been promoted to a position of regional manager in their respective companies.,Me papa ne me maame nyinaa yɛ mfiridwumayɛfo wɔ wɔn adwuma mu na wɔama wɔn dibea sɛ ɔmantam sohwɛfo wɔ wɔn nnwumakuw mu.
Investment is paramount for people and society development .,Sika a wɔde bɛto mu no ho hia sen biara ma nnipa ne ɔmanfoɔ nkɔsoɔ .
How can we maintain peace and harmony among people?,Yɛbɛyɛ dɛn atumi akura asomdwoe ne biakoyɛ mu wɔ nnipa ntam?
"For you to be appreciated after you die, do good things for the people you lead.","Sɛ wopɛ sɛ wɔkyerɛ wo ho anisɔ wɔ wowuda akyi a, yɛ nneɛma pa ma nkurɔfo a wodi w'anim no."
The land will be surveyed before the road is constructed.,Wɔbɛsusu asase no ansa na wɔafiri aseɛ ayi kwan no.
Some raised issues are company obligations but all he's asking for is calmness.,Nsɛm bi a wɔama asɔre no yɛ company obligations nanso nea ɔrebisa ara ne kommyɛ.
The district has actively provided people with information about available legal services.,Ɔmansin no de nsiyɛ de nsɛm a ɛfa mmara mu nnwuma a ɛwɔ hɔ ho ama nkurɔfo.
The chief administrative officers will monitor the process of giving money to elders.,Aban mpanyimfo mpanyimfo no bɛhwɛ ɔkwan a wɔfa so de sika ma mpanyimfo no so.
For how long should mothers breastfeed their children?,Bere tenten sen na ɛsɛ sɛ ɛnanom no ma wɔn mma nufu?
Candidates will do their final exams next year because of the pandemic.,Wɔn a wɔpɛ sɛ wɔpaw wɔn no bɛyɛ wɔn sɔhwɛ a etwa to afe a edi hɔ no esiane ɔyaredɔm no nti.
The youth should be sensitized and educated about what is best for their lives,Ɛsɛ sɛ wɔma mmabun no te nka na wɔkyerɛkyerɛ wɔn wɔ nea eye ma wɔn asetra ho
Its not only the government that supports the disabled people but also non-government organizations,Ɛnyɛ aban nkoaa na ɔboa wɔn a wɔadi dɛm na mmon ndwumakuo ahodoɔ bi a ɛnyɛ aban dea nso boa wɔn.
Can you calculate the income earned per person in a given year?,So wubetumi abu sika a onipa biara nya wɔ afe bi mu no ho akontaa?
Non-government organizations have helped the government in fighting many deadly diseases.,Ahyehyɛde ahorow a ɛnyɛ aban de aboa aban no ma wɔako atia nyarewa pii a edi awu.
Fisher men are being punished for the bad practices during fishing.,Wɔtwe ɔfareni aso esiane nneyɛe bɔne a wɔyɛ bere a ɔyi nam
There is a need to employ more doctors in the village health centre.,Ɛho hia sɛ wɔfa adɔkotafoɔ bebree adwuma wɔ ayaresabea a ɛwɔ nkuraase no mu.
Forming associations in communities helps on having a common voice when raising an issue.,"Sɛ te akuw wɔ mpɔtam hɔ a, ɛboa ma wonya adwene koro bere a wɔresusuw asɛm bi ho no."
All staff members of the school will attend the meeting.,Sukuu no mu adwumayɛfo nyinaa bɛba nhyiam no ase.
Schools need to start golf clubs to promote the sport of golf.,ɛsɛ sɛ sukuu ahodoɔ firi golf akuo ase de hyɛ golf agumadi ho nkuran.
How many teams shall compete at national level?,Akuw dodow ahe na wobesi akan wɔ ɔman no mu?
The officer died because of a mistake during deployment.,Ɔsraani panyin no wui esiane mfomso bi a odii bere a wɔde no kɔe no nti.
The funds allocated to every district are for development .,Sika a wɔatwa ama mansini biara no yɛ sika a ɛsɛ sɛ wɔde yɛ mpuntudwuma nko ara.
Grooming children is very important in the country.,Mmofra ahotew ho hia yiye wɔ ɔman no mu.
The money was meant to boast their businesses.,sika no wɔde baa sɛ ɛmmɛ boa wɔn nwuma.
He was arrested for the illegal selling of timber.,Wɔkyeree no sɛ ɔtɔn nnua a mmara mma ho kwan.
"Various institutions are actively working against corruption in Ghana, addressing the prevalent issue of corruption and nepotism in government departments.","Ahyehyɛdeɛ ahodoɔ bebree redi dwuma aboa ama yɛako atia kɛtɛasehyɛ wɔ Ghana, wɔresiesie kɛtɛasehyɛ ne dwrimdie ho nsɛm a ɛkɔ so aban asoeɛ ahodoɔ mu no."
The people are now focused on promoting development in their areas.,Mprempren nkurɔfo no de wɔn adwene asi nkɔso a wɔbɛma anya nkɔso wɔ wɔn mpɔtam hɔ no so.
The minister of education and sports did not attend the annual event.,Nwomasua ne agodie asoafoɔ no ankɔ afe dwumadie no.
It might take more than a week to get your coronavirus results back.,Ebia ɛbɛgye bɛboro dapɛn baako ansa na woanya wo koronavirus no so nsonsonso mmuae.
Rear domestic animals at home if you can.,tete afieboa wɔ fie sɛ wubetumi a.
"Government should enforce the environment laws, ensuring strict compliance and holding individuals and organizations accountable for their actions.","Ɛsɛ sɛ aban no hyɛ mmara a ɛfa nneɛma a atwa yɛn ho ahyia, na wɔhwɛ ma wodi so pɛpɛɛpɛ, na wɔma ankorankoro ne ahyehyɛde ahorow di so"
Health workers will do their best to provide the best health services.,Akwahosan ho adwumayɛfo bɛyɛ nea wobetumi biara de akwahosan ho nnwuma a eye sen biara ama.
"The chairman's request for collective efforts towards development was met with generous contributions from the minister, reflecting the commitment to progress.","Wɔde ntoboa a efi ayamye mu fii ɔsomfo no hɔ dii oguamtrani no abisade a ɛne sɛ wɔbɛbom abɔ mmɔden wɔ nkɔso ho no ho dwuma, na ɛdaa ahofama a ɔwɔ sɛ obenya nkɔso adi."
There will be a brief meeting to discuss the way forward for these refugees.,Nhyiamu tiawa bɛkɔ so ama wɔde asusu nneɛma a wɔde bɛgu akwan mu ama saa atubrafoɔ yinom.
"The simpa is typically performed at weddings and other celebrations, and is known for its energetic, rhythmic movements and fast tempo.","Wɔtaa yɛ simpa no wɔ ayeforɔhyia ne afahyɛ afoforo ase, na wɔnim no sɛ ɛyɛ deɛ ahoɔden wɔm, ɛyɛ nnyegyeeɛ a ɛyɛ dɛ na ɛyɛ ntɛmntɛm."
"Given the modern day world, people are adopting to the western culture.","Ɛnnɛ wiase yi mu de, nkurɔfo resua aborɔfo amammerɛ."
Government officials are usually unfaithful in performing their duties.,Aban mpanyimfo nni nokware wɔ wɔn ndwuma mu.
The district officials connive with loggers to make money out of trees.,Mpanimfoɔ a wɔda mansini no ano no ne nnipa a wɔbubu nnua no ayɛ baako sɛdeɛ ɛbɛyɛ a wɔnɛnya sika afiri wɔn hɔ
The teachers were angry about the one percent salary deduction.,Atikyafoɔ no bu fuu wɔ wɔn bosome akatua a wɔate ɔha nkyɛmu baako a wɔate afiri mu no ho.
Some development s have to be publicly acknowledged.,Ɛsɛ sɛ wogye nkɔsoɔ bi tom wɔ badwam.
The first phase of the project was successfully completed.,Wɔwiee dwumadie no fa ɛdi kan no asomdwoeɛ mu.
Patients need confirmation from doctors on what kind of disease they are suffering from.,Ayarefoɔ hia sɛ adɔkotafoɔ si yareɛ ko a wɔrehunu amaneɛ wɔ ho no so dua.
"I have always wanted to ride a horse. Of course, I don't know how to, but how hard can it be? You just sit and instruct it to move.","Bere nyinaa na mepɛ sɛ metra pɔnkɔ so. Nokwarem no, minnim sɛnea mɛyɛ, nanso ebetumi ayɛ den dɛn? Wotra so kɛkɛ na wokyerɛ no sɛ ontu."
The health workers should do their work efficiently and effectivery.,Ɛsɛ sɛ apɔmuden adwumayɛfoɔ no yɛ wɔn nnwuma yie wɔ ɔkwan a ɛfata so.
Malaria is a mosquito-borne infectious disease that affects humans and other animals.,Atiridii yɛ nsanyareɛ a ntontom de ba a ɛka nnipa ne mmoa afoforɔ.
Many people have no access to safe water.,Nnipa pii nnya nsuo pa.
Most people always want to greedily yieldto individual interest.,Nnipa dodow no ara pɛ sɛ wɔde adifudepɛ hwehwɛ wɔnkoaa anigye bere nyinaa.
Non-Muslims sometimes celebrate Eid with their Muslim friends.,Ɛtɔ da bi a wɔn a wɔnyɛ Nkramofoɔ ne wɔn nnamfonom Nkramofoɔ di Eid afahyɛ no.
coronavirus patients were not allowed to mix with others.,wɔamma coronavirus ayarefoɔ kwan sɛ wɔne afoforo nfrafra.
Peasants were considered to be the least people in monarchs.,Na wɔbu akuafo a wɔankɔ sukuu sɛ nnipa a wɔsua koraa wɔ ahemfo ahennie mu.
Gift giving is an opportunity to think about the people we love.,Akyɛde yɛ ɔkwan a yɛde kyerɛ yɛ dɔ bi.
The security personner must distinguish themselves from the people.,Ɛsɛ sɛ ahobammɔ adwumayɛfo no da nsow wɔ ɔmanfo no ho.
"The police, with the help of intelligence information provided by the people, were able to recover the stolen animals and arrest the councilor involved in the corruption.",Polisifo no nam amansɛmdi ho nsɛm a nkurɔfo no de mae so tumi nyaa mmoa a wowiae no na wɔkyeree agyinatufo a ɔde ne ho hyɛɛ adifudepɛ no mu no.
Most of the refugees come from neighbouring countries.,Aguanfo no mu dodow no ara fi aman a ɛbemmɛn ha.
People in rural areas fear that government officials will steal their land.,Nkorɔfoɔ a wɔwɔ nkuraase no suro sɛ aban mpaninfoɔ bɛwia wɔn nsase.
My friend works with ministry of water and environment.,M’adamfo no ne nsu ne nneɛma a atwa yɛn ho ahyia ho som adwuma yɛ adwuma.
Parents are against the Measles and Polio Campaign,Awofoɔ sɔre tia Akisikuru ne Polio Ɔsatu no.
Some people are not contented with the decisions made by officials.,Nnipa binom ani nnye gyinae a aban mpanyimfo sisi no ho.
A meeting was held by the board of directors of the school.,Sukuu no mpanimfoɔ a wɔhwɛ sukuu no so yɛɛ nhyiam.
People will not only rery on tobacco but also other crops.,Ɛnyɛ tawa nko na nkurɔfoɔ de wɔn ho bɛto so na mmom nnɔbae afoforo nso.
"Araba constantly strives for excellence in her work, and never settles for mediocrity.","Araba bɔ mmɔden bere nyinaa sɛ ɔbɛyɛ nea ɛkyɛn so wɔ n’adwuma mu, na ɔmfa ne ho nhyɛ mediocrity mu da."
He built his house at a young age.,Ɔsii ne fie wɔ ne mmofraase.
Many people were separated from their families during the lockdown.,Wɔtetee nnipa pii fi wɔn mmusua ho wɔ lockdown no mu.
Road users need to be careful on the road so as to avoid accidents.,ɛsɛ sɛ wɔn a wɔfa kwan so no hwɛ yiye wɔ kwan so sɛnea ɛbɛyɛ a wɔrenhyia akwanhyia.
The main objective of this exercise is to conduct research into the impact of the twenty years implementation of the Universal Primary Education Programme.,Botae titire nti a yɛreyɛ saa nhwehwɛmu yi ne sɛ yɛbɛhunu nsunsuansoɔ a Universal Primary Education dwumadie no de aba wɔ mfie aduonu ni.
A doctor will give an insight into the health sector on terevision.,Dokotani bɛbuebue yɛn ani afa apomuden dwumadie ho wɔ tɛlɛbihyɛn so.
People need to save income and establish stalls themselves.,Ɛsɛ sɛ nkorɔfoɔ sie sika a wɔnya na wɔn ankasa sisi adwadidan.
Community development has declined over the years.,Mpɔtam hɔ nkɔso so atew wɔ mfe no mu.
Fishermen complained about the water hyacinth on the lake.,Afarefoɔ no nwiinwii sɛ nsu mu nhwiren wɔ ɔtare no mu.
The Protestant church recently banned campaigns in church.,Nnansa yi ara Protestant asɔre no baraa ɔsatu ahorow a wɔyɛ wɔ asɔredan mu.
People should endeavour to go for medical check-ups.,Ɛsɛ nkorɔfoɔ bɔ wɔn ho mmɔden kɔhwehwɛ wɔn ho mu wɔ ayaresabea.
A man carrying schnapps to perform ritual during Aboakyer festival in Ghana.,Barima bi a ɔso nsa de rekɔyɛ nyankomade wɔ Aboakyer afahyɛ no ase wɔ Ghana.
The government has strategically allocated significant funds towards achieving gender equality.,Aban no ahyɛ da atwa sika bi ato hɔ a wɔde rebɛboa ama wɔatumi ama bɔbeasu nyinaa ayɛ pɛ.
One of the orphans says her father fainted on receiving a phone call.,Nyisaa no mu biako ka sɛ ne papa totɔe bere a ɔfrɛɛ no ​​wɔ telefon so no.
The municipal council has provided tax holidays which has boosted business activities.,Mansini no kansele no ama nwumakuo ahodoɔ bi kwan a wɔntua toɔ na ɛno ama nwuma akɔ soro.
He was a hard-working and well committed public servant.,Na ɔyɛ ɔman somfoɔ a ɔyɛ adwumaden na ɔde ne ho ama yiye.
Activities to ensure a healthy population are being advised by the Ministry of Health,Akwahosan Dwumadibea no retu dwumadi ahorow a wɔbɛyɛ de ahwɛ ahu sɛ nnipa dodow a wɔwɔ apɔwmuden no retu fo
"People have to be committed, determined and focused.","Ɛsɛ sɛ nkorɔfoɔ nya ahofamma, nsiyɛ na wɔde wɔn ani si faako."
"Traditional celebration of Homowo includes marching across cities while drumming, singing, and dancing.","Amammerɛ a wɔyɛ de di Homowo no bi ne sɛ wɔto santene fa nkuro mu berɛ a wɔrebɔ twene, reto nnwom, na wɔredi asa."
There is need to expand the emergency unit because of the increasing number of patients.,Ɛho hia sɛ wɔbɛbae beaeɛ a wɔhwɛ nipa ntɛm no mu ɛfiri sɛ ayarefoɔ no redɔɔso.
Aba also buys scholastic materials for her children.,Aba nso tɔ sukuu ho nneɛma ma ne mma.
Everything in the library that can be scanned is on a computer.,Biribiara a ɛwɔ nhomakorabea hɔ a wobetumi ahwehwɛ mu no wɔ kɔmputa so.
That teacher contracted the coronavirus from his student.,Saa ɔkyerɛkyerɛfo no nyaa coronavirus fii ne sukuuni hɔ.
Parents are obliged to pay school fees at the school.,Ɛyɛ nhyɛ ma awofoɔ sɛ wɔtwea wɔn mma sukuu feese.
Peer pressure leads to bad habits such as smoking.,Atipɛnfoɔ nhyɛsoɔ de suban bɔne te sɛ sigaretenom ba.
The increased tax on tobacco is one of the effective ways to reduce smoking.,Ɛtoɔ kɛseɛ a wɔde ato taaboko so no yɛ ɔkwan baako a wɔbɛtumi afa so ate tawanom bebrebe no so.
"At the end of the day, the beneficiaries must be happy.","Sɛ da no ba awiei a, ɛsɛ sɛ wɔn a wonya mu mfaso no ani gye."
Vocational skills have greatly improved the lives of women in Ghana.,Nsanodwuma ama mmaa a wɔwɔ Ghana no asetena atu mpɔn pa ara.
Priority is to be given to learning therefore no trials before the final examinations,ɛsɛ sɛ wɔde adesua di kan enti sɔhwɛ biara nni hɔ ansa na sɔhwɛ a etwa to no aba
The community addressed its issues during the swearing in ceremony.,Mpɔtam hɔfo dii wɔn nsɛm ho dwuma bere a wɔreyɛ ntam no.
Abena added that seeds are being grown over night and eaten the next day.,Abena de kaa ho sɛ wɔredua aba anadwo na wɔadi da a edi hɔ no.
Tohazie was a fighter. Yaa Asentewaa was a figther. Ghanaians are fighters. We shouldn't sit back with our arms folded and watch our country plundered to nothing.,Na Tohazie yɛ ɔkofoɔ. Yaa Asantewaa yɛ ɔkofoɔ. Ghanafoɔ yɛ akofoɔ. Ɛnsɛ sɛ yɛtena ase a yɛabobɔ yɛn nsa na yɛhwɛ sɛdeɛ wɔrefom yɛn man no fa kwa.
"It is worth noting that towns are integral parts of the district, and the availability of a market for crops presents opportunities for farmers","Ɛfata sɛ yɛhyɛ no nsow sɛ nkurow yɛ mansini no fã titiriw, na gua a ɛwɔ hɔ ma nnɔbae no ma akuafo nya hokwan ahorow"
He was arrested on allegations that he stole the car.,Wɔkyeree no wɔ sobo a wɔbɔɔ no sɛ owiaa kar no ho.
By attending bride and groom events you get exposed to new things.,"Ɛdenam ayeforoɔ ne ayeforokunu nhyiam ahodoɔ a wobɛkɔ so no, wuhu nneɛma foforoɔ"
Our politicians are making sure we stay poor,Yɛn amanyɔfoɔ rehwɛ sɛ yɛbɛtena ohia mu.
Some refugees don't know the local languages spoken in Ghana.,Adwuanefoɔ binom nnim mpɔtam hɔ kasa a wɔka wɔ Ghana.
Can you press charges on someone for the destruction of property?,So wubetumi amia sobo a wɔbɔ obi wɔ agyapade a ɔsɛee no ho?
"Skilled and practical courses are very good for students , since they acquire knowledge to be able to create their own jobs.","Adesua a ahokokwaw ne mfaso wɔ so ye ma asuafo yiye , efisɛ wonya nimdeɛ na ama wɔatumi ayɛ wɔn ankasa nnwuma."
He was the thirty second king of our kingdom.,Ɔno ne yɛn ahennie mu hene aduasa mmienu.
The government aims at improving the lives of the people of Adenta.,Aban no pɛ sɛ ɔman ɔmanfoɔ a wɔte Adenta no abrabɔ tu mpɔn
He bribed the village leader to allow him cut down the trees.,Ɔmaa akuraa no ase kannifo no adanmude sɛ ɔmma no kwan mma ontwa nnua no.
Pregnant mothers are always encouraged to always sleep under a mosquito net.,wɔhyɛ ɛnanom a wɔyem nkuran bere nyinaa sɛ wɔnda nwansena afiri ase bere nyinaa.
This type of cancer affects mostly women who have intercourse with multiple partners.,Saa kokoram yi ntaa yɛ mmaa a wɔne nnipa ahodoɔ bebree deda no.
"During childhood, malaria causes anaemia during a period of rapid brain development, and also direct brain damage resulting from cerebral malaria.","Wɔ mmofraase no, asramma ma mogya a ɛtɔ kɔ nipadua no mu ba wɔ bere bi a amemene no nyin ntɛmntɛm mu, na ɛma amemene no sɛe tẽẽ a efi amemene mu asramma mu ba nso"
The expensive education system discourages parents from teaching their children.,Nwomasua a ne boɔ yɛ den no nhyɛ awofoɔ nkuran mma wɔnkyerɛ wɔn mma adeɛ
Health officers are doing everything possible to improve the situation.,Akwahosan ho adwumayɛfo reyɛ nea wobetumi biara de ama tebea no atu mpɔn.
Someone wants to know how those without access to clean water can be helped.,Obi pɛ sɛ ohu sɛnea wobetumi aboa wɔn a wonni nsu pa.
The Ministry of Education has encouraged students to participate in sports.,Asoɛeɛ a ɛhwɛ nwomasua so no ahyɛ adesuafoɔ nkuran sɛ wɔmfa wɔn ho nhyɛ apɔmuden atenetene mu.
International organisations are doing great in offering help to Ghanaian refugees.,Amanaman ntam ahyehyɛdeɛ ahodoɔ reyɛ kɛseɛ wɔ mmoa a wɔde ma Ghana aguanfoɔ no mu.
They have appointed a team to monitor government hospitals in the region.,Wɔayi akuo bi sɛ wɔnhwɛ aban ayaresabea ahodoɔ no so wɔ mantam no mu.
Farmers need to take care of their animals daily.,Ɛsɛ sɛ akuafo hwɛ wɔn mmoa daa.
Security officers must be able to calm down a fracas.,ɛsɛ sɛ ahobammɔ adwumayɛfo tumi ma ntawntawdi bi dwo.
The main objective of this exercise is to conduct research into the impact of the twenty years implementation of the Universal Primary Education Programme.,Dwumadie no atirimpɔ titire pa ara ne sɛ ɛbɛyɛ nhwehwɛmu wɔ nsunsuansoɔ a Mfitiaseɛ Sukuu a Wɔmaa obiara kɔɔ bi a wɔde sii hɔ mfeɛ aduonu ni no de aba.
The system is of the latest technology and run by computer literates.,Sistɛm (system) no yɛ tɛknɔlɔgyi a aba a ɛnkyɛeɛ no bi na kɔmputa animdifoɔ na ɛde di dwuma.
The court has offered free court sessions for refugee communities.,Asɛnnibea no de asɛnnibea nhyiam ahorow a wontua hwee ama aguanfo mpɔtam hɔfo.
Individuals were thanked for their contribution towards the club.,Wɔdaa ankorankoro ase wɔ mmoa a wɔde maa kuw no ho.
Heavy rains can lead to the collapse of poorly constructed bridges.,Osu kɛse betumi ama adan a wɔansisi no yiye abubu.
The people were told to manage cattle and improve their standards of living.,Wɔka kyerɛɛ nkorɔfoɔ no sɛ wɔnhwɛ nantwie so na wɔmfa mma wɔn abrabɔ ntu mpɔn.
Business is slow because of the limited power supply.,Adwumayɛ yɛ brɛoo esiane sɛ anyinam ahoɔden a wɔde ma no sua nti.
Members of parliament should attend important tax meetings.,Ɛsɛ sɛ mmarahyɛbadwafoɔ kɔ toɔtua ho nhyiam ahodoɔ a ɛho hia.
The match shall take place at the stadium.,Agokansie no bɛkɔ so wɔ agoprama no so.
Neighbours can help others that are in need.,Afipamfo betumi aboa afoforo a wohia mmoa.
The additional hands required were solicited from the local militia as a service to the stool.,Wɔsrɛɛ nsa foforo a wɔhwehwɛ no fii mpɔtam hɔ asraafo no hɔ sɛ ɔsom a wɔde ma asɛnka agua no.
Kingdoms get a lot of money from their various projects.,Ahennie ahodoɔ nya sika pii fi wɔn nnwuma ahodoɔ no mu.
The minister said all forms of violence in schools is unacceptable.,Ɔsoafoɔ no kaa sɛ ntawantawa ahodoɔ a ɛkɔ so wɔ sukuu mu no mu biara nni a ɛyɛ ade pa.
Foreign aid is essential for regional development .,Amanaman mu mmoa ho hia ma amantam nkɔso.
Organizations are investing in girls education as a way of stopping early marriages.,Ahyehyɛde ahorow de sika rehyɛ mmeawa nhomasua mu sɛ ɔkwan a wɔbɛfa so asiw aware a wɔkɔ no ntɛm no ano.
Parents were blamed for failing to provide for their children.,Wɔbɔ awofoɔ soboɔ sɛ wɔantumi anhwɛ wɔn mma.
The classroom block cannot accommodate all pupils in the school.,Adesuadan mu block no ntumi nnye asuafoɔ a wɔwɔ sukuu no mu nyinaa.
People need to be educated about the importance of paying taxes.,Ɛsɛ sɛ yɛkyerɛ nkorɔfoɔ adeɛ fa hia a ɛhia sɛ wɔtua toɔ.
There will be a teachers' training to enhance teaching of Physical Education in secondary schools.,Wɔbɛyɛ akyerɛkyerɛfoɔ nteteɛ na ama Apɔmuteetee Adesua atumi atu mpɔn wɔ ntoasoɔ sukuu ahodoɔ mu.
The father's union is aimed at drawing men in the church.,Agyanom nkabom kuo no atirimpɔ ne sɛ wɔbɛtwe mmarima akɔ asɔre.
That district chairperson advised the locals to sanitize all surfaces to kill the coronavirus.,Saa mantam no guamtrani no tuu ɛhɔfo fo sɛ wɔnhohoro nneɛma a ɛwɔ soro nyinaa ho mfa nkum coronavirus.
"I wrote a letter to the village leader, but I didn't get a reply.","Mekyerɛw krataa kɔmaa akuraa no ase kannifo no, nanso mannya mmuae biara."
Malaria is the leading cause of death among children in Africa.,Atiridii ne adeɛ titire a ɛma mmofra wuwu wɔ Abibirem.
The hospitals should work hand in hand in health service provision.,Ɛsɛ sɛ ayaresabea ahodoɔ no nyinaa di nsawɔsoɔ wɔ wɔn ayarehwɛ mu.
Farmers have resorted to agriculture as a profitable venture.,Akuafo kyerɛ sɛ kuayɛ yɛ adwuma a mfaso wɔ mu.
The president pledged to sponsor the planting of more trees.,Ɔmampanyin no hyɛɛ bɔ sɛ ɔbɛboa ma wɔadua nnua pii.
"This is the Adzewa music, quite different from the Akan version. The music is performed by gourd (‘mfowba’) playing.","Yei yɛ Adzewa nnwom, ɛyɛ sononko kakra firi Akanfoɔ deɛ no ho. Wɔbɔ ɛferɛ na ɛgoro saa dwom yi."
coronavirus disease deaths rise in Ghana worrying health officials,coronavirus yareɛ mu nnipa a wɔwuwu wɔ Ghana a ɛhaw akwahosan ho adwumayɛfoɔ
Ambulances have been donated to uplift the health sector in several regions.,Wɔde ɛhyɛn a ɛfa ayarefoɔ bebree ama sɛdeɛ ɛbɛbo ama akwahosan adwumayɛbea no dwumadie akɔ soro wɔ mantam bebree mu.
Farmers have been given more capital and were also trained about the best farming practices.,"Wɔama akuafo sika, na wɔasan nso atete wɔn wɔ ɔkwan pa a wɔfa so yɛ wɔn adwuma no yiye."
The rude nurse shouted at the patient who refused to take medicine.,Ɔyarehwɛfo a ɔyɛ basabasa no teɛɛm guu ɔyarefo a wampene sɛ ɔbɛnom nnuru no so.
A new toilet is under construction at the old taxi park.,Wɔresi tiafi foforo wɔ taksi gyinabea dedaw no.
More people will join to acquire several skills.,Nnipa pii bɛka ho na wɔanya ahokokwaw ahorow pii.
The ordinary Ashanti wore cotton whiles slaves dressed in black cloth.,Temanmuni Asanteni hyɛ asaawa na nkoa ahyɛ atadeɛ tuntum.
Girls conceive at an early age and this is dangerous to their health.,"Mmaayewa nyinsɛn wɔ wɔn mmofraase, na eyi betumi asɛe wɔn apɔmuden."
Political leaders have urged Ghanaians to exercise in order to stay fit during this lockdown,Amammuo akannifoɔ ahyɛ Ghanafoɔ sɛ wɔnteɛteɛ wɔn apɔw mu sɛdeɛ ɛbɛyɛ a wɔbɛtena ahoɔden wɔ saa lockdown yi mu
"It is unfortunate that school committees and leaders have not reported these irregularities to the district, further hindering potential interventions.","Ɛyɛ awerɛhoɔ sɛ sukuu boayɛkuo ne akannifoɔ mmɔɔ saa mfomsoɔ yi ho amanneɛ nkyerɛɛ mantam no, na ɛsi akwan a wɔbɛtumi de wɔn ho ahyɛ mu no kwan bio."
Legislators play a big role in informing government what goes on in their constituencies.,Mmarahyɛbadwafoɔ di dwuma kɛse wɔ nea ɛkɔ so wɔ wɔn amansin mu a wɔbɔ aban amanneɛ no mu.
"Seek solutions to the challenges you encounter in life, depression is real.","hwehwɛ nsɛnnennen a wuhyia wɔ asetra mu no ano aduru, adwenemhaw yɛ nea ɛwɔ hɔ ankasa."
Her baby was previously immunised against polio disease.,Kan no na wɔabɔ ne ba no ho ban afi polio yare ho.
"I have just received some sad news, informing about a recent emotionally distressing update.","Nkyɛe na manya amanneɛbɔ bi a ɛyɛ awerɛhow, a ɛbɔ amanneɛ wɔ nnansa yi nkate mu nsɛm foforo a ɛhaw adwene ho."
"In case a police officer asks for a bribe, report to us immediately.","Sɛ ɛba sɛ polisini bi bisa adanmude a, bɔ yɛn amanneɛ ntɛm ara."
The financial management system regulates the activities of government agencies.,Sikasɛm ho nhyehyɛeɛ dwumadibea no na wɔhwɛ aban no nnwumakuo ahodoɔ no dwumadie so
Some people name their children after their deceased parents.,Nnipa binom de wɔn mma din to wɔn awofo a wɔawuwu no so.
The district should fence the pool to avoid children from accessing it.,Ɛsɛ sɛ mansini no no gye ban fa tadeɛ a wɔayɛ a wɔdware mu no ho sɛdeɛ ɛbɛyɛ a mmɔfra rentumi nkɔ ho.
Traditional religions in Ghana have retained their influence because of their intimate relation to family loyalties and local mores.,Amammerɛ mu som binom atumi anya nnipa so tumi abɛsi sɛsɛɛ ɛsiane ayɔnkofa kɛseɛ a ɛwɔ wɔ da mmusua binom nhyehyɛeɛ mu ne nkuro binom mu dwumadie mu no.
Last years budget was lower than this year's.,Afe a etwaam no sikasɛm nhyehyɛe no sua sen afe yi deɛ no.
There are no garbage trucks to collect the garbage from the business centers.,Wɔnni bɔɔla lɔɔre biara a ɛbɛgye nwura a ɛfiri adwumakuo beaeɛ no mu.
"People should desist from the acts of violence, given the increasing cases of domestic violence.","Ɛsɛ sɛ nkorɔfoɔ gyae basabasayɛ nneyɔe, esiane ofie basabasayɛ a ɛrenya nkɔanim nti."
Many youths in rural areas don't have access to education.,Mmabun pii a wɔwɔ nkuraase nnya nhomasua.
The police headquarters will send relief support to the officers who lost their valuables to the fire outbreak.,Polisifo adwumayɛbea ti no de mmoa bɛkɔ akɔma polisifo a ogya a ɛtɔe no hweree wɔn nneɛma a ɛsom bo no.
My friend performed poorly because of irregular attendance.,M’adamfo no anyɛ adwuma yiye esiane sɛ na ɔnkɔ hɔ daa nti.
Farmers were taught how to plant and harvest vanilla.,Wɔkyerɛɛ akuafo sɛnea wodua vanilla na wotwa.
"The program works from three years on climate, agriculture and involving in resilience building.","Dwumadie no bɛyɛ adwuma afiri mfeɛ mmiɛnsa wɔ ɛwiem nsakyeraeɛ, kuayɛ ne ɛdan sie denden mu."
Due to the pandemic outbreak social gathering of more than thirty people is prohibited.,Esiane ɔyaredɔm no nti wɔabara nnipa bɛboro aduasa a wɔbɛhyiam wɔ fekubɔ mu.
Infected patients need to be isolated to avoid contacts with the uninfected.,Ɛsɛ sɛ wɔtew ayarefo a wɔanya bi no fi afoforo ho na wɔakwati sɛ wɔne wɔn a wonni bi no bedi nkitaho.
They laughed and mocked him because they thought he was crazy.,Wɔseree no dii ne ho fɛ ɛfiri sɛ na wɔsusu sɛ wabɔ dam.
The community does not have enough knowledge about the weed.,Mpɔtam hɔfo nni nwura no ho nimdeɛ a ɛdɔɔso.
The councillor is a member of the local government.,Agyinatukuo no yɛ mpɔtam hɔ aban no muni.
For registration every applicant should carry along with a discharge certificate and current passport size photographs.,"Sɛ wɔrekyerɛw obira din a, ɛsɛ sɛ ɔde krataa a ɛkyerɛ sɛ wɔagyae sukuu no ne mfonini a ɛwɔ ne nhoma mu a ne kɛse te sɛ obi akwantu krataa no ka ho."
"After committing the crime, he went into hiding.","Odii bɔne no wiee no, ɔkɔ hintaa baabi."
The district leader set conditions which the company agreed to adhere .,Mansini no daanodini no hyehyɛɛ mmara binom maa adwumakuo no yɛɛ sɛ wɔbɛdi so
"Honesty is a core requirement. And in addition to that, you should make sure you are reliable, dedicated, tolerant and hardworking. Don't try to take any shortcuts.","Nokwaredi yɛ ahwehwɛde titiriw. Na ɛno akyi no, ɛsɛ sɛ wohwɛ hu sɛ wotumi de ho to wo so, wotu wo ho ma, wotumi nya abodwokyɛre na woyɛ adwumaden. Mmɔ mmɔden sɛ wobɛfa akwan tiawa biara so."
"This force had formerly been deployed to quell internal dissent, and occasionally to fight in wars: most recently, in World War II, against the Japanese in India and Burma.","Kane no, wɔde saa asraafoɔ yinom baa sɛ wɔmmɛko ntia akasakasa a ɛwɔ ɔman yi mu no, na mmerɛ bi mu nso, wɔako atia akodie ahodoɔ, nnansa yi ara, wɔ Wiase Ko II mu, wɔkotiaa Japanfoɔ a wɔwɔ India ne Burma."
Adult education and learning will be supported by the Ministry of Education.,Asoeɛ ɛhwɛ nnwomasua so no bɛboa mpanimfoɔ nnwomasua ne wɔn adesua.
The health team is doing all it can to manage corona patients.,Apɔmuden adwumayɛfoɔ no reyɛ deɛ wɔbɛtumi biara de aboa nnipa a wɔanya korona yareɛ no bi no
There is expanding access to the viral infection treatment through community based organizations.,Wɔabue sɛdeɛ wɔtumi nya ayaresa wɔ nsaayareɛ ho no mu denam ahyehyɛdeɛ ahodoɔ a wɔabuebue wɔ mpɔtam no so.
"Despite facing numerous challenges, Mrs. Theresa remained tough and resilient and never gave up.","Ɛmfa ho sɛ ohyiaa nsɛnnennen pii no, Owurayere Theresa kɔɔ so yɛɛ katee na otumi gyinaa ano na wampa abaw da."
Over fifty taxis have been impounded for overloading.,Wɔagye lɔɔre (taksi) bɛboro aduonum asi hɔ wɔ amirikatuo pii nti.
The government is educating leaders about family planning.,Aban no rekyerɛkyerɛ akannifoɔ no afa sɛdeɛ wɔbɛtoto wɔn mmusua ne wɔn awoɔ yie ho.
The security officer should claim for security in their homes and should report any incidents to the police.,Ɛsɛ sɛ bammɔ ɔfesafoɔ no bisa bammɔ wɔ wɔn afie mu na ɛsɛ sɛ wɔka nsɛm biara a ɛsi kyerɛ apolisifoɔ.
Murders are on the increase in the neighbourhood,Awudisɛm renya nkɔanim wɔ mpɔtam hɔ
The village leader appreciated the youth for helping the erderly in the community.,Akuraase panin no bɔɔ mmabunu no aba so sɛ wɔboaa mpaninfoɔ a wɔwɔ kuro no mu.
Start or expand your business with loans from the bank.,Fa bosea a wobɛbɔ afi sikakorabea no fi ase anaa trɛw w’adwuma mu.
"In Accra Metropolitan, Tema Metropolitan, Ga West Municipal, Ga South Municipal, Ga East Municipal, Ashaiman Municipal, and Adenta Municipal Assembly districts, vaccination will go on for two weeks .","Wɔ Accra Metropolitan, Tema Metropolitan, Ga West Municipal, Ga South Municipal, Ga East Municipal, Ashaiman Municipal, ne Adenta Municipal Assembly mansini mu no, wɔbɛkɔ so de nnuru a wɔde bɔ nkurɔfo ho ban no akɔ so adapɛn abien ."
"I have not seen the chairman for a year now, raising concerns about his absence.","minhuu oguamtrani bɛyɛ afe ne, na ɔma nsɛm a ɛhaw adwene wɔ nea onni hɔ no."
She is a permanent resident in our village.,Ɔyɛ obi a ɔte yɛn akuraa ase daa.
The officer denied that he didn't receive the bribe.,Ɔsraani panyin no powee sɛ wannya adanmude no.
The Household head has a role in disease prevention,Abusua no ti no wɔ asɛdeɛ binom a ɛsɛ sɛ ɔyɛ de si nyarewa no ano.
The ministry of agriculture has failed to supervise agricultural activities in the country.,Asoeɛ a ɛhwɛ kuadwuma so ammɔ wɔn ho mmɔden sɛ wɔbɛma wɔn ani akɔ kuadwuama so wɔ ɔman yi mu.
Both nationals and refugees are people that deserve to be treated equally.,Ɔmanfoɔ ne adwaunefoɔ nyinaa yɛ nnipa a wɔfata sɛ wɔne wɔn di pɛpɛɛpɛ.
The capacity of passengers was limited to control the spread of coronavirus .,Na akwantufo no tumi sua na wɔde siw coronavirus trɛw ano .
Certain factors are looked at for something to be considered the best.,Wɔhwɛ nneɛma bi mu ma wonya biribi a wobebu no sɛ eye sen biara.
"Hospitals should follow a saying; first come, first served.","Ɛsɛ sɛ ayaresabea ahorow di asɛm bi akyi; nea odi kan ba, nea odi kan som."
I haven't had a pay raise in three years.,"Mfe abiɛsa ni a, minnyaa akatua a ntumuu."
The local government has low revenue collection despites its effort to boost its income stream,Aban a ɛwɔ nkuro mu no nni sika dodoɔ biara a wɔgyegye ɛmfa sɛ ɛreyɛ deɛ ɛbɛtumi biara sɛ ɛbɛnya sika afiri nneɛma bebree mu no.
The local leaders of the Sefwi-Wiawso Municipal Assembly should encourage people in the community to maintain sanitation.,Ɛsɛ sɛ akannifoɔ a wɔwɔ Sɛhwi Wiaso Mpasua so no hyɛ ɔmanfoɔ a wɔwɔ hɔ no nkuran sɛ wɔnsɛ ahonidie mu.
The streetlights will be fixed because of the high crime rate.,Wɔbɛhyehyɛ ɛkwan ho nkanea no ɛnam korɔno a akɔ soro nti.
People will use the quarry for fish farming.,Nkurɔfo de abodan no bɛyɛ mpataa a wɔyɛn wɔn.
"The police announced on radio stations for people to identify the body, as they carry out investigations to recover the stolen cattle provided by the government.","Polisifoɔ no de too dwa wɔ kasafidie nnwumadibea ahodoɔ so sɛ nkorɔfoɔ nhwɛ nhunu amu no, berɛ a wɔreyɛ nhwehwɛmu de agye nantwie a wɔwiaeɛ a aban no de ama no no."
The operation aims at improving people's standards of living.,Oprehyɛn no botae ne sɛ ɛbɛma nkurɔfo asetra atu mpɔn.
"In places with no electricity supply, the rich villagers rery on solar power.","Wɔ mmeae a anyinam ahoɔden nni hɔ no, akuraa asefo adefo no de wɔn ho to owia ahoɔden so."
People have continued to carry out deforestation even with the rules against it.,Nkorɔfoɔ kɔ so ara twitwa nnua mpo wɔ berɛ a ɛtia mmara no.
It is illegal to disclose some ones viral infection status.,Ɛyɛ mmara so bu sɛ wɔbɛda ebinom ɔyare mmoawa tebea adi.
Our beans have started to germinate from the ground.,Yɛn adua no ahyɛaseɛ afifiri afiri fam.
Teachers in Ghana are being registered to provide them with a common platform to put up their ideas on how to improve the teaching process and to point the challenges they are facing .,Wɔrekyerɛw akyerɛkyerɛfo a wɔwɔ Ghana din sɛ wɔbɛma wɔn asɛnka agua a wɔbom de wɔn adwene besi sɛnea wɔbɛma nkyerɛkyerɛ nhyehyɛe no atu mpɔn na wɔatwe adwene asi nsɛnnennen a wɔrehyia no so .
The fund failed to cater for a larger number of students in the past.,Sika no antumi aso asuafoɔ dodoɔ no ara so wɔ mfeɛ atwam no mu
My son started primary school at the age of six years.,Me babarima no fii mfitiase sukuu ase bere a na wadi mfe asia.
Not enough money has been collected to pay the councillors.,Wɔnnyaa sika a ɛdɔɔso a wɔde betua afutufo no ka.
The team will have a training from a foreign country.,Kuw no benya ntetee a efi ɔman foforo so.
People affected by ebola will be given continuous support.,Wɔn a wɔnyaa ebola no bɛnya mmoa a ɛtoa so saa.
The youth received money to engage in a football competition.,Mmabun no nyaa sika de wɔn ho hyɛɛ bɔɔlbɔ akansi bi mu.
International business is common between border countries.,Amanaman ntam adwadie abu so wɔ aman a ɛwɔ ɔhye so ntam.
People did not receive the cattle provided by the government because leaders slaughtered the cattle for meat.,Nkorɔfoɔ annye anantwie a aban no de maeɛ no ɛfiri sɛ na akannifoɔ no kunkum anantwie no de yɛ nam.
Their contract will end in two thousand seventeen.,Wɔn apam no bɛba awiei wɔ mpem abien dunwɔtwe mu.
All health workers were put on board in the vaccination process.,Wɔde akwahosan ho adwumayɛfo nyinaa kaa paneɛ wɔ dwumadie no ho.
The teachers complained about some of the students who don't attend classes.,Akyerɛkyerɛfo no nwiinwii wɔ sukuufo no bi a wɔnkɔ adesua no ho.
Police posts have been established at the border points of the country.,Wɔasisi polisifoɔ adwumayɛbea ahodoɔ wɔ ɔman no hye so.
The community was discouraged from the independence celebrations.,Mpɔtam hɔfo abam bui wɔ ahofadi afahyɛ ahorow no ho.
Farmer seek advice from veterinarians on how to keep their animals healthy.,Akuafo hwehwɛ mmoa ho animdefo hɔ afotu wɔ ɔkwan a wɔbɛfa so ama wɔn mmoa anya apɔwmuden ho.
The elders use the money to pay their medical bills.,Mpanimfoɔ no de saa sika no tua wɔn ayarehwɛ ho aka
The food donated during the pandemic lockdown was of poor quality.,"Aduane a wɔkyekyɛɛ no berɛ a aban ahyɛ sɛ obiara mpue no, na ɛnyɛ papa biara saa."
Death leaves a headache no one can heal.,Owu gyaw tiyɛ a obiara ntumi nsa.
The Bible emphasizes that those who don't work will not eat.,Bible si so dua sɛ wɔn a wɔnyɛ adwuma no rendidi.
Children performance reports will be given at the end of the term.,Wɔde mmofra adwumayɛ ho amanneɛbɔ bɛma wɔ afe no awiei.
This year's counting of people was difficult due to the pandemic.,Afei yi nipakan no yɛɛ den ɛsiane yareɛ kɔdiawuo no nti.
The boys started laughing at me and I fert ashamed.,Mmarimaa no fii ase serewee me na m’ani wui.
Parents have no money to send children to school.,Awofoɔ nni sika biara a wɔde wɔn mma bɛkɔ sukuu.
The police rescued the suspect from angry villagers.,Polisifo gyee nea wosusuw sɛ ɔyɛ ɔbarima no fii akuraa asefo a wɔn bo afuw nsam.
Teachers are given a guiderine on how to register on the Online Teacher Management Information System.,Wɔma akyerɛkyerɛfoɔ akwankyerɛ wɔ sɛdeɛ wɔbɛkyerɛw wɔn din wɔ Online Teacher Management Information System no so.
The electoral commission has released dates for presidential elections,Asoeɛ a ɛhwɛ abatoɔ soɔ no de ɛda a wɔbɛto ɔmampanin aba no abɛto dwa
Private hospitals are usually expensive for some patients to afford.,ankorankoro ayaresabea ahorow no bo yɛ den ma ayarefo binom sɛ wobetumi atua.
People get better farming skills from the annual agricultural shows.,Nkorɔfo nya kuayɛ ho nimdeɛ a papa firi afe kuayɛ ho ɔyɛkyerɛ no mu.
People below eighteen years are not allowed to access video halls.,Wɔmma nkorɔfoɔ a wɔnnii mfeɛ dunwɔtwe sɛ wɔnkɔ sinihwɛbea.
electoral reports are usually available for the general public.,abatoɔ ho amanneɛbɔ mpɛn pii no ɔmanfo tumi hu mu.
Husbands need to be there for their wives.,Ɛsɛ sɛ okununom wɔ hɔ ma wɔn yerenom.
Plans are drawing showing the technical details of the building.,Nhyehyɛeɛ ahodoɔ reyɛ mfonini a ɛkyerɛ ɔdan no ho mfiridwuma ho nsɛm.
How does a company benefit from an employee study leave?,Ɔkwan bɛn so na adwumakuw bi nya mfaso fi adwumayɛfo adesua akwamma mu?
"Coffee growing has sustained the lives of many people in Ghana, nevertheless, it is one of the cash crops grown in Ghana.","Kafe a wodua no ama nnipa bebree asetena akɔ so wɔ Ghana, ne nyinaa mu no, ɛyɛ sika nnɔbae a wodua wɔ Ghana no mu biako."
It's a good practice to employ people in the community if you have a business.,Ɛyɛ adeyɛ pa sɛ wobɛfa nnipa a wɔwɔ mpɔtam hɔ adwuma  berɛ a wowɔ adwuma bi no.
Health workers are strict on pregnant women who don't go with their husbands.,Akwahosan adwumayɛfo yɛ katee wɔ mmea a wɔyem a wɔne wɔn kununom nkɔ no ho.
Her understanding nature allowed her to empathize with others and offer valuable support.,Ntease su a na ɔwɔ no ma onyaa tema maa afoforo na ɔde mmoa a ɛsom bo mae.
Is it cheaper to get your health insurance through your employer?,So ne boɔ nyɛ den sɛ wobɛfa w’adwumawura so anya w’apɔmuden ho insurance?
The most valuable asset now days is land.,Agyapadeɛ baako a mfasoɔ wɔ mu ɛnnɛ yi ne asase.
People should engage in business and improve their standards of living.,Ɛsɛ sɛ nkorɔfoɔ de wɔn ho hyɛ nnwuma mu de ama wɔn abrabɔ gyinabea kɔ anim.
People should avoid crossing the river at night.,Ɛsɛ sɛ nkorɔfoɔ kwati sɛ wɔtwa nsutene anadwo.
The new church building will have a good view at the top of the hill.,Asɔredan foforo no bɛma woatumi ahu ade yie wɔ koko no atifi.
Many people are recovering from malaria ever since new drugs were introduced.,Nnipa pii renya ahoɔden afi atiridii mu fi bere a wɔde nnuro foforɔ bae no.
The Advanced level performance has improved very much this year most especially with students in the Universal Education.,Advanced level adwumayɛ no anya nkɔsoɔ kɛseɛ afe yi titire wɔ asuafoɔ a wɔwɔ Amansan Nhomasua mu.
To get a job you need to have passed an interview first.,"Nea ɛbɛyɛ na woanya adwuma no, ɛsɛ sɛ wodikan nya akwannya ma wɔtoto w'ano."
The police used the tracking system to trace the stolen phone.,Polisifo no de tracking system no dii dwuma de hwehwɛɛ telefon a wowiae no.
Farmers are encouraged to use fertilizers when the soil is poor.,Wɔhyɛ akuafo nkuran sɛ wɔmfa ɔyɛ-asase-yiye nni dwuma bere a asase no nyɛ yiye no.
Some people cut down trees to start a charcoal business.,Nnipa binom twitwa nnua de fi bidie adwuma ase.
"For a doctor to serve well , he needs to be well paid.","Sɛ oduruyɛfo bi bɛsom yiye a, ɛsɛ sɛ wotua no ka yiye."
There will be a disability sports gala next week at the school fierd.,Wɔbɛyɛ wɔn a wɔadi dɛm agokansie nnawɔ a ɛreba no mu wɔ sukuu prama no so.
There is an outbreak of hemorrhagic fever in countries neighbouring Ghana.,Mmogyatɔ huraeɛ agye ntrɛha wɔ aman a wɔbenbɛn Ghana.
It's only the pope who appoints bishops in all countries.,Ɛyɛ pope nko ara na ɔpaw asɔfopɔn wɔ aman nyinaa so.
Mothers are discouraged about postnatal care because no medical checkup is done hence they think postnatal care services are irrelevant.,Ɛnanom abam bu wɔ awo akyi hwɛ ho efisɛ wɔnyɛ aduruyɛ mu nhwehwɛmu biara enti wosusuw sɛ awo akyi hwɛ ho nnwuma ho nhia.
What causes some projects to fail in some areas and succeed in other areas?,Deɛn na ɛma dwumadie binom gye gu wɔ mmeaeɛ binom na ɛtumi gyina wɔ mmeaeɛ afoforɔ?
Government will invest in early childhood education in the next financial year.,Aban no de sika behyɛ mmofra mmofra ntetee mu wɔ afe a edi yɛ anim.
Large scale farmers use tractors in clearing their land.,Akuafoɔ akɛseɛ de trakta di dwuma wɔ wɔn asase a wɔdɔ mu.
"Farmers should keep their animals in simple houses and also grows mangoes, apples, avocado, and cocoa.","Ɛsɛ sɛ akuafo de yen wɔn mmoa no adan a ɛnyɛ kyɛnkyerɛkyɛnn, na wɔsan nso dua mango, aduaba, avocado, ne cocoa."
The church all over the world celebrate s some important days annually.,Asɔre a ɛwɔ wiase nyinaa di s nna a ɛho hia bi afe biara.
The nearby districts are ready to combat African swine fever.,Mansini ahodoɔ a wɔbenbɛn no ayɛ ahoboa sɛ wɔbɛboa ama Abibiman atu atiridii ase.
The society should be engaged in curbing COVID-19.,Ɛsɛ sɛ ɔmanfo de wɔn ho hyɛ COVID-19 ano aduru mu.
"Is it healthy for vendors to sleep in the market? Considerations should be made for the well-being and safety of vendors, including providing suitable accommodation outside the market premises.","So ɛyɛ papa sɛ adetɔnfoɔ bɛda dwa so? Ɛsɛ sɛ wɔsusu adetɔnfoɔ yi yedie ne ahobammɔ ho, a da berɛ a ɛfata a wɔbɛma wɔ dwa no akyi ka ho."
An appeal can be made by a Christian who has been excommunicated.,Kristoni bi a wɔatu no afi asɔre no mu betumi de asɛm no akɔdan asɛnnibea.
"His brother killed him, tragically ending his life.","Ne nuabarima kum no, na ɔde n’asetra baa awiei wɔ awerɛhow mu"
In football no matter how many goals you score if you win you get three points.,Wɔ bɔɔlbɔ mu ɛmfa ho ne dodow a wobɛhyɛ  sɛ wudi nkonim a wunya nkontimmaa abiɛsa.
The key note of this exercise is to publish the research findings.,Adeɛ ɛsi saa dwumadie yi anim ara ne sɛ yɛbɛtintim nsɛm a yɛbɛnya afiri nhwehwɛmu no mu no de ato dwa ama obiara ahunu.
A medical worker was arrested for selling expired drugs to people.,Wɔkyeree ɔduruyɛfoɔ bi sɛ ɔtɔn nnuru a ne bere atwam ma nkurɔfo.
The farmers of Northern Ghana will benefit from commercializing agriculture.,Akuafoɔ a wɔwɔ Ghana Atifi fam no bɛnya kuadwuma a wɔyɛ pɛ sika no so mfasoɔ pa ara
People who have died serving their country should be buried as heroes.,Ɛsɛ sɛ wɔsie nnipa a wɔawuwu na wɔsom wɔn man no sɛ abran.
Roadblocks create tension hence are not necessary for crime prevention.,akwan a wɔasiw de nhyɛso ba enti ɛho nhia na wɔde asiw nsɛmmɔnedi ano.
Resources are allocated to areas considered to be beneficial.,Wɔkyekyɛ nneɛma mu ma mmeae a wobu no sɛ mfaso wɔ so.
It is costly to construct all roads in the parish.,Ɛyɛ ka sɛ wɔbɛyɛ akwan a ɛwɔ parish no mu nyinaa.
Many voters decided to vote at the police polling station.,Nnipa pii a wɔto aba sii gyinae sɛ wɔbɛto aba wɔ polisifo abatoɔbea hɔ.
The government allocates income basing on how policies are formulated and implemented.,Aban no gyina sɛdeɛ wɔyɛ ntotoeɛ na wɔde di dwuma no so na ɔkyerɛ mfasoɔ a ɛsɛ sɛ wɔnya
Some refugees were arrested after engaging in unlawful activities.,Wɔkyeree aguanfo binom bere a wɔde wɔn ho hyɛɛ nneɛma a mmara mma ho kwan mu akyi.
The district should provide people with food to eat.,Ɛsɛ sɛ mansini no no boa ma nkurɔfoɔ nya nnuane di
The idea of giving priests gloves is unpopular among the people.,Ɔmanfoɔ no nnim adeɛ a wɔhyɛ de kata wɔn nsa ho no.
Investors will fund in areas which are in peace.,Sikakorafoɔ bɛtua sika wɔ mmeaeɛ a asomdwoeɛ wɔ mu.
Adwoa added that elders can guide youths on how well funds can be used .,adwoa de kaa ho sɛ mpaninfoɔ bɛtumi akyerɛ mmabun kwan wɔ sɛdeɛ wɔbɛtumi de sika adi dwuma yie.
Small villages can solve famine and drought issues by activery planting more trees.,Nkuraase nketewa betumi adi ɔkɔm ne ɔpɛ ho nsɛm ho dwuma denam nnua pii a wɔde nsiyɛ bedua so.
Candidates are briefed on what is required during the national examinations.,Wɔka nea wɔhwehwɛ wɔ ɔman no sɔhwɛ ahorow no mu ho asɛm tiawa kyerɛ wɔn a wɔpɛ sɛ wɔyɛ abatow no.
Drunkards usually go to bars on Friday nights.,"Mpɛn pii no, asabofo kɔ nsãdan mu Fida anadwo."
The judge asked for my opinion about the land.,Ɔtɛmmuafoɔ no bisaa m'adwenkyerɛ wɔ asase no ho.
I think every organisation must have set objectives.,Misusuw sɛ ɛbɛyɛ sɛ ekuo biara de botae ahorow sii hɔ.
The government has completely failed to extend support to its own people.,Aban no adi ntwo koraa sɛ ɔbɛboa ɔno ara ne manfoɔ
"In case of an emergency, an ambulance is the fastest means of transport to use.","Sɛ tebea a egye ntɛmpɛ si a, ambulance ne ɔkwan a ɛkɔ ntɛmntɛm sen ade biara a wobetumi de adi dwuma."
Most women don't want to hurt their children.,Mmea dodow no ara mpɛ sɛ wopira wɔn mma.
More training will be done to mitigate district challenges.,Wɔbɛyɛ ntetee pii de abrɛ ɔmantam nsɛnnennen ase.
Some public means are used in committing the crime.,"Wohui sɛ adwuma no akannifoɔ binom a wɔde wɔn ho hyɛɛ adansi adwuma mu no sɛee sika a wɔde ama no, na wodii atoro kae sɛ wɔde sika a wɔde di dwuma wɔ telefon so na ɛde sika no kɔmaa wɔn."
Patients do not have peace in health centres.,Ayarefoɔ nni asomdwoeɛ wɔ ayarehwɛ mmeaeɛ.
Experts say this is especially bad because a strong middle class in Central Region lifts the whole country.,Animdefo ka sɛ eyi yɛ bɔne titiriw efisɛ nnipa a wɔdɔɔso wɔ Mfimfini mantam mu no ma ɔman mũ no nyinaa nya nkɔso.
"The medical stores buys, stores and distributes drugs to health centers.","Aduruyɛ sotɔɔ ahodoɔ no tɔ nnuru, sie na wɔkyekyɛ ma apɔmuden asoɛe ahodoɔ no."
People from poor backgrounds tend to be more serious with academics,Nnipa a wɔfiri ahiafoɔ fie no bɔ mmɔden wɔ adesua mu.
Internal battles amongst religious groups are highly unacceptable.,Nkodiɛ a ɛkɔ so wɔ nyamesom akuo ahodoɔ ntam no yɛ deɛ wontumi nnye ntom koraa.
The Ghanaian government has set next year as the date to begin construction.,Ghana aban de afe a edi hɔ no asi hɔ sɛ da a wɔde befi ase asi.
Fishermen were told to register at the district offices.,Wɔka kyerɛɛ afarifoɔ no sɛ wɔnkɔkyerɛw wɔn din wɔ ɔmantam dwumadibea
They were Twi-speaking Akan Group. It was founded sometime around the eleventh century.,Na wɔyɛ Akanfoɔ kuo a wɔka Twi. Wɔtee no bɛyɛ afeha a ɛtɔ so dubaako no mu hɔ baabi.
Some pastoralists stayed because they wanted to know the intentions for their land.,Mmoahwɛfo binom traa hɔ esiane sɛ na wɔpɛ sɛ wohu adwene a ɛwɔ hɔ ma wɔn asase no nti.
Members of the ruling party too should follow the law.,Ɛsɛ sɛ kuo a edi tumi no mufoɔ nso di mmara no akyi.
Sex education among children is a very sensitive issue.,nna ho nkyerɛkyerɛ a wɔde kyerɛkyerɛ mmofra mu no yɛ asɛm a ɛyɛ nkate kɛse.
The government has encouraged infrastructural development in the area.,Aban no ahyɛ nkuran sɛ ɛsɛ sɛ wɔsisi adan bebree wɔ saa beaeɛ hɔ
Teachers should be effective in providing education services.,Ɛsɛ sɛ akyerɛkyerɛfo tu mpɔn wɔ nhomasua ho nnwuma a wɔde ma mu.
One of our friends ate poisonous food and died.,Yɛn nnamfonom mu biako dii aduan a awuduru wom na owui.
People have to work hard in order to be successful.,Ɛsɛ sɛ nnipa yɛ adwuma sɛdeɛ ɛbɛyɛ a wɔbɛdi yie.
Am waiting for blood culture test results from the laboratory.,Meretwɛn mogya amammerɛ nhwehwɛmu no aba efiri mogya nhwehweɛm bea hɔ.
The water sources were fenced to protect them from animals.,Ná wɔabɔ nsu a ɛwɔ hɔ no ho ban de abɔ wɔn ho ban afi mmoa ho.
Ashaiman Municipal Assembly hosted the national event because it had the most cholera outbreaks.,Ashaiman Kuropɔn Nhyiam na ɛyɛɛ ɔman no dwumadi no efisɛ ɛhɔ na kɔlera kaa afofor kɛse.
Some schools don't have teaching and learning materials.,Sukuu ahodoɔ bi nni nneɛma a wɔde kyerɛkyerɛ ne adesua.
Politicians will not be allowed to make rallies,wɔremma amammuifo kwan mma wɔnyɛ nhyiam ahorow
There is a specific amount of money we are supposed to pay every month.,Sika pɔtee bi wɔ hɔ a ɛsɛ sɛ yɛtua no bosome biara.
A small claim in court should not exceed one hundred thousand Ghana cedis.,Ɛnsɛ sɛ asɛm ketewa bi a wɔde bɛkɔ asɛnnibea no boro Ghana cedis mpem ɔha.
This act marks the cordial relationship between a daughter-in-law and mother-in-law.,Saa nneyɔeɛ no hyɛ agyinahyɛdeɛ ayɔnkofa a ɛmu yɛden a ɛda asew ne asew ntam.
The infiltration of western culture has brought about cultural degradation.,Aborɔfo amammerɛ a yɛde abɛfra yɛn deɛ no ama yɛn amammerɛ no asɛe.
The medical profession is a call from God to save peoples lives.,Aduruyɛ adwuma no yɛ ɔfrɛ a ɛfiri Onyankopɔn hɔ de gye nnipa nkwa.
The district carried out a massive community sensitization to reduce gender-based violence and enhance agricultural production.,Ɔmantam no yɛɛ mpɔtam hɔfo nkate kɛse bi de tew basabasayɛ a egyina mmarima ne mmea so so na wɔmaa kuayɛ mu nneɛma a wɔyɛ no yɛɛ kɛse.
The closure of schools and health centres leaves girls increasingly vulnerable.,Sukuu ne akwahosan asoɛe ahorow a wɔato mu no ma mmeawa yɛ mmerɛw kɛse.
The universal primary education policy is not entirery free.,Amansan mfitiase sukuu ho nhyehyɛe no nyɛ nea wontua hwee koraa.
This matter should be handled sensitivery such that the families are compensated.,Ɛsɛ wɔde ahummɔborɔ di asɛm yɛ sɛdeɛ ɛbɛyɛ wɔbɛtumi agye sika bi de apata mmusua no.
The ordinary Ashanti wore cotton whiles slaves dressed in black cloth.,Ná Ashanti mpapahwekwa no hyɛ kotoku bere a na nkoa hyɛ ntama tuntum no.
The future of the girl child is vital to the nation.,Mmaayewa daakye ho hia ɔman no yie pa ara.
They had the permission from authorities allowing them to cut the trees.,Wɔnyaa akwannya firii mpanimfoɔ no hɔ a na ɛma wɔtumi twa nnua.
She has vowed to work very hard on the new water project.,waka ntam sɛ ɔbɛyɛ adwumaden kɛse wɔ nsu ho adwuma foforo no mu.
Birth certificates are issued to parents after child birth.,Wɔde awo ho adansedi nkrataa ma awofo bere a wɔawo abofra akyi.
"Following a dispute with Adjetey people, the Nai Wulomo clan members have lost their land .","Esiane sɛ wɔne Adjetey foɔ nyaa akasakasa nti, Nai Wulomo abusua ahwere wɔn asase"
My aunt was promoted to the position of senior doctor of the hospital.,Wɔmaa me maame nuabea dibea sɛ ayaresabea no oduruyɛfo panyin.
"She never leaves her baby behind when going somewhere, prioritizing the safety and well-being of her child.","Onnyaa ne ba no da bere a ɔrekɔ baabi no, na ɔde ne ba no ahobammɔ ne ne yiedi di kan."
Children in schools have been vaccinated against Measles-Ruberla and Polio,Wɔabɔ mmofra a wɔwɔ sukuu ahorow mu aduru a wɔde ko tia Akisikuru-Ruberla ne Polio
Educated people are more successful than the uneducated.,Nnipa a wɔasua ade di yiye sen wɔn a wonsuaa ade.
Newlyweds need to enrol for life insurance to plan for their family.,Ɛsɛ sɛ awarefo foforo kyerɛw wɔn din wɔ nkwa honsiakyibaa mu na wɔatumi ayɛ nhyehyɛe ama wɔn abusua.
Her leg was broken and his leg was fractured during the car accident.,Ne nan bubui na ne nan mu bubui bere a kar akwanhyia no rekɔ so no.
I took over the family poultry business from my father.,Migyee abusua no nkokɔ ho adwuma no fii me papa nsam.
The district has sensitized people to create food reserves in their homes.,Ɔmantam no ama nkurɔfo ate nka sɛ wɔnyɛ aduan a wɔde besie wɔ wɔn afie mu.
I will give you strategies to improve your grades,Mɛma wo akwan horow a wobɛfa so ama wo abasobɔde atu mpɔn.
The increasing number of refugees have reduced the space for sherter.,Atubrafoɔ a wɔn dodoɔ rekɔ soro no ama daberɛ ayɛ ketewa bi.
Taking the law into their hands has become a common practice.,Mmara a wɔde bɛhyɛ wɔn nsa no abɛyɛ adeyɛ a abu so.
Fresh entrants into nursing are invited with emphasizes in having passed the essential subjects,Wɔto nsa frɛ wɔn a wɔaba foforo wɔ ayaresabea no mu a wɔhyɛ wɔn nkuran sɛ wɔnfa adesua atitiriw no
Experts say that artificial fertilizers are not good.,Animdefo ka sɛ nnuru a wɔde yɛ aduannuru no nyɛ papa.
The aspirants fought in the midst of the voters.,Wɔn a wɔpɛ sɛ wɔtow aba no koe wɔ wɔn a wɔtow aba no mfinimfini.
The returning officer has the power to declare the candidate winner.,Ɔfisa no a ɔresane aba no wɔ tumi sɛ ɔka onipa a wadi nkonim no.
"Looting and trespassing are punishable by law, and we should restrain from it.","Asotwe wɔ mmara mu ma fow a wɔfow nneɛma ne bu a wɔbu mmara so, na ɛsɛ sɛ yɛtwe yɛn ho firi ho."
The poor performance in schools is because of absent teachers.,Adwumayɛ a ɛnkɔ yiye wɔ sukuu ahorow mu no fi akyerɛkyerɛfo a wonni hɔ.
The electoral victory of the CCP in 1951 ushered in five years of power-sharing with the British.,Abatoɔ mu nkunim a CPP dii no afe 1951 mu no kɔwuraa mfeɛ nnum a yɛne Engresifoɔ no kyɛɛ tumidie.
Some diseases arise as a result of having sexual intercourse with an infected person.,Nyarewa bi sɔre esiane sɛ wɔne obi a ɔyare no da mu nti.
The water used to be contaminated by sewage from the nearby toilet.,"Kan no, na nsu fĩ a efi tiafi a ɛbɛn hɔ no mu gu fĩ."
The drugs used for leprosy are imported from Europe.,Wɔkra aduro a wɔde sa kwata no firi Europe
The game reserve no longer attracts tourists because it has no white rhinos.,Nnipa nkɔ mmoa atenaeɛ hɔ nsrahwɛ bio ɛfiri sɛ wɔnni asusono bio
Buyers are concerned about the quality of the products.,Adetɔfoɔ dwen sɛnea nneɛma no yɛ papa ho.
Political candidates must campaign among their potential voters.,Ɛsɛ sɛ amammuifoɔ a wɔpɛ sɛ wɔto aba no yɛ ɔsatu wɔ wɔn a wobetumi ato aba no mu.
The committee requested that investigations start as soon as possible.,Boayikuw no srɛɛ sɛ wonfi nhwehwɛmu ase ntɛm ara sɛnea wobetumi.
Some cattle keepers move from one place to another looking for grass and water.,Anantwihwɛfo binom tu fi baabi kɔ baabi foforo kɔhwehwɛ sare ne nsu.
The students lack the capital to establish their own businesses.,Asuafo no nni ahenkurow a wɔde besi wɔn ankasa nnwuma.
The chairman said investigations about the cause of the fire were still ongoing.,Oguamtrani no kae sɛ nhwehwɛmu da so ara wɔ nea ɛde ogya no bae no ho.
Reusable pads are cheaper compared to other sanitary pads.,Pads a wotumi de di dwuma bio no bo yɛ mmerɛw sɛ wɔde toto sanitary pads afoforo ho a.
The headteacher was sacked over alleged involvement in the last week strike.,Wɔyii sukuupanin no adi ɛsiane atuateɛ a ɛkɔɔ si nnawɔtwe a ɛtwaa mu no nti
Chairmen are working hand in hand with the people to set up toilets.,Aguamtrani ne nkurɔfo no reyɛ adwuma de asisi tiafi.
The officials warned people from diverting the relief aid.,Aban mpanyimfo no bɔɔ nkurɔfo kɔkɔ sɛ ɛnsɛ sɛ wɔdannan mmoa a wɔde ma no.
"In school today, we were asked to write a letter to the MP of our constituency to discuss the causes of teenage pregnancy in our constituency, and to suggest ways to mitigate it.","Wɔ sukuu mu nnɛ no, wɔka kyerɛɛ yɛn sɛ yɛnkyerɛw krataa nkɔma yɛn mansin mu MP no mfa nsusuw nea ɛde mmabun nyinsɛn ba wɔ yɛn mansini mu no ho, na yɛnkyerɛ akwan a yɛbɛfa so abrɛ ase."
The district wants to find out why the girls are dropping out of school.,Mansini no pɛ sɛ ɛhunu deɛ nti a mmaa no regyae sukuu.
The reduction in interest rates excited the farmers.,Mfaso a wɔtew so no maa akuafo no ani gyei.
Many contacts were diagnosed with COVID-19 in October.,Wɔhunuu sɛ nnipa pii a wɔne wɔn dii nkitaho no anya COVID-19 wɔ Ahinime mu.
People should eat well to avoid malnutrition.,Ɛsɛ nnipa didi yie na wɔakwati sɛ wɔbɛtorope.
Parents should provide for their children to discourage temptations.,Ɛsɛ sɛ awofoɔ ma wɔn mma deɛ wɔhia na wɔankɔtɔ nsɔhwɛ mu.
Investigations about the cause of the fire are still ongoing.,Nhwehwɛmu a ɛfa deɛ ɛde ogya no baeɛ ho da so ara kɔ so.
Leaders are urging the people in the community to sleep under mosquito nets.,Akannifoɔ rehyɛ nnipa a wɔwɔ mpɔtam hɔ no nkuran sɛ wɔnda ntontonnan ase.
Residents joined the police in carrying out investigations.,ɛhɔfo bɛkaa polisifo ho ma wɔyɛɛ nhwehwɛmu.
Sensitization programs for pregnant mothers should be revised.,ɛsɛ sɛ wɔyɛ nsakrae wɔ nhyehyɛe ahodoɔ a wɔde ma ɛnanom a wɔn anyinsɛn.
Many mothers die because of blood loss before and after delivery.,Ɛnanom pii wuwu esiane mogya a wɔhwere ansa na wɔawo ne bere a wɔawo akyi nti.
Organisations are very significant in creating a consensus in advancing countries,Ahyehyɛde ahorow ho hia yiye wɔ adwene a wɔma ɛyɛ biako wɔ aman a afei na wɔrenya nkɔso mu no mu
To develop an area very sector in the government has to get involved.,"Deɛ ɛbɛyɛ na wɔatumi ama beaeɛ bi atu mpɔn no, ɛsɛ sɛ aban asoeɛ biara de ne ho hyɛ mu bi."
The officials should provide necessary information to the people to combat the disease.,Ɛsɛ sɛ mpanyimfo no de nsɛm a ɛho hia ma nkurɔfo no na wɔde ako atia yare no.
The Public Accounts Committe chairperson said she intentionally refused to show up when summoned.,Ɔmanfo Akontaabu Boayikuw no guamtrani kae sɛ ɔhyɛɛ da powee sɛ ɔbɛba bere a wɔfrɛɛ no no.
I planted water meron seeds in my garden.,Miduaa wɔtamelɔ aba wɔ me turo mu.
Some diseases spread from one person to another.,Nyarewa bi trɛw fi onipa biako so kɔ foforo so.
"The youths are gaining from the little rain and from pushing vehicles, is daily income.","Mmabun no renya mfaso afi osu kakraa bi a ɛtɔ ne kar a wɔpia mu no mu, ne sika a wonya da biara da."
The expectant mothers rushed out of the hospital in fear of Ebola.,"Apemfoɔ a na wɔwɔ ayaresabea hɔ no de Ebola ho hu dwane firii ayaresabea hɔ,"
The technology can be used to empower people in villages.,Wobetumi de mfiridwuma no adi dwuma de ama nnipa a wɔwɔ nkuraa ase tumi.
No one knows the cause of her death.,Obiara nnim nea ɛde ne wu bae.
My advice to you is that you should always study diligently to prepare for any upcoming exam.,M’afotu a mede ma wo ne sɛ ɛsɛ sɛ wode nsi sua ade bere nyinaa na ama woasiesie wo ho ama sɔhwɛ biara a ɛreba.
Many political leaders have come out to help Ghanaians during the coronavirus period.,Amammui akannifoɔ bebree apue sɛ wɔrebɛboa Ghanafoɔ wɔ corona nsanyareɛ berɛ no mu.
The seeds are majorly for cultivation since money can be earned from harvests.,Aba no yɛ ma titire sɛ wɔbɛdua ɛfiri sɛ yɛbɛtumi anya sika afiri ne twa mu.
Children should be well fed in their first one thousand days.,Ɛsɛ sɛ wɔma mmofra aduan pa wɔ wɔn nna apem a edi kan no mu.
Students are admitted to institutions and schools every year.,Wɔgye asuafoɔ kɔ asoɛeɛ ne sukuu ahodoɔ mu afe biara.
"The medical stores buys, stores and distributes drugs to health centers.","Nnuro sotɔɔ ahodoɔ no wɔtotɔ, wɔsie na wɔsane nso kyekyɛ nnuro de ma ayaresabea ahodoɔ no."
The market for agricultural products is available within and outside the country.,Ɛdwa ma kuayɛ nnuane wɔ ɔman no mu ne akyire.
"Through the implementation of a specific program, access to basic needs for refugees will be enhanced. However, the region faces stiff competition for limited resources.","Yɛnam dwumadie sononko bi a yɛbɛhyehyɛ so, bɛma atubrafoɔ anya nneɛma titire binom a wɔbɛhia. Nanso mantam no hyia akasie a ɛmu yɛ den ɛsiane akadeɛ a wɔnni nti."
"In regret for her mistake, she begged for the arrest of children defaulting school .","Esiane sɛ onu ne ho wɔ ne mfomso no ho nti, ɔsrɛɛ sɛ wɔnkyere mmofra a wontumi nkɔ sukuu ."
The postmortem report shows that he died of hepatitis B.,Amanneɛbɔ a wɔde mae wɔ owu akyi no kyerɛ sɛ hepatitis B na owui.
Candidates have been urged to follow the healthy guiderines on the pandemic.,Wɔahyɛ wɔn a wɔpɛ sɛ wɔpaw wɔn no sɛ wonni akwankyerɛ a ɛfata a ɛfa ɔyaredɔm no ho no akyi.
"I'm personally devastated, I've lost a father, I've lost a friend, I've lost a mentor and a senior comrade. Ghana is united in grief at this time for our departed president.","M’ankasa me werɛ ahow, mahwere agya, mahwere adamfo, mahwere ɔfotufo ne ɔyɔnko panyin. Ghana ayɛ biako wɔ awerɛhow mu wɔ saa bere yi mu ama yɛn ɔmampanyin a wawu no."
Some people do things for their personal gain.,Nnipa binom yɛ nneɛma de hwehwɛ wɔn ankasa mfaso.
Children should report to the authority in case they are denied education.,Ɛsɛ sɛ mmofra bɔ aban no amanneɛ sɛ ebia wɔmma wɔn nhomasua a
"Also known as hypertension, this condition is particularly troublesome for Africans.","Wɔsan frɛ saa tebea yi sɛ mogya mmoroso, na ɛhaw Afrikafo titiriw."
The headteacher was very disappointed with the students.,Sukuupanin no dii asuafoɔ no ho yaw
The public is advised to fight for children's rights.,Wɔhyɛ ɔmanfo fo sɛ wɔnko mma hokwan a mmofra wɔ.
Police are investigating the cause of his death.,Polisifoɔ reyɛ nea ɛde ne wu bae no mu nhwehwɛmu.
Leaders are to be blamed for the bad roads.,Ɛsɛ sɛ wɔde akwan bɔne no ho asodie to akannifoɔ so.
The ministry of local government should solve disputes at the local government level.,Asoeɛ a ɛhwɛ nkuro nkumaa amanmuo nsɛm so no ɛsɛ sɛ wɔhwɛ siesie ntawantawa ahodoɔ a ɛkɔ so wɔ nkuro nkumaa mu no
Do you know how to operate these machines?,So wunim sɛnea wɔde mfiri yi di dwuma?
The church building has been painted yellow and white all over.,Wɔde kɔla kɔkɔɔ ne fitaa ayɛ asɔredan no nyinaa.
I am rerocating my business to another town.,Mede m’adwuma no rekɔ kurow foforo so.
Those admitted to the hospital are usually individuals who are unwell and require medical care and attention.,Wɔn a wɔagye wɔn ato ayaresabea hɔ no yɛ nnipa a wɔn ho mfa wɔn na wɔhia ayaresa ne bammɔ.
Police should rerease reports on the recent killings of public figures.,Ɛsɛ sɛ polisifoɔ san san de amanneɛbɔ ahodoɔ a ɛfa ɔmanfoɔ a wokunkum wɔn nnansa yi ho no bio
Change of school heads distorts the learning of the child.,Sukuu ti a wɔsakra no kyinkyim abofra no adesua.
The health ministry regularly provides coronavirus updates,Asoeɛ a Ɛhwɛ Apɔmuden ho nsɛm so no de korona yareɛ no ho amanebɔ bɛto ɔmanfoɔ no anim berɛ ano berɛ ano
The average Ghanaian is directly affected by the government's economic policies.,"Sɛ wɔkyekyem pɛpɛɛpɛ a, Ghanani biara nya aban no sikasɛm nhyehyɛe so nkɛntɛnso tẽẽ."
People embrace things which are beneficial to them.,Nkorɔfoɔ fa nnoɔma a ɛboa wɔn no.
Some refugees cannot attend the workshop because many have fallen sick this month.,Adwuanefoɔ binom ntumi nkɔ adwumayɛbea hɔ efisɛ pii ayare ɔsram yi.
Surveillance and prompt reporting allow for containing cholera epidemics rapidly.,Nhwehwɛmu a wɔyɛ ne amanneɛbɔ a wɔde ma ntɛm no ma wotumi siw kɔlera ɔyaredɔm ano ntɛmntɛm.
Leaders and politicians at the district are incompetent.,Akannifoɔ ne amammuifoɔ a wɔwɔ ɔmantam no mu no nni ahokokwa.
Health facilities need to be improved during this fight against coronavirus .,Ɛsɛ sɛ wɔma akwahosan ho nhyehyɛe tu mpɔn wɔ saa ɔko a wɔko tia coronavirus yi mu .
Husbands have a problem of taking their wives to hospitals during labour pains.,Okununom wɔ ɔhaw bi a ɛne sɛ wɔde wɔn yerenom bɛkɔ ayaresabea wɔ awo mu yaw mu.
Construction of secondary schools in our village is at a standstill.,Ntoaso sukuu ahorow a wɔresi wɔ yɛn akuraa ase no agyina.
The new curriculum is intended to strengthen the teacher-student relationship.,Adesua nhyehyɛe foforo no atirimpɔw ne sɛ ɛbɛhyɛ ɔkyerɛkyerɛfo ne osuani ntam abusuabɔ mu den.
Rebels are charged with treason when they are arrested.,wɔbɔ atuatewfo sobo sɛ wɔadi ɔman anidan bere a wɔkyere wɔn no.
New COVID-19 cases are reported on a daily basis.,Wɔbɔ amanneɛ sɛ obi anya COVID-19 foforo da biara da.
electricity supply has been extended to the rural areas of Ghana.,wɔde anyinam ahoɔden abrɛ Ghana nkuraase.
Investigations about the cause of his death are being done.,Wɔreyɛ nhwehwɛmu wɔ deɛ ɛde ne wu baeɛ no ho.
"He scored two goals, but his team lost the match.","Ɔbɔɔ bɔɔl abien, nanso ne kuw no dii nkogu wɔ akansi no mu."
"When suffering knocks at your door and you say there is no seat for him, he tells you not to worry because he has brought his own stool.","Sɛ amanehunu bɛbɔ wo pono mu na woka sɛ akonnwa biara nni hɔ ma no a, ɔka kyerɛ wo sɛ nha wo ho na ɔno ara de n'akonnwa aba."
Malaria campaigns are aimed at spreading the word on how to prevent malaria.,Atiridii ho ɔsatu ahodoɔ no atirimpɔw ne sɛ wɔbɛtrɛw sɛnea wobesiw atiridii ano no mu.
It's time for young people to take over leadership of this country,Bere aso sɛ mmabun bu ɔman yi.
Some young people don't know some cultural beriefs.,Mmabun binom nnim amammerɛ mu gyidi ahodoɔ bi.
It requires a lot of money to smoothly run the health sector and this year the money budgeted for the main hospital is very little.,Ɛgye sika pii na ama wɔatumi ayɛ apomuden adwuma no yie na afe yi sika a wɔayɛ ama ayaresabea kɛseɛ no sua koraa.
"Some men do not provide for their families, and they abandon girls after impregnating them.","Mmarima binom nhwɛ wɔn mmusua, na wogyaw mmeawa bere a wɔanyinsɛn wɔn akyi."
Try to keep you from leaving after a fight or leave you somewhere after a fight to “teach you a lesson”?,"Bɔ mmɔden sɛ ɛbɛsi wo kwan na woko ntɔkwa bi wie a woankɔ anaasɛ ɛde wo ɛbɛgya wo baabi berɛ a woako ntɔkwa bi awie sɛdeɛ ""ɛbɛkyerɛ wo nyansa""?"
The quarantine will help to stop the spread of the disease.,Nnipa a wɔayi wɔn afi nnipa mu no bɛboa ma wɔagyae yare no ntrɛwmu.
The army officers have promoted agricultural activities in the country.,Asraafo mpanyimfo no ahyɛ kuayɛ dwumadi ahorow ho nkuran wɔ ɔman no mu.
Sometimes children from viral infected families are treated badly.,"Ɛtɔ mmere bi a, wɔne mmofra a wofi mmusua a ɔyare mmoawa no wɔ wɔn mu no di wɔ ɔkwan a enye so."
"When properly treated, people with malaria can usually expect a complete recovery.","Sɛ wɔsɔ ano yie a, nnipa a wɔwɔ atiridii no bɛtumi ahwɛ anim sɛ wɔn ho bɛtɔ wɔn koraa."
The number of districts in Ghana has been increasing with time.,Amansin dodow a ɛwɔ Ghana no akɔ soro bere a bere kɔ so no.
People these days no longer use family planning.,Nnansa yi nkorɔfoɔ mfa awoɔ nhyehyɛeɛ nni dwuma bio.
The people have clean sources of water supply.,Nkurɔfo no wɔ nsu fibea ahorow a ɛho tew.
Safiyah has been admitted to the hospital for malaria.,Wɔde safiyah akɔ ayaresabea esiane madedia nti.
Make you feel like there is “no way out” of the relationship?,ɛma wote nka sɛ “ɔkwan biara nni hɔ a wobɛfa so afiri” abusuabɔ no mu?
The current budget has doubled from the one of last year in figures.,Mprempren sikasɛm nhyehyɛe no abu abɔ ho abien sen afe a etwaam de no wɔ akontaabu mu.
Public gatherings were banned during the coronavirus lockdown.,wɔbaraa ɔmanfoɔ nhyiamu wɔ coronavirus lockdown no mu.
The people have a high purchasing power which encourages business in the area.,Nnipa no wɔ adetɔ tumi a ɛkorɔn a ɛhyɛ adwumayɛ ho nkuran wɔ mpɔtam hɔ.
"I was congratulated upon winning the election, celebrating my victory.","Wɔmaa me akwaaba sɛ midii nkonim wɔ abatow no mu, de dii nkonim a midii no ho afahyɛ."
The efforts to eradicate malaria are underway headed by the Minister of Health,Mmɔden wɔrebɔ sɛ wɔbɛtu atiridii ase no gugu akwan mu na Ɔsoafoɔ a Ɔhwɛ Apɔmuden ho nsɛm so no na ɔdi anim.
Several Ghanaians are lifting the flag high each and everyday.,Ghanafo dodow bi rema frankaa no so akɔ soro biara ne da biara da.
Some challenges if not handled early they shall stay longer.,"Sɛ wɔanni nsɛnnennen bi ho dwuma ntɛm a, ɛbɛtra hɔ akyɛ."
"For every decision you make, you have to first consult your elders.","Sɛ woretu gyinae biara a, ɛsɛ sɛ susu asɛm neho kyerɛ mpanyimfo no kan."
The angry youth blamed the police for not helping out.,Aberante a ne bo afuw no de asodi no too polisifo so sɛ wɔammoa.
People should avoid corruption and should allocate funds properly.,Ɛsɛ sɛ nkorɔfoɔ kwati porɔyɛ na wɔkyekyɛ sika no yie.
People mark dates on a calendar for remembrance.,Nkorɔfoɔ hyɛ nna agyinahyɛdeɛ wɔ kalenda so de kae.
How many hills do we have in Ghana?,Nkoko dodow ahe na yɛwɔ wɔ Ghana?
People are reructant to sleep under mosquito nets.,Nkorɔfoɔ mpɛ sɛ wɔbɛda ntontom dan (nɛɛte) mu.
People with HIV are reminded to pick their medicine on time.,wɔkae nnipa a wɔwɔ HIV sɛ wɔntetew wɔn nnuru wɔ bere ano.
How to prepare and implement a disaster management plan?,Ɔkwan bɛn so na wobetumi asiesie atoyerɛnkyɛm ho nhyehyɛe na wɔde adi dwuma?
Security to protect people's lives and property should be involved.,ɛsɛ sɛ wɔde ahobammɔ a wɔde bɛbɔ nkurɔfo nkwa ne wɔn agyapade ho ban no ka ho.
We need to make sure there are no mosquito-infested areas near our homes.,Ɛsɛ sɛ yɛbɔ mmɔden sɛ mmeaeɛ a ntontom abu so wɔ hɔ biara mmɛn baabi a yɛte.
A veteran is a person who has had long experience in a particular fierd.,Veteran ne nipa a wanya suahunu bebree wɔ dwumadie potee bi ho.
"We wrote a long shopping list, preparing for our upcoming shopping trip.","Yɛtwerɛɛ nneɛma tenten a na yɛrekɔtotɔ, yɛresiesie yɛn ho ama adwadie akwantuo a na ɛda yɛn anim no."
She held the fourth position in the singing competition.,onyaa dibea a ɛto so anan wɔ nnwom akansi no mu.
The government leased fifty hectares of land to the Chinese for development .,Aban no de nsase hɛkta aduonum ama Chinafoɔ sɛ wɔmfa nyɛ mpuntudwuma
"What is your school fees balance, asking about the outstanding amount of school fees due.","Wo sukuu fiisi sɛn na aka, asɛmmisa a ɛfa sika dodoɔ a ɛsɛ sɛ obi tua de sɔ ne sukuu fiisi ka so."
People do not have money to buy food from the market.,Nkorɔfoɔ nni sika a wɔde bɛtɔ aduane afiri dwam.
The councillors ignored one of the representative's calls.,Agyinatufo no buu wɔn ani guu ɔnanmusifo no frɛ biako so.
I do not have enough money to pay for my children's school fees this term.,Minni sika a ɛdɔɔso a mede betua me mma sukuu ka wɔ tɛm yi mu.
Civil servants are people employed by the government to work in the public sector.,Ɔman adwumayɛfo yɛ nnipa a aban no de wɔn yɛ adwuma sɛ wɔnyɛ adwuma wɔ ɔman adwumayɛbea
Football in this country started many years ago and it is the most followed sport in Ghana.,Bɔɔlbɔ wɔ ɔman yi mu fii ase mfe pii nie  ɛno ne agodie a nkurɔfo di akyi paa wɔ Ghana.
It's good for someone to contribute to the development of an area.,Ɛyɛ papa sɛ obi bɛboa  ama  beae bi atu mpɔn.
All people who neglected the standard operating procedures acquired the disease.,Nnipa a wobuu wɔn ani guu oprehyɛn a wɔtaa yɛ no so nyinaa nyaa yare no.
It is dangerous not to follow the laws.,ɛyɛ hu  sɛ worenni mmara no so.
It's the government's responsibility to construct schools to provide free education.,Ɛyɛ aban no asɛdeɛ sɛ wɔbɛsi sukuu ahodoɔ de ama nwomasua a wɔmfa hwee nto mu.
Many couples always seek guidance from counsellors when having misunderstandings.,Awarefoɔ pii hwehwɛ akwankyerɛ fi afotufoɔ hɔ bere nyinaa bere a wɔnte nsɛm ase no.
We use face masks as a way of preventing the spread of coronavirus .,Yɛde adeɛ a yɛde kata yɛn ano ne yɛn hwene di dwuma sɛ ɔkwan a yɛrefa so asi coronavirus kwan na antrɛ.
"Many teens use drugs and alcohol, but very few realize the risks.","Mmabun pii de nnubɔne ne nsa di dwuma, nanso wɔn mu kakraa bi pɛ na wohu asiane a ɛwom."
"Men wore anklets, animal skins while women wore rope strips in the dance.","Ná mmarima hyɛ ankelɛts, mmoa nhoma berɛ a mmaa hyɛ ahoma a wɔde abɔ wɔ asa no mu."
"For someone to do his job well , he/she has to be well paid.","Sɛ obi bɛyɛ n'adwuma yiye a, ɛsɛ sɛ wotua no ka yiye."
"Everywhere, every office the rich are highly respected.","Wɔ baabiara, wɔ dibea biara mu no, wɔbu osikani kɛse."
Robbers of late tend to kill the ones they have robbed.,Akrɔnfoɔ a w'aba nnansa yi no taa kum wɔn a wɔawia wɔn no.
The district has properly planned for the youths and their future.,Ɔmansin no ayɛ nhyehyɛe pa ama mmabun no ne wɔn daakye.
The truck drivers must have tested negative to be allowed into the country.,Ɛbɛyɛ sɛ lɔrekafo no yɛɛ nhwehwɛmu hui sɛ wonni bi ansa na wɔama wɔn kwan ma wɔakɔ ɔman no mu.
Poverty is the leading cause of people selling the cows.,Ohia ne ade titiri a ɛma nkurɔfo tɔn anantwie no.
Ekua adequately prepared for the presentation and was thus able to get her points across wonderfully.,Ekua siesiee ne ho yiye maa ɔkasa no na ɔnam saayɛ so tumi maa ne nsɛntitiriw no daa no adi anwonwakwan so.
Most of the skills can be acquired over a given period of time.,Wobetumi anya ahokokwaw dodow no ara wɔ bere pɔtee bi mu.
Ama became jealous when she saw her ex-boyfriend with his new girlfriend.,Ama ani beree berɛ a ohunuu ne mpena dada no ne ne mpena-baa foforɔ no.
Lack of funds to establish processing plants has encouraged fish contamination.,Sika a wonnya mfa nsi mmeae a wɔyɛ nneɛma a wɔde yɛ nneɛma no ahyɛ mpataa a wɔde efĩ ba ho nkuran.
There will be a distribution of face masks at the district headquarters tomorrow.,Wɔbɛkyekyɛ adeɛ a yɛde kata yɛn ano ne yɛn hwene wɔ mansini asoeɛ ti ɔkyena.
They have finished the construction now it's time to celebrate .,Wɔawie ɛdan no si seesei berɛ aso sɛ yɛgye yɛn ani.
A youth losses life while attaining treatment from traditional healers.,Aberante bi hwere nkwa bere a ɔrenya ayaresa afi aduruyɛfo a wɔyɛ aduruyɛ mu no.
Local government warns against breaking law and order.,Mpɔtam hɔ aban bɔ kɔkɔ wɔ mmara ne nhyehyɛe a wobebu so ho.
People are purchasing land around the area with the hope of receiving government compensation.,Nkorɔfoɔ retɔ asase wɔ saa mpɔtam hɔ wɔ berɛ a wɔn ani da so sɛ wɔbɛnya aban sika.
Patients are encouraged to only buy medicine prescribed by the doctors to only buy medicine prescribed by doctors.,Wɔhyɛ ayarefoɔ nkuran sɛ wɔntɔ nnuru a adɔkotafoɔ akyerɛ ama wɔn nko ara na wɔntɔ nnuru a adɔkotafoɔ akyerɛ ama wɔn nko ara.
Chairpersons should be involved in crime prevention programs.,Ɛsɛ sɛ guamtrani de wɔn ho hyɛ nhyehyɛe ahorow a wɔde siw nsɛmmɔnedi ano mu.
All leaders responsibilities are to serve the people in the communities,Akannifoɔ nyinaa asɛdeɛ ne sɛ wɔbɛsom nnipa a wɔwɔ wɔn mpɔtam no mu.
National water aimed at expanding the water supply system for the people of Gbawe.,Ɔman nsuo de yɛɛ wɔn botaeɛ ne sɛ wɔbɛtrɛ nsuo a wɔde ma Gbawefoɔ no mu.
The government has laid aside funds towards the construction of boreholes to improve on the accessibility of water in the region.,Aban no ayi sika bi ato nkyɛn a wɔde bɛtutu nsuo sɛdeɛ ɛbɛyɛ ɛbɛboa ama ɔmanfoɔ anya nsu pa wɔ mantam no mu
Pollution is one of the main causes of environmental degradation.,Efĩ yɛ nneɛma atitiriw a ɛde nneɛma a atwa yɛn ho ahyia sɛe no mu biako
The financial issue was raised during a press conference.,Wɔkaa sikasɛm no ho asɛm berɛ a wɔde nsɛm reto nsɛtwerɛfoɔ ne ɔmanfoɔ anim.
Children engage in work-rerated activities at a young age.,Mmofra de wɔn ho hyɛ dwumadi ahorow a ɛfa adwuma ho mu wɔ wɔn mmofraase.
During elections people are usually bribed to vote a specific person.,"Wɔ abatow mu no, wɔtaa ma nkurɔfo adanmude ma wɔtow aba ma obi pɔtee bi."
"Due to improper sanitation in the area, people resort to using toilets in the neighborhood as an alternative.","Esiane ahotew a ɛmfata wɔ mpɔtam hɔ nti, nkurɔfo de wɔn ho to tiafi a wɔde di dwuma wɔ mpɔtam hɔ so sɛ ɔkwan foforo"
People who are selling pork have gone out of business.,Nnipa a wɔtɔn mprako nam no agyae adwuma.
Most farmers do not have enough information about the seeds they plant.,Akuafo dodow no ara nnim aba a wodua no ho nsɛm pii.
I want to go to a place where I can settle with my family.,Mepɛ sɛ mekɔ baabi a me ne m’abusua betumi atra.
The school committee will find a solution for the running water.,Sukuu boayikuw no benya ano aduru ama nsu a ɛreworo so no.
How much money do you spend on shopping?,Sika ahe na wosɛe no de tɔ nneɛma?
An agents acts on behalf of another or a company.,Adwuma bi ananmusifoɔ di dwuma wɔ ɔfoforɔ anaa adwumakuo no anan mu.
The program coordinator of Nanumba South district spoke as she received the current seeds batch .,Nanumba South mantam no dwumadi sohwɛfo kasae bere a onyaa aba a wɔde aba mprempren no .
Testing for Human Immune Virus is the only way of knowing if one's infected or not,Nhwehwɛmu a wɔyɛ de hu Human Immune Virus nkutoo ne ɔkwan a wɔfa so hu sɛ obi anya bi anaasɛ onni bi
Parents are encouraged to create safe environments for their children.,Yɛhyɛ awofoɔ nkuran sɛ wɔmmɔ wɔn mma ho ban.
Health experts warned people against violating the coronavirus Standard Operating Procedures.,Akwahosan ho abenfoɔ bɔɔ nkurɔfoɔ kɔkɔ sɛ ɛnsɛ sɛ wɔbu coronavirus Standard Operating Procedures so.
Auditors are to inquire on the matter and this will take three months,Ɛsɛ sɛ akontaabufo bisa asɛm no ho nsɛm na eyi begye asram abiɛsa
Funds can also be got from other organizations not only the government.,"Wobetumi anya sika afi ndwumakuo afoforo nso hɔ, ɛnyɛ aban no nko."
The community was advised to help one another in society.,Wɔhyɛɛ mpɔtam hɔfo fo sɛ wɔmmoa wɔn ho wɔn ho wɔ ɔmanfo mu.
The public is advised to report corrupt tax officials.,Wɔhyɛ ɔmanfo fo sɛ wɔmfa towtua adwumayɛfo a wodi amim no amanneɛ.
"Following last month's problematic elections, police is guarding the building with the chairman's office.","Enam abatoɔ basabasa bosom atwam mu nti, polisifo rebɔ ɔdan a ɔpanyin no adwumayɛbea ho."
Health sector adopting to use of technology for disease diagnosis improves service delivery,Akwahosan adwumayɛbea a wɔfa mfiridwuma ho nimdeɛ a wɔde hwehwɛ nyarewa no ma ɔsom adwuma a wɔde ma no tu mpɔn
He said those are just false accusations against him.,Ɔkaa sɛ ɛnonom yɛ atoro soboɔ a wɔde abɔ no ara kwa.
More referral hospitals should be set up in rural areas.,Ɛsɛ sɛ wɔsisi ayaresabea ahorow pii a wɔma nkurɔfo kɔ wɔ nkuraase.
Our mother succumbed to breast cancer last year and our father succumbed to tuberculosis this morning.,Yɛn maame wuii wɔ nufoɔ mu kokoram mu afe a ɛtwaam no na yɛn papa nso wuii wɔ nsamanwa mu anɔpa yi.
The auditor general submitted his audit report to parliament.,Akontaabufo panyin no de ne akontaabu ho amanneɛbɔ kɔmaa mmarahyɛ bagua no.
Political leaders will enable countries to work peacefully together.,Amammuo akannifo bɛma aman atumi abom ayɛ adwuma asomdwoe mu.
He was arrested because he was part of the mob that killed the thief.,Wɔkyeree no efisɛ na ɔka basabasayɛfo kuw a wokum owifo no ho.
election petition has been filed in the high court.,wɔde abatoɔ adesrɛ akɔto asɛnnibea kunini anim.
Leaders at the district should make collective decisions which enhance development in the society.,Ɛsɛ sɛ akannifoɔ a wɔwɔ ɔmansin no mu no bom si gyinaeɛ a ɛma nkɔsoɔ nkɔanim wɔ ɔman no mu.
Doctors in private hospitals get better salaries than those in government hospitals.,Nnuruyɛfo a wɔwɔ ankorankoro ayaresabea ahorow no nya akatua a eye sen wɔn a wɔwɔ aban ayaresabea ahorow mu no.
A personal assessment will be carried out for records and archives purposes.,Wɔbɛyɛ ankorankoro nhwehwɛmu de ayɛ kyerɛwtohɔ ne nneɛma a wɔkora so.
The government has made efforts to equip people with new agricultural techniques and practices.,Aban no abɔ mmɔden sɛ ɔbɛboa ama ɔmanfoɔ asua nimdeɛ ne nneɛma afoforɔ a ɛbɛboa wɔn wɔ kuadwuma mu
People in the village cook food on firewood.,Nkorɔfoɔ a wɔwɔ nkuraase no nua aduane wɔ gya so.
Loosing most of the players from a football team is not a good thing.,Sɛ́ wobɛhwere agodifoɔ dodoɔ no ara afi bɔɔlbɔ kuo bi mu no nyɛ ade pa.
People with disabilities are taking part in politics.,Nnipa a wɔadi dɛm de wɔn ho hyɛ amammuisɛm mu.
"Girls are given empty promises, leading them to commit to agreements that ultimately leave them vulnerable","Wɔde bɔhyɛ hunu ma mmeawa, na ɛma wodi apam a awiei koraa no ɛma wɔyɛ mmerɛw"
The Kingdom of Dagbon (Dagba?) is the oldest and one of the most organised traditional kingdoms in Ghana founded by the Dagomba people (Dagbamba) in the 15th century.,"Dagbon (Dagba) ahennie no ne ahennie a akyɛ yie pa ara, na ɛka ahennie ahodoɔ a wɔahyehyɛ no yie wɔ amammerɛ kwan so wɔ Ghana no ho. Nnipa a wɔtee ahennie yi ne Dagbombafoɔ (Dagbamba) wɔ afeha a ɛtɔ so dunum no mu."
Can the government stop people from growing tobacco?,So aban no betumi asiw nkurɔfo kwan sɛ wobedua tawa?
Taxpayers should be educated to smooth tax collection.,Ɛsɛ sɛ wɔkyerɛkyerɛ towtuafo ma wogye tow no yiye.
The district organised conferences to advise youths on how to conduct their lives.,Mansini no yɛɛ dwumadie bi a wɔde kyerɛɛ mmabunu sɛdeɛ wɔbɛtumi abɔ wɔn bra wɔ ɔkwan a ɛfata so
Cultural leaders sensitized people to support the reconciliation process.,Amammerɛ akannifo maa nkurɔfo tee nka sɛ wɔbɛboa mpata nhyehyɛe no.
"She was feeling a bit dizzy, experiencing a slight sense of disorientation.","Na ɔte nka sɛ n’ani so biri no, na ɔte nka sɛ n’adwenem yɛ no basaa"
A learnt religious person would use their skills to impact on society.,Ná nyamesom ho nimdefo de wɔn nimdeɛ bedi dwuma de anya ɔmanfo so nkɛntɛnso.
The biometric system was used during the previous elections.,Wɔde biometric nhyehyɛe no dii dwuma wɔ abatow a atwam no mu.
Refugees are usually gathered together into refugee camps.,wɔtaa boaboa aguanfo ano kɔ aguanfo atrae ahorow mu.
"For a school to develop, it has to be a combined effort from the community.","Sɛ sukuu bi betumi anya nkɔso a, ɛsɛ sɛ kuromafo nyinaa bom boa."
The midwives are restless because they have to work on a lot of people.,Wɔn a wɔgye awoɔ no nnya berɛ nnye wɔn ahome ɛfiri sɛ ɛsɛsɛ Wɔyɛ nnipa dodoɔ ho adwuma.
Politicians should embrace the developments in the district.,ɛsɛ sɛ amammuifo gye nkɔso a ɛrekɔ so wɔ ɔmantam no mu no tom.
Health services in the country are more effective these days than before.,Akwahosan ho adwuma a wɔyɛ wɔ ɔman no mu no tu mpɔn nnansa yi sen kan no.
He was naturally social and enjoyed being around people. He was thus able to make friends easily.,Ná ɔyɛ obi a ɔne afoforo bɔ fi awosu mu na na n’ani gye ho sɛ ɔne nkurɔfo bɛbɔ. Ɔnam saayɛ so tumi faa nnamfo ntɛm.
Many government-aided schools lack safe toilets for their pupils.,Sukuu pii a aban boa no nni tiafi a ahobammɔ wom mma wɔn sukuufoɔ.
Lack of a consistent water supply affects fish farmers in James Town.,Nsuo a wonnya daa no ka mpataayifoɔ a wɔwɔ James Town.
The groundbreaking ceremony for this project took place on Thursday.,Wɔpaa saa dwumadie yi ho ntoma Yawoada.
He suggested levying of offenders and later declaring them as unable to represent locals.,Ɔhyɛɛ nyansa sɛ wonnye mmaratofo tow na akyiri yi wɔnka sɛ wontumi nnyina mpɔtam hɔfo ananmu.
The funds allocated to construction of roads in rural areas are limited.,Sika a wɔatwa sɛ wɔmfa nyiyi akwan wɔ nkuraase no sua
The district will lobby for finances from the government.,Mansini no no bɛtwerɛ akɔma aban no ahwehwɛ sika
The district will provide solar energy in schools and hospitals.,Mansini no bɛyɛ anyinam ahoɔden a ɛde owia di dwuma no bi wɔ sukuu ne ayaresabea ahodoɔ mu
She was stoned to death for raping a nine year old girl.,Wosii no aboɔ kum no esiane sɛ ɔtoo abaawa bi a w'adi mfe akron mmonnaa nti.
All leaders had a conference today to discuss important matters of governance.,Akannifoɔ nyinaa yɛɛ nhyiamu nnɛ de susuw nnisoɔ ho nsɛm a ɛho hia ho.
Some tribes in the central part of Ghana are so good at farming.,Mmusuakuo bi a wɔwɔ Ghana mfinimfini fam no ho akokwa saa wɔ kuayɛ mu.
"Faithful people deserve to be rewarded, such as newly installed diocese leaders.","Ɛfata sɛ wɔma nnipa a wodi nokware, te sɛ diocese mpanyimfo a wɔapaw wɔn foforo no akatua."
Any power struggle can cause displacement of innocent Ghanaians.,Tumi ho apereperedi biara betumi ama Ghanafo a wɔn ho nni asɛm atu afi wɔn afie mu
Majority of the people use motorcycles for transportation.,Nnipa dodoɔ no ara de moto di dwuma wɔ akwantu mu.
People stressed the need and significance of trees in the area.,Nkorɔfoɔ sii hia a nnua a ɛwɔ mpɔtam hɔ ho hia ne ɛho mfasoɔ so dua.
Budgets help us plan well for our finances.,Budget boa yɛn ma yɛyɛ yɛn sikasɛm ho nhyehyɛe pa.
There will be a salary increment for teachers in the next financial year.,Wɔbɛtoto akyerɛkyerɛfoɔ akatua mu wɔ afe a yɛbɛsi mu no sikasɛm nhyehyɛeɛ mu.
Students are trained by different organizations during their internships.,Ahyehyɛdeɛ ahodoɔ na ɛtete asuafoɔ wɔ wɔn adwumayɛ mu nteteeɛ mu.
Students are encouraged to help each other whenever there is a need.,Wɔhyɛ asuafo nkuran sɛ wɔmmoa wɔn ho wɔn ho bere biara a ɛho hia.
An industrial park is an area of land developed as a site for factories.,Mfiridwumayɛbea yɛ asase bi a wɔayɛ sɛ beae a wɔbɛyɛ adwumayɛbea ahodoɔ.
People cut trees to get land for settlement.,Nkorɔfoɔ twa nnua de pɛ asase tena so.
The people will get money after selling the construction materials to the company.,Nkurɔfo no benya sika bere a wɔatɔn adansi nneɛma no ama adwumakuw no awie no.
Heavy winds too destroy things in the environment.,Mframa a ano yɛ den nso sɛe nneɛma a ɛwɔ nneɛma a atwa yɛn ho ahyia no mu.
The Headteacher insists that the neighbor hooding school reported them to the police.,"Sukuupanin no gye gyinaa mu sɛ, sukuu a ɛwɔ wɔn nkyɛn no na wɔkɔbɔɔ wɔn kwaadu kyerɛɛ aprosifoɔ no."
He was the producer and the proprietor at the same time.,Ná ɔno na ɔyɛɛ sini no ne ne wura bere koro mu.
People in the community are facing respiratory problems due to dust created during drilling.,Nkorɔfoɔ a wɔwɔ kuro no mu renya ɔhomeɛ haw ɛsiane mfuturo a ɛfiri nsuo a wɔretu no mu nti.
Enough time will be given to people in a private space to help prevent suicide.,Wɔde bere pii bɛma nkurɔfo wɔ baabi a wɔn nkutoo betumi de aboa ma wɔayi awudie afi hɔ
Health workers are most likely to contract diseases if they do not protect themselves.,"Sɛ wɔammɔ wɔn ho ban a, ɛda adi sɛ akwahosan ho adwumayɛfo benya nyarewa."
Most youths fear to test for this virus in the country.,Mmabun dodow no ara suro sɛ wɔbɛhwɛ sɛ wɔwɔ mmoawa yi bi wɔ ɔman no mu anaa.
The Chief of Gonja is saying western culture is taking up youths hence eroding African culture.,Gonja Panyin no reka sɛ atɔe fam amammerɛ regye mmerante ne mmabaa enti ɛresɛe Afrikafo amammerɛ.
Embrace God's message and lead morally upright lifestyles.,Gye Onyankopɔn asɛm tom na fa abrabɔ pa bɔ wo bra.
"Concentrate on what you do best, advising to focus on one's strengths and expertise.","Fa w’adwene si nea woyɛ yiye so, na tu fo sɛ fa w’adwene si n’ahoɔden ne ne nimdeɛ so."
Some health officers use public property for personner use.,Akwahosan ho adwumayɛfo binom de ɔmanfo agyapade di dwuma ma adwumayɛfo ɔde di dwuma.
"Additionally, headteachers neglect their responsibilities of monitoring and coordinating school activities.","Bio nso, akyerɛkyerɛfo mpanyimfo bu wɔn ani gu wɔn asɛyɛde ahorow a ɛne sɛ wɔbɛhwɛ sukuu dwumadi ahorow so na wɔayɛ ho nhyehyɛe no so."
Most people have small pieces of land that they use to practice farming.,Nnipa dodow no ara wɔ asase nketenkete a wɔde yɛ kua.
Most drink up parties are at home because of the lockdown.,Wɔyɛ Nsã anigye nhyiam dodow no ara wɔ fie esiane anohyeto wɔ pue so nti.
People have lost their lives as a result of over speeding.,Nkorɔfoɔ ahwere wɔn nkwa ɛnam amirikatuo pii nti.
"Learners' absenteeism due to sickness, affects their academic performance.","Asuafoɔ a wɔnkɔ sukuu esiane yareɛ nti no, ɛka wɔn adesua mu nkɔsoɔ."
The people of Nyankomase will have a proper sewerage system in the area.,Nyankomasefoɔ bɛnya nsuo a ɛkɔ nsuo mu a ɛfata wɔ mpɔtam hɔ.
His reckless driving endangered the lives of everyone on the road.,Ne karka a ɔmfa nyɛ hwee no de obiara a na ɔwɔ kwan so no nkwa too asiane mu.
They had the permission from authorities allowing them to cut the trees.,Wɔgyee peneɛ firii mpaninfoɔ no hɔ de nyaa kwan twaa nnua no.
You should not talk on the phone while driving as He was arrested for driving recklessly.,Ɛnsɛ sɛ wokasa wɔ fon so berɛ a woretwi kaa enti wɔkyee no sɛ ɔretwi kaa basabasa.
He begged for investigation on the issue of staff claiming money of dismissed workers.,Ɔsrɛɛ sɛ wɔnhwehwɛ adwuma no mu adwumayɛfo a wɔagyae wɔn adwuma no sika a wɔhwehwɛ no mu.
Majority of the COVID death cases are of people high blood pressure patients.,COVID owuo dodoɔ no ara yɛ nnipa a wɔyare mogya mmorosoɔ.
The speaker has addressed all the deregates from other countries.,Ɔkasafo no akasa akyerɛ wɔn a wɔayi wɔn afi aman afoforo so no nyinaa.
The official in charge of the town banned all public gatherings.,Ɔpanyin a ɔhwɛ kurow no so no baraa baguam nhyiam nyinaa.
More funding has been provided for the project.,Wɔde sika pii ahyɛ adwuma no mu.
Clear the bushes around your home to prevent malaria infection,Popa nnua a atwa wo fie ho ahyia no ho na amma woannya asramma
Some sewage pipes in the city need renovation to work well,Ehia sɛ wosiesie nsu fĩ nhama bi a ɛwɔ kurow no mu na ama ayɛ adwuma yiye
Children need desks to sit on in classrooms.,Mmofra hia pon a wɔbɛtra so wɔ adesuadan ahorow mu.
The Gaf Hoter manager said that the guards were sleeping as the burning occurred.,"Owura a ɔda Gaf Hoter ano no kaa sɛ, berɛ a ogya no rehye no na bammɔfoɔ no nyinaa adeda."
Do all you can to achieve what you desire.,Yɛ nea wubetumi biara na ama woanya nea wopɛ
Innovations are being supported to combat COVID 19,Wɔreboa nnoɔma foforɔ a wɔde bɛko atia COVID 19.
A total of one hundred invigilators will guard the primary seven exams.,Wɔn a wɔhwɛ nneɛma so a wɔn dodow yɛ ɔha na wɔbɛwɛn mfitiase sɔhwɛ ahorow ason no.
She walked a long distance to go to school.,Ɔnantee kwan tenten sɛ ɔrekɔ sukuu.
An encroacher says the rich are favoured more than the poor people.,Obi a ɔto hyɛ nkurɔfo so ka sɛ adefoɔ nya nnipa anim animuoyam  sene ahiafo.
Some people have a tendency of claiming property that is not theirs.,Nnipa binom wɔ su bi a ɛne sɛ wɔbɛka sɛ agyapade a ɛnyɛ wɔn de.
Most of the crops were destroyed thus people have nothing to harvest.,Wɔsɛee nnɔbae dodow no ara ma enti nkurɔfo nni biribiara a wɔbɛtwa.
The public needs to be acknowledged on the kinds of sexual harassment.,Ɛsɛ sɛ wogye ɔmanfo tom wɔ nna mu ɔbrasɛe ahorow no ho.
"As a responsible citizen, you must obey the laws.","Sɛ́ ɔman ba a ɔwɔ asɛyɛde no, ɛsɛ sɛ wudi mmara no so."
"Despite his accident, the parliamentary representative has had several positions in government.","Ɛmfa ho ne akwanhyia no, mmarahyɛ bagua no ananmusifo no anya dibea ahorow pii wɔ aban mu."
Most of the youths have mental problems because of smoking opium.,Mmabun dodow no ara wɔ adwenemhaw esiane opium a wɔnom nti.
"If not well taken care of, a patient may lose his/her life.","Sɛ wɔanhwɛ no yiye a, ebia ɔyarefo bi bɛhwere ne nkwa."
Border districts which host refugees have a problem of not having pit latrines.,Ɔhye so amansin a agye aguanfo no wɔ ɔhaw a ɛne sɛ wonni tiafi a ɛwɔ amena mu.
Stay at home to avoid the spread of the coronavirus .,Tena fie na woakwati coronavirus a ɛbɛtrɛ.
The groom gives bride price to his future in-laws.,Ɔbarima a ɔrekɔware no tua tire adeɛ ma ne nsenom
Good infrastructure will encourage people to engage in business activities.,Sɛ wode nneɛma papa toto akwan mu a ɛbɛhyɛ nkurɔfo nkuran ma wode wɔn ho ahyɛ ndwuma mu.
"During the lockdown, weddings and customary ceremonies were banned.","Wɔ lockdown mu no, wɔbaraa ayeforohyia ne amanne kwan so guasodeyɛ ahorow."
People will get an opportunity to invest in their home area.,Nkurɔfoɔ benya hokwan de wɔn sika ahyɛ wɔn fie mpɔtam hɔ.
Funds have been received to focus on regional land rights.,Wɔanya sika a wɔde bɛhwɛ asase so kyɛfa a ɛwɔ ɔmantam no mu so.
How can one identify real money from fake money?,Ɔkwan bɛn so na obi betumi ahu sika ankasa afi atoro sika mu?
Incumbent Virginia Palmer is the United States Ambassador to Ghana.,Virginia Palmer a ɔdi tumi seesei no yɛ Amerika Ɔmanpanyin wɔ Ghana.
The minister of education advised parents to nurture their children's morals.,Ɔsoafoɔ a ɔhwɛ nnwomasua so no tuu awofoɔ sɛ wɔmma wɔn mma nteteɛ papa.
It's time to elect a leader who will solve the people's problems.,Berɛ aso sɛ sɛ yɛpaw ɔkannifoɔ a ɔbɛdi ɔmanfoɔ no haw ho dwuma.
The police deployed security officers in an attempt to secure the border.,Polisifo no de ahobammɔ adwumayɛfo kɔe sɛ wɔrebɔ mmɔden sɛ wɔbɛbɔ ɔhye no ho ban.
The most common problem with grass-thatched houses is wildfires.,Adeɛ baako yɛtae hu wɔ nhwehwɛdan ho ne kwae mu gya.
More beds were purchased for the hospital wards.,Wɔtɔɔ mpa pii maa ayaresabea adan no.
She was blamed for not performing her duties as the councillor.,Wɔbɔɔ no soboɔ sɛ wanyɛ n’adwuma sɛ futufoɔ.
He said all the bushes may be burnt down in the near future.,Ɔkaa sɛ ebia wɔbɛhyew nnua no nyinaa daakye a enni akyiri.
Cultural institutions contribute a lot to improve people's behaviour.,Amammerɛ ahyehyɛde ahorow boa kɛse ma nkurɔfo nneyɛe tu mpɔn.
The local government should employ more security guards.,Ɛsɛ aban ananmusifoɔ a wɔhwɛ nkuro nkumaa amamuo so no fa Nipa a wɔbɔ ban beberee.
The Ministry of Education and sports has successfully created an ESSP draft which will be shared at a consultative workshop.,Asoɛeɛ a ɛhwɛ nwomasua ne Agodie so nsɛm no abɔ wɔn ho mmɔden de nhyehyɛeɛ a yɛfrɛ no ESSP dwumadie ɛbɛyɛ kwan a wɔbɛfa so akyɛ wɔ adwene toatoa nhyiamudie no ase.
Expectant mothers receive health care from other health centres.,Mmea a wɔretwɛn mma no nya ayaresa wɔ ayaresabea afoforo hɔ
People selling pork will start selling goat meat.,Nkorɔfoɔ wɔtɔn prɛko nam no bɔhyɛ aseɛ atɔn odwan nam.
Investigations will be closery followed for timery completion of the exercise.,Wɔbɛdi nhwehwɛmu akyiri yie ama wɔawie apɔmuden no wɔ berɛ mu.
The local government should ensure proper management of the allocated resources.,Ɛsɛ sɛ aban a ɛwɔ nkuro mu no hwɛ hunu sɛ wɔde nneɛma a wɔde ama wɔn no bɛdi dwuma yie.
Challenging programs often call for a large amount of labour and resources.,"Mpɛn pii no, nhyehyɛe ahorow a emu yɛ den hwehwɛ sɛ wɔde adwumayɛfo ne nneɛma pii di dwuma."
Some people are kidnapped and smuggled into other countries.,Wɔkyere nnipa binom sie na wɔde sum ase kɔ aman foforo so.
Some husbands thought their wives were cheating on them.,Okununom bi susuwii sɛ wɔn yerenom resisi wɔn.
Male partners can attend antenatal care as a way to support pregnant mothers.,Mmarima ahokafoɔ betumi akɔ sua mmoa a wɔn a wɔhwɛ apemfoɔ so de ma wɔn ansa na wɔawo ne sɛnea wɔbɛfa so aboa ɛnanom a wɔyem.
Majority of the youth these days want quick money.,Mmabunu dodoɔ no ara nnansa yi pɛ sika ntɛm.
There has been a delay in the distribution of food during the lockdown.,Wɔankyekyɛ nnuane ntɛm berɛ a na wɔmma nnipa mpue abɔntene no.
A born again church in our village was closed over noise during the night.,Wɔato asɔre bi a wɔasakra de wɔn ho ama Kristo wɔ yɛn akuraase hɔ mu ɛnam dede a wɔyɛ no anadwo nti.
The government advises people to use family planning.,Aban no hyɛ ɔmanfoɔ no nkuran sɛ wɔmfa abɛɛfo kwan so ntete wɔn awoɔ mu
She jumped away when he tried to hug her.,Ohurui firii hɔ bere a ɔbɔɔ mmɔden sɛ ɔbɛyɛ no atuu no.
Their people that believe in witches and witch doctors,Wɔn nkurɔfo a wogye abayifo ne abayifo di
Community members and police should work together to improve security.,Ɛsɛ sɛ mpɔtam hɔfo ne polisifo bom yɛ adwuma de ma ahobammɔ tu mpɔn.
Historical sites attract tourists from the various parts of the world.,Abakɔsɛm mu mmeae twetwe nsrahwɛfo a wofi wiase mmeae ahorow.
Police are at times able to recover stolen items.,ɛtɔ mmere bi a polisifo tumi nya nneɛma a wɔawia.
Some couples get married on their birthday which is seen as a coincidence to many.,Awarefo binom ware wɔn awoda a nnipa pii hu sɛ ɛyɛ ade a ɛbae ara kwa.
People are being provided with knowledge about the disease,Wɔma nkorɔfoɔ nimdeɛ fa yareɛ ho.
We use face masks as a way of preventing the spread of coronavirus .,Yɛde anim nkadeɛ hyɛ de yɛ ɔkwan a yɛbɛsi corona ntrɛmu kwan.
The laboratory results showed he had a bacterial infection.,Nhwehwɛmu a wɔyɛɛ no mfidie mu no kyerɛ sɛ mmoawa bi aba ne nipadua mu.
The number of cases from contacts is high.,Nnipa dodow a wonya fi wɔn a wɔne wɔn dii nkitaho no mu no dɔɔso.
Members of parliament should cooperate with district leaders.,Ɛsɛ sɛ mmarahyɛbadwafoɔ ne ɔmantam akannifoɔ yɛ baako.
If you don't vote you have no moral authority to discuss politics,Sɛ woantow aba a wunni abrabɔ pa ho tumi a wode bɛka amanyɔsɛm ho asɛm.
English is one of the best-done subjects in the primary leaving examinations.,Engiresi kasa yɛ adesuafo a wɔyɛ no yiye paa wɔ mfitiase sukuu sɔhwɛ ahorow mu.
Hermets are protective gear for motorcyclists in case of any accident.,Hermets yɛ nneɛma a wɔde bɔ wɔn a wɔde moto bɔ wɔn ho ban sɛ akwanhyia biara si a.
Former coronavirus victims have come out to sensitize people on how to combat the spread,Wɔn a na wɔadi kan anya coronavirus yare no bi no puee sɛ wɔrebɛboa nkurɔfo ama wɔahu sɛnea wɔbɛko atia yare no trɛ
The public has a right to participate in national activities.,Ɔmanfoɔ wɔ hokwan sɛ wɔde wɔn ho hyɛ ɔman no dwumadiɛ mu.
She narrowly escaped death when his drunk husband beat him up.,Ɛkaa ketekete nka owui bere a ne kunu a waboro nsa no boroo no no
Disunity is a great hinderance to development .,Biakoyɛ a enni hɔ yɛ akwanside kɛse ma nkɔso .
Her son is ten years but he still has trouble speaking.,Ne babarima adi mfe du nanso ɔda so ara wɔ ɔhaw wɔ kasa mu.
Infrastructural development will be enhanced in the district.,Wɔbɛma nnwuma a wɔde bɛyɛ adwuma no anya nkɔsoɔ wɔ mantam no mu.
Preparations are going on to repair the broken down equipment.,ahosiesie rekɔ so de asiesie nnwinnade a asɛe no.
Traditional leaders have also helped in the fight against coronavirus .,Ahemfo no nso aboa ama wɔako atia coronavirus.
The program will reduce the illiteracy levels among the people will run for two academic years.,Dwumadie no bɛte nimdeɛ a wɔnnie so wɔ nkorɔfoɔ no mu na wɔbɛyɛ adesua mfeɛ mmienu.
She requested us to forget what we lost in the fire.,Ɔsrɛɛ yɛn sɛ yɛn werɛ mfi nea yɛhweree wɔ ogya no mu.
The current structures at school cannot hold off bad climatic conditions.,Mprempren adan a ɛwɔ sukuu mu no ntumi nsiw wim tebea bɔne ano.
Some teachers are willing to share toilets with the pupils.,Akyerɛkyerɛfoɔ binom wɔ ɔpɛ sɛ wɔne asuafo no bɛkyɛ tiafi.
Government officials have a conflict of interest in government projects.,Aban mpanyimfo ani Ntawantawa 3fa mfasode3 ho aban nnwuma ho.
Birth control helps parents have enough time to plan for their children.,Awo ano aduru boa awofo ma wonya bere a ɛdɔɔso de yɛ nhyehyɛe ma wɔn mma
The district will allocate income based on the needs of society.,Mansini no bɛgyina ɔmanfoɔ no ahiadeɛ so na wɔatwa wɔn sika
People are not willing to give their land to others for them to practice farming.,Nkorɔfoɔ mpɛ sɛ wɔde wɔn nsase ma afoforɔ yɛ kuadwuma wɔ so.
It's unfortunate that schools don't have old students associations.,Ɛyɛ awerɛhoɔ sɛ sukuu ahodoɔ nni asuafoɔ dedaw nkabomkuo.
Supply of mosquito nets to people living near water bodies in order to combat malaria,Nwansena afiri a wɔde bɛma nnipa a wɔte bɛn nsuo mu sɛdeɛ ɛbɛyɛ a wɔbɛko atia asramma
Various ceremonies are held during the festival.,Wɔhyɛ fa ahodoɔ wɔ afahyɛ berɛ no mu.
His uncle was arrested for raping a woman.,Wɔkyeree ne papa nua ba sɛ wato ɔbea bi mmonnaa.
The swimmer gracefully glided through the water. He completed each stroke with precision.,Asudwareni no yɛɛ adom faa nsuo no mu. Ɔwiee ɔhweɛ biara pɛpɛɛpɛ.
A few guests have been invited to the event because of the increased COVID19 cases in the region.,Wɔato nsa afrɛ ahɔhoɔ kakraa bi aba dwumadi no ase ɛnam COVID19 yareɛ a akɔ soro wɔ mantam no mu nti.
Police men are meant to keep law and order.,Wɔayɛ polisifoɔ mmarima sɛ wonni mmara ne nhyehyɛe so.
The boys denied the claims that they were involved in a fight.,Mmarimaa no pow nsɛm a wɔkae sɛ wɔde wɔn ho hyɛɛ ntɔkwaw mu no.
The health workers' training was aimed at improving health service delivery.,Nteteɛ a wɔyɛ maa apɔmuden adwumayɛfoɔ no no atrimpɔ ne sɛ ɛbɛboa wɔn ama wɔatumi de ayarehwɛ a ɛtu mpɔn ama.
Product prices are always low on black Friday.,nneɛma bo yɛ mmerɛw bere nyinaa wɔ Fiada tuntum.
There is a big percentage of older people among the refugees.,Nnipa a wɔn mfeɛ akɔ anim ɔha mu nkyɛmu kɛseɛ bi ka atubrafoɔ no ho.
Farmers are expected to get high profits from their sales.,Wɔhwɛ kwan sɛ akuafo no benya mfaso pii afi wɔn mfudie no mu.
Pupils in rural areas are studying under trees.,asuafo a wɔwɔ nkuraase resua ade wɔ nnua ase.
A teachers bank will be started after four years from now.,Akyerɛkyerɛfoɔ sikakorabea bɛhyɛ aseɛ afiri mfeɛ nan firi seesei yi ara.
The minister of education and sports congratulated the She Cranes upon their victory through an online post.,Ɔsoafoɔ a ɔhwɛ nnwomasua ne Agodie so nsɛm no bɔɔ She Cranes foɔ aba wɔ wɔn nkunimdie a wɔdii no wɔ abɛɛfo ntentan fidie no so no.
The Aboboyaa cyclist was terribly injured in the accident.,Aboboyaa sakrekafoɔ no pirapiraa kɛseɛ wɔ akwanhyia no mu.
The district youth have been advised against laziness.,Wɔbɛtu mansini no fo wɔ akwadworɔ ho
Teachers share knowledge of what they have learnt.,Akyerɛkyerɛfo kyɛ nea wɔasua no ho nimdeɛ.
Please wear a mask every time you go into a public place,Yɛsrɛ sɛ hyɛ akatahwene bere biara a wobɛkɔ ɔmanfoɔ beaeɛ
Candidates are not allowed to hold rallies during this coronavirus pandemic.,Wɔmma abatoɔfoɔ kwan sɛ wɔnyɛ nhyiamu wɔ saa coronavirus ɔyaredɔm yi mu.
For you to succeed in life you have to be able to look upto someone better than you.,"Sɛ wubetumi adi nkonim wɔ asetram a, ɛsɛ sɛ woyi obi a ɔkyɛn wo"
I completed the race in the fourteenth position.,Miwiee mmirikatu no wɔ gyinabea a ɛto so dunan no mu.
Lake Albert fishermen that lack latrines and clean water access are risking cholera infections.,Lake Albert apofofoɔ a wonni tiafi ne nsuo pa no de wɔn ho to asiane mu sɛ wobenya kɔlera.
Teachers in Ghana are not paid well .,Akyerɛkyerɛfo a wɔwɔ Ghana no nnya akatua pa .
"I knocked my toe on the stone, indicating that someone accidentally hit their toe against a stone.","Mebɔɔ me nansoaa guu ɔbo no so, na ɛkyerɛ sɛ obi de wɔn nansoaa bɔɔ ɔbo bi so wɔ akwanhyia mu."
The district has trained its staff to improve service delivery.,Ɔmantam no atete n’adwumayɛfo ma wɔatu mpɔn wɔ ɔsom adwuma a wɔde ma no mu.
A speech was given in one of the mosques in Ghana.,Wɔmaa ɔkasa wɔ asɔredan a ɛwɔ Ghana no biako mu.
Isolate yourself in case you have any coronavirus symptoms.,Te wo ho sɛ ebia wowɔ coronavirus ho sɛnkyerɛnne bi a.
Police should aim at efficient service delivery instead of asking for money.,Ɛsɛ sɛ polisifoɔ de wɔn ani si so sɛ wɔde ɔsom adwuma a etu mpɔn bɛma sen sɛ wɔbɛsrɛ sika.
The elderly all over Ghana will benefit from the project.,Nnipa a wɔwɔ Ghana a wɔn mfeɛ akɔ anim no nyinaa bɛnya saa dwumadie yi so mfasoɔ
Muslims should avoid temptation towards the end of Ramadan.,Ɛsɛ sɛ Nkramofo kwati sɔhwɛ wɔ Ramadan awiei.
The Ghana Investment Authority should provide incentives to local investors.,Ɛsɛ sɛ Ghana Sikakorabea no de nkannyan ma mpɔtam hɔ sikakorafoɔ.
The village committee has directed residents to report all strangers in their community.,Akurase kuo no akyerɛ wɔn a wɔte hɔ sɛ wɔmmɔ wɔn amanneɛ mfa ahohoɔ nyinaa a ɛwɔ wɔn kuro no mu.
Security forces from the two neighboring countries should work hand in hand.,ɛsɛ sɛ ahobammɔ asraafo a wofi aman abien a ɛbemmɛn hɔ no mu yɛ adwuma bom.
"As a community we, have to live in peace and harmony with our neighbors.","Sɛ́ mpɔtam hɔfo no yɛn, ɛsɛ sɛ yɛne yɛn afipamfo tra ase asomdwoe ne biakoyɛ mu."
Land grabbing is common in communally owned societies.,Asase a wɔgye abu so wɔ aman a ɛyɛ ɔmanfoɔ dea no mu.
Physical exercises help us to be fit and healthy.,Apɔ mu ateneatene no boa yɛn apɔmuden na yɛn ho yɛ den.
Hospitals need electricity to operate well .,Ayaresabea ahorow hia anyinam ahoɔden na ama wɔatumi ayɛ adwuma yiye .
I want to rear goats and cattle on my farm.,Mepɛ sɛ meyen mponkye ne anantwi wɔ m’afuw mu.
People who invested in piggery have been greatly affected.,Nnipa a wɔde wɔn sika hyɛɛ mprakoyɛn mu no aka wɔn kɛse.
Flu symptoms maybe a sign that you are infected with coronavirus,Flu ho nsɛnkyerɛne bɛtumi ayɛ coronavirus nsɛnkyerɛne
The Second Anglo-Ashanti War broke out in 1863 and lasted until 1864.,Anlo- Asante ko a ɛtɔ so mmienu no hyɛɛ aseɛ afe 1863 mu na ɛkɔɔ so kɔsii afe 1864 mu.
Hon . Yaw Osei Adutwum is the Minister of Education.,Hon . Yaw Osei Adutwem yɛ Ɔsoafoɔ a ɔhwɛ nwomasua so.
People should embrace the use of biogas and solar energy.,Ɛsɛ sɛ nkorɔfoɔ gye ogyaframa (biogas) ne owia ahoɔden a wɔde di dwuma no tom.
"People, through their collective efforts, constructed a bridge.","Nkorɔfoɔ, nam wɔn nkabom ahoɔden so, sii nsuten aban no."
The neighboring countries have better roads compared to Ghana.,Aman ahodoɔ a atwa yɛn ho ahyia no nyinaa wɔ akwan papa sɛ wode toto Ghana deɛ ho a.
Information about health should be sought from authentic sources.,Ɛsɛ sɛ wɔhwehwɛ apomuden ho nsɛm fi mmeae a ɛyɛ nokware.
Anyone not following standard operating procedures risks jail time,Obiara a onni adwumayɛ ho nhyehyɛe a wɔahyɛ da ayɛ akyi no de ne ho to asiane mu sɛ ɔbɛda afiase
Community residents blamed their bad roads on poor leadership.,Mpɔtam hɔfo de wɔn akwan bɔne no ho asodi too akannifo a enye so.
People have been vaccinated to control Ebola disease.,Wɔawɔ nkorɔfoɔ mpaneɛ de asɔ Ebola yareɛ no ano.
The local leaders in the Ahanta West District will be available to settle any disputes in the area.,Akannifoɔ a wɔwɔ Ahanta Apueiɛ Mansini no mu bɛwɔ bɛsiesie akasakasa biara a ɛwɔ mpɔtam hɔ.
The police will investigate whether the officer had any accomplices.,Polisifo bɛhwehwɛ mu sɛ ebia na ɔsraani panyin no wɔ obi a ɔka ho anaa.
Children are able to relate to the real world experience.,Mmofra tumi ne wiase no mu osuahu ankasa di nkitaho.
The police will involve people in security programs around the area.,Polisifo de nkurɔfo bɛhyɛ ahobammɔ nhyehyɛe ahorow mu wɔ mpɔtam hɔ.
Sacramental absolution may result in the excommunication of a Christian.,sakrament fafiri betumi ama wɔatu Kristoni bi afi asɔre no mu.
At the end of the month we have to account for the materials used.,"Sɛ ɔsram no ba awiei a, ɛsɛ sɛ yebu nneɛma a wɔde dii dwuma no ho akontaa."
"Their activities in the fierd are based on need, not politics.","Wɔn dwumadi ahorow wɔ fierd no gyina ahiade so, na ɛnyɛ amammuisɛm."
Embarrass or make fun of you in front of your friends or family?,Aniwude anaasɛ wodi fɛw wo nnamfo anaa w'abusuafo anim?
She was often seen as naïve by her peers. This was due to her being too trusting and also inexperienced.,Na n’atipɛnfoɔ taa hu no sɛ ɔyɛ obi a onnim hwee. Na eyi fi ahotosoɔ a na ɔwɔ dodoɔ̀ʃɛ̀	he wears na onni osuahu nso.
Idi Amin is the third president of Ghana.,Idi Amin yɛ Ghana ɔmampanyin a ɔtɔ so mmiɛnsa.
You should earn a doctorate in order to be given a title of a professor.,Ɛsɛ sɛ wonya dɔkota abodin no ansa na wɔatumi ama wo prɔfɛsa abodin no.
The villagers were not satisfied with the work done.,Akuraa no asefo ani annye adwuma a wɔyɛe no ho.
"During the campaigns, aspiring leaders try to convince voters to vote for them.","Wɔ ɔsatu ahorow no mu no, akannifo a wɔpɛ sɛ wɔtow aba no bɔ mmɔden sɛ wɔbɛma wɔn a wɔtow aba no agye adi ma wɔatow aba ama wɔn."
The district has provided land to local and foreign investors.,Ɔmantam no de asase ama mpɔtam hɔ ne amannɔne sikasɛm mu asisifo.
Hospital authorities should be keen on testing equipment.,Ɛsɛ sɛ ayaresabea mpanyimfo ani gye nnwinnade a wɔde bɛsɔ ahwɛ ho.
Many village leaders are ignorant about the law.,Nkuraase akannifoɔ pii nnim mmara no.
The ministry of local government delayed the approval of new administrative units.,Asoeɛ a ɛhwɛ nkuro nkumaa amanmuo nsɛm so no kyɛɛ wɔ mmerɛ dodoɔ a wɔde maa amanmuo foforɔ ho kwan no.
Asamoah Gyan was recruited to win the football league.,Wɔfaa Asamoah Gyan na wɔadi nkonim wɔ bɔɔlbɔ akansie no mu.
Christian families yieldgood future citizens of the nation.,Kristofo mmusua ma ɔman no mufo a wɔbɛyɛ daakye ɔman mma pa.
The money will now go to the youth groups immediately.,sika no bɛkɔ mmabunu nkabɔm kuo ahodoɔ no hɔ seisei ara.
The role of the army forces is to protect the people of the country from external enemies.,Asraafoɔ asraafoɔ dwumadie ne sɛ wɔbɛbɔ ɔman no mufoɔ ho ban afiri abɔnten atamfo ho.
The officer promised to address the issue of bad structures.,Ɔsraani panyin no hyɛɛ bɔ sɛ obedi adan bɔne ho asɛm no ho dwuma.
"The land will consist of the entertainment centre, sherter, work area and occupations.","Asaase no bɛwɔ anigyebea, adakoradan, ne mmeaeɛ a wɔbɛyɛ nnwuma."
The district chairman emphasized unity among the people.,Ɔmantam no guamtrani no sii biakoyɛ a ɛwɔ nnipa no mu so dua.
The people who drowned were engaged in fishing activities.,Ná nnipa a nsu faa wɔn no de wɔn ho hyɛ mpataayi dwumadi ahorow mu.
The people resorted to mob justice to solve the ongoing land disputes.,Nkurɔfo no de wɔn ho too basabasayɛfo atɛntrenee so de dii asase ho ntawntawdi a na ɛrekɔ so no ho dwuma.
Police is carrying out investigations to find out the cause of the fire outbreak.,Polisifoɔ reyɛ nhwehwɛmu de ahu nea ɛde ogya no baeɛ.
Mariam has a good heart and wants the best for the people.,Mariam wɔ akoma pa na ɔpɛ sɛ ɛyɛ papa ma nkurɔfoɔ no.
Parents have acquired knowledge to respond to challenges of the girl child.,Awofoɔ anya nimdeɛ a wɔde bɛsɔ wɔn mma mmaa haw ano.
People living on lakeshores are greatly affected by floods.,"Nnipa a wɔte atare mpoano no, nsuyiri ka wɔn kɛse."
The police officer should keep law and order.,Ɛsɛ sɛ polisini no di mmara ne nhyehyɛe so.
The environmental police arrested charcoal burners in the district forest reserve yesterday.,Apolisifoɔ a wɔbɔ nneɛma a atwa yɛn ho ahyia ho ban no kyeree mmarima bi a wɔhye bidie wɔ mansini no kwaeɛ mu nnora.
The biometric thumbprint machine is used for fingerprint recognition.,Wɔde biometric thumbprint afiri no di dwuma de hu nsateaa nkyerɛwee.
One of the causes of crime in our communities is poor upbringing.,Ade biako a ɛde nsɛmmɔnedi ba yɛn mpɔtam hɔ ne ntetee a enye.
Quarantine facilities were opened at the borders to curb the spread of the virus.,wobuee mmeae a wɔde nnipa bɛto nnipa mu wɔ ahye no so sɛnea ɛbɛyɛ a wobesiw mmoawa no trɛw ano.
Is it necessary for boys to be aware of anything regarding menstruation?,So ɛho hia sɛ mmarimaa hu biribiara a ɛfa brayɛ ho?
Is it ok for one to tour the refugee-hosting area?,So ɛyɛ sɛ obi bɛkɔ akɔhwɛ beaeɛ a aguanfoɔ kɔ hɔ no?
The youth caused lots of chaos in the party nominations.,Mmabun no maa basabasayɛ pii baa apontow no mu nnipa a wɔpaw wɔn no mu.
I think it is wise for everyone to take their own minutes during a meeting.,Misusuw sɛ nyansa wom sɛ obiara begye n’ankasa simma bere a ɔreyɛ nhyiam.
The tournament presented an opportunity for the new players to play.,Akansi no maa agodifo foforo no nyaa hokwan sɛ wobedi agoru.
"The president is the chief guest, while the archbishop will be the main cerebrant.","Ɔmampanyin no ne ɔhɔho titiriw, bere a ɔsɔfo panyin no na ɔbɛyɛ afahyɛ titiriw no."
The hospital needs to recruit more health workers.,Ɛsɛ sɛ ayaresabea no no fa adɔkotafoɔ bebree adwuma.
"Her boss has been forcing her to steal money from the company on his behalf, and she lied about her mother's sickness.","N’adwumawura ahyɛ no ma wawia sika afi adwumakuw no hɔ wɔ ne din mu, na odii atoro faa ne maame yare no ho."
The central government is responsible for public transport.,Aban titiriw no na ɛhwɛ ɔmanfo kai so.
Cutting down trees on a large scale is very dangerous.,Nnua a wotwitwa kɛse no yɛ nea asiane wom kɛse.
One of the players was injured at the beginning of the match.,Agodifo no mu biako pirae wɔ agorudi no mfiase.
The malnourished children have been put on therapeutic foods.,Mmɔfra a wɔanya aduane papa anie kane no wɔde wɔn ato nnsuro nnuane so.
People are always encouraged to report to the police if anything weird happens in the community.,"Wɔtu nkorɔfoɔ fo daa sɛ sɛ asɛm bɔne biara si wɔn kuro mu a, wɔmmɔ polisifoɔ amanneɛ."
Some people take the risk and let tomorrow worry about its self.,Nnipa binom de wɔn ho to asiane mu na wɔma ɔkyena haw ne ho.
Many officials are claiming not to have received any money after misusing it.,Aban mpanyimfoɔ pii reka sɛ wɔannya sika biara bere a wɔde dii dwuma ɔkwammɔne so akyi.
Some youths want to feel grown up so they start drinking alcohol.,Mmabunu binom pɛ sɛ wɔte nka sɛ wɔanyinyin enti wofi ase nom nsa.
A cow's skin is used for making many musical instruments in Ghana.,Nantwie homa na wɔde yɛ nnwomtoɔ akadeɛ wɔ Ghana.
Violence is a lawlessness act and it is greatly condemned by police.,Basabasayɛ yɛ nneyɛɛ a ɛtia mmara na apolisifoɔ akasa atia no dennennen.
Many girls are forced into sexual acts every day when taken to Arab nations illegally.,Wɔhyɛ mmayewa pii ma wɔde wɔn ho hyɛ nna mu da biara da bere a wɔde wɔn kɔ Arab aman mu wɔ ɔkwan a mmara mma ho kwan so no.
People will acquire knowledge and skills from different settings.,Nkurɔfoɔ benya nimdeɛ ne ahokokwaw afi mmeae ahorow.
Refugees should be equipped with skills to help them survive on their own.,ɛsɛ sɛ wɔde ahokokwaw a ɛbɛboa wɔn ma wɔn ankasa atra ase ma aguanfo.
People will be able to get employment opportunities.,Nkurɔfoɔ betumi anya adwumayɛ hokwan ahodoɔ.
"Meanwhile, the PNDC was subjected to the influence of contrasting political philosophies and goals.","Saa berɛ yi nyinaa, wɔde amammui mu nyansapɛ ne botae ahodoɔ a ɛsono emu biara nkɛntɛnsoɔ hyɛɛ PNDC no ase."
Health officials in Northern Ghana didnot give a good report about children with measles.,Akwahosan ho adwumayɛfo a wɔwɔ Ghana Atifi fam no amfa amanneɛbɔ pa amma wɔ mmofra a wɔwɔ akisikuru ho.
The orphanage wants to make its activities official.,Nyanka atrae no pɛ sɛ wɔma ne dwumadi ahorow no yɛ aban de.
"During the strike, students burnt all the books in the school library.","Bere a wɔreyɛ adwumaden no, sukuufo hyew nhoma ahorow a ɛwɔ sukuu nhomakorabea hɔ nyinaa."
Leaders should give women capital to start businesses.,Ɛsɛ sɛ akannifoɔ ma mmaa dwatire a wɔde befiri nnwuma ase.
Some people did not turn up for the party elections.,Nnipa binom ankɔ apontow no mu abatow no ase.
"The law can't spare anyone, whether male or female.","Mmara no ntumi nnyae obiara, sɛ ɔyɛ ɔbarima anaa ɔbaa."
Bus companies have warned passengers to protect and safeguard their property.,Bɔs adwumakuo ahodoɔ abɔ akwantufoɔ kɔkɔ sɛ wɔnmmɔ wɔn agyapadeɛ ho ban na wɔmmɔ ho ban.
The doctor encouraged us to eat fruits and vegetables.,Dɔkotafoɔ no hyɛɛ yɛn nkuran sɛ yɛnni nnuabe ne atosodeɛ
The public is allowed to participate in general country elections.,Wɔma ɔmanfo kwan ma wɔde wɔn ho hyɛ ɔman no mu abatow a wɔyɛ no nyinaa mu.
Have you enrolled in any program at the university?,W'akɔ adesua wɔ sukuupɔn?
There is evidence of agricultural acitivities and iron industries during the neolithic period.,Adanseɛ wɔ hɔ a ɛkyerɛ sɛ na wɔyɛ kuayɛ ne dadeɛ nnwuma wɔ tete berɛ mu.
People are advised to use the right measures when starting up a church.,Wɔtu nkorɔfoɔ fo sɛ wɔmfa nhyehyɛeɛ pa nni dwuma berɛ a wɔrehyɛ asɔre ase.
Every officer has their own assigned duties to execute.,Ɔsraani biara wɔ n'adwuma a ɛsɛ sɛ ɔyɛ.
elders will receive twenty five thousandcedis every month.,Mpanyimfo no benya mpem aduonu anum sidi bosome biara.
"On that road, there is a gang of boys who snatch people's bags.","Wɔ saa kwan no so no, mmarimaa kuw bi wɔ hɔ a wogye nkurɔfo baagɛ."
"During the lockdown, internet is used to provide lessons for learners at home.","Wɔ lockdown mu no, wɔde intanɛt di dwuma de ma adesua ma asuafoɔ wɔ fie."
This church was the first church to be established in the region.,Saa asɔre ne asɔre a ɛdi kan a wɔsiiɛ wɔ mantam no mu.
The government has done so much good for its citizens.,Aban no ayɛ nnwuma pa bebree ama ne manfoɔ no
There is easy access to the market for agricultural output and modern inputs.,Ɛyɛ mmerɛ sɛ wɔkɔ dwa wɔ deɛ ɛfiri kuayɛ ba mu ne nnɛ yi nnoɔma a wɔde hyɛ mu ho.
Some farmers use the crop rotation method while planting crops throughout the year.,Akuafo binom de ɔkwan a wɔfa so sesa nnɔbae no di dwuma bere a wɔredua nnɔbae afe mũ no nyinaa.
The fisherman said there is a low fish market now.,"Ɔfareni no kaa sɛ, adwene ho adwadie no nkɔ so saa seesei."
Government should provide free funding for diseases like leprosy.,Ɛsɛ sɛ aban no de sika boa ma woko yare bi te sɛ kwata.
The district came up with a multi-sectoral nutrition action to eradicate malnutrition.,Wɔpenee ɔmantam sikasɛm nhyehyɛe no so bere a agyinatufo binom nni hɔ.
Health workers protest poor conditions in the hospitals,Akwahosan ho adwumayɛfo kasa tia tebea bɔne a ɛwɔ ayaresabea ahorow no mu
Husbands need to help out their wives when they are pregnant.,Ɛsɛ sɛ okununom boa wɔn yerenom bere a wɔanyinsɛn no.
"The simpa is typically performed at weddings and other celebrations, and is known for its energetic, rhythmic movements and fast tempo.","Wɔtaa yɛ simpa no wɔ ayeforohyia ne afahyɛ afoforo ase, na wonim no sɛ ɛyɛ ahoɔden, nnyigyei a ɛyɛ dɛ na ɛyɛ ntɛmntɛm."
Parents should counser their children while growing up.,Ɛsɛ awofoɔ tu wɔn mma fo berɛ wɔrenyini no.
Proper management is important for maintaining the appearance of a golf course.,nkrataa a ɛfata ne sɛ wɔbɛbɔ mmeae ahorow ho ban yiye
He stayed with me for three months when he was evicted from his house.,Ɔtraa me nkyɛn asram abiɛsa bere a wotuu no fii ne fie no.
"It is advisable for students to fully exploit the available resources while in school, as emphasized by the administrators.","Ɛyɛ papa sɛ asuafoɔ de nneɛma a ɛwɔ hɔ no bedi dwuma koraa berɛ a wɔwɔ sukuu mu, sɛdeɛ adwuma so ahwɛfoɔ no si so dua no."
The school management informed parents that permanent structures will be established.,Sukuu mpanyimfo no bɔɔ awofo amanneɛ sɛ wɔbɛhyehyɛ nhyehyɛe ahorow a ɛbɛtra hɔ daa.
It will change the image of the elders in the community.,Ɛbɛsesa edin a mpanyimfo a wɔwɔ mpɔtam hɔ wɔ no.
There is always misappropriation of money whenever the people do not follow up on the expenditures.,Berɛ biara wɔyɛ sika no basabasa berɛ a nkurɔfoɔ no amfa sika ho nhyehyɛeɛ a wɔayɛ no anyɛ adwuma.
It's a good thing to test for coronavirus .,Ɛyɛ adepa sɛ wobɛkɔ akɔsɔ ahwɛ sɛ wanya coronavirus anaa.
It is better to think of giving birth when you are financially ready.,Ɛyɛ papa sɛ wubesusuw awo ho bere a woasiesie wo ho wɔ sika fam.
Three districts in Northern Ghanaian were affected by the cattle quarantine.,Amantam mmiɛnsa a wɔwɔ Ghana Atifi fam na anantwie a wɔkaa wɔn guu dan mu no kaa wɔn.
Leaders should always be exemplary to their subjects.,Ɛsɛ sɛ akannifoɔ yɛ nhwɛsoɔ pa ma wɔn a wɔhyɛ wɔn ase berɛ nyinaa.
The living can bear witness of the deceased.,Wɔn a wɔte ase no bɛtumi adi wɔn a wawuwuo no ho adanseɛ.
The local chairperson gives the seeds to the people well known to him.,Dwamtinani no de aba maa wɔn a ɔnim wɔn yie pa ara no.
Lecturers in the National Teachers College were trained on the integration of information technology and communication in teaching.,Wɔtetee akyerɛkyerɛfoɔ a wɔwɔ Ɔman Akyerɛkyerɛfo Kɔlege no wɔ sɛnea wɔde nsɛm ho amanneɛbɔ mfidiedwuma ne nkitahodie bɛka abom wɔ adekyerɛ mu no ho.
More public servants will benefit from the government policy of distributing heifers.,Ɔman adwumayɛfo pii benya mfaso afi aban nhyehyɛe a ɛne sɛ wɔbɛkyekyɛ anantwi mma no mu.
Farmers were forced to plant mangoes and citrus fruits.,Wɔhyɛɛ akuafo no ma woduaa mango ne nnuaba ahorow.
Plant more trees in order to preserve the environment.,Dua nnua pii sɛdeɛ ɛbɛyɛ a wɔbɛkora nneɛma a atwa yɛn ho ahyia so.
Most of the political candidates are from the opposition.,Wɔn a wɔpɛ sɛ wɔyɛ amammuisɛm no mu dodow no ara fi ɔperekuw fofor no mu.
The bus is tropicalized to operate in all weather conditions of Ghana.,Wɔayɛ bɔs no wɔ mmeae a ɛhɔ yɛ hyew sɛnea ɛbɛyɛ a ɛbɛyɛ adwuma wɔ Ghana wim tebea nyinaa mu.
The health department should survey all hospitals to identify their challenges.,Ɛsɛ sɛ apɔmudenbea no hwehwɛ ayaresabea ahodoɔ mu hunu nneɛma a ayɛ akwansideɛ ama wɔn.
An administrator's leads to difficulty in decision making.,Ɔhwɛfo ma agyinaesi yɛ den.
Police arrested parents who refused to pay school fees for their children.,Polisifoɔ kyeree awofo a wɔpowee sɛ wobetua wɔn mma sukuu ka.
"The loan list is out , therefore beneficiaries are requested to call for further inquiry","Sika a wɔde sɔ asenemu no ho nsɛm bɛtɔ dwa, ɛno nti no ɛsɛsɛ wɔn a wɔn din wɔ mu no frɛ mpanimfoɔ tietie nsɛm no mu yie."
The best performing student was rewarded by the committee.,Boayikuw no maa osuani a ɔyɛɛ adwuma yiye no akatua.
Girls need to maintain hygiene during the menstruation period.,Ɛsɛ sɛ mmaayewa ma wɔn ho tew bere a wɔrebu wɔn nsa
Farmers have acquired an interest in rice growing.,Akuafo ani abegye ɛmo a wodua no ho.
"Health Institutions hold interviews for Certificate programs , to help get best candidates .","Akwahosan Asoɛe ahorow bisabisa nsɛm ma Certificate nhyehyɛe ahorow , de boa ma wonya wɔn a wɔpɛ sɛ wɔyɛ adwuma yiye ."
People lack knowledge about the significance of wetlands in the area.,Nkorɔfoɔ nni nimdeɛ wɔ deɛ nsuten a ɛwɔ mpɔtam hɔ ho hia ho.
Various companies have donated towards the fight against the coronavirus .,Adwumakuo ahodoɔ de sika ama ɛde ko tia corona yadeɛ no.
The schools are very congested in the region.,Sukuu ahodoɔ no mu ayɛ ma kɛse wɔ ɔmantam no mu.
The club is privileged to partner with a local business entity.,Kuw no wɔ hokwan sɛ wɔne mpɔtam hɔ adwumayɛkuw bi bɛyɛ adwuma.
"The fishermen need more fishing boats, expressing the need for additional boats for their fishing activities.",Ɔfareni no hia kodoɔ a wɔde bɛkɔ po no bi aka ho. Yei kyerɛ sɛdeɛ ɛsɛ sɛ wɔnya kodoɔ bebree wɔ po so adwuma no mu
Many political aspirants are decampaigning fellow competitors instead of minding their business.,Nnipa pii a wɔpɛ amanyɔsɛm resɛe wɔn mfɛfoɔ akansifo ɔsatu mmom sen sɛ wobedi wɔn fie asɛm.
Community halls are closed for all bookings until further notice.,Wɔato mpɔtam hɔ asa ahorow mu ama wɔn a wɔbɛkyerɛw wɔn din nyinaa kosi sɛ wɔbɛbɔ amanneɛ foforo.
The women were denied the opportunity for child spacing.,Wɔamma mmea no hokwan sɛ wɔde mmofra ntam kwan bɛhyɛ mu.
People are living in extended families due to high rental prices in Accra,Nkorɔfoɔ te abusua fie ɛnam ɛdanhan boɔ a akɔ soro wɔ Nkran nti.
Science subjects are very difficult for some students.,Nyansahu adesua yɛ den yiye ma asuafo binom.
The government funded cattle keepers to support the industry and gave farmers good cow breeds to improve their home earnings.,"Aban no de sika sɔɔ wɔn a wɔnyɛn anantwie no asene sɛdeɛ ɛbɛyɛ wɔn nnwuma bɛkɔ so, ɛnna ɔsane de anantwie a wɔtete apɔ brɛɛ sɛdeɛ ɛbɛma wɔn sikasɛm atu mpɔn"
"During the lockdown, prices of some food items were high.","Wɔ lockdown no mu no, na nnuan bi bo yɛ den."
Bosses should not be fast to judge workers.,Ɛnsɛ sɛ adwumam mpanyimfoɔ yɛ ntɛm bu adwumayɛfoɔ atɛn.
coronavirus patients were isolated from their families and friends.,wɔyii coronavirus ayarefoɔ firii wɔn mmusua ne wɔn nnamfonom ho.
The police took the body to carry out an autopsy.,Polisifo de amu no kɔyɛɛ funu mu nhwehwɛmu.
The people were told to manage cattle and improve their standards of living.,Wɔka kyerɛɛ nkurɔfo no sɛ wɔnhwɛ anantwi so na wɔn asetra gyinapɛn nkɔ anim.
He always avoided fighting or quarrerling with people.,Bere nyinaa na ɔmpɛ sɛ ɔne nkurɔfo ko anaa ɔne wɔn nya akasakasa.
He was given a certificate of completion upon finishing the program.,Wɔmaa no adansedi krataa a ɛkyerɛ sɛ wawie dwumadi no.
Due to findings that Ghanaians are exploited government released a new study curriculum online.,Esiane nea wɔahu sɛ wɔde Ghanafo di dwuma nti aban no yii adesua nhyehyɛe foforo adi wɔ intanɛt so.
Strict rules have been put to every new household and must be followed.,Wɔde mmara a emu yɛ den ahyɛ ofie foforoɔ biara mu na ɛsɛ sɛ wodi so.
Some health workers are accused of sexual harassment.,Wɔbɔ akwahosan ho adwumayɛfo binom sobo sɛ wɔde nna mu ɔbrasɛe.
Only nine teams will participate in the tournament.,Akuw akron pɛ na wɔde wɔn ho bɛhyɛ akansi no mu.
The traders will pay taxes to the government.,Aguadifo no betua tow ama aban no.
Land disputes are an ongoing issue without a foreseeable end.,Asase ho ntawantawadie yɛ asɛm a ɛkɔ so a enni awieɛ a yetumi hunu.
The guards stopped further spread of fire apart from the doors that got burnt .,Bammɔfoɔ no sii ogya no ano kwan na antrɛ gye sɛ apono a ɛhyeeɛ no nko ara.
People who are arrested are kept at the police station.,Wɔde nnipa a wɔkyere wɔn no sie polisifo adwumayɛbea.
Sheikhs are religious leaders in the Islam religion.,Sheikhfoɔ yɛ nyamesom akannifoɔ wɔ Islam som mu.
Some youths participate in sports betting expecting to win big money.,Mmabunu binom de wɔn ho hyɛ agumadi mu kyakyatow mu a wɔhwɛ kwan sɛ wobenya sika kɛse.
The district committee is responsible for the security of the people in the area.,Ɔmantam boayikuw no na ɛhwɛ nnipa a wɔwɔ mpɔtam hɔ no ahobammɔ so.
He was detained at the police station for three hours.,Wɔde no too polisifoɔ adwumayɛbea hɔ nnɔnhwerew abiɛsa.
All patients should be received and treated equally.,Ɛsɛ sɛ wogye ayarefo nyinaa na wɔsa wɔn yare pɛpɛɛpɛ.
Many people are now involved in farming than any other business.,Mprempren nnipa pii de wɔn ho ahyɛ kuayɛ mu sen adwuma foforɔ biara.
We need to raise awareness on smoking and its dangers to protect people from lung cancer,Ɛsɛ sɛ yɛma nkurɔfoɔ ani ba wɔn ho so wɔ tawanom ne ɛso nsunsuanso a ɛyɛ hu no ho sɛdeɛ ɛbɛyɛ a yɛbɛbɔ wɔn ho ban afiri ahrawa mu kokoam ho.
Official writings are more worthwhile than oral communication.,Mfaso wɔ aban nkyerɛwee so sen nkitahodi a wɔde ano ka.
Trees help slow down the speed and reduce the force of the wind.,Nnua boa te mframa anoɔden ne n'ahoɔden so.
The doctors carried out a surgery to separate the twins who were joined in the chest.,Dɔkotafoɔ no yɛɛ opirehyin de tee ntaafoɔ a na wɔn koko bom no mu
People living near rivers are at high chances of experiencing floods.,Nkorɔfoɔ a wɔte bɛn nsutene ho no bɛtumi anya nsuoyiri.
The money is used by teachers to pay off their loans.,sika no akyerɛkyerɛfoɔ no na ɛde tua wɔn bosea no.
School gets a new head as inquiries are being carried out.,sukuu nya ti foforo bere a wɔreyɛ nsɛmmisa no.
Competition in education is a benefit to the learning process.,Akansie wɔ nwomasua mu yɛ mfasoɔ ma adesua nhyehyɛeɛ no.
The leaders from different districts are greedy and selfish.,Akannifoɔ no bi a wɔfri amansini ahodoɔ no mu no yɛ aniberefoɔ ne pɛsɛmenkomenya.
There are very many school dropouts due to lack of fees.,Nnipa dodoɔ no ara agyae sukuu ɛfiri sɛ wɔnni sika a wɔde bɛtua wɔn sukuu fiisi.
"Due to the very many expenses, she almost became poor.","Esiane ɛka pii a ɔbɔe nti, ɛkame ayɛ sɛ ɔbɛyɛɛ ohiani."
The project will be funded from June to December.,Wɔde sika bɛboa adwuma no fi June kosi December.
People have neglected instructions of burying animals which died of Anthrax.,Nkorɔfoɔ abu wɔn ani agu akwankyerɛ a wɔde ma sɛ wɔnsie mmoa a wɔwuwu wɔ mogya a ayɛ hye yadeɛ (Anthrax) ho.
The accused needs to be compensated in case he wins this court case.,Ɛsɛ sɛ wotua nea wɔabɔ no sobo no ka sɛ ebia odi nkonim wɔ asɛnnibea asɛm yi mu a.
Legal marriage is for those of eighteen years and above.,Mmara kwan so awareɛ yɛ deɛ wɔde ma wɔn a wɔadi mfeɛ dunwɔtwe ne akyiri.
Some companies offer health insurance to employees and others don't.,Nnwumakuo binom de akwahosan ho insurance ma adwumayɛfo na afoforo nso nyɛ saa.
Some rural areas in Ghana have no access to clean water.,Nkuraase mmeaɛ bi wɔ Ghana nni nsu pa.
Depositing money on personal mobile money accounts is a free-cost service.,Sika a wode bɛto ankorankoro mobile money akontaabu so no yɛ adwuma a wontua hwee.
The candidates sat together during the prayer meeting.,Wɔn a wɔpɛ sɛ wɔpaw wɔn no boom traa ase wɔ mpaebɔ nhyiam no ase.
"The female comes back to the hole to lay unfertilized eggs, which the tadpoles eat.","Mmaa bo sane ba amena no mu bɛto nkosua  gu mu, na nkonkontibaa no adi ."
Infants are babies from birth to the age of one.,Nkokoaa yɛ mmɔfra fi bere a wɔwoo wɔn kosi bere a wɔadi mfe biako.
The district is looking for possible and immediate remedies to tackle the situation.,Ɔmantam no rehwehwɛ ano aduru a wobetumi de adi tebea no ho dwuma ntɛm ara.
Research helps us discover new ways of doing things.,nhwehwɛmu boa yɛn ma yehu akwan foforo a yɛfa so yɛ nneɛma.
The support team helped her with her basic needs.,Kuw a wɔboa no no boaa no wɔ n’ahiade atitiriw ho.
The students in that institution resorted to strikes as a means of having their problems addressed.,Asukuufoɔ a wɔwɔ saa sukuu no mu no yɛ atua sɛ ɔkwan a wɔnam so nya wɔn haw anoyie.
Most of the forests in the country have been destroyed.,Wɔasɛe kwae a ɛwɔ ɔman no mu dodow no ara.
Teachers are not committed to providing education services.,Akyerɛkyerɛfo nhyɛ bɔ sɛ wɔde nhomasua ho nnwuma bɛma.
"The school management has cut the salaries for absent teachers, ensuring that schools maintain their good performance.","Sukuu mpanyimfo atew akatua a wɔde ma akyerɛkyerɛfo a wonni hɔ no so, na wɔahwɛ ahu sɛ sukuu ahorow no bɛkɔ so ayɛ adwuma yiye."
The people of Assin Fosu have a passion for the sport.,Nnipa a wɔwɔ Assin Fosu wɔ agumadi no ho anigye.
We were requested to condole with the family of the deceased.,Wɔsrɛɛ yɛn sɛ yɛnkyekye owufoɔ no abusuafoɔ werɛ.
"As a result of preference, the healthcare centre is always flooded with patients.","Esiane nea wɔpaw nti, ayarefo ahyɛ akwahosan asoɛe hɔ ma bere nyinaa."
Older people in the society should be respected.,Ɛsɛ sɛ wobu nnipa a wɔn mfe akɔ anim wɔ ɔmanfo mu.
Farmers should be sensitised on how best to prevent pests like armyworms.,Ɛsɛ sɛ wɔboa akuafo ma wohu ɔkwan pa a wɔbɛfa so abɔ wɔn ho ban afi mmoawammoawa te sɛ armyworms
"During those months, many, mothers had normal birth delivery.","Wɔ saa asram no mu no, na ɛnanom pii awo awo sɛnea ɛsɛ."
If roads flood with water then transport will be greatly affected,Sɛ nsuo yiri fa akwan so a ɛnde ɛbɛka akwantuo pa ara.
People of Ashongman were attacked by unknown gunmen.,"Nnipa a wɔwɔ Ashongman no, atuotofoɔ a wɔnnim wɔn na wɔto hyɛɛ wɔn so."
Becoming a priest you need to go through teachings and preparations.,"Sɛ wobɛyɛ ɔsɔfo a, ɛsɛ sɛ wofa nkyerɛkyerɛ ne ahosiesie mu."
Refugees should be allowed to come into the country.,ɛsɛ sɛ wɔma aguanfo kwan ma wɔba ɔman no mu.
Nothing was done during the twenty-year conservation agreement.,Wɔanyɛ biribiara wɔ mfe aduonu apam a ɛfa nneɛma a wɔkora so ho no mu.
The Queen mother is committed to ending early marriages.,Ɔhemmaa ɛna no asi ne bo sɛ ɔbɛma aware a wɔyɛ no ntɛm no aba awiei.
The authorities are directly involved in evicting wetland encroachers.,Atumfoɔ no de wɔn ho hyɛ wɔn a wɔtow hyɛ nsuten so a wotu fi wɔn afie mu no mu tẽẽ.
It is very hard to survive a highway car accident,Ɛyɛ den yie sɛ wobɛnya nkwa wɔ ɔkwan kɛseɛ so kar akwanhyia mu
Her option of lowering prices to entice more customers failed.,Ɔkwan a ɔfaa so sɛ ɔbɛtew nneɛma bo so de atwetwe adetɔfo pii no ankosi hwee.
To terl someone to leave a place you have to direct him where to go.,Sɛ wopɛ sɛ woka kyerɛ obi sɛ ɔmfiri beaeɛ bi a ɛsɛ sɛ wokyerɛ no baabi a ɔnkɔ.
Forgiveness is a turn around for most people.,Nnipa dodow no ara de bɔne fafiri yɛ ade a ɛma wɔn ho tɔ wɔn.
Mobilizers must work closery with members of the public.,Ɛsɛ sɛ wɔn a wɔboaboa nneɛma ano no ne ɔmanfo yɛ adwuma yiye.
Politicians are all advocating for the respect for human rights,Amammuifo nyinaa rekamfo obu a wɔde ma nnipa hokwan ahorow kyerɛ
All passengers are required to wear face masks.,Wɔhwehwɛ sɛ akwantufo nyinaa hyɛ anim akataso.
The game reserve has snakes like python and cobra.,Wɔwɔ awɔwɔ binom nso te sɛ onini ne tuntummire nso wɔ hɔ.
They have built a fence around the school to guard children from escaping.,Wɔagye ban bi afa sukuu no ho sɛdeɛ ɛbɛboa na mmɔfra annwane.
Investigations are going to be done about the corruption case.,Wɔrekɔyɛ nhwehwɛmu wɔ adifudepɛ asɛm no ho.
Being discharged from the hospital is the joy of many patients.,"Sɛ woyi wo fi ayaresabea a, ɛyɛ ayarefo pii anigye."
The customers are few ever since the tax was introduced.,"Fi bere a wɔde tow no bae no, adetɔfo no sua."
Science subjects usually register higher failure rates of students.,Nyansahu mu adesuafoɔ taa kyerɛ sukuufoɔ huammɔdi dodoɔ a ɛkɔ soro.
Leaders banned the transportation of charcoal from the district.,Akannifoɔ baraa gyabidie a wɔde firi ɔmantam no mu kɔ no.
He said that they are now people of integrity,Ɔkae sɛ mprempren wɔyɛ nnipa a wodi nokware
The budget was reduced by five per cent.,Wɔtew sikasɛm nhyehyɛe no so ɔha biara mu nkyem anum.
People with a bad health condition should be considered first.,Ɛsɛ sɛ wodi kan susuw nnipa a wɔwɔ akwahosan tebea bɔne ho.
Buses and taxis were also banned from moving during the lockdown.,Wɔbaraa bɔs ne taksi nso sɛ ɛnkɔ baabiara wɔ bere a wɔatoto mu no
Cultural activities should be carried out with the law into consideration.,Ɛsɛ sɛ wɔyɛ amammerɛ dwumadi ahorow a mmara no susuw ho.
For a project to succeed there has to be leader to guide its progress.,"Sɛ adwuma bi bɛkɔ yiye a, ɛsɛ sɛ ɔkannifo bi wɔ hɔ a ɔhwɛ ma ɛkɔ so."
People will be able to understand God and his ways.,Nkurɔfoɔ bɛtumi ate Onyankopɔn ne n’akwan ase.
Some places were set aside as quarantine centers during the coronavirus season.,Wɔde mmeae bi sii hɔ sɛ mmeae a wɔde nnipa bɛto nnipa mu wɔ coronavirus bere no mu.
People with disabilities are usually discriminated in the society.,Wɔtaa yɛ nyiyim wɔ nnipa a wɔadi dɛm wɔ ɔmanfo mu.
"As others retire, new ones shall be recruited.","Bere a afoforo kɔ pɛnhyen no, wɔbɛfa nnipa foforo."
His name was not found in the voter's register.,Wɔanhu ne din wɔ abatowfo din mu.
People should boost their skills and knowledge in health services.,Ɛsɛ sɛ nkorɔfoɔ ma wɔn nimdeɛ kɔ anim wɔ apɔmuden ho nnwuma mu.
The organization won't have enough revenue to pay all employee at once.,adwumakuo no rennya sika a ɛdɔɔso a ɛbɛma wɔatua adwumayɛfo nyinaa ka prɛko pɛ.
Many projects and programs have been set to help in improving sanitation.,Wɔayɛ nnwuma ne nhyehyɛe pii a ɛbɛboa ma ahoteɛ atu mpɔn.
One must be ordained in order to become a practising priest.,Ɛsɛ sɛ wɔhyɛ obi sɔfo na ama wabɛyɛ ɔsɔfo a ɔyɛ adwuma.
Some people can't afford to buy indoor sprays.,Nnipa binom ntumi ntɔ nnuru a wɔde petepete dan mu.
The machines should be responsibly handled and taken care of.,Mfidie a wɔde di dwuma no ɛsɛ sɛ wɔsɔ mu yie na wɔdi no ni.
"Official communication should be taken seriously, as it often conveys important information, instructions, or policies from authoritative sources.","Ɛsɛ sɛ wobu aban nkitahodi aniberesɛm, efisɛ ɛtaa de nsɛm a ɛho hia, akwankyerɛ, anaa nhyehyɛe ahorow a efi mmeae a ɛwɔ tumi ma."
People have not benefitted from the government programs.,Nkorɔfoɔ anya mfasoɔ amfiri aban nnwumadie no mu.
More fans offer their contribution to the club.,Akyitaafo pii de wɔn ntoboa ma kuw no.
Every disease has its own signs and symptoms.,Yare biara wɔ ne nsɛnkyerɛnne
People need to be acknowledged for the existing diseases in society.,Ɛsɛ sɛ wɔgye nkorɔfoɔ tom wɔ nyarewa a ɛwɔ hɔ deda wɔ kuro mu no ho.
The district should provide ambulance services for the people.,Ɛsɛ sɛ mansini no nya lɔre a sɛ obi yare a wɔde bɛfa no
Men with wives have unstable families because they cannot cater for their needs.,Mmarima a wɔwɔ yerenom wɔ mmusua a entumi nnyina efisɛ wontumi nni wɔn ahiadeɛ ho dwuma.
The officials want to resist the role of witch doctors women delivering.,Mpaninfoɔ no pɛ sɛ wɔsi abayifoɔ dɔkotafoɔ mmaa awoɔ dwumadie ho kwan.
I am studying information technology at the university.,Meresua nsɛm ho amanneɛbɔ ho ade wɔ sukuupɔn no mu.
Nowadays it's very important for parents to enlighten their children about sex education.,Mprempren ɛho hia yiye sɛ awofo ma wɔn mma nya nna ho nkyerɛkyerɛ ho nimdeɛ.
It's the police's duty to carry out investigations on crimes committed and it is your responsibility to report to the police.,Ɛyɛ polisifoɔ asɛdeɛ sɛ wɔyɛ nhwehwɛmu wɔ nsɛmmɔnedi a ɛkɔso ho na ɛyɛ w’asɛdeɛ sɛ wobɛbɔ polisifoɔ amanneɛ.
The yellow fever vaccine is given to adults only.,Wɔde yellow fever vaccine no ma mpanyimfo nkutoo.
People with disabilities need to be well taken care of.,ɛsɛ sɛ wɔhwɛ nnipa a wɔadi dɛm yiye.
Talent development and creativity is another way to improve their lives.,Talent nkɔso ne adebɔ yɛ ɔkwan foforo a wɔfa so ma wɔn asetra tu mpɔn.
Members of parliament are really not delivering as they promised.,Mmarahyɛbadwafoɔ no mufo nnyɛ adwuma sɛnea wɔhyɛɛ bɔ no.
The district has ignored the education institutions in the area.,Ɔmantam no abu wɔn ani agu nhomasua asoɛe ahorow a ɛwɔ mpɔtam hɔ no so.
Sports betting is not for those below the age of eighteen.,Agumadi mu kyakyatow nyɛ nea wɔde ma wɔn a wonnii mfe dunan.
"In 2000, Mills became the NDC's candidate for the 2000 presidential election after Rawlings had served his constitutionally mandated terms as president.","Wɔ afe 2000 mu no, Mills bɛyɛɛ NDC kandifoɔ maa afe 2000 ɔmampanyin abatoɔ no berɛ a Rawlings dii ne berɛ a mmarahyɛ bagua no ahyɛ sɛ ɔmampanyin no akyi."
We should vote for people who are will bring change to our communities.,Yɛnto aba mma nnipa a wɔde nsakraeɛ bɛba yɛn mpɔtam.
The rain season is the best season for growing crops.,Osutɔ bere ne bere a eye sen biara a wobetumi adua nnɔbae.
The distribution of electricity will contribute to the development of certain regions.,Ɛlektrik ahoɔden a wɔbɛkyekyɛ no bɛboa ama mpɔtam bi anya nkɔso.
It is never good for one to be called a criminal.,Ɛnyɛ papa da sɛ wɔbɛfrɛ obi sɛ ɔwudini.
Taking part in sports produces players for the national team.,Agumadi mu kyɛfa a wonya no ma wonya agodifo ma ɔman kuw no.
The ongoing project is expected to conclude after a duration of four years.,Wɔhwɛ kwan sɛ adwuma a ɛrekɔ so no bɛba awiei wɔ mfe anan akyi.
It's the government's responsibility to make sure there are drugs in hospitals.,Ɛyɛ aban no asɛdeɛ sɛ ɔbɛhwɛ sɛ nnuro wɔ ayaresabea.
"Common foods for Ghanaians are Kenkey, Palm nut soup, Abolish,Kpoikpoi,Akple and Fetri Detsi,Waakye, Shito, Banku, Groundnut soup, Palm wine, Gari Foto, Omo Tuo and more.","Nnuan a Ghanafo taa di ne Kenkey, Palm nut soup, Abolish,Kpoikpoi,Akple ne Fetri Detsi,Waakye, Shito, Banku, Groundnut soup, Palm wine, Gari Foto, Omo Tuo ne nea ɛkeka ho."
It is good for employees to train and develop new job skills.,Ɛyɛ papa sɛ adwumayɛfo bɛtete na wɔanya adwumayɛ ho nimdeɛ foforo.
Many people living with the viral infection lose their jobs because of their status.,Nnipa pii a wɔwɔ ɔyare mmoawa no hwere wɔn adwuma esiane wɔn tebea nti.
Kiswahili teachers have been trained by the government,Aban no atete Kiswahili akyerɛkyerɛfoɔ.
The business enterprises were recognised during a taxpayers luncheon at desert breeze hoter.,Wogyee nnwumayɛbea ahorow no toom wɔ towtuafo awia aduan bi ase wɔ anhweatam so mframa a ɛyɛ hyew no mu.
Civil servants are employed and paidby the government..,Ɔman adwumayɛfoɔ yɛ adwuma na aban no tua wɔn ka..
The school's good performance attracted students from other regions.,Sukuu no adwumayɛ pa no twee sukuufo a wofi mmeae afoforo.
Bushy roads are of great risk to road users.,Akwan a ɛso yɛ sare no yɛ asiane kɛse ma wɔn a wɔfa akwan so no.
Maternity leave starts before the expected date of birth for your child.,Awoɔ akwamma fi aseɛ ansa na da a wɔhwɛ kwan sɛ wo bɛwo no adu.
How much money is needed to change one's way of living?,Sika ahe na ehia na ama obi asesa n’asetra kwan?
The district should establish various programs to support the girl child.,Ɛsɛ sɛ mansini no de nhyehyɛeɛ ahodoɔ pii a ɛbɛboa mmaayewa nketewa gugu akwan mu.
The quarantine period has been running for two weeks.,Bere a wɔde bɛto nnipa mu no akɔ so adapɛn abien ni.
Most cattle keepers in the north use traditional weapons in protecting animals.,Anantwihwɛfo dodow no ara a wɔwɔ atifi fam no de tete akode na edi dwuma de bɔ mmoa ho ban.
The sub counties will receive income to properly plan for the people.,Aman nkitiwa no benya sika a wɔde bɛyɛ nhyehyɛe pa ama nkurɔfo no.
The majority of the successful people in our country are educated.,Nnipa pii a wɔadi yie wɔ ɔman yi mu no yɛ wɔn a wɔakɔ sukuu.
"Many teachers are successfully registering on the teachers management system , this is under the impression that through this they will manage to make education better and loved more by students","Akyerɛkyerɛfo pii atumi akɔ wɔ akyerɛkyerɛfo sɔhwɛ nhyehyɛe no so, eyi wɔ adwene a ɛne sɛ ɛnam eyi so no wobetumi ama nhomasua ayɛ papa na asuafo adɔ wɔn kɛse no ase"
"The youth livelihood program targeted poor and unemployed youth, aiming to uplift their economic situations.","Mmabun asetrade nhyehyɛe no de wɔn ani sii mmerante ne mmabaa a wodi hia ne wɔn a wonni adwuma so, na na wɔn botae ne sɛ wɔbɛma wɔn sikasɛm tebea akɔ soro."
Announcements were made during a meeting held by Muslim organ,Wɔde amanneɛbɔ ahorow mae wɔ nhyiam bi a Nkramofo kuw bi yɛe ase
The district committee plans to raise teacher's salaries next financial year.,Mansini badwa no abɔ wɔn tirim sɛ wɔbɛtoto akyerɛkyerɛfoɔ akatua mu wɔ afe a ɛdi yɛn anim no mu.
"This led to a break between him and Lincoln, though after he rose to prominence in the Gold Coast, he returned in 1951 to accept an honorary degree","Yei nam so maa ɛkwan bi bɛdaa ɔne  Lincoln ntam, ɛwom sɛ berɛ a ɔbɛdii adeɛ wɔ Gold Coast akyi no, ɔsan baa afe 1951 mu bɛgyee animuonyam abodin"
What should be done by local government to develop their local areas?,Deɛn na ɛsɛ sɛ aban a ɛwɔ nkuro mu no yɛ na ama wɔn mpɔtam atu mpɔn?
There are a number of companies dealing with funeral services in Ghana.,Nnwumakuw dodow bi wɔ hɔ a wɔyɛ ayiyɛ ho adwuma wɔ Ghana.
The education system is too expensive to be afforded by everyone.,Nwomasua no boɔ yɛ den dodo sɛ obiara bɛtumi atua ɛho ka.
"His old teacher Aggrey had died in 1929 in the US, and in 1942 Nkrumah led traditional prayers for Aggrey at the graveside.","Na ne kyerɛkyerɛfo dedaw Aggrey awu wɔ afe 1929 mu wɔ U.S., na wɔ afe 1942 mu no, Nkrumah dii amanne kwan so mpaebɔ anim maa Aggrey wɔ ɔdamoa ho."
"I was born in Eastern Ghana, and he pleaded guilty to the murder charges.","Wɔwoo me wɔ Ghana Apuei fam, na ogyee awudi ho sobo no toom."
People sometimes use mosquito nets in poultry farming.,Ɛtɔ mmerɛ bi a nkorɔfoɔ de ntontom nɛɛte di dwuma wɔ nkokɔyɛn adwuma mu.
Farms are affected by a new weed in the region.,Nwura foforo bi a aba wɔ mpɔtam hɔ ama kuayɛ ayɛ basaa.
A team will forward information to members present.,Ekuo no de nsɛm bebrɛ ekuomma a wɔwɔ hɔ seesie.
One hundred fifty orphans have been given scholarships in the district and they also received scholastic materials and school requirements.,Wɔama nyisaa ɔha aduonum sika a wɔde bɛboa wɔn wɔ ɔmantam no mu na wɔsan nso nyaa adesua ho nneɛma ne sukuu ahwehwɛde ahorow.
Funds allocated to maintain roads are not enough.,Sika a kyɛ dema sɛ wɔn nfa siesie akwan no nnɔɔso.
"In rural areas, some health centers lack quality services for pregnant women.","Wɔ nkuraase no, apomuden asoɛe ahorow bi nni nnwuma pa a wɔde ma mmea a wɔyem."
Many children who don't have parents are in orphanages.,Mmofra pii a wonni awofoɔ wɔ nnyankafie.
"As a traditional leader, which chiefdom do you come from?","Sɛ́ atetesɛm kannifo no, ɔpanyin bɛn na wufi mu?"
The amount of a war widow pension depends on the rank her husband held.,Ɔko kunafo pɛnhyen sika dodow gyina dibea a ne kunu kura so.
"The organization ensures protection, health and other living conditions of refugees.","Ahyehyɛde no hwɛ hu sɛ aguanfo bɛbɔ wɔn ho ban, akwahosan ne asetra tebea afoforo."
Local businesses should register with the local government.,Ɛsɛ sɛ mpɔtam hɔ nnwumayɛfoɔ twerɛ wɔn din wɔ mpɔtam hɔ aban no nkyɛn.
Fatimah had an abortion because she knew that she couldn't raise a baby on her own.,fatimah yii nyinsɛn gui ɛfiri sɛ na ɔnim sɛ ɔno nko ara ɔrentumi ntete akokoaa.
The diocesan secretary was honoured for being part of the ceremony.,Wɔhyɛɛ asɔre no kyerɛwfo no anuonyam sɛ ɔkaa guasodeyɛ no ho.
Residents want the government to repair the saterlite.,ɛhɔfo pɛ sɛ aban no siesie satellite no.
Feedback is very helpful in the evaluation phase.,Mmuae ho hia ma nhwehwɛmu mu bere.
People will engage in business activities as a result of infrastructural development .,Nkurɔfoɔ de wɔn ho bɛhyɛ adwadie dwumadie ahodoɔ mu esiane nnwuma a wɔde bɛyɛ adwuma nti .
Community leaders have to sensitize girls to remain in school.,Ɛsɛ sɛ mpɔtam hɔ akannifo ma mmeawa te nka na wɔakɔ so akɔ sukuu
No one should go hungry during the pandemic period.,Ɛnsɛ sɛ ɔkɔm de obiara wɔ ɔyaredɔm bere no mu.
Resident district commissioners are representatives of the president in their district.,Mantam soafoɔ a wɔte hɔ no yɛ ɔmampanyin no ananmusifoɔ wɔ wɔn mantam mu
Retirement age for civil servants has been cut from sixty to fifty.,Wɔate mfe a aban adwumayɛfo tumi kɔ pɛnhyen no so afi aduosia akodu aduonum.
There are land wrangles between refugees and host communities in Northern Ghana.,Yɛwɔ asase ho ntawantawa wɔ adwanekɔbea ne nkuro wuranom wɔ Ghana Atifi.
The government appeals to people to plant trees in their area of residence.,Aban no srɛ ɔmanfoɔ no sɛ wɔnnua nnua wɔ wɔn atenaeɛ
"There are always invalid, spoilt votes that are cast in elections.",Yɛtaa wɔ aba a ɛnyɛ papa na asɛe a wɔto wɔ abatoɔ mu.
The disease is highly dangerous and people should protect themselves from it.,Yare no yɛ hu kɛse na ɛsɛ sɛ nkurɔfo bɔ wɔn ho ban fi ho.
They urged the government to remove the tax imposed on the transactions.,Wɔhyɛɛ aban no sɛ ɔnyi ɛtoɔ a ɔde atoto nneɛma a wɔde di dwa no so no.
The district officials want their people to acquire the best health services.,Manisni no mu mpanimfoɔ no nyinaa pɛ sɛ wɔn nkurɔfoɔ bɛnya ayarehwɛ a ɛdi mu.
He supplemented that youths join any group of their choice without being forced.,Ɔde kaa ho sɛ mmerante ne mmabaa bɛkɔ kuw biara a wɔpɛ mu a wɔrenhyɛ wɔn.
It is your responsibility to take care of your life and hence it is not good to prepare food in a dirty place.,Ɛyɛ w’asɛdeɛ sɛ wobɛhwɛ w’asetena so na ɛno nti ɛnyɛ papa sɛ wobɛsiesie aduane wɔ baabi a ɛho ntew.
Despite all the medication given he passed away.,"Ɛmfa ho nnuru a wɔde maa no nyinaa no, owui."
Laryea earns a salary of eight hundred thousand Ghanaian cedis,Laryea nya akatua a ɛyɛ Ghana cedis mpem ahanwɔtwe
Those below the age of eighteen should avoid engaging in crime.,Ɛsɛ sɛ wɔn a wɔnnii mfeɛ dwunwɔtwe no kwati bɔne.
The fees for the training are very high.,Sika a ɛsɛ sɛ obi tua ansa na wɔatumi agye nteteɛ no bi no boɔ yɛ den dodo
"After his current studies, he shall join a vocational school.","Sɛ owie ne mprempren adesua a, ɔbɛkɔ akɔka adwumayɛ sukuu bi ho."
Stagnant water around homes can lead to an increased number of mosquitos.,Nsu a egyinagyina wɔ afie ho no betumi ama nwansena adɔɔso.
The senior accountant has to approve our budget for the next year.,Ɛsɛ sɛ akontaabufo panyin no pene yɛn sikasɛm nhyehyɛe a yɛde bɛyɛ afe a edi hɔ no so.
Parents should offer sex education to children and not leave it to teachers.,Ɛsɛ sɛ awofoɔ ka ɔbarima ne ɔbaa nna mu nsɛm kyerɛ mmofra na ɛnyɛ sɛ wɔgyae ma atikyafoɔ.
The rich receive a much higher share of benefits rerative to their needs.,Adefo nya mfaso horow a ɛkɔ soro kɛse sen wɔn ahiade ahorow.
People have been told to stay at home during the coronavirus outbreak.,Wɔaka akyerɛ nkorɔfoɔ sɛ wɔntena fie berɛ a coronavirus no baeɛ no.
Stormy rain has blown off the classroom roof and also broke nearby trees.,Osu a ahum kɛse atɔ abɔ sukuu dan no atifi na abubu nnua a ɛbɛn hɔ nso.
The hospital contractor was given forty days to complete the construction project.,Wɔmaa onipa a ɔresi ayaresabea no sɛ ɔmfa nnafua aduanan nwie adwuma no.
Early vaccination is one of the preventative measures of Hepatitis,Nsa a wɔde ma ntɛm no yɛ ɔkwan biako a wɔfa so siw Hepatitis ho kwan
"The two Siblings, Adjoa and Mensah are similar in their mannerisms. Adjoa, for instance, is extremely flirty while Mensah is a womanizer. In fact, Mensah is the undisputed womanizer of the town.","Anuanom baanu no, Adjoa ne Mensah yɛ pɛ wɔ wɔn suban mu. Sɛ nhwɛso no, Adjoa yɛ obi a ɔpɛ ɔbarima ne ɔbea nna kɛse bere a Mensah yɛ ɔbea ho ɔpɛfo. Nokwarem no, Mensah ne kurow no mu ɔbea a akyinnyegye biara nni ho."
The village leader was very annoyed with the criminal.,Akuraa no ase kannifo no bo fuwii ɔbɔnefo no paa.
Leaders are urged to play their roles in society.,Wɔhyɛ akannifoɔ nkuran sɛ wonni wɔn dwumadie wɔ ɔmanfoɔ mu.
"The princess donated soap, clothes and food to the orphans.","Ɔhemmaa no de samina, ntade ne aduan maa nyisaa no."
"His family decided to settle in the village, seeking stability and a sense of belonging.","N’abusua sii gyinae sɛ wɔbɛtra akuraa no ase, na wɔhwehwɛɛ sɛ wɔbɛgyina pintinn na wɔate nka sɛ wɔyɛ wɔn dea."
She loves to cook and experiment with new recipes in her free time.,N’ani gye ho sɛ ɔbɛnoa aduan na wasɔ aduannoa ho akwankyerɛ foforoɔ ahwɛ wɔ n’ahomegye bere mu
As a worker i must faithfully execute my tasks.,"Sɛ́ odwumayɛni no, ɛsɛ sɛ mede nokwaredi di m’adwuma ahorow ho dwuma."
Students were advised to be patriotic and selfless.,Wɔhyɛɛ sukuufo fo sɛ wɔnyɛ ɔman ho dɔ na wɔnyɛ pɛsɛmenkominya
"Teachers in Ghana complain about the little salary they get , that they cannot sustain the families and pay back loans with it.","Akyerɛkyerɛfoɔ a wɔwɔ Ghana nwiinwii wɔ akatua ketewa a wɔnya no ho , sɛ wɔrentumi nhwɛ mmusua no na wɔmfa ntua bosea."
To be able to get water quickly you have to be at the borehole very early.,Sɛdeɛ ɛbɛyɛ a wobɛnya nsuo ntɛm no ɛsɛ sɛ wokɔ nsuo a wɔatu no ho ntɛm pa ara.
It is good to appreciate others where necessary.,Ɛyɛ papa sɛ yɛbɛkyerɛ afoforo ho anisɔ wɔ baabi a ɛho hia.
The new management introduced its self to the community.,Adwumayɛkuw foforo no de wɔn ho kyerɛɛ mpɔtam hɔfo.
Christian fellowships are good for building relationships among members.,Kristofo fekubɔ ye ma abusuabɔ a ɛda asɔremma ntam.
New districts are created so that the government can bring its services nearer to the people.,Wɔpaw amansin foforo sɛnea ɛbɛyɛ a aban no betumi de ne nnwuma abɛn ɔmanfo.
Sanitation should be improved to prevent certain diseases.,ɛsɛ sɛ wɔma ahotew tu mpɔn na ama wɔasiw nyarewa bi ano.
Some public toilets need renovation; they are in bad shape.,Ɛsɛ sɛ wosiesie ɔmanfoɔ tiafi ahodoɔ bi; wɔn tebea nye.
"For you to drive a vehicle, you need to have a driving permit.","Sɛ wubetumi twi kar a, ɛsɛ sɛ wunya tumi krataa."
I go to church for prayers every Sunday.,Mekɔ asɔre kɔbɔ mpae Kwasida biara.
The people thanked the government for giving them aid.,Nkurɔfo no daa aban no ase sɛ ɔmaa wɔn mmoa.
"For a Christian marriage to work, there must be forgiveness between partners.","Sɛ Kristofo aware betumi ayɛ yiye a, ɛsɛ sɛ wɔn mu biara de ne yɔnko mfomso kyɛ no."
If you want to get a loan use the bank where your monthly salary is deposited.,"Sɛ wopɛ sɛ wobɔ bosea a, fa sikakorabea a wɔde wo bosome biara akatua gu hɔ no di dwuma."
"The district has provided help to women so that they can engage in business, aiming to reduce the dependency rate in the district.","Ɔmansin no de mmoa ama mmea sɛnea ɛbɛyɛ a wobetumi de wɔn ho ahyɛ nnwuma mu, a wɔn botae ne sɛ wɔbɛtew dodow a wɔde wɔn ho to wɔn so wɔ ɔmantam no mu no so."
"The incident of theft, where thieves stole our neighbor's property, has increased the feeling of insecurity in the region, causing the community to have sleepless nights.","Sɛdeɛ akurɔfoɔ tumi bɛto hyɛ yɛn afipamfoɔ so wia wɔn nneɛma no ama ɛhu kɛseɛ atɔ ɔmanfoɔ so wɔ mantam no mu, na ama ɔmanfoɔ no ntumi nna anadwo."
She is known for being thrifty. She is always finding ways to save money and make wise financial decisions.,Wonim no sɛ ɔyɛ obi a ɔkora sika pii so. Ɔrehwehwɛ akwan a ɔbɛfa so akora sika so na wasisi sikasɛm ho gyinae a nyansa wom bere nyinaa
Mobile money agents are involved in recent crimes.,Fon sika ho adwumayɛfo de wɔn ho hyɛ nsɛmmɔnedi a ɛkɔ so nnansa yi mu.
How can we put to an end the coronavirus pandemic?,Yɛbɛyɛ dɛn de coronavirus ɔyaredɔm no aba awiei?
I have been playing football for several years,Mabɔ bɔɔl mfe pii ni.
There are high cases of child to child sexual intercourse in schools.,Mmɔfra a wɔne wɔn ho deda no rekɔ so pa ara wɔ sukuu ahodoɔ mu.
The community dialogue will be held for two weeks.,Wɔbɛyɛ mpɔtam hɔ nkɔmmɔbɔ no adapɛn abien
Skilled professionals are often invited to manage and oversee projects,Wɔtaa to nsa frɛ adwumayɛfo a wɔn ho akokwaw ma wɔhwɛ nnwuma so na wɔnhwɛ so
People no longer mind about others but prioritise Selfish interests.,"Nkorɔfoɔ mfa afoforɔ ho bio na mmom, wɔde Pɛsɛmenkomenya di wɔn anim kan."
The organization promised to get for them a trusted driver.,adwumakuo no hyɛɛ bɔ sɛ wobenya ofirikafo a wogye no di ama wɔn.
Lack of medicine in hospitals has led people to resort to self-medication.,Nnuro a wonnya wɔ ayaresabea ahodoɔ no ama nkurɔfoɔ de wɔn ho ahyɛ nnuro a wɔde sa wɔn ho so.
The management system has to be decentralized to every district in the country.,Ɔkwan a wɔfa so bɔ biribi ho bra no ɛsɛ sɛ wɔtrɛ mu ma no duro mansini ahodoɔ no nyinaa mu.
Children should be fed well by their parents.,Ɛsɛ sɛ mmofra ma wɔn awofo aduan pa.
Citizens have a right to make certain demands to their government.,Ɔman mma wɔ hokwan sɛ wɔhwehwɛ nneɛma bi ma wɔn aban.
Men understand pregnancy complications when they go for antenatal visits.,Mmarima te nyinsɛn mu nsɛnnennen ase bere a wɔkɔsra wɔn ansa na wɔawo no.
The police is investigating the death of the refugee.,Polisifo reyɛ nhwehwɛmu wɔ oguanfo no wu ho.
Many girls and women today suffer from breast cancer.,Ɛnnɛ mmaayewa ne mmaa pii wɔ nufuɔ mu kokoram.
The Dutch West India Company operated throughout most of the 18th century.,Dutch West India Adwumakuo no di ne dwuma wɔ afeha a ɛtɔ so dunwɔtwe no nyinaa mu
The water standard of cleanliness was still lacking.,Ná nsu ho gyinapɛn a ɛfa ahotew ho no da so ara nni hɔ.
Her relatives noticed her signs of the pregnancy when she went back home.,N’abusuafo huu ne nyinsɛn no ho sɛnkyerɛnne bere a ɔsan kɔɔ fie no.
The offices are restricted to company employees only.,Adwumakuw no adwumayɛfo nkutoo na wɔabara adwumayɛbea ahorow no.
Some jobs require their employees to work on weekends.,Nnwuma bi hwehwɛ sɛ wɔn adwumayɛfo yɛ adwuma dapɛn awiei.
Let us congratulate Ghanaians representing the country at the start of the Independence week.,Momma yɛnma Ghanafoɔ a wɔgyina ɔman no ananmu wɔ Ahofadie dapɛn no mfitiaseɛ no ayekoo.
Students will receive their report cards next term.,Asuafoɔ nsa bɛka wɔn amanneɛbɔ nkrataa wɔ afe a ɛdi hɔ no mu.
The peoples' hostility is complicating the health workers' job of suppressing outbreaks.,Nnipa no nitan rema akwahosan ho adwumayɛfo adwuma a ɛne sɛ wobesiw ɔyaredɔm a ɛpae no ano no ayɛ den.
Private sector assists the government in providing certain services.,ankorankoro adwumayɛkuw boa aban no ma wɔde nnwuma bi ma.
"After talking to the workers, the officials and workers' representative met with the contractor too.","Bere a wɔne adwumayɛfo no kasae wiei no, mpanyimfo no ne adwumayɛfo ananmusifo no ne adwumayɛfo a wɔyɛɛ adwuma no nso hyiae"
It is the headteacher's role to keep students safe while at school.,Ɛyɛ akyerɛkyerɛfoɔ panyin no dwumadie sɛ ɔbɛma asuafoɔ anya ahobammɔ berɛ a wɔwɔ sukuu mu no.
Eight cows were missing from those that were supposed to be distributed.,Anantwi nwɔtwe ayera a na ɛsɛ sɛ wɔkyekyɛ.
The lady confessed that her husband used to go to school without bathing.,Ɔbaa no kaa sɛ na ne kunu taa kɔ sukuu a ɔnnware.
The pupils in this primary school have a shared toilet for both girls and boys.,Sukuufo a wɔwɔ mfitiase sukuu yi mu no wɔ tiafi a mmeawa ne mmarimaa nyinaa bom yɛ.
A good road network is one of the ways we can promote tourism in Ghana.,Akwan pa yɛ kwan baako a yɛbetumi afa so ama Ghana nsrahwɛ akɔ kan.
The new church is hope for many more marriages.,Asɔre foforo no yɛ anidaso ma aware pii bio.
Last year a woman dumped her baby at the chairman's door.,"Afe a etwaam no, ɔbaa bi kɔtow ne ba guu oguamtenani no pono ano."
Efua also scooped the best talent award whiles one of the competitors won the national crown.,Efua nso nyaa talente a eye sen biara abasobɔde bere a akansifoɔ no mu biako nyaa ɔman abotiri no.
A youth leader was arrested for misusing group members' saving.,Wɔkyeree mmabun kannifo bi sɛ ɔde kuw no mufo sika a wɔde asie no dii dwuma ɔkwammɔne so.
Rental tax is one of the many types of taxes.,tow a wɔbɔ wɔ dan a wɔagye ho no yɛ tow ahorow pii no mu biako.
People have lost their lives because of the human immune virus.,Nkorɔfoɔ ahwere wɔn nkwa ɛnam nipa mmoawa-mmoawa yadeɛ no nti.
The school will lower the illiteracy levels in the area.,Sukuu no bɛma nnipa a wonnim akenkan ne akyerɛw wɔ mpɔtam hɔ no so atew.
"Anyone if dissatisfied by anything, they can file a complaint at the police.","Obiara sɛ n’ani nnye biribiara ho a, obetumi de asɛm akɔdan polisifo."
The number of ordained priests increased to two hundred.,Asɔfo a wɔhyɛɛ wɔn hye no dodow kɔɔ soro koduu ahanu.
"The establishment of the midwifery school was initiated by the woman leader, and the completion of the project has brought happiness to the community.","Sukuu a wɔsi de tete mmaa a wɔbɛgye awoɔ no, ɛyɛ ɔbaa na ɔde saa adwene no baeɛ, na berɛ a wɔwiee saa adansie no, ɛmaa ɔmanfoɔ no ani gyee yie pa ara"
He was involved in a life changing accident.,Ɔde ne ho hyɛɛ akwanhyia bi a ɛsakraa n’asetra mu.
At what age do girls start to get their menstrual period.,Mfeɛ bɛn na mmaayaa hyɛ aseɛ bu wɔn nsa.
"Red symbolizes bloodshed; green stands for beauty, agriculture, and abundance; yellow represents mineral wealth; and the Black Star represents African freedom.","kɔkɔɔ yɛ mogyahwiegu ho ahyɛnsodeɛ; ahabammono gyina hɔ ma ahoɔfɛ, kuayɛ, ne nneɛma pii; kɔkɔɔ gyina hɔ ma aboɔden abo ahonyade; na Nsoromma Tuntum no gyina hɔ ma Afrikafo ahofadi"
Officially one that has made a payment should be given a receipt.,"Wɔ aban kwan so no, ɛsɛ sɛ wɔma obi a watua sika no krataa a wɔde di adanse."
Claims of a headteacher getting involved in embezzlement are of such a disgrace.,Nsɛm a wɔka sɛ ɔkyerɛkyerɛfo panyin bi de ne ho ahyɛ sika a wɔde di dwuma ɔkwammɔne so mu no yɛ animguase a ɛte saa.
The electoral Commission has nullified the candidate since he does not the required qualification.,Abatoɔ Asoeɛ no ayi onipa a ɔgyinaeɛ no afiri mu ɛsiane sɛ ɛnhia ahwehwɛdeɛ a ɛma obi fata no.
The malaria parasite can be spread to humans through bites of infected mosquitoes.,Atiridii yareɛ mmoawa no bɛtumi atrɛtrɛ akɔ Nipa foforɔ hɔ berɛ a ntontom a borɔ wɔ wɔn ano bɛka wɔn.
Some village youths have resorted to pushing travelers through the mud for quick money.,Akuraa ase mmabun binom de wɔn ho ahyɛ akwantufo a wɔbɛpia wɔn afa atɛkyɛ mu so de anya sika ntɛm
Anloga should not have street children around the city centre begging for money.,Ɛnsɛ sɛ Anloga nya mmofra a wɔwɔ mmɔnten so wɔ kuro no mfinimfini a wɔsrɛsrɛ sika.
The agricultural sector was allocated a lot of money.,Wɔkyekyɛɛ kuayɛ adwuma no sika pii.
One ought to love his or her family.,Ɛsɛ sɛ obi dɔ n’abusua.
It is not so common to find women driving motorcycles in Ghana.,Ɛnyɛ adeɛ a ɛtaa ba saa sɛ wubɛhunu mmaa a wɔreka moto wɔ Ghana.
District leaders are lenient on rich business men who break law and order.,Ɔmantam akannifo brɛ wɔn ho ase mma aguadifo adefo a wobu mmara ne nhyehyɛe so.
The district financial year has ended this month.,Ɔmantam sikasɛm afe no aba awiei ɔsram yi.
Before you begin to drive a vehicle you need to know all the traffic rules.,Ansa na wubefi ase aka kar no ɛsɛ sɛ wuhu kar akwan ho mmara nyinaa.
Several technologies have been created to allow teachers reach out to each other and get in touch with their students easily,wɔayɛ mfiridwuma ahodoɔ pii a ɛbɛma akyerɛkyerɛfoɔ atumi akɔ wɔn ho wɔn ho nkyɛn na wɔne wɔn asuafoɔ adi nkitaho ntɛmntɛm
Those admitted to the hospital are usually individuals who are unwell and require medical care and attention.,Wɔn a wɔgye wɔn to ayaresabea taa yɛ nnipa a wɔn ho dodo wɔn na wɔhia sɛ wɔsa wɔn yadeɛ.
How can we improve efficiency in the health sector?,Yɛbɛyɛ dɛn atumi ama adwumayɛ atu mpɔn wɔ akwahosan ho adwumayɛ mu?
The numbers of coronavirus disease have continued to increase slowly.,Coronavirus yareɛ dodoɔ akɔ so akɔ soro nkakrankakra.
The no man's land issue at Dei is hindering cooperation between officials of both states.,Asase a obiara nni hɔ ho asɛm a ɛwɔ Dei no resiw biakoyɛ a ɛda aman abien no nyinaa mpanyimfo ntam no kwan.
The government of Ghana via the ministry of education and sports has reserved funds for acquisition of consultancy services,Ghana aban no nam Asoeɛ a Ɛhwɛ Nwomasua ne Agodie mu nsɛm soɔ no so ayi sika bi ato hɔ a wɔde bɛboa nnipa a wɔba wɔn nkyɛn no
Government has spent heavily in the fight against coronavirus disease.,Aban de sika pii adi dwuma de ako atia coronavirus yare no.
Married ladies are not allowed into the contest.,Wɔmma mmaa awarefoɔ kwan mma wɔnkɔ akansie no mu.
Malaria has several serious complications. Among these is the development of respiratory distress.,Atiridii wɔ nsɛnnennen a aniberɛ wom pii. Eyinom bi ne ɔhome mu haw a ɛde ba no.
Most of the people were vaccinated against the six killer diseases.,Wɔmaa nnipa dodow no ara nnuru a wɔde ko tia nyarewa asia a ekum nnipa no.
Previously the government organized mass immunization to eliminate Polio from Ghana.,kan no aban no yɛɛ nhyehyɛe de nnuru a wɔde bɔ nkurɔfo ho ban ma nnipa pii de yi Polio fi Ghana.
The administrators are overwhelmed by the number of students in school.,Sukuufo dodow a wɔwɔ sukuu no ma adwuma so ahwɛfo no yɛ kɛse.
Appreciations for new eucharistic centres were given to the parish priest.,Wɔkyerɛɛ adidibea foforo ho anisɔ maa asɔre no sɔfo no.
Women are the highest number of people that go to church.,Mmaa ne nnipa a wɔdɔɔ so pa ara a wɔkɔ asɔre.
It is very rare to beat an incumbent with just a ballot paper,Ɛntaa mma koraa sɛ wode abatoɔ krataa kɛkɛ bɛboro obi a ɔredi tumi.
One should be shrewd should one want to succeed in the business world. Having a shrewd mindset will you to quickly identify profitable opportunities and take advantage of them.,"Ɛsɛ sɛ obi yɛ anifere sɛ ɔpɛ sɛ odi yiye wɔ aguadi wiase no mu a. Sɛ wunya adwene a ɛyɛ anifere a, ɛbɛboa wo ma woahu hokwan ahorow a mfaso wɔ so ntɛm na wode adi dwuma."
"The government has revised its budget, reallocating funds for different purposes.","Aban no ayɛ fotoɔ a ɔtwaeɛ no mu nsakraeɛ, asesa sika no bi dwumadie de ama nnwuma afoforɔ"
"The more the voters, the more chances of winning the elections.","sɛ woya mma no mu beberee, ɛma woakwanya sɛ wode bɛdi nkunim no nso dɔɔ so."
It is illegal for a civilian to have a gun.,Ɛyɛ mmara so bu sɛ ɔmanfo a wɔnyɛ asraafo benya tuo.
Men don't want to accompany their wives for medical checkups.,Mmarima mpɛ sɛ wɔne wɔn yerenom bɛkɔ akɔhwɛ wɔn ho mu wɔ aduroyɛ mu.
That style of dancing has become famous latery.,Saa asaw kwan no abɛyɛ nea agye din akyiri yi.
Children below five are the most affected by malnutrition.,Mmofra a wonnii mfe anum na aduan pa a wonnya nni ka wɔn kɛse.
Girl child education is still not yet welcomed by some societies.,Mmaayewa sukuukɔ da so yɛ ade bi a fekuw bi ngye ntomu yɛ.
Instead of violence their other legal ways of confronting issues that affect us.,"Sɛ anka wɔbɛyɛ basabasa no, wɔn mmara kwan so akwan afoforɔ a wɔfa so di nsɛm a ɛka yɛn ho dwuma."
Health facilities with poor services have been shunned by sick people.,Nnipa a wɔyare akwati akwahosan ho adwumayɛbea ahorow a nnwuma nyɛ papa.
elders will have access to their basic needs.,mpanyimfo benya wɔn ahiade titiriw.
How much money will be allocated to the project in the next financial year?,Sika ahe na wɔbɛkyekyɛ ama adwuma no wɔ sikasɛm afe a edi hɔ no mu?
It is the desire of every woman to give birth to a live baby.,Ɛyɛ ɔbaa biara pɛ sɛ ɔbɛwo akokoaa a ɔte ase.
How can a loan result into domestic violence?,Ɔkwan bɛn so na boseabɔ betumi de ofie basabasayɛ aba?
To come up with a better solution to a problem you need to first plan.,"Wobɛtumi anya ɔhaw bi ano aduro a ɛfata a, ɛsɛ sɛ wodi kan susu ho."
If your husband is irresponsible then use family planning.,Sɛ wo kunu nni asɛyɛde a ɛnde fa abusua nhyehyɛe di dwuma.
People fear to wed because of the huge costs incurred.,Nkorɔfoɔ suru sɛ wɔbɛyɛ ayeforɔ ɛsiane ɛka kɛseɛ a ɛwɔ mu nti.
"She was known for her selfish behavior, always putting her needs above others'.",Wɔde no too afiase esiane sɛ wantua bosea no nti.
A leader usually wants the best for their people.,Ɔkannifoɔ tae pɛ deɛ ɛyɛ ma ne nkurɔfoɔ.
Soldiers can also starve just like anyone erse.,Asraafo nso tumi de ɔkɔm te sɛ obiara erse.
She was arrested and held in custody by police.,Polisifo kyeree no de no too afiase.
"It's now five times, she is avoiding to meet me.","Seesei ɛyɛ mpɛn nnum, ɔrekwati sɛ obehyia me."
Legal officers educated the residents about the law.,Mmaranimfoɔ kyerɛkyerɛɛ wɔn a wɔte hɔ no mmara no ho adeɛ.
"Failure to follow the standard operating procedures can lead to the closure of the market, emphasizing the importance of adhering to guidelines for public safety.","Sɛ wɔanni nhyehyɛe a wɔde yɛ adwuma no so a, ebetumi ama wɔato gua no mu, na eyi si hia a ɛho hia sɛ wodi akwankyerɛ ahorow a ɛfa ɔmanfo ahobammɔ ho so no so dua."
I love public holidays because they renew my mind and body.,M’ani gye ɔmanfo nnapɔnna ho efisɛ ɛma m’adwene ne me nipadua yɛ foforo.
People have now resorted to underground water sources.,Seesei nkorɔfoɔ tu nsuo wɔ fam.
Some COVID-19 cases are returnees from other countries.,Wɔn a wɔanya COVID-19 no bi yɛ wɔn a wɔasan aba afi aman foforo so.
There are no specialized doctors to do the operation in that hospital.,Adɔkotafoɔ a wɔsa yareɛ pɔtee biara nni hɔ a wɔbɛyɛ opirehyin wɔ ayaresabea hɔ.
Students ought to know one can be successful in sports and not only academics.,Ɛsɛ sɛ asuafoɔ hu sɛ obi betumi adi yiye wɔ adwumadi mu na ɛnyɛ nhomasua mu nkutoo
How can we ensure adquate supply of food?,Yɛbɛyɛ dɛn atumi ahwɛ ahu sɛ yebenya aduan a ɛfata?
Refugee schools lack textbooks for students to use.,aguanfo sukuu ahorow nni nhoma ahorow a sukuufo de bedi dwuma.
Sports and fitness sessions are very important to the human health as encouraged by the Ministry of Education and Sports.,Agumadi ne apɔw-mu-teɛteɛ ho hia yiye ma nnipa akwahosan sɛnea Nhomasua ne Agumadi Dwumadibea no hyɛ ho nkuran no.
Farmers produce enough food for both local and international markets.,Akuafo nya nnuan a ɛbɛso wɔn a wɔwɔ ɔman no mu ne aman foforo so nyinaa.
The district officials will be in charge of registering refugees.,Manisni no mu mpanimfoɔ no no na wɔbɛtwerɛtwerɛ atukɔtenafoɔ no din
The team was excited that their children enjoyed the game.,Kuw no ani gyei sɛ wɔn mma ani gyee agoru no ho.
Moslems have been urged to stay away from violent acts.,Wɔahyɛ Nkramofo nkuran sɛ wɔntwe wɔn ho mfi basabasayɛ ho.
Budgets indicate estimates of costs that can be adjusted.,Budget ahorow kyerɛ ɛka a wɔbɔ ho akontaabu a wobetumi ayɛ mu nsakrae.
An Asante Akim North resident agreed with the police's assumptions for it could be dirty politics.,Asante Akim North tefo bi penee polisifo nsusuwii so efisɛ ebetumi ayɛ amammuisɛm a ɛho ntew.
The current president was cleared to run for another term in office,Wɔmaa mprempren ɔmampanyin no kwan sɛ ɔnkɔsi akan bio wɔ dibea foforo mu
"To receive some benefits, veterans need a letter proving their status.","Nea ɛbɛyɛ na wɔn nsa aka mfasoɔ binom no, ɛsɛ sɛ asogyafoɔ a wɔadi ako pɛn no nya krataa bi a ɛbɛkyerɛ wɔn dibea."
Every year students from different parts of the world traver to Ghana to study.,Afe biara sukuufo fi wiase afanan nyinaa ba Ghana besua ade.
Farmers need to implement modern methods of farming.,Ɛsɛ sɛ akuafo de abɛɛfo kwan a wɔn bɛfa so ayɛ wɔn adwuma.
"The natives of Simpa (Winneba) adore and hold in high esteem their principal deity, Penkye Otu, for leading their ancestors through the arduous journey from Timbuktu to their present settlement.","wɔn a wɔfiri Simpa (Winneba) som na wɔkura anyame atitiriw, Penkye Otu mu yie, sɛ wɔdii wɔn nananom anim wɔ wɔn akwantuo mu firi Timbuktu de bɛpue deɛ wɔteɛ nnɛ."
Avoid taking the law in your hands but rather report to the police.,Kwati sɛ wode mmara no bɛhyɛ wo nsa na mmom bɔ polisifo amanneɛ.
It is the best organized town in the district.,Ɛyɛ kuro a wɔahyehyɛ no yie sene biara wɔ mantam no mu.
Millions of people rery on animals for food.,Nnipa ɔpepem pii de wɔn ho to mmoa so na  ama wonya aduan.
The naming of a child in some tribes calls for a big cerebration.,Mmɔfra binom din hia sɛ yɛhyɛ ho fa.
The government has allowed churches to have congregations of two hundred people.,Aban no ama kwan sɛ nsɔre no bɛtumi akyɛ wɔn mu akuo ahodoɔ mmienu.
Employees need favorable working conditions while at work.,Adwumayɛfo hia adwuma mu tebea pa bere a wɔwɔ adwuma mu no.
Laziness has attacked school children that feel that earning from fishing is enough.,Aniha ato sukuufoɔ mmofra a wɔte nka sɛ sika a wonya fi mpataayie mu no dɔɔso so.
Countries neighbouring Ghana will also benefit from the same project.,Aman a wɔbɛn Ghana nso benya adwuma koro no ara so mfaso.
Infrastructure development plays an important role in Ghana's economic growth.,Nneɛma a wɔde yɛ adwuma no di dwuma titirie wɔ Ghana sikasɛm mu nkɔsoɔ mu.
I have not yet received my national identity card.,Minnya nnyaa me ɔman ho adansedi kaade no.
Leaders lack information about the whereabouts of the refugees.,Akannifoɔ nni nsɛm a ɛfa baabi a adwanefoɔ no wɔ ho.
More schools should be built in the Northern part of Ghana to bridge the educational gaps between them and other regions,Ɛsɛ sɛ wɔsisi sukuu pii wɔ Ghana Atifi fam de siw nhomasua mu nsonsonoe a ɛda wɔne mpɔtam afoforo ntam no ano
"Although the rulers of the Dagomba states were not usually Muslim, they brought with them, or welcomed, Muslims as scribes and medicine men.","Ɛwom sɛ na Dagomba aman no sodifo ntaa nyɛ Nkramofo de, nanso wɔde Nkramofo bae, anaasɛ wogyee wɔn fɛw so sɛ akyerɛwfo ne nnuruyɛfo."
People have been pressured to join in achieving district goals and objectives.,Wɔahyɛ nkorɔfoɔ sɛ wɔmfa wɔn ho nhyɛ mansinu no anisoadehuhu ne botaeɛ no ho.
The reports for kidney problems turned out negative.,Amanneɛbɔ ahorow a ɛfa asaabo mu haw ahorow ho no bɛyɛɛ nea enye.
"The school administrator wrote to the council, but no one replied.","Sukuu sohwɛfo no kyerɛw krataa kɔmaa baguafo no, nanso obiara ammua."
Children should be raised in an upright manner.,Ɛsɛ sɛ wɔtete mmofra wɔ ɔkwan a ɛteɛ so.
The teacher asked if the parents burdened children with house chores.,Ɔkyerɛkyerɛfo no bisae sɛ awofo no de ofie nnwuma hyɛ mmofra so anaa.
Health practitioners will be equipped with skills check for different diseases.,Wɔde ahokokwaw a wɔde hwehwɛ nyarewa ahorow bɛhyɛ akwahosan ho adwumayɛfo.
Lecturers should only hold professional rerations with their students.,Ɛsɛ sɛ akyerɛkyerɛfoɔ ne wɔn asuafoɔ nya adwumayɛ ho abusuabɔ nkoaa.
People should be alert and provide information to security organs.,Ɛsɛ sɛ nkorɔfoɔ ani da hɔ na wɔde nsɛm ma ahobammɔ kuo no.
The village leader urged the community to work hand in hand with the officers.,Akuraa no ase kannifo no hyɛɛ mpɔtam hɔfo nkuran sɛ wɔne polisifo no nyɛ adwuma nsa ne nsa.
"Many people rear cattle in Western Ghana, contributing to the local economy.","Nnipa pii nyɛn anantwi wɔ Ghana atɔe fam, na ɛboa ma ɛhɔnom sikasɛm kɔ yiye."
More funding was allocated to the education sector.,Wɔde sika pii maa nhomasua adwuma no.
How should farmers handle problems related to the plants?,Ɔkwan bɛn so na ɛsɛ sɛ akuafo di ɔhaw ahorow a ɛfa afifide no ho ho dwuma?
The market vendors advocated for early sex education.,Wɔn a wɔtɔn nnoɔma wɔ dwam no kyerɛɛ sɛ wɔnyɛ nkyerekyerɛ mfa mmaa ne mmarima nhyiamudie ho.
The district leaders imposed a ban on animal movements.,Mpanimfoɔ a wɔda mansini yi ano no de taboɔ too mmoa a wɔgyaa wɔn ma wɔnantenante no so.
People are encouraged to grow both food and cash crops.,Wɔhyɛ nkorɔfoɔ nkuran sɛ wonnua nnuane ne sika nnɔbaeɛ nyinaa.
Parents should not allow their children to stay outside at night.,Ɛnsɛ sɛ awofoɔ ma wɔn mma kwan na wɔtena abɔntene kyɛ anadwo.
Freedom of expression should not come with pain and suffering.,Fawohodie a wɔ ɔkasa ho ɛnsɛ sɛ wɔka ma obi di yaw anaa ohu amane.
Our School is the best in academics in the whole district.,Yɛn Sukuu no yɛ adeɛ wɔ adesua mu wɔ ɔmansini no nyinaa mu.
The teacher reported the students who are fond of standing on their desks while making noise.,Tikyani no kɔbɔɔ sukuuni no a ɔtaa gyina n'adesua pono so berɛ a ɔreyɛ dede no soboɔ.
Our country has been free from war for a long time.,Yɛn man no ade ne ho afiri ɔko mu akyɛ.
Many children and old people have died from measles in Ghana today.,Mmofra ne mpanyimfoɔ pii awuwu wɔ ntoburo ho wɔ Ghana nnɛ.
The organization helps to protect the rights of every child.,Adwumakuo no boa ma wɔbɔ abofra biara hokwan ahorow ho ban.
That child will continue crying until his mother holds him.,Saa abofra no bɛkɔ so asu kosi sɛ ne maame bɛkura no
Taxi drivers are on a sit down strike over the new express penalty system.,Taksikafoɔ reyɛ adwumaden wɔ tra ase wɔ asotwe nhyehyɛe foforo a wɔde ma ntɛmntɛm no ho.
Corruption is a very bad habit done by many people in the country.,Adifudepɛ yɛ su bɔne paa a nnipa pii yɛ wɔ ɔman no mu.
It is the first company to be given an opportunity to make face masks.,Ɛyɛ adwumakuo a edi kan a wɔama wɔn ho kwan sɛ wɔnyɛ anim akatasoɔ.
The public is recently very positive on health-rerated matters.,Nnansa yi ɔmanfo wɔ adwempa kɛse wɔ nsɛm a ɛfa akwahosan ho.
Girls are disinterested in education compared to the boys.,Mmea ani nnye nhomasua ho te sɛ mmarima.
The community raised money for him to be transferred to another hospital.,Mpɔtam hɔfo boaboaa sika ano maa wɔde no kɔɔ ayaresabea foforo.
The girls were proud to represent their home regions as they performed excellent,Mmaayewa no ani gyee sɛ wɔsii wɔn mantam no anan mu ɛfiri na wɔbɔɔ wɔn ho mmɔden yie pa ara
The road is impassable during heavy rains which reduces students' school attendance.,Ɔkwan no yɛ nea wontumi mfa so bere a osu kɛse tɔ a ɛma asuafo sukuukɔ so tew.
The people should be compensated for their land after the game reserve extension.,Ɛsɛ sɛ wotua nkurɔfo no ka wɔ wɔn asase no ho bere a wɔatrɛw game reserve no mu awie no.
Traditional leaders can support government programs in one way or another.,Ahemfo bɛtumi aboa aban nnwuma binom wɔ akwan ahodoɔ so.
Fistfights and chair-throwing broke out in Ghanaian's parliament yesterday.,Ntɔkwaw ne nkongua atotow pue wɔ Ghana mmarahyɛ bagua mu ɛnnora.
The people have a high purchasing power which encourages business in the area.,Nnipa no tɔ adeɛ pa ara na ɛhyɛ adwuma nkuran wɔ mpɔtam hɔ.
The youth are encouraged to engage in agriculture as a source of employment.,Wɔhyɛɛ mmabunu no nkuran sɛ wɔmfa wɔn ho nwura kuayɛ mu sɛ adwuma a wɔyɛ.
The girls worked hard to represent their community.,Mmaayewa no yeree wɔn ho sɛ wɔbɛgyina ama wɔn mpɔtam
The wedding will take place on the weekend.,Ayeforohyia no bɛkɔ so dapɛn awiei.
The notion of deceased individuals seeking revenge is still prevalent in people's beliefs.,Adwene a ɛne sɛ ankorankoro a wɔawuwu hwehwɛ aweredi no da so ara abu so wɔ nkurɔfo gyidi ahorow mu.
Can you believe that elections are next month?,So wubetumi agye adi sɛ abatow bɛba ɔsram a edi hɔ no?
Security organs play a big role in keeping the peace during the voting process.,ahobammɔ ahyehyɛde ahorow di dwuma kɛse wɔ asomdwoe a wɔbɛma aba bere a wɔreto aba no mu.
Taxis load and off load passengers in the middle of the road.,Taksi ahorow de nneɛma gu akwantufo so na wɔde nneɛma gu mu wɔ ɔkwan no mfinimfini.
People do not take their human immune virus drugs.,Nkorɔfoɔ nnom wɔn nnuru a ɛma nipadua no tumi ko tia nyarewa no.
Drivers are warned against driving at high speeds.,Wɔbɔ karkafo kɔkɔ sɛ ɛnsɛ sɛ wɔde ahoɔhare kɛse ka kar.
Cholera has broken out in Labadi because of poor hygiene.,Kɔlera asɛe wɔ Labadi esiane ahotew a enye nti.
Ministry of Education and Sports offices are closed whenever they have important activities .This is to allow their staff to participate in these activities.,Wɔto Nhomasua ne Agumadi Dwumadibea adwumayɛbea ahorow mu bere biara a wɔbɛyɛ dwumadi ahorow a ɛho hia. Wɔyɛ eyi sɛnea ɛbɛyɛ a wɔn adwumayɛfo betumi de wɔn ho ahyɛ saa dwumadi ahorow yi mu.
The police is trying to do whatever it can to reduce on the road accidents,Polisifo rebɔ mmɔden sɛ wɔbɛyɛ nea wobetumi biara de atew akwanhyia a ɛba wɔ akwan so no so
People need a place where they can participate in sports activities.,Nkorɔfoɔ hia beaeɛ a wɔbɛtumi de wɔn ho aka agudie nnwumadie ho.
The officials had a strategic meeting at Hoter desert breeze.,Aban mpanyimfo no yɛɛ nhyehyɛe ho nhyiam wɔ Hotel desert breeze.
Health officers need protective gears like face masks and gloves in treating corona patients,Akwahosan adwumayɛfo hia nneɛma a wɔde bɔ wɔn ho ban te sɛ anim akataso ne nsateaa wɔ corona ayarefo ayaresa mu
Stubborn students are expelled from school. Which university did you graduate from?,Wɔpam sukuufoɔ a wɔn tirim yɛ den fi sukuu mu. Sukuupɔn bɛn na wuwiee?
The Ga people celebrate Homowo in the remembrance of the famine that once happened in their history in precolonial Ghana.,Gafoɔ hyɛ Hɔmɔwɔ fa no de kae ɛkɔm bi a ɛsii wɔn asase so ansa na Ghana rebɛnya faahodie no
The village committee has directed residents to report all strangers in their community.,Akuraa no ase boayikuw no ahyɛ wɔn a wɔte hɔ no sɛ wɔmfa ahɔho a wɔwɔ wɔn mpɔtam hɔ nyinaa amanneɛ
You can not count the number of secondary schools in Ghana these days.,Worentumi nkan ntoasoɔ sukuu dodoɔ a ɛwɔ Ghana seesei.
During the lockdown the turn up for immunization was very low.,Wɔ lockdown mu no na turn up for immunization no sua koraa.
Driving a vehicle without a driving permit is breaking a law,Sɛ wobɛka kar a wunni tumi krataa a wode bɛka kar no yɛ mmara a wobu so
The headteacher refused to approve the school budget.,Sukuupanin no annye sika a wɔtwaa sɛ wɔmfa mmɔ sukuu no ho bra no antom.
The teacher asked if the parents burdened children with house chores.,Tikyani no bisaa awofoɔ no sɛ wɔde efie nnwuma gu wɔn mma no so a.
People can do anything once they are not happy with the government.,Nkorɔfoɔ bɛtumi ayɛ biribiara berɛ a wɔn ani nnye aban no ho.
Various health organizations have come up to help in boosting maternal health.,Apɔmuden ahyehyɛdeɛ ahodoɔ aba sɛ wɔbɛboa ma apemfoɔ apɔmuden akɔ anim.
It is assumed that politics is a dirty game.,Wosusu sɛ amammuosɛm yɛ agorɔ a ɛho nte.
Some people never want to pay off their debts.,Nnipa binom mpɛ sɛ wobetua wɔn ka da.
Men aged thirty years and above highly participated in the free circumcision,Mmarima a wɔadi mfeɛ aduasa ne akyiri no de wɔn ho hyɛɛ twetiatwa a wontua hwee no mu kɛse
An educated woman is more productive at work.,Ɔbaa a wakɔ sukuu awie tumi yɛ adwuma yiye.
Politicians are urged to fulfill what they promised during campaigns.,Wɔhyɛ amammuifo nkuran sɛ wɔnyɛ nea wɔhyɛɛ bɔ wɔ ɔsatu ahorow mu no so.
The students were given Bibles during the bible study event.,Wɔmaa asuafo no Bible wɔ bible adesua dwumadi no mu.
The teachers stay out of school in fear of being arrested for loans.,Akyerɛkyerɛfo no kɔ sukuu esiane suro a wosuro sɛ wɔbɛkyere wɔn wɔ bosea ho nti.
The revenue authority officer is determined to lock down any business that dodges taxes.,Sika adwumakuo ɔfesa no abɔ n'adwene abɔsoɔ sɛ ɔbɛto adwuma biara a ɛdwane ɛtoɔ tua mu.
The winning team celebrated after the sports gala.,Kuw a wodii nkonim no dii afahyɛ no wɔ agumadi apontow no akyi.
I was recommended to this school by an alumnus.,Obi a wawie sukuu na ɔkamfoo me kyerɛɛ me kɔɔ sukuu yi mu.
Infections during pregnancy can lead to fetal death.,Nyarewa a ɛba bere a wɔyem no betumi ama awotwaa no awu.
He was the former vice president of the country.,Ná ɔyɛ ɔman no ɔmampanyin abadiakyiri.
My brother attended a vocational school for two years.,Me nuabarima kɔɔ adwumayɛ sukuu mfe abien.
The ferry capsized in the lake and killed a number of people.,Suhyɛn no dane butuu wɔ tadeɛ no mu kumm nnipa bebree.
Access to health care services is important to good health.,Akwahosan ho nhyehyɛe a wobenya no ho hia ma akwahosan pa.
A town board serves as a focal point and coordinator for physical planning.,Kurow no mu bagua bi yɛ beae a wɔde wɔn adwene si so ne ɔkwankyerɛfo ma honam fam nhyehyɛe.
The project was handed over to three contractors.,Wɔde adwuma no hyɛɛ adwumayɛfo baasa nsa.
"The headteacher has failed to uphold the standards of the schools by neglecting essential tasks such as recruiting, monitoring, and evaluating teachers' performances.","Sukuupanin no antumi ammoa amma sukuu no antu mpɔn ɛfiri sɛ, wanyɛ n'adwuma a ɛne sɛ ɛsɛ ɔfa akyerɛkyerɛfoɔ foforɔ, ɔma n'ani ku akyerɛkyerɛfoɔ no ho, na ɔhwɛ sɛdeɛ akyerɛkyerɛfoɔ no mmɔdemmɔ teɛ no."
He spoke aloud to ensure that everyone in the room could hear his message clearly.,Ɔkasae denden sɛnea ɛbɛyɛ a obiara a ɔwɔ dan no mu betumi ate ne nkrasɛm no yiye.
The district has been supported in all dimensions to ensure rural development .,Wɔaboa ɔmantam no wɔ afã horow nyinaa mu de ahwɛ ahu sɛ nkuraase nkɔso .
"If reconciliation takes place, there will be peace in the area.","Sɛ mpata ba a, asomdwoe bɛba mpɔtam hɔ."
If you are irresponsible there is careressness about the results of your actions.,"Sɛ woyɛ obi a onni asɛyɛde a, nea efi wo nneyɛe mu ba no ho adwennwene wɔ hɔ."
There is no problem with raising your issues to the government.,Mfomsoɔ biara nni ho sɛ wode wo nsɛm bɛdan aban no.
Farmers were trained on how to do agri-business.,Wɔmaa akuafo no ntetee sɛnea wɔbɛyɛ agribusiness.
The engineers have analyzed the impact of the bridge on the environment.,Wɔn a wɔyi akwan no ahwɛ sɛdeɛ nsamsoɔ ka yɛn atenaeɛ
It is better to stand while addressing a big crowd.,Ɛyɛ papa sɛ wubegyina hɔ bere a worekasa akyerɛ nnipadɔm kɛse.
It's not a must that you are supposed to depend on your parents.,Ɛnyɛ ade a ɛyɛ kyenkyenee sɛ ɛsɛ woma w’awofo na ɛhwɛ wo.
Aspiring leaders need to mobilise their voters before the voting day.,Ɛsɛ sɛ akannifo a wɔpɛ sɛ wɔtow aba no boaboa wɔn a wɔtow aba no ano ansa na da a wɔbɛtow aba no adu.
Business owners are encouraged to carryout environmentally friendly activities.,Wɔhyɛ nnwumawuranom nkuran sɛ wɔnyɛ nnwuma a ɛmma nneɛma a atwa yɛn ho ahyia nsɛe.
"Of late, the public is encouraged to avoid crowds.","Nnansa yi, wɔhyɛ ɔmanfo nkuran sɛ wɔnkwati nnipadɔm."
Some medical doctors refused to do their work due to delayed salary payment.,Nnuruyɛfo binom ampene sɛ wɔbɛyɛ wɔn adwuma esiane akatua a wɔkyɛe nti.
The fund has helped many students to chase their dream career.,Sika no aboa asuafoɔ dodoɔ no ara ama wɔn adaeɛso aba mu
"In order to construct a new classroom block, every student contributed towards the project, as stated by the bursar when reading out the school budget.","Sɛnea ɛbɛyɛ a wobesi adesuadan foforo no, osuani biara boaa adwuma no, sɛnea bɛɛsa no kae bere a ɔrekenkan sukuu sikasɛm nhyehyɛe no."
I need to learn how to bake cakes and bread.,Ɛsɛ sɛ misua sɛnea wɔtow keeki ne paanoo.
"The head of the family traditionally sprinkles kpoikpoi (a process called ""Nishwamo"") and pours drinks to the ground to honor ancestors following the preparation of Homowo food on Saturday.","Abusua ti no petepete kpoipkoi (wɔfrɛ saa nneyɛɛ yi ""Nishwamo"") na ɔgu nsa de hyɛ nananom nsamanfoɔ animouyam de yɛ ahoboa ma Homowo aduane no Memeneda."
The amount of money received could not cover all the necessary costs.,Sika dodow a wonyae no antumi antua ɛka a ɛho hia nyinaa
Cocoa farmers challenges are as a result of the knowledge gap.,Koko akuafo nsɛnnennen fi nimdeɛ a ɛda wɔn ntam no.
Disease outbreaks can be mitigated through community engagement.,Wobetumi abrɛ nyarewa a ɛpae ase denam mpɔtam hɔfo a wɔde wɔn ho bɛhyɛ mu so.
The rate of school dropouts is exponentially increasing.,Nnipa dodow a wogyae sukuukɔ no renya nkɔanim kɛse.
All the business activities came to a standstill because of their actions.,Adwumayɛ mu dwumadi ahorow no nyinaa gyaee esiane wɔn nneyɛe nti
In order to cover the target course outline only final examinations attempted by candidates.,"Sɛnea ɛbɛyɛ a wobɛka adesua a wɔde asi wɔn ani so no ho asɛm no, kyerɛkyerɛ sɔhwɛ ahorow a etwa to a wɔn a wɔrehwehwɛ akɔ sukuu no abɔ mmɔden sɛ wɔbɛyɛ nkutoo."
"Consistency in business is crucial, as success often comes with many failures.","Adeyɛ a ɛkɔ so daa wɔ aguadi mu ho hia, efisɛ nkonimdi taa de huammɔdi pii ba."
People lack land to engage in economic activities and provide for their children.,Nkorɔfoɔ nni asase a wɔde bɛhyɛ sikasɛm mu dwumadie mu na wɔahwɛ wɔn mma.
Farmers plant their crops in the rainy season.,Akuafo dua wɔn nnɔbae wɔ osutɔbere mu.
Textbooks will be distributed to both private and government schools.,Wɔbɛkyekyɛ adesua nhoma ahorow ama ankorankoro ne aban sukuu ahorow nyinaa.
The district will respond to challenges faced by the people.,Mansini no no bɛdi ɔhaw ahodoɔ ne manfoɔ hyia no ho dwuma
Most parts of Northern Ghana are dry and hot.,Ghana Atifi fam mmeae dodow no ara yɛ wɛsee na ɛhɔ yɛ hyew.
The fire has been contained and the girls are safe.,Wɔadum ogya no nti mmaa no nyinaa anya ahobammɔ.
Almost one hundred per cent of girls drop out of school yearly.,Ɛkame ayɛ sɛ mmeawa ɔha biara mu ɔha gyae sukuu afe biara.
I am the eighth child in a family of eleven.,Meyɛ abofra a meto so awotwe wɔ abusua a emufo yɛ du-baako mu.
"Do you remember the late village chief? He walks with his hat on the head, recalling a specific characteristic of the deceased chief.","So wokae akuraa no ase panyin a wawu no? Ɔde ne kyɛw to ne ti so nantew, na ɔkae ɔpanyin a wawu no su pɔtee bi"
Recently the number of girls in schools has increased.,nnansa yi mmeawa dodow a wɔwɔ sukuu ahorow mu no akɔ soro.
The partnership involves ensuring commercial agriculture and agricultural mechanisation.,Ayɔnkofa no hwehwɛ sɛ wɔbɛhwɛ ma wɔayɛ kua a wɔde di gua ne kuayɛ mfidie.
God blesses us with knowledge to pass exams.,Onyankopɔn ma yɛn nimdeɛ a ɛbɛma yɛatumi adi nkonim wɔ nsɔhwɛ yi mu.
A parish chief was enlightened about the law.,Wɔmaa asɔre panyin bi nyaa mmara no ho nimdeɛ
A Ghanaian has won the prestigious news award.,Ghanani bi anya nsɛm ho amanneɛbɔ abasobɔde a agye din no.
Our home area has the largest number of homes without latrines.,yYɛn fie mpɔtam hɔ na afie a tiafi nni mu no dɔɔso pa ara.
The Headteacher insists that the neighbor hooding school reported them to the police.,Sukuupanin no sii so dua sɛ sukuu a ɛwɔ wɔn nkyɛn no ara na wɔbɔɔ wɔn kwaadu kyerɛɛ apolisifoɔ no.
Cultural promotion is very vital in this competition.,Amammerɛ ho nkɔso ho hia yiye wɔ akansi yi mu.
The officials stressed the importance of forests in the area.,Aban mpanyimfo no sii hia a ɛho hia sɛ wɔyɛ kwae wɔ mpɔtam hɔ no so dua.
The people vowed not to commit crimes out of ignorance anymore.,Nkorɔfoɔ no hyɛɛ bɔ sɛ wɔnyɛ bɔne  a wɔnnim bio.
Polio is quite common in children under the age of five.,Polio abu so koraa wɔ mmofra a wonnii mfe anum mu.
Sometimes people need a reason to believe in something.,"Ɛtɔ da bi a, nkurɔfo hia biribi a wobegyina so agye biribi adi."
There will be a disability sports gala next week at the school fierd.,Wɔbɛyɛ abubuafoɔ bɔɔlobɔ akansie nnawɔtwe a ɛreba yi wɔ sukuu paake no so.
People do not have enough food to eat.,Nkorɔfoɔ nni aduane pii a wɔbɛdi.
"Agbadza can be performed anywhere, at parties, funerals and at naming ceremonies.","Wobɛtumi asa Agbadza wɔ baabiara, wɔ apontuo ase, ayiyɔ ne abadintoɔ."
This place is not safe due to the high number of thieves.,Saa beaeɛ yi nyɛ baabi a ahobammɔ wɔ ɛsiane akorɔmfo a wɔdɔɔso no nti.
"Having made it to the finals, our team worked even harder.","Bere a yɛn kuw no duu awiei no, yɛyɛɛ adwumaden kɛse mpo."
The tournament is a source of employment for the public and to keep the youth engaged and physically fit.,Akansi no yɛ adwuma fibea ma ɔmanfo na ɛma mmabun no kɔ so de wɔn ho hyɛ mu na wɔyɛ nipadua mu ahoɔden.
Students have a right to know their examination results.,Asuafoɔ wɔ hokwan sɛ wɔhunu wɔn sɔhwɛ mu aba.
Every farmer has his/her say on which seeds to plant.,Okuafo biara wɔ ne kyɛfa wɔ aba a ɔbɛdua ho.
Aspirants were warned against early campaigns and only allowed to peaceful consultative gatherings.,Wɔbɔɔ wɔn a wɔpɛ sɛ wɔyɛ saa no kɔkɔ wɔ ɔsatu ahorow a wɔyɛ no ntɛm ho na wɔmaa wɔn kwan sɛ wɔnkɔ asomdwoe mu afotu nhyiam ahorow nkutoo.
People listened carefully while the national budget was being read.,Nkorɔfoɔ yɛɛ aso tieeɛ berɛ a na wɔrekenkan ɔman no sikasɛm nhyehyɛeɛ no.
People will experience famine because of the destruction of agriculture.,Nkurɔfoɔ behyia ɔkɔm esiane kuayɛ a wɔsɛe no nti
The Queen of BGhana has expressed concern over the rising number of teenage pregnancies.,BGhana Hemmaa ada ne haw adi wɔ mmabun nyinsɛn dodow a ɛrekɔ soro no ho.
The electoral Commission has nullified the candidate since he does not the required qualification.,Asoeɛ a ɛhwɛ abatoɔ soɔ no ayi saa onipa no afiri mu ɛfiri sɛ wɔnhia nhwehwɛmu biara wɔ ne ho
Many Ghanaian youths suffer from disease like diabetes due to the way the feed and the food the feed on.,Ghana mmabun pii nya nyarewa te sɛ asikreyare esiane ɔkwan a wɔfa so di aduane ne aduane a wodi nti.
The municipal council has improved water supply in refugee-hosting communities.,Mansini no kansele no atu mpɔn wɔ nsuo kyekyɛ mu wɔ baabi a atubrafoɔ teɛ.
Politicians are still donating food to members of their constituencies during the lockdown.,amammuifoɔ da so ara de aduane rema wɔn amansin mufoɔ wɔ lockdown no mu
"Marketplaces are where we commonly find most vendors, as they serve as hubs for economic activity and trade.","Dwadibea ahodoɔ ne baabi a yɛtaa hu adetɔnfo dodoɔ no ara, efisɛ ɛyɛ mmeae a wɔyɛ sikasɛm mu dwumadie ne dwadie."
People have been going for a medical check-up.,Nkorɔfoɔ kɔ ayaresabea kɔhwehwɛ wɔn ho mu.
The investors are interested in the development of both the community here and their country.,Wɔn a wɔde wɔn sika rehyɛ mu no repɛ mpɔtam ha ne wɔn kurom nyinaa mpuntuo.
A politician is free to belong to any political party.,Ɔmanyɛfo wɔ ahofadi sɛ ɔbɛka amammui kuw biara ho.
"Tradition also holds that, to avoid pursuit and make good their escape, they walked backward with their faces towards the town so that their footprints appeared to be going into the town.","Atetesɛm nso kyerɛ sɛ, sɛdeɛ ɛbɛyɛ a wɔbɛkwati akyidi na wɔayɛ wɔn dwanekɔbea no yie no, wɔde wɔn anim nante sane wɔn akyi kyerɛɛ kuro no sɛdeɛ ɛbɛyɛ a ɛbɛyɛ te sɛ deɛ wɔn nan ase rekɔ kuro no mu."
Students were informed about the importance of education in their life.,Wɔkaa hia a nhomasua ho hia wɔ wɔn asetra mu ho asɛm kyerɛɛ asuafo.
The teachers blamed poor performance on lack of student drive.,Akyerɛkyerɛfo no de asodi no too adwumayɛ a entumi nyɛ yiye no so sɛ ɛyɛ sukuufo a wɔmfa wɔn ho nhyɛ mu.
People have a poor health lifestyle in the area.,Nkorɔfoɔ wɔ apɔmuden abrabɔ a ɛnyɛ wɔ mpɔtam hɔ.
Fathers are responsible for the well being of their families.,Agyanom wɔ asɛyɛde sɛ wɔhwɛ wɔn mmusua yiye.
The lockdown could be lifted once coronavirus cases start reducing,Ɔhyɛ nna a wɔde to nnipa so no bɛba n'awie sɛ korona yareɛ no hyɛ aseɛ sɛ ɛreba fam a.
The donations are not sufficient to cater for the high number of refugees.,Mogya a wɔgyegye no nnɔɔso sɛ ɛbɛso atukɔtenafoɔ bebrebe no nyinaa
The primary symptoms of cholera are profuse diarrhea and vomiting of clear fluid.,Ayamtuo brɛfoɔ nsɛnlyerɛnne titire ne ayamtuo a ano yɛden ne nsuo a ɛmu da hɔ feɛ.
Any good businessman is expected to manage risk.,Wɔhwɛ kwan sɛ aguadifo pa biara bedi asiane ho dwuma.
"During the lockdown, some people were able to feed their families.","Wɔ lockdown no mu no, nnipa binom tumi maa wɔn mmusua aduane."
How often do you need to be vaccinated for hepatitis B?,Mpɛn ahe na ɛsɛ sɛ wɔde hepatitis B bɔ wo ho ban?
A farmer can own more than one piece of land.,Okauni bɛtumi anya asase bɛboro baako.
The project aims at increasing the income levels of the local people in the Gushegu Municipal Assembly,Dwumadie no botaeɛ ne sɛ ɛbɛma mpɔtam hɔfoɔ a wɔwɔ Gushegu Municipal Assembly no sika a wɔnya no akɔ soro
Those who part in gender violence will be arrested and charged.,Wɔbɛkyere wɔn a wɔde wɔn ho mmaa ne mmarima basabasayɛ mu no na wɔabɔ wɔn kwaadu.
The external firm is auditing the finance books.,Adwumakuo afoforɔ bi rehwehwɛ sikasɛm nkrataa no mu abu ho akontaa
"In some communities, people infected with the virus are discriminated.","Wɔ mpɔtam bi no, wɔyɛ nnipa a wɔanya yare mmoawa no nyiyim."
People can get too busy and forget to help those in need.,Nnoɔma tumi gu nkorɔfoɔ so ara ma wɔn werɛ firi sɛ wɔbɛboa wɔn a wɔhia biribi.
The project will ensure regional development .,Adwuma no bɛma ɔmantam no anya nkɔso .
The clan leaders in Nima gave us land for farming.,Abusua akannifo a wɔwɔ Nima no maa yɛn asase sɛ yɛnyɛ kua.
Children should be allowed to sit for exams without paying school fees.,Ɛsɛ sɛ wɔma mmofra kwan ma wɔtra sɔhwɛ mu a wontua sukuu ka.
Our town has developed very fast because of transparent leadership.,Yɛn kuro no anya nkɔsoɔ ntɛmntɛm pa ara ɛnam akannifoɔ a wɔdi nokorɛ na wɔyɛ pɛrepɛre.
To come up with a better solution to a problem you need to first plan.,Sɛdeɛ ɛbɛyɛ a wode ɔhaw anoyie bɛba no wohia sɛ wodi kan yɛ nhyehyɛeɛ.
The children's parents are unsettled since the term is almost ending .,Mmofra no awofo adwene ntew efisɛ ɛkame ayɛ sɛ asɛmfua no reba awiei .
Every political party has its own political influence.,Amanyɔkuw biara wɔ n'ankasa amammuisɛm mu tumi.
"This led to a break between him and Lincoln, though after he rose to prominence in the Gold Coast, he returned in 1951 to accept an honorary degree","Yei maa ɔne Lincoln ntam gyaee, ɛwom sɛ berɛ a ɔnyaa din wɔ Sika Kɔkɔɔ Mpoano akyi no, ɔsane bae wɔ 1951 mu sɛ ɔrekɔgye abɔdin krataa a wɔde nidie ma no."
She has been working in Ghana for five years.,Ɔde mfeɛ nnum ayɛ adwuma wɔ Ghana.
The finance committee chairman was suspended from council meetings.,Wɔtwee baasonkuo a wɔhwɛ sikasɛm soɔ no baanidini no saneeɛ sɛ ɛnsɛ sɛ ɔde ne ho hyɛ badwa no nhyiamu biara mu bio
Her report stated one kibaale resident dead with many Gulu people dead and infected.,N’amanneɛbɔ no kaa sɛ kibaale tefoɔ baako awu a Gulufoɔ bebree awuwu na wɔanya ɔyareɛ no.
He won his opponent by over ten thousand votes in the elections.,Ɔde abatow bɛboro mpem du dii nea ɔne no reko no so nkonim wɔ abatow no mu.
Most of the current presidential candidates are contesting for the first time.,Mprempren wɔn a wɔrehwehwɛ ɔmampanyin dibea no mu dodow no ara resi akan nea edi kan.
"During my primary, we used to go for swimming lessons.","Wɔ me mfitiase sukuu mu no, na yɛtaa kɔ asuguare adesua."
Countries often benefit a lot from collaborating with other countries.,Aman taa nya mfaso kɛse fi aman afoforo a wɔne wɔn yɛ biako no mu.
The ministry issued learning materials to learners during the lockdown.,Asoɛeɛ no de adesua ho nnoɔma kɔmaa adesuafoɔ wɔ Korona Ɔhyɛ nna berɛ mu.
The minister of education and sports did not attend the annual event.,Ɔsoafoɔ a ɔhwɛ nnwomasua ne Agodie so nsɛm no amma afehyia dwabɔ no ase.
All issues raised have to first be discussed and then solved.,Ɛsɛ sɛ wodi kan susuw nsɛm a wɔaka nyinaa ho na afei wodi ho dwuma.
"Being a sole candidate, the rest of the party members shall support him.","Esiane sɛ ɔyɛ ɔkannifoɔ nko ara nti, akuo no mufoɔ a aka no bɛboa no."
Farmers gain a lot of profits from vanilla.,Akuafo nya mfaso pii fi vanilla so.
People with high blood pressure should regularly exercise in order to prevent stroke,ɛsɛ sɛ nnipa a wɔwɔ mogya mmoroso teɛteɛ wɔn apɔw mu daa sɛnea ɛbɛyɛ a wɔrennya akisikuru
Signed partnerships between countries are good for regional development .,Aman ntam fekubɔ a wɔde wɔn nsa ahyɛ ase no ye ma mpɔtam hɔ nkɔso .
A number of both local and international visitors to attend,Mpɔtam hɔ ne amanaman ntam nsrahwɛfo dodow bi a wɔbɛba.
We were requested to condole with the family of the deceased.,Wɔka kyerɛɛ yɛn sɛ yɛnkyekye deɛ wawu no abusua no werɛ.
The new club also participated in the tournament.,Kuo foforo no nso de wɔn ho hyɛɛ akansi no mu.
Doctors need to take precaution when treating corona patients to ensure their safety and prevent the spread of the virus.,Ɛsɛ sɛ nnuruyɛfo yɛ ahwɛyiye bere a wɔresa corona ayarefo yare na ama wɔanya ahobammɔ na wɔasiw mmoawa no ntrɛwmu ano.
"The people of Simpa passed on this tradition to their descendants in the form of songs, and sang it in their war chants and also told it during moonlit nights in story form.","Simpafoɔ no de saa amammerɛ yi gya wɔn nkyirimma wɔ nnwom kwan so na wɔto no wɔ wɔn ako nwomtoɔ mu na afei nso, wɔka no anadwom berɛ a ɔsramo apae wɔ abakɔsɛm kwan so mu."
Always do what your partner wants you to do instead of what you want?Stay with your partner because you are afraid of what your partner would do if you broke up?,Yɛ nea wo hokafoɔ pɛ bere nyinaa sene sɛ wobɛyɛ nea wopɛ? Tena wo hokafoɔ nkyɛn ɛfiri sɛ wusuro nea wo hokafoɔ bɛyɛ sɛ mo ntam tete a?
Most people are afraid of being taken to court.,Nnipa dodow no ara suro sɛ wɔde wɔn bɛkɔ asɛnnibea.
Mast sites are managed by the terecommunication companies.,Nnwumakuo a wɔyɛ telefon so nkitahodie na ɛhwɛ mmeae a wɔde mast si no so.
"As a family, we opened up a group savings account in the bank.","Sɛ́ abusua no, yebuee kuw bi a wɔde sie sikakorabea wɔ sikakorabea."
A number of schools in the region have benefited from the government project.,Sukuu dodow bi a ɛwɔ ɔmantam no mu anya aban adwuma no so mfaso.
Before the festival began the people settled the god at a town called Penkye.,Ansa na afahyɛ no refi ase no nkurɔfo no de onyame no tenaa kurow bi a wɔfrɛ no Penkye mu
Many areas have developed as a result of government projects.,Mmeae pii anya nkɔsoɔ esiane aban nnwuma ahodoɔ nti.
Farmers should mechanize their Agricultural processes to harvest more yields.,Ɛsɛ sɛ akuafo de mfiri yɛ hwɛ wɔn adwuma sɛnea ɛbɛyɛ a wobenya nnɔbae pii.
Some residents of our community earn money from selling stones.,Wɔn a wɔte yɛn mpɔtam hɔ no bi nya sika fi abo a wɔtɔn mu.
The twenty six year old woman was arrested for allegedly defiling a boy.,Wɔkyeree ɔbea a wadi mfe aduonu nsia no sɛ ɔde ne ho agu abarimaa bi ho fĩ.
We should make sure that our people learn from their mistakes.,Ɛsɛ sɛ yɛbɔ mmɔden sɛ yɛn nkurɔfoɔ bɛsua biribi afiri wɔn mfomsoɔ ahodoɔ mu.
Some pupils in rural areas learn while seated under trees.,Sukuufo binom a wɔwɔ nkuraase sua ade bere a wɔte nnua ase no.
Local council one chairpersons will not get salaries this month.,Mpɔtam hɔ kuo badwani baako rennya akatua ɔsram yi.
"The council monitored the distribution of funds, ensuring transparency and accountability.","Agyinatukuo no hwɛɛ sika a wɔkyekyɛ no so, hwɛɛ sɛ wɔbɛyɛ no pefee na wɔabu akontaa."
Most markets sell goods at a cheaper price.,Guadibea dodow no ara tɔn nneɛma a ne bo nyɛ den.
It is challenging for children when their parents pass away.,Ɛyɛ den ma mmofra sɛ wɔn awofo wu a.
Please justify your request with the supporting comment.,Yɛsrɛ sɛ fa nsɛm a ɛfoa so no bu w’abisade no bem.
Boys from single-sex schools are likely to clash if girls are involved.,"Sɛ mmeawa de wɔn ho hyɛ mu a, ɛda adi sɛ mmarimaa a wofi sukuu ahorow a mmarima ne mmea nkutoo na wɔwom mu no bɛko."
The golf club and the ministry of gender re-negotiated the deal.,Ekuo a wɔbɔ golf no ne ɔsoafoɔ a ɔhwɛ bɔbeasu ho nsɛm soɔ no sane hyɛɛ apam a wɔyɛeɛ no mu kena
"He swam across the river, describing his act of crossing the river by swimming.","Oguare twaa asubɔnten no, na ɔkaa adeyɛ a ɔyɛe sɛ ɔde asuguare twaa asubɔnten no ho asɛm."
Substance abuse ruins the future of youth in the village.,Nnubɔne a wɔde di dwuma ɔkwammɔne so sɛe mmabun daakye wɔ akuraa no ase.
"We have awakened. We will not sleep anymore. Today, from now on, there is a new African in the world!","Yɛasɔre. Yɛnna bio. Ɛnnɛ, ɛfiri saa berɛ yi rekɔ, Afrika foforɔ bi aba wiase."
The local government will ensure service provision through revenue collection.,Aban ananmusifoɔ a wɔhwɛ nkuro nkumaa amamuo so no bɛhwɛ sɛ wɔbɛdi dwuma son afiri sika a wɔbɛgyegye no mu.
The youth should be involved in social development issues.,Ɛsɛ sɛ mmabun de wɔn ho hyɛ asetra mu nkɔso ho nsɛm mu.
"If development of the society is left in the hands of the general public, then little will be done.","Sɛ wogyaw ɔmanfo nkɔso wɔ ɔmanfo nyinaa nsam a, ɛnde kakraa bi na wɔbɛyɛ."
"Through the implementation of a specific program, access to basic needs for refugees will be enhanced. However, the region faces stiff competition for limited resources.","Yɛnam nhyehyɛeɛ pɔtee bi a wɔde bʋdi dwuma so no, wɔbɛma dwanekɔhyɛfoɔ ahiade atitire a wɔbɛnya no ayɛ kɛseɛ. Nanso, ɔmantam no hyia akansie a ɛmu yɛ den wɔ nnoɔma kakraa bi ho."
Leaders should be a good example for the community.,Ɛsɛ sɛ akannifoɔ yɛ nhwɛsoɔ pa ma mpɔtam hɔfoɔ no.
Our headteacher has organized a fundraiser for the new school swimming pool.,Yɛn ɔkyerɛkyerɛfo panin no ayɛ nhyehyɛeɛ de aboaboa sika ano ama sukuu asudwarebea foforo no.
The road works have delayed due to disagreements between landowners and government.,Ɛkwan no adwuma no akyɛ ɛsiane ntawantawa a ɛwɔ nsasewura ne aban ntam nti.
Some youths do not understand the importance of Education.,Mmabunu binom nte hia a Nhomasua ho hia no ase.
Most youths are aware of how hazardous drug abuse is.,Mmabun dodow no ara nim sɛnea nnubɔne a wɔde di dwuma ɔkwammɔne so yɛ asiane.
The only way to survive eviction is by having a land tittle.,Ɔkwan biako pɛ a wobetumi afa so anya nkwa bere a wɔatu wɔn afi wɔn afie mu ne sɛ wobenya asase ho krataa.
"Insecurity is bad for business, so we need to accept the result of the election.","Ahobammɔ a enni hɔ no nye mma adwadie, enti ɛsɛ sɛ yɛgye deɛ efiri abatoɔ  no mu ba no tom."
New leprosy cases are reported every new month.,Wɔbɔ kwata foforo ho amanneɛ ɔsram foforo biara.
Pool games are very good but they should not be played before noon.,Pool agodie ye paa nanso ɛnsɛ sɛ wodi ansa na awia adu.
The accused was taken to Nsawam prison on charges of simple defilement.,Wɔde nea wɔabɔ no sobo no kɔɔ Nsaham afiase esiane sobo a wɔbɔɔ no sɛ ɔde ne ho agu fĩ kɛkɛ nti.
The hospitals have no capacity to offer medical services efficiently and effectivery.,Ayaresabea no no nni ahoɔden a ɛbɛma wɔatumi de ayarehwɛ a ɛdi mu ama.
The motorcycle was burnt by the youth from the opposition party.,Amannyɔkuo a ɛni aban mu no mu mmabunu hyehyee dadepɔnkɔ no
"The community's unity is essential for its strength, and people must agree to it.","Mpɔtam hɔfo biakoyɛ ho hia ma wɔn ahoɔden, na ɛsɛ sɛ nkurɔfo pene so."
The fasting season is good for meditation for all Muslims.,Akyiriwia berɛ yɛ berɛ a Nkramofoɔ nyinaa bɛtumi de aadwennwene nneɛma ho yie pa ara
A mechanic was called upon to make changes to the broken borehole.,Wɔfrɛɛ mfiridwumayɛfoɔ bi sɛ ɔmmɛyɛ nsakrae wɔ abura a ebubu no ho.
Students nowadays prefer private universities to public universities.,Mprempren sukuufoɔ pɛ ankorankoro sukuupɔn ahodoɔ sen ɔman sukuupɔn ahodoɔ.
The skills acquired enabled the youths to start up their own businesses.,Nimdeɛ a wɔnyaeɛ no boaa mmabunu hyɛɛ wɔn ankasa adwuma ase.
The politicians who lost the party election will run as independent candidates.,Amanyɔfoɔ a wɔdii nkuguo wɔ amanyɔkuo abatoɔ no mu no bɛgyina sɛ ankorɛankorɛfoɔ.
Farmers are advised to cut and burn infested trees.,Wotu akuafo fo sɛ wontwa nnua a yare no bi wɔ so no na wɔnhyew.
The district has brought people on board in the fight against early pregnancies.,Ɔmantam no de nkurɔfo aba hyɛn no mu wɔ ɔko a wɔreko atia nyinsɛn a woyi ntɛm no mu.
The encroachers claim that they inherited land from their ancestors.,Wɔn a wɔbɔ wura nsase no so no taa ka sɛ wɔnyaa nsase no firii wɔn nananom hɔ.
An agreement was signed for regional development .,Wɔde wɔn nsa hyɛɛ apam ase maa ɔmantam no nkɔsoɔ.
Don't use the pandemic outbreak as an excuse for not immunizing your children.,Mfa ɔyaredɔm a ɛpae gui no nyɛ anoyi sɛ woremfa nnuru a ɛko tia nyarewa mma wo mma.
The officials intend to fight the vice within the community.,Aban mpanyimfo no abɔ wɔn tirim sɛ wɔbɛko atia bɔne a ɛwɔ mpɔtam hɔ no.
Making an important decision alone can bring many negative aspects.,Gyinae a ɛho hia a wo nkoaa si no betumi de nneɛma bɔne pii aba.
We need to teach our youth to be more ambitious. Ambition is not the sin many would like you think it is. Ambition is necessary for succes. We thus need to be extremely ambitious.,"Ɛsɛ sɛ yɛkyerɛkyerɛ yɛn mmabunu no ma wɔnya anisoadehunu. Anisoadehunu nyɛ bɔne a nnipa binom pɛ sɛ wodwene sɛ ɛteɛ no. Anisoadehunu ho hia ma nkunimdie. Yei nti, ɛho hia sɛ yɛn anisoadehunu yɛ kɛse pa ara."
The church has counselling committees for married people.,Asɔre no wɔ afotu boayikuw ahorow ma awarefo.
Money is needed in the fight against diseases.,Sika ho hia wɔ nyarewa a wɔko tia no mu.
The building of a new church shows cooperation amongst community members.,Asɔredan foforo a wɔresi no kyerɛ biakoyɛ a ɛda mpɔtam hɔfo ntam.
Shortage of power has discouraged business in the area.,Tumi a wonnya nni no ama aguadi abam wɔ mpɔtam hɔ.
Some people think gender equality is just a woman's issue.,Nnipa binom sus sɛ mmarima ne mmea pɛyɛ yɛ ɔbea asɛm ara kwa.
People are selling their land to get money.,Nkorɔfoɔ retɔn wɔn nsase anya sika.
Office handover involves the person leaving office and the predecessor.,Ɔfese wɔde ma fa onipa a ɔrefi ɔfese hɔ ne nea ɔreba no ho.
Tamale court says that almost all land issues remain unsolved .,Tamale asennibea ka sɛ ɛkame ayɛ sɛ wonnya nnii asase ho nsɛm nyinaa ho dwuma .
The event sponsors were thanked for their work.,Wɔdaa aboafoɔ a wɔsɔɔ dwumadie no asene no nyinaa ase sɛ wɔde wɔn berɛ boaeɛ
Children need to feed well in order to grow well.,Ɛsɛ sɛ mmofra di aduan pa na ama wɔanyin yiye.
Follow the health guidelines in order to reduce the spread of the coronavirus,Di ayaresa akwankyerɛ so na ama woantrɛw coronavirus no
The leaders in the society are there to help out in developing their communities.,Akannifoɔ a wɔwɔ nkuro ahodoɔ mu no hɔ sɛ wɔbɛboa ama wɔn nkuro atu mpɔn.
The district will coordinate and monitor loan applications.,Mansini no bɛdi abosea a ahodoɔ a nkurɔfoɔ bɛgyegye no akyi
"One with the most votes, wins the elections.","Obiako a ɔnya abatoɔ dodoɔ no ara, na ɔdi nkonim wɔ abatoɔ no mu."
Leaders urged residents to cooperate with the construction workers when the work starts.,Akannifoɔ hyɛɛ wɔn a wɔte hɔ no nkuran sɛ wɔne adansi adwumayɛfo no nyɛ baako bere a adwuma no afiri aseɛ no.
The health sector takes up a big portion in the national budget.,Asoeɛ a Ɛhwɛ Apɔmuden ho nsɛm so no taa gye sika a wɔde bɔ ɔman no ho bra bo nu fa kɛseɛ no ara
There are high chances of a team to succeed if they have a lot of money.,Ɛnyɛ den sɛ ekuo a wɔwɔ sika pii bɛtumi agyina
Strikes occurring in a specific area may lead to severe consequences for some individuals.,Adwumayɛban mu adwumayɛfo a wɔyɛ adwumaden wɔ beae pɔtee bi no betumi de nea emu yɛ den aba ankorankoro binom so.
Cholera vaccination in Ghana has started and people have been asked to keep clean.,Cholera vaccination wɔ Ghana ahyɛ aseɛ na wɔaka akyerɛ nkurɔfoɔ sɛ wɔn ho ntew.
People want to become fish farmers though they lack capital.,Nkorɔfoɔ pɛ sɛ wɔyɛ namyifoɔ mpo wɔ berɛ a wɔnni sika a wɔde bɛyɛ.
Parents are advised to look for money earlier so that children sit exams.,Yɛtu awofoɔ fo sɛ wɔnhwehwɛ sika ntɛm sɛdeɛ ɛbɛyɛ a wɔn mma bɛtwerɛ nsɔhwɛ no bi.
Foxes and leopards belong to the cat family.,Sakraman ne etwie nyinaa ka agyinamoa  abusua no ho
The government has allocated funds for construction of the hospital.,Aban no atwa sika a wɔmfa nsi ayaresabea no
The need for better liverihood leads to the creation of better policies for homeless people.,Hia a ɛhia sɛ nnipa di yie no nti ɛho abɛhia sɛ yɛde nhyehyɛeɛ papa gu akwan mu ma wɔn a wɔnni baabi te.
Action without thought is empty. Thought without action is blind.,Nneyɛɛ a adwempɔ ntae akyire no yɛ ohunu. Adwempɔ a nneyɛɛ nso nka ho no yɛ anifra.
The environment at school is not convenient for education service delivery.,"Sɛdeɛ sukuu mu teɛ no nti, ɛmma adesua nkɔ so sɛdeɛ ɛsɛ"
The presence of oil can only be determined by drilling oil wells.,Wobetumi ahu sɛ ngo wɔ hɔ denam ngo abura a wobetu nkutoo so.
"If roads are not maintained, people will stop using them.","Sɛ wɔansiesie akwan no a, nkurɔfo begyae de di dwuma."
The program will reduce the illiteracy levels among the people will run for two academic years.,Dwumadi no bɛtew akenkan ne akyerɛw a wonnim wɔ nnipa no mu no so bɛkɔ so wɔ adesua mfe abien mu.
The people in the audience cheer up players.,Nnipa a wɔwɔ atiefo no mu no ma agodifo ani gye.
Poverty can be eliminated if people are involved in development al activities.,Wobetumi ayi ohia afi hɔ sɛ nkurɔfo de wɔn ho hyɛ nkɔso dwumadi ahorow mu a.
Boys in their adolescents normally have wet dreams.,"Mpɛn pii no, mmarimaa a wɔwɔ wɔn mmabunbere mu da adaeso a ɛyɛ nsu."
Health services increased ever since our area was upgraded to a district status.,Akwahosan ho adwumayɛ kɔɔ soro fi bere a wɔmaa yɛn mpɔtam hɔ yɛɛ ɔmantam gyinabea no.
"Despite the presence of coronavirus , other diseases continue to exist along side it.","Ɛmfa ho sɛ coronavirus , nyarewa afoforo da so ara wɔ hɔ ka ne ho."
"Districts in Ghana are comprised of ordinary districts, municipal and metropolitan.","Amansin a ɛwɔ Ghana no yɛ amansin a ɛyɛ mpapahwekwa, kuropɔn ne kuropɔn."
Ploughing land using a tractor is very costly.,Asase a wɔde tractor bɛfuntum no yɛ nea ɛho ka yɛ den yiye
A coronation ceremony will be held for the Chorkor people.,Wɔbɛyɛ ahensie nhyiam ama Chorkorfoɔ.
The contractor is ready to follow the guiderines of the district health officer.,Ɔyɛ adwuma no ayɛ krado sɛ obedi ɔmantam akwahosan sohwɛfo no akwankyerɛ akyi.
There are a few male teachers in early childhood educational centers.,Yɛwɔ atikyafoɔ kakraa bi wɔ mmofra nketewa sukuu beaeɛ mu.
The law prevents national social security funds from investing in private entities.,Mmara no mma kwan sɛ wɔde ɔman no nyinaa sika bɛhyɛ akorɛnkorɛ nnwuma mu.
The ministry of health released the COVID-19 statistics.,Asoeɛ a ɛhwɛ apɔmuden nsɛm so no de COVID-19 ho nkontabuo aba abɔntene.
The bishop informed Christians that holy matrimony is more important than food and drinks.,Ɔsɔfopɔn no bɔɔ Kristofo amanneɛ sɛ aware kronkron ho hia sen aduan ne anonne.
More people will benefit from the new program put in place.,Nnipa pii benya nhyehyɛe foforo a wɔde asi hɔ no so mfaso.
The project will improve the liverihoods of women and children.,Dwumadie no bɛma mmaa ne mmofra asetena atu mpɔn.
Farmers are misusing funds given to them by the government to help them improve on their farming ways.,Akuafo de sika a aban de ma wɔn no redi dwuma ɔkwammɔne so a ɛreboa wɔn ma wɔn adwuma no nyɛ yiye.
Children should always wash their hands in order to prevent Hepatitis E infection,Ɛsɛ sɛ mmofra hohoro wɔn nsa bere nyinaa sɛnea ɛbɛyɛ a wɔrennya Hepatitis E yare no
Club fans will buy bus tickets to support players.,Club akyidifo bɛtɔ bɔs tekiti de aboa agodifo.
"Ghana remained a constitutional monarchy and parliamentary democracy until 1960, when after a national referendum, Ghana was declared a Republic.","Ghana kɔɔ so yɛɛ aban a ɛnni aban biara ne mmarahyɛ baguam nniso kosii afe 1960 mu, bere a ɔmanfo gye toom wiei no, wɔkaa sɛ Ghana abeyɛ Republic."
Most of the people who started the chaos were detained immediately.,Wɔde nnipa a wofii basabasayɛ no ase no mu dodow no ara guu afiase ntɛm ara.
The increasing number of refugees have reduced the space for sherter.,"Ɛsiane sɛ atukɔtenafoɔ no dodoɔ rekɔ anim nti, ɛho abɛhia sɛ yɛnya adan a wɔbɛtumi ada mu"
Government needs to increase the number of border patrol police.,Ɛho hia sɛ aban no ma polisifo a wɔhwɛ ɔmanfo twa-ho-hyia so no dodow yɛ kɛse.
The exercise shall soon be expanded to encompass other regions.,"Ɛrenkyɛ koraa, yɛbɛtrɛ dwumadie no mu akɔ amantam afoforɔ mu nso"
The Ministry of Education and Sports will use information technology to execute activities that support better teaching practices and learning,Asoɛeɛ a ɛhwɛ nwomasua ne Agodie so nsɛm no de abɛɛfo Mfidie a ɛboa adekyerɛ ne adesua dwumadie ahodoɔ no.
The policies were adopted by later missionary organizations.,Asɛmpatrɛ nnwumakuo a wɔbaa akyiri no gyee nhyehyɛeɛ no too mu.
People have learnt the art of making stoves.,Nkorɔfoɔ asua sɛdeɛ wɔyɛ fononoo.
israelites spent more than three hundred years of slavery in Egypt.,Israelfoɔ dii nkoa bɛboro mfeɛ ahasa wɔ Misraim.
You can start a poultry business with only five hundred thousandcedis.,Wobɛtumi de sidisi mpem ahanum ahyɛ nkokɔnyɛn adwuma ase wɔ Ghana.
Investigations are needed to prove that the case actually happened.,Ɛho hia sɛ wɔyɛ nhwehwɛmu de kyerɛ sɛ asɛm no sii ankasa.
Farmers were encouraged to resort to bee keeping to fight poverty.,Wɔhyɛɛ akuafo nkuran sɛ wɔmfa wɔn ani nsi wowa so na ama wɔatumi ako atia ohia.
Teachers are blamed for students' bad performance in schools.,Wɔde asodi no to akyerɛkyerɛfo so sɛ wɔantumi anyɛ adwuma yiye wɔ sukuu ahorow mu.
It is very to contact COVID-19 from a patient.,Ɛyɛ sɛ wobɛnya COVID-19 afiri ɔyarefoɔ bi hɔ.
Different countries and organisations have come up to support the refugees in Ghana.,Aman ne ahyehyɛde ahorow aba sɛ wɔrebɛboa aguanfo a wɔwɔ Ghana no.
The district has not done enough to stop environmental degradation.,Ɔmantam no nyɛɛ nea ɛdɔɔso mfa nsiw nneɛma a atwa yɛn ho ahyia a wɔsɛe no no ano.
They actively participated in the community cleanup.,Wɔde wɔn ho hyɛɛ kuro no mu nsiesie no mu pa ara.
A bridge should be built to ease the transportation of farm produce to the market.,Ɛsɛ sɛ wɔyɛ ɛtwene sɛdeɛ wɔde afuom nnɔbae reba dwam a wɔn ho bɛhaaha wɔn.
My grandmother's house was built with bamboo and mud.,Wɔde nkanporo ne atɛkyɛ na esii me nanabea fie.
The youths are encouraged to make vegetable gardens.,Wɔhyɛ mmabun no nkuran sɛ wɔnyɛ nhabannuru turo.
Some wives think they are superior to their husbands.,Ɔyerenom binom susu sɛ wɔkorɔn sen wɔn kununom.
Cultural institutions are separate entities from the government of Ghana.,Amammerɛ ahyehyɛde ahorow yɛ ahyehyɛde ahorow a ɛsono emu biara fi Ghana aban no ho.
Drugs are not only got from the national drug authority.,Ɛnyɛ ɔman no nnubɔne ho adwumayɛbea nko na wonya nnubɔne.
Leaders should ensure transparency and accountability in the district.,Ɛsɛ sɛ akannifoɔ hwɛ sɛ nneɛma da adi pefee na wobu akontaa wɔ ɔmantam no mu.
The youth are so much into politics these days,Mmabun ani gye amammuisɛm ho kɛse nnansa yi
Most of the roads used to smuggle goods were closed by the government.,Aban no too akwan a wɔde sum ase nneɛma fa so no mu dodow no ara.
Domestic abuse can be defined as a pattern of behavior in any relationship that is used to gain or maintain power and control over an intimate partner.,Wobetumi akyerɛ ofie ayayade ase sɛ nneyɛe nhyehyɛe bi wɔ abusuabɔ biara mu a wɔde di dwuma de nya tumi ne tumidi wɔ ɔhokafo a ɔbɛn no so anaasɛ wɔkura mu.
People grow crops which have a ready market.,Nkorɔfoɔ dua nnuane a ɛwɔ dwa wɔ dwam.
Security organs are working tireressly entering from neighbouring countries.,ahobammɔ akwaa ahorow reyɛ adwuma a wɔbrɛ de fi aman a ɛbemmɛn hɔ mu reba mu.
Students are not supposed to cheat in the exams.,Ɛnsɛ sɛ sukuufoɔ di nsisi wɔ sɔhwɛ ahodoɔ no mu.
The police station was closed after the murder of a policeman.,Wɔtoo polisifo adwumayɛbea hɔ bere a wokum polisini bi akyi.
The orientation exercise is meant to prepare students for success throughout the term.,Akwankyerɛ dwumadie no tirimpɔ ne sɛ ɛbɛsiesie asukuufoɔ no ama nkonimdie wɔ 'tɛɛmo' (term) no nyinaa mu.
A soap manufacturing factory will be established in the park.,Wɔbɛhyehyɛ adwumayɛbea bi a wɔyɛ samina wɔ abɔnten so atrae hɔ.
Confusion within supporters rose when two brothers contested for the same post and area.,Basabasayɛ baa akyigyinafo mu bere a anuanom baanu sii akan wɔ dibea ne beae koro no ara ho no.
Boys performed more than girls in the exams.,Mmarimaa yɛɛ adwuma yiye sen mmeawa wɔ sɔhwɛ ahorow no mu
The council has conserved forests in the area.,Agyinatukuw no akora kwae ahorow so wɔ mpɔtam hɔ.
Meddals are achievements that come out of hard work.,Nkonimdi ahyɛnsodeɛ yɛ deɛ wonya firi adwumaden mu.
He urged the youth to report and provide information about the thefts.,Ɔhyɛɛ mmabun no sɛ wɔmfa korɔnbɔ no ho amanneɛbɔ mma na wɔmfa nsɛm mma.
Media channers should be praised for exposing human rights violators.,Ɛsɛ sɛ wɔkamfo nsɛm ho amanneɛbɔfoɔ sɛ wɔpa wɔn a wobu nnipa hokwan ahodoɔ so ho ntama.
"Abena, don't be childish. These words from her fiancee cut her like razor blades. She didn't quite expect them from him.",Abena nnyɛ wo ho sɛ akwadaa. Saa nsɛm a efi n’ayeforokunu hɔ yi twaa no te sɛ agyan. Wansusu saa emfiri ne hɔ.
I shall contract a construction company to build my house.,Mebɛyɛ adwumakuw bi a wosisi adan apam sɛ wonsi me fie.
Parents who defy children's rights should be reported and arrested.,"Ɛsɛ sɛ awofoɔ a wɔbu mmofra pɛ so no, yɛbɔ wɔn ho amanneɛ na wɔkyere wɔn."
Drivers are encouraged not to over speed while on the road,Wɔhyɛ karkafo nkuran sɛ ɛnsɛ sɛ wɔde mmirika boro so bere a wɔrekɔ kwan so no
The district will allocate income based on the needs of society.,Mansini no bɛtwa mfasoɔ denam ɔmanfoɔ no ahiadeɛ so.
The organization is making farming more productive and profitable for Ghanaian farmers.,Adwumakuo no rema kuayɛ ayɛ nea ɛsow aba na mfaso wɔ so ama Ghana akuafo.
Corrective measures should commence with young people to secure power and solve greed issues as the maturity of the elected leaders was appreciated and others were advised to copy them.,Ɛsɛ sɛ wɔde mmerante ne mmabaa fi ase siesie nneɛma na ama wɔanya tumi na wɔadi adifudepɛ ho nsɛm ho dwuma bere a wɔkyerɛɛ akannifo a wɔapaw wɔn no onyin ho anisɔ na wɔtuu afoforo fo sɛ wonsuasua no.
Counsering and guidance is very important for learners in making important life decisions.,Afotuo ne akwankyerɛ ho hia paa ma asuafoɔ wɔ asetena mu gyinaesie a ɛho hia mu.
Students are prohibited from bringing phone to school.,Wɔabara asuafoɔ sɛ wɔmfa telefon mmra sukuu.
Strategies have been laid to help to improve sanitation.,Wɔayɛ akwan ahodoɔ a wɔbɛfa so aboa ma ahotew atu mpɔn.
My son scored four aggregates in the primary leaving examinations.,Me babarima no nyaa nkontaa anan a wɔaka abom wɔ mfitiase sɔhwɛ ahorow a wɔde gyaee sukuu no mu.
"The Friday preceding the hunt is spectacular for Aboakyer; Tuafo invoke and outdoor Gye mesi (meaning restore, protect), while Dentsefo come out with Sekanba (a deadly small knife).","Efiada a adeɛ rebɛkye ama wɔakɔ ahayɔ no yɛ da ɛsom bo wɔ Aboakyer mu, Tuafo de Gye mesi (a ɛkyerɛ bɔ me ho ban) pu abɔntene, na Dentsefo nso de Sekanba (ɛyɛ sekan a wɔde di awu) apue"
Scientists say that condoms are not completely safe in preventing the virus spread.,nyansahufo ka sɛ kɔndɔm nyɛ nea asiane biara nni ho koraa wɔ ɔyare mmoawa no a wobesiw ano no mu.
Only ten farmers' groups were selected for the government grant.,Wɔpaw akuafo akuw du pɛ maa aban mmoa no.
More should be done to conserve our environment for future generations.,Ɛsɛ sɛ wɔyɛ pii de kora nneɛma a atwa yɛn ho ahyia so ma awo ntoatoaso a ɛbɛba daakye.
Let us invite farmers to participate in this forum.,Momma yɛnnto nsa nfrɛ akuafoɔ sɛ wɔmfa wɔn ho nhyɛ saa nhyiamu yi mu.
A jigger treatment lotion will be made by the Saraya company.,Saraya adwumakuo no bɛyɛ nku a yɛde sa honam akwaa ho yareɛ.
Taxi drivers have rejected the proposal to share the park with trucks.,Taksikafo apow nyansahyɛ a ɛne sɛ wɔne lɔre ahorow bɛkyɛ abɔnten so atrae no.
Leaders are advised to be transparent in their actions.,Wotu akannifoɔ fo sɛ wɔnyɛ nea ɛda adi kann wɔ wɔn nneyɛe mu.
"In rural courts, magistrates are bribed, and they absent themselves on the hearing day.","Wɔ nkuraase asennibea ahorow mu no, wɔma atemmufo adanmude, na wɔankɔ da a wobedi asɛm no."
Increased collaboration between stakeholders led higher patronage of the National Health Insurance Scheme. Utilization of the scheme rose by 75%.,Nkɔmmɔbɔ a ɛkɔɔ soro wɔ wɔn a wɔde wɔn ho hyɛɛ mu no ntam no maa wɔboaa Ɔman apomuden nsiakyibaa Nhyehyɛe no kɛse. Nhyehyɛe no a wɔde dii dwuma no kɔɔ soro 75%.
Kingdoms have established rules that govern their functioning.,Ahennie ahodoɔ de mmara ahodoɔ a ɛkyerɛ sɛnea wɔyɛ adwuma no asi hɔ.
The revenue authority and the forestry authority planted ten million trees.,Aban a ɛhwɛ sika so ne kwae so adwumayɛbea no duaa nnua ɔpepem du.
Medical officers play a vital role in refugee camps.,Aduroyɛ adwumayɛfoɔ di dwuma titire wɔ adwanefoɔ atenae ahodoɔ mu.
The United nations will also help to upgrade the roads.,Amanaman Nkabom no nso bɛboa ma wɔayɛ akwan no yiye.
A given amount of money is allocated to the youth every year.,Wɔatwa sika bi ato hɔ ama mmaabunu afe biara.
Domestic violence affects people of all socioeconomic backgrounds and education levels.,Ofie basabasayɛ ka nnipa a wofi asetra ne sikasɛm tebea horow nyinaa mu ne wɔn nhomasua mu gyinabea ahorow nyinaa
Footballers are encouraged to stay away from violent acts during tournaments.,Wɔhyɛ bɔɔlbɔfo nkuran sɛ wɔntwe wɔn ho mfi basabasayɛ ho wɔ agumadi mu.
Children with school fee balance are not allowed to do exams.,Wɔmma mmofra a sukuu ka aka wɔn ho kwan sɛ wɔnyɛ sɔhwɛ.
They have put a strict ban on the cutting of some species of trees.,Wɔabra denneennen sɛ wɔntwitwa nnua ahodoɔ bi.
The fake news is spreading about coronavirus .,Korona virus ho atosɛm bi retrɛ
The kind man offered to help the elderly lady carry her groceries. It was a very wholesome moment. There is still good in the world.,Owura ɔyamyɛfoɔ no kɔfaa maame no nneɛma a na watotɔ no nyinaa kɔgyaa no. Na ɛyɛ anika berɛ pa ara. Nnipa papa da so ara wɔ wiase yi mu.
Cultural sites are a must visit for tourists every year.,Amammerɛ mmeae yɛ beae a ɛsɛ sɛ nsrahwɛfo kɔ hɔ afe biara.
On average how long do trees take to grow?,"Sɛ wɔkyekyem pɛpɛɛpɛ a, bere tenten ahe na nnua nyin?"
There will be a distribution of face masks at the district headquarters tomorrow.,Wɔbɛma anim nkatadeɛ wɔ mansini adwumayɔbea titire ɔkyena.
The people in the community have volunteered to dig more boreholes.,Nkorɔfoɔ a wɔwɔ kuro no mu no atu wɔn ho akyɛ sɛ wɔbɛtu nsuo pii.
"Try to engage in healthy behaviors and practices by participating in regular physical activity, eating healthy, getting adequate sleep, and getting ongoing preventive care that includes immunizations.","Bɔ mmɔden sɛ wode wo ho bɛhyɛ suban ne nneyɛɛ binom a mfasoɔ wɔ so mu denam apɔmutenetene a wobɛyɛ no daa, nnuane pa a wobɛdi, wobɛda yie, ne wo ho a wode bɛhyɛ nneɛma a wɔreyɛ a ɛbɛbɔ wo ho ban te sɛ paneɛ a wobɛwɔ no mu."
The manager was appreciated by staff for his hard work.,Ɔhwɛfoɔ no nyaa abasobɔdeɛ firi n'adwumayɛfoɔ no hɔ wɔ n'adwuma pa ho.
The people were sensitized on the dangers of mob justice.,Wɔmaa nkurɔfo no tee asiane a ɛwɔ basabasayɛfo atɛntrenee mu no ase.
she highlighted that they have obtained a key message which they will pass on to their fellow students.,ɔsii so dua sɛ wɔanya nkrasɛm titire bi a wɔde bɛma wɔn mfɛfoɔ asuafoɔ
Bars are still closed all over the country due to the pandemic.,Wɔda so ara to nsãdan mu wɔ ɔman no mu nyinaa esiane ɔyaredɔm no nti.
This year the ministry of health Ghana distributed mosquito nets to some communities.,Afe wei Ghana asoseɛ a ɛhwɛ apɔmuden so bɛkyɛ ntontom nɛɛte ama nkuro binom.
The president of Ghana is looking forward to awarding outstanding primary teachers.,Ghana manpanin no rehwɛ kwan sɛ wɔbɛbɔ mfitiaseɛ atikyafoɔ a wɔbɔ wɔn ho mmɔden aba so.
It is illegal to put on a security uniform without a clear identity.,Ɛyɛ mmara so bu sɛ wɔbɛhyɛ ahobammɔ atade a wonni onipa ko a ɛda adi pefee.
It is good to pay off your debts on time.,Ɛyɛ papa sɛ wubetua w’aka wɔ bere ano.
The patient had a very high fever which scared the nurses.,Ná ɔyarefo no wɔ atiridiinini a ano yɛ den yiye a ɛmaa ayarehwɛfo no suroe.
Through antenatal care health workers can detect and prevent early complications.,Ɛwom sɛ ayaresafoɔ a wɔhwɛ apemfoɔ no bɛtumi ahunu na wɔasi nsɛnkyerɛnne a ɛda adi ntɛm no ano.
More trucks should be hired to collect garbage.,Ɛsɛ sɛ wɔfa lɔre pii ma wɔsesaw nwura.
Dark colours were worn for funerals or mourning.,Na wɔhyɛ kɔla tuntum de yɛ ayi anaa awerɛhowdi.
"All over the world, police bribery is becoming a pandemic.","Ɛwɔ wiase afanaa nyinaa mu no, polisifoɔ kɛtɛasehyɛ rebɛyɛ amansan nsanyareɛ."
Many government officials have been shot dead in broad daylight.,Wɔato aban mpanyimfo pii tuo akunkum wɔn awiaberɛ ketee.
People in the district will learn new things at school.,Nkorɔfoɔ a wɔwɔ mansini no mu no bɛsua nnoɔma foforɔ wɔ sukuu mu.
They have supplied handwashing facilities to most of the areas in the country.,Wɔde mmeaeɛ a wɔde hohoro nsa ama mmeaeɛ dodoɔ no ara wɔ ɔman no mu.
The vendors complained about the security of the market.,Adetɔnfo no nwiinwii wɔ gua no ahobammɔ ho.
People have been demanding for justice since they were robbed.,Nkorɔfoɔ rehwehwɛ atɛntenenee firi berɛ a akorɔmfoɔ bɛwiaa wɔn no.
Most people do not go for medical checkups not until its late.,Nnipa dodow no ara nkɔ aduruyɛ mu nhwehwɛmu kosi sɛ ɛbɛkakyi.
Checking on the new national voters' registers was done early this year.,Wɔyɛɛ ɔman no mu abatowfo din foforo no mu nhwehwɛmu afe yi mfiase.
Liverihood is the mean of securing the necessities of life.,Asetenadeɛ yɛ ɔkwan a wɔfa so nya asetena mu ahiadeɛ ahodoɔ.
"Many elderly people fell sick this week, requiring medical attention and care.","Nkwakoraa ne mmerewa pii yaree dapɛn yi, na ehiae sɛ wɔde wɔn kɔ ayaresabea na wɔhwɛ wɔn."
A film about social media rhetoric battles was made.,Wɔyɛɛ sini bi a ɛfa sohyial media kasakoa akodi ho
The centenary torch is a sign of unity and hope for young Christians.,Mfirihyia ɔha kanea no yɛ biakoyɛ ne anidaso ho sɛnkyerɛnne ma Kristofo nkumaa.
The number of pregnant teenagers is rising in this coronavirus pandemic period.,Mmabun a wɔyem dodow rekɔ soro wɔ coronavirus ɔyaredɔm bere yi mu.
The lamps used at night were not sufficient for night activities.,Na nkanea ahodoɔ a wɔde di dwuma anadwo no nnɔɔso nti na ɛmmoa wɔn anadwo no.
Some businesses require a lot of time to operate.,Nnwuma bi gye bere pii na ama wɔatumi ayɛ adwuma.
A staff member was requested to find out what type of weed it was.,Wɔsrɛɛ adwumayɛfo bi sɛ ɔnhwehwɛ nwura ko a ɛyɛ.
"Among the presidential aspirants, there are two women.","Wɔ wɔn a wɔpɛ sɛ wɔyɛ mampanyin no mu no, mmaa baanu na wɔwɔ hɔ."
I can no longer differentiate between learning and having fun. I need to get my affairs in order as soon as possible.,Mintumi nhu nsonsonoe a ɛda adesua ne anigyede ntam bio. Ɛsɛ sɛ meyɛ me nsɛm no yiye ntɛm ara sɛnea metumi.
How old is the new patient identified with coronavirus ?,Mfeɛ ahe na wɔahu sɛ ɔyarefoɔ foforɔ no anya coronavirus ?
People lack the income to access better medical services.,Nkorɔfoɔ nni sika a wɔde bɛnya ayaresa a ɛyɛ.
"She waved back to the kids that were waving at her, reciprocating their friendly gesture.","Ɔsan de ne nsa kyerɛɛ mmofra a na wɔrewosoo no no, na ɔde wɔn adamfofa su no tuaa wɔn ka"
Government expenditure is very high on some projects.,Aban no bɔ ka kɛse wɔ nnwuma bi ho.
Hoter businesses usually deal in food and accommodation.,Nnwumakuw a wɔyɛ hyew taa di aduan ne dabere ho dwuma.
"Instead of complaining, let us rectify the mistakes.","Sɛ́ anka yɛbɛnwiinwii no, momma yɛnsiesie mfomsoɔ ahodoɔ no"
The police will deploy more officers on the police posts.,Polisifo de polisifo pii bɛkɔ polisifo adwumayɛbea ahorow no so.
"The people of Simpa passed on this tradition to their descendants in the form of songs, and sang it in their war chants and also told it during moonlit nights in story form.","Simpafoɔ de saa atetesɛm yi maa wɔn asefoɔ wɔ nnwom kwan so, na wɔtoo no wɔ wɔn ɔko nnwom mu na wɔsan nso kaa no anadwo a ɔsram hann wom wɔ asɛm mu."
"During his time here, Mukson always completed his tasks on time and the responsibility for mistakes he made. He was our most responsible employee.","Bere a na ɔwɔ ha no, Mukson wiee ne nnwuma wɔ bere ano ne mfomso ahorow a ɔyɛe ho asodi bere nyinaa. Ná ɔyɛ yɛn odwumayɛni a ɔwɔ asɛyɛde sen biara."
How much can a swimming pool construction cost?,Sika ahe na wobetumi de asi asuguarebea?
Most girls worry about what to do if they get their monthly period at school.,Mmabaa dodow no ara dwen wɔ nea wɔbɛyɛ ho sɛ wobu wɔn nsa wɔ sukuu mu a.
The number of people taking human immune virus drugs is reducing gradually.,Nnipa dodoɔ a wɔnom nnuru a ɛma nipadua no tumi ko tia nyarewa no so rete nkakrankakra.
The village elders are involved in empowering the community.,Akuraa no ase mpanyimfo de wɔn ho hyɛ tumi a wɔde ma mpɔtam hɔfo no mu.
How do beauty queens contribute to the tourism sector?,Ɔkwan bɛn so na ahemmaa a wɔyɛ ahoɔfɛ boa nsrahwɛfo adwuma no?
The indirect tax has affected the incomes of the poor.,Ɛtoɔ a wɔde atoto nneɛma so no aka ahiafoɔ no sikasɛm
The officials need to enforce laws and ensure access to education services.,Ɛsɛ sɛ mpanyimfo no di mmara ahorow so na wɔhwɛ hu sɛ wobenya nhomasua ho nnwuma.
Farmers complained to the president about the high taxes charged on farming equipment.,Akuafo nwiinwii kyerɛɛ ɔmampanyin no wɔ tow akɛse a wɔtua wɔ nnwinnade a wɔde yɛ kua ho no ho.
The asafo members disperse at the end of the day to prepare for the actual hunt the following day.,Asafo no mufo no bɔ apete da no awiei de siesie wɔn ho ma abɔmmɔ ankasa da a edi hɔ no.
The officers spend a long time in the offices.,Polisifo no de bere tenten tra adwumayɛbea ahorow no mu.
Any message to start afforestation should warmly be welcomed to ensure a brighter future.,Ɛsɛ sɛ wɔde anigye gye nkrasɛm biara a wɔde befi kwaeyɛ ase na ama wɔanya daakye a ɛyɛ anigye.
How do I write minutes for the meeting?,Mɛyɛ dɛn akyerɛw simma a wɔde bɛyɛ nhyiam no?
The police will ensure peace and harmony in the area.,Polisifo bɛhwɛ ma asomdwoe ne biakoyɛ aba mpɔtam hɔ.
Defensive drivers are able to avoid dangers on the road.,Wɔn a wɔka kar a wɔbɔ wɔn ho ban no tumi kwati asiane ahorow a ɛwɔ kwan so.
The major goal of Wanderai irrigation scheme is to improve agriculture and commercial farming .,Botaeɛ titire a ɛwɔ Wanderai nsu a wɔde gugu nnɔbaeɛ so nhyehyɛeɛ no mu ne sɛ ɛbɛma kuayɛ ne adwaadie mu kuayɛ atu mpɔn.
Land is a highly variable asset in the country.,Asase yɛ agyapadeɛ a ɛsakrasakra paa wɔ ɔman no mu.
There was traffic jam on all roads that lead to Kete-Krachi due to the Pan African Literacy For All Conference .,Na 'trafik' (traffic) akye wɔ ɛkwan a ɛkɔ Kete-Krakye ɛnam Pan Afrika Adesua nhyiamu nti.
Some parents think girl child should not go to school.,Awofo binom susuw sɛ ɛnsɛ sɛ abeawa abofra kɔ sukuu.
People in different districts will benefit from this program.,Nkorɔfoɔ a wɔwɔ amansini ahodoɔ mu no bɛnya mfasoɔ afiri saa dwumadie yi mu.
Farmers will learn how to persevere through unfavourable conditions.,Akuafo besua sɛnea wobesei tebea horow a enye ano.
The district officials should work together to solve the problems in the district.,Ɛsɛ sɛ manisni no mu mpanimfoɔ no nyinaa yɛ adwuma bom de siesie ɔhaw ahoroɔ a ɛwɔ mansini no mu no nyinaa.
Contractors should aim at providing very high-quality services.,Ɛsɛ sɛ wɔn a wɔyɛ adwuma wɔ apam mu no de si wɔn ani so sɛ wɔde nnwuma a ɛkorɔn yiye bɛma.
Leaders need to be paid their salaries for a smooth work flow.,Ɛsɛ sɛ wotua akannifoɔ akatua na ama adwumayɛ akɔ so yie.
Clinics provide first treatment to the sick people before they are referred to big hospitals.,Ayaresabea ahorow de ayaresa a edi kan ma ayarefo no ansa na wɔde wɔn akɔ ayaresabea akɛse.
"The establishment of the midwifery school was initiated by the woman leader, and the completion of the project has brought happiness to the community.","Sukuu a wɔde tet awogyefoɔ no yɛ ɔkannifoɔ a ɔyɛ ɔbaa bi adwene, na saa adwuma a wɔyɛ wieeɛ no de anigyeɛ abrɛ mpɔtam hɔfoɔ."
The people thanked the district leaders for the help they rendered to them.,Nkurɔfo no daa ɔmantam akannifo no ase wɔ mmoa a wɔde maa wɔn no ho.
My friend kindly invited me to attend her wedding ceremony.,M’adamfo no fi ayamye mu too nsa frɛɛ me sɛ memmra n’ayeforohyia guabɔ no ase.
An experienced soldier is one that has served in the army for a long time.,Ɔsraani a ne ho akokwa yɛ obi a wasom sraadi mmerɛ tenten.
The statue is a symbol that was put in place after Independence.,Ahoni no yɛ sɛnkyerɛnne a wɔde sii hɔ wɔ Ahofadi akyi.
How does the bank recover its money if someone fails to pay back the loan?,"Sɛ obi antumi antua bosea no a, ɛbɛyɛ dɛn na sikakorabea no anya ne sika?"
Each savings group comprises both men and women.,Susu kuo biara mmarima ne mmea nyinaa na ɛyɛ
Science and religion don't usually say the same thing.,"sukuu ahorow, a wohu nsɛnnennen a sukuufo hyia no, asrɛ aban no sɛ ɔmma wɔn aduan a wɔde boa wɔn na wɔmfa akwantu nyɛ mmerɛw mma wɔn."
The newly constructed bridge is swept away by running water.,Nsu a ɛsen fa abɔntenban a wɔasi foforo no so.
Both men and women have their own roles to play in a home.,Mmarima ne mmea nyinaa wɔ wɔn ankasa dwumadi ahodoɔ a ɛsɛ sɛ wodi wɔ ofie bi mu.
The president has spoken against the recent assassinations of public figures.,Ɔmampanyin no akasa atia ɔmanfo a wokunkum wɔn nnansa yi no.
He thanked the members present for attending the activity.,Ɔdaa asɔremma a na wɔwɔ hɔ no ase sɛ wɔbaa dwumadi no ase.
The teacher patiently explained the complex concept until all the students understood it. He constantly made analogies to objects and phenomena they could easily realte to in their surroundings.,Ɔkyerɛkyerɛfo no tɔɔ ne bo ase kyerɛkyerɛɛ adwene a ɛyɛ den no mu kosii sɛ sukuufo no nyinaa tee ase. Ɔde nneɛma ne nneɛma a ɛkɔ so a ɛnyɛ den sɛ wobetumi ahu wɔ nneɛma a atwa wɔn ho ahyia no ho nsɛso bere nyinaa.
Leaders want people to engage in agricultural and economic activities.,Akannifoɔ pɛ sɛ nkurɔfoɔ de wɔn ho hyɛ kuayɛ ne sikasɛm mu dwumadie ahodoɔ mu.
"The Kpone Katamanso District officials will hold a meeting to discuss people's challenges, including the pressing issue of Ashaiman market lacking a public toilet.","Kpone Katamanso Mansini no mu mpanimfoɔ bɛyɛ nhyiamu bi de asusu ɔmanfoɔ no haw ho, a Ashaiman dwa a agyananbea nni mu no nso ka ho."
"The British African Company of Merchants, founded in 1750, was the successor to several earlier organizations of this type.",Britania Afrika Aguadifo Kuw a wɔde sii hɔ wɔ 1750 mu no na edii ahyehyɛde ahorow pii a edii kan bae a ɛte sɛɛ akyi.
Hospitals need to adopt to the use of technology to improve service delivery,Ɛsɛ sɛ ayaresabea ahorow gye mfiridwuma ho nimdeɛ a wɔde di dwuma no tom na ama ɔsom adwuma a wɔde ma no atu mpɔn
The mayor agreed to join the fight against the crime rate.,Mantam no krakye panin no gye too mu sɛ ɔde ne ho bɛhyɛ ɔko a wɔasue atia abɔnefosɛm no.
"Abuse is physical, sexual, emotional, economic or psychological actions or threats of actions that influence another person.","Ayayade yɛ honam fam, nna mu, nkate fam, sikasɛm anaa adwene mu nneyɛe anaa nneyɛe bi a ɛka obi foforo ho ahunahuna."
Community leaders have closed a factory for polluting the water stream.,Mpɔtam hɔ akannifo ato adwumayɛbea bi mu esiane sɛ wɔde efĩ ba nsu asuten no mu nti.
The headteacher requested all parents to pay school fees in time.,Sukuupanin no ka kyerɛɛ awofoɔ nyinaa sɛ ɛsɛ sɛ wɔtua wɔn mma sukuu fiisi berɛ ano.
The sanitation in the University of Cape Coast is lacking lately.,Ahotew a ɛwɔ Cape Coast Sukuupɔn mu no nni hɔ nnansa yi.
Media companies will be required to provide terms and conditions of their employees.,Wɔbɛhwehwɛ sɛ nsɛm ho amanneɛbɔ nnwumakuo de wɔn adwumayɛfoɔ nhyehyɛe ne nhyehyɛe ahodoɔ ma adwumayɛfoɔ.
Others will not benefit because of their age.,Afoforo nso rennya so mfaso esiane mfe a wɔadi nti.
Ashanti however abandoned their campaign of pursuit after capturing a British fort and establishing their presence and authority on the coast.,Nanso Ashanti gyaee wɔn ɔsatu a wɔde dii akyi no bere a wɔfaa Britania abankɛse bi na wɔde wɔn ba a wɔwɔ ne tumidi sii hɔ wɔ mpoano no akyi.
Efforts are being carried out to ensure food security.,Wɔrebɔ mmɔden sɛ wobenya aduan ho ahobammɔ.
Maize and beans that are meant to be distributed are still under germination tests .,Wɔda so ara reyɛ aburo ne edua a wɔahyɛ da ayɛ sɛ wɔbɛkyekyɛ no sɛnea efifi ho sɔhwɛ.
They failed to budget for the project and so they were denied funding.,Wɔantumi anyɛ dwumadie no ho sika nhyehyɛeɛ ɛno nti wɔamfa sika mmoa no amma wɔn.
The committee will strategise and discuss the way forward regarding the disease.,Boayikuw no bɛyɛ nhyehyɛe na wɔasusuw ɔkwan a wɔbɛfa so akɔ wɔn anim wɔ yare no ho.
A country needs to be in good terms with its neighbouring countries.,Ɛsɛ sɛ ɔman ne aman a ɔne wɔn bɔ hyeɛ no ntam dwoɔ.
Most projects are aimed at meeting the needs of the public.,Nnwuma dodow no ara atirimpɔw ne sɛ wobedi ɔmanfo ahiade ho dwuma.
Only ten girls qualified to join the competition.,Mmabaa du pɛ na wɔfatae sɛ wɔde wɔn ho hyɛ akansi no mu.
The national football organ aimed at increasing awareness amongst football leaders.,Ɔman no bɔɔlobɔ kuo no botaeɛ ne sɛ wɔbɛma bɔɔlobɔ akannifoɔ ani aba wɔn ho so yie.
My school has been leading in the whole country for the past five years,Me sukuu no adi anim wɔ ɔman no nyinaa mu mfe anum a atwam ni
The purpose of the tour is to study the culture of the new place.,Nsrahwɛ no atirimpɔw ne sɛ wobesua beae foforo no amammerɛ.
Anyone is free to file a case in court.,Obiara wɔ ho kwan sɛ ɔde n'asɛm bɛkɔ kɔɔto.
Farmers get less yields due to dangerous pests in some seasons.,"Esiane sɛ mmoawa a wɔn ho yɛ hu ba mmere bi mu nti, nnɔbae a akuafo nya no so tew."
Some children are unable to access basic needs like clean water.,Mmofra binom ntumi nnya ahiade atitiriw te sɛ nsu pa.
He said that at a function set to mark a fruitful start of the 2020.,Ɔkaa saa wɔ dwumadi bi a wɔahyɛ sɛ wɔde bɛhyɛ afe 2020 mfiase a ɛsow aba agyirae ase.
The collapse of the bridge disrupted the movement of goods in the area.,Abɔnten no a ɛhwee ase no sɛee nneɛma a wɔde fa mpɔtam hɔ no.
Residents are advised to vote the right people.,Wɔhyɛ wɔn a wɔte hɔ no fo sɛ wɔntow aba mma nnipa a wɔfata.
She is a sports news reporter who is sure that she passed her examinations.,Ɔyɛ agumadi ho amanneɛbɔfo a ogye di sɛ odii nkunim wɔ ne nsɔhwɛ ahodoɔ mu.
I have never given my husband a reason not to trust me.,Memmaa me kunu biribi a obegyina so anya me mu ahotoso da.
Bar owners should understand the challenges of their business.,Ɛsɛ sɛ asanombea wuranom te nsɛnnennen a ɛwɔ wɔn adwuma no mu ase.
The hospital lacks drugs and medicine to treat people.,Ayaresabea no nni nnuro a wɔde bɛhwɛ nkurɔfoɔ.
The budget committee members met last week at the district headquarters.,Budget boayikuw no mufo hyiaam dapɛn a etwaam no wɔ ɔmantam no adwumayɛbea ti.
Every child has a right to education because everyone is important in the development of society.,Abofra biara wɔ hokwan sɛ wonya nhomasua efisɛ obiara ho hia wɔ ɔman no nkɔso mu
Cultural values are the core principles and ideas upon which an entire community exists.,Amammerɛ mu gyinapɛn ahorow ne nnyinasosɛm ne nsusuwii atitiriw a ɔmanfo mũ bi gyina so.
My grandmother has bed ridden in the hospital for a week now.,Woagye me nanabea ato mpa so wɔ ayaresabea dapɛn biako ni.
"In places that do not have electricity, people have resorted to using solar.","Wɔ mmeae a anyinam ahoɔden nni hɔ no, nkurɔfo de wɔn ho ahyɛ owia ahoɔden a wɔde di dwuma mu."
Contact with a recovered Ebola patient puts you at risk of contracting the disease.,"Sɛ wo ne Ebola ɔyarefo a ne ho atɔ no a, ɛde wo to asiane mu sɛ wubenya yare no."
Encroachers should be sued to courts of law.,Ɛsɛ sɛ wɔde wɔn a wɔhyɛ dan mu no kɔ asɛnnibea.
Clean water is safer and better for use.,Nsu a ɛho tew yɛ nea ahobammɔ wom na eye sɛ wɔde bedi dwuma
The journalism profession involves researching a topic that is making news.,Nsɛntwerɛ adwuma no fa bi ne sɛ wobɛyɛ asɛm bi a ɛregye ntrɛha no nhwehwɛmu.
Football fans around the world are excited for the new season.,Wiase nyinaa bɔlbɔdi akyidifo ani agye afe afe foforo no.
"If a strike happens, some work may not be completed.","Sɛ adwumayɛban mu adwumayɛban bi si a, ebia wɔrenwie adwuma bi."
Most of the crops dried up due to the drought.,Nnɔbae dodow no ara mu wɛ esiane ɔpɛ no nti.
The project officer will support young people to stay healthy.,Adwuma no sohwɛfo no bɛboa mmerante ne mmabaa ma wɔakɔ so anya apɔwmuden.
"Segregation too was rising as payments, rent ,and meals weren't equally distributed by contractors.","na mpaapaemu nso rekɔ soro bere a na adwumayɛfo a wɔyɛ adwuma wɔ hɔ no nkyekyɛ sikatua, dan ka ,ne aduan pɛpɛɛpɛ no."
The police removed the body of the deceased.,Polisifo yii owufo no amu no fii hɔ.
The government has promoted the image of women in Ghana.,Aban no aboa ama mmaa anya din pa wɔ ɔman yi mu.
More health specialists should be assigned to work in rural areas.,Ɛsɛ sɛ wɔma akwahosan ho abenfo pii yɛ adwuma wɔ nkuraase.
Agricultural products are on high demand in the world market.,Wɔhwehwɛ kuayɛ nneɛma kɛse wɔ wiase afanaa nyinaa dwa so.
Childbearing is the process of giving birth to children.,Awo yɛ ɔkwan a wɔfa so wo mma.
Verbal interviews have been invited for the listed programs under the medical college,Wɔato nsa afrɛ wɔn a wɔbɛbisa wɔn nsɛm de atoto wɔn ano wɔ adesuadeɛ a ɛhyɛ nnuro ho nsɛm kɔlegyi no ase no.
The presence of rhinos brought a sense of security in their region.,Asono a na wɔwɔ hɔ no de ahobammɔ ho adwene baa wɔn mantam mu.
The organisers of the sports gala will be paid.,Wɔbɛtua wɔn a wɔyɛ agumadi afahyɛ no ho nhyehyɛe no ka.
It is believed that two heads are better than one.,Wogye di sɛ tiri mmienu yɛ sene baako.
New students shall be enrolled in school this academic year.,Wɔbɛkyerɛw asuafoɔ foforɔ din akɔ sukuu mu wɔ adesua afe yi mu.
The Ghana media centre should ensure that the rights of journalists are protected.,Ɛsɛ sɛ Ghana nsɛm ho amanneɛbɔbea no hwɛ sɛ wɔbɛbɔ nsɛm ho amanneɛbɔfo hokwan ahorow ho ban.
The district pledged to take care of the deceased's family werfare.,Mansini no hyɛɛ bɔ sɛ wɔbɛhwɛ sika a wɔgyegye de hwɛ owufoɔ bi abusuafoɔ no
The students shall have a physics practical lesson tomorrow morning.,Asukuufoɔ no bɛyɛ 'fisiks' (physics) adesua dwumadie ɔkyena anɔpa.
The public should be aware of another Ebola outbreak.,Ɛsɛ sɛ ɔmanfo hu Ebola ɔyaredɔm foforo.
Police is still investigating about the cause of the fire as the cause of the fire outbreak at the police station is still unknown.,Polisifoɔ da so ara reyɛ nhwehwɛmu wɔ nea ɛde ogya no bae ho efisɛ wonnim nea ɛde ogya a ɛtɔe wɔ Polisifoɔ adwumayɛbea hɔ no bae.
I'm not happy with the current situation in the country.,M'ani nnye mprempren tebea a ɛwɔ ɔman no mu no ho.
Most youths are now involved in riding motor cycles as to earn a living.,Mprempren mmerante dodow no ara de wɔn ho hyɛ moto ka mu sɛnea ɛbɛyɛ a wobenya wɔn asetrade.
The most outrageous decision is becoming a politician,sɛ wobɛyɛ w'adwene sɛ wobɛyɛ amannyɔni yɛ adeɛ a ɛbɛyɛ aniwuosɛm
Many parents have opted to pay school fees using mobile money.,Awofoɔ pii apaw sɛ wɔde sika a egu elɛktrɔnik afidie so betua sukuu ka.
The Judge in magistrate court delivered his judgment based on the available evidence.,Ɔtɛmmuafoɔ a ɔwɔ asɛnnibea hɔ no de n'atɛmmuo no gyinaa adanseɛ a na wanya no so.
Some people cannot afford to acquire a driving permit because of its cost.,Nnipa binom ntumi nnya karka tumi krataa esiane ɛka a wɔbɔ nti.
Immigrants should be checked at the border to ensure proper screening and documentation.,Ɛsɛ sɛ wɔhwɛ atubrafo wɔ ɔhye no so hwɛ sɛ wɔbɛhwehwɛ wɔn mu yiye na wɔakyerɛw wɔn nkrataa.
The president was very disappointed in his cabinet.,Ɔmampanyin no abam bui kɛse wɔ ne kabinet no ho.
The electoral commission has not yet set the election days.,Asoeɛ a ɛhwɛ abatoɔ soɔ no mfaa nna a wɔde bɛto aba no mmaeɛ
He was very disappointed by the little pay.,Akatua kakraa bi a onyae no maa n’abam bui kɛse.
The industrial park will be located at a strategic point in the region.,Wɔbɛyɛ prama a wɔreyɛ ama mfididwuma no wɔ baabi sononko pɔtee bi wɔ mantam no mu
The kingdom also has a lot of small sectors.,Ahennie no sane wɔ akuo nkumaa bebree hyehyɛ n'ase.
The establishment of infrastructures will provide employment opportunities for the people.,"Yɛsisi adan a, ɛbɛboa ama ɔmanfoɔ no anya nnwuma ayɛ"
It looks at meeting consumer demands through better land use.,Ɛhwɛ sɛnea wobedi adetɔfo ahiade ho dwuma denam asase a wɔde di dwuma yiye so.
"The health facility in our village is very far, you cannot move at night.","Ayaresabea a ɛwɔ yɛ akuraa ha no wɔ akyirikyiri, worentumi nkɔ hɔ anadwo"
It's the police's responsibility to protect people in the community.,Ɛyɛ polisifoɔ asɛdeɛ sɛ wɔbɔ nnipa a wɔwɔ mpɔtam no ho ban.
Motorcycles can be used by doctors to reach health centres in time.,Nnuruyɛfo betumi de moto adi dwuma de adu akwahosan asoɛe ahorow wɔ bere ano.
The district needs to increase security in hospitals.,Ɛsɛ sɛ mansini no nya ayaresabea bebree a wɔde bɛhwɛ yareɛ yinom
The different regions in Ghana have their own life style.,Mpɔtam ahodoɔ a ɛwɔ Ghana no wɔ wɔn ankasa asetena kwan.
Brides and grooms are holding small-scale events known as scientific weddings.,Ayeforo ne ayeforokunu reyɛ nhyiam nketewa a wɔfrɛ no nyansahu mu ayeforohyia.
Popular politicians usually don't face a hard time seeking reflection.,"Mpɛn pii no, ɛnyɛ den mma amammuifo a wɔagye din sɛ wɔbɛhwehwɛ sɛ wobesusuw nneɛma ho."
The valuation process will be according to the law.,Bo a wɔbɛbɔ ho nhyehyɛe no bɛyɛ sɛnea mmara kyerɛ.
It is important to educate students on how to maximize their strengths,Ɛho hia sɛ wɔkyerɛkyerɛ asuafoɔ sɛdeɛ wɔbɛtumi ama wɔn ahoɔden ayɛ kɛseɛ
The headteacher advised students not to drink alcohol.,Sukuu panin no tuu sukuufoɔ no fo sɛ ɛnsɛ sɛ wɔnom nsa.
Many people upcountry will benefit from the project.,Nnipa pii a wɔwɔ ɔman no atifi benya adwuma no so mfasoɔ.
Every child can make it in academics regardless of their background.,Abofra biara betumi anya nkɔso wɔ adesua mu ɛmfa ho baabi a ofi.
Health workers should be honoured as heroes in this pandemic.,Ɛsɛ sɛ wɔhyɛ akwahosan ho adwumayɛfo anuonyam sɛ abran wɔ ɔyaredɔm yi mu.
As a driver make sure your car is in good condition.,Sɛ́ ofirikafo no hwɛ hu sɛ wo kar no wɔ tebea pa mu.
Lack of coronavirus updates makes people care less about the pandemic,Coronavirus ho nsɛm foforoɔ a enni hɔ no ma nkurɔfoɔ mfa ɔyaredɔm no ho asɛm pii.
The idea of giving priests gloves is unpopular among the people.,Adwene a ɛne sɛ wɔde adeɛ a wɔde hyehyɛ wɔn nsa bɛma no nyɛ deɛ nkurɔfoɔ no nim no yie.
Majority of children from settled Christian marriages are well behaved.,Mmofra a wofiri Kristofoɔ awareɛ a wɔasiesie mu no mu dodoɔ no ara bɔ abrabɔ pa.
The status of the health sector will be discussed live on television.,Wɔbɛka akwahosan dwumadibea no tebea ho asɛm tẽẽ wɔ television so.
Take care of the environment you live in.,Hwɛ nneɛma a atwa wo ho ahyia a wote mu no yiye.
The district does not have enough support to contain hemorrhagic fever.,Mansini no nni sika a wɔde bɛsɔ atiridii a ɛma mogya tu obi no ano.
Netball is a game mainly played by girls.,Nɛtbɔɔl yɛ agodie a mmeawa titiriw na wodi.
For you to win an election you have to first carry out campaigns.,"Sɛ wubetumi adi nkonim wɔ abatoɔ mu a, ɛsɛ sɛ wodi kan nea ntia ɛsɛ wotɔ ma wo."
Fierd one undergraduate level studies are conducted in Spanish during the first term.,Wɔyɛ adesua a edi kan wɔ abodin a edi kan no mu wɔ Spanish kasa mu.
Muslims usually circumcise their children at a tender age.,Nkramofo taa twa wɔn mma twetia wɔ wɔn mmofraase.
The government has set up a youth liverihood program for the youth.,Aban no ayɛ dwumadie a wɔde tete mmabunu ama mmabunu no
There are somethings that are not supposed to be talked about in public.,Nneɛma binom wɔ hɔ a ɛnsɛ sɛ wɔka ho asɛm wɔ badwam.
The police have sent reinforcement to calm down the protestors.,Polisifo asoma asraafo a wɔbɛhyɛ wɔn den sɛnea ɛbɛyɛ a wɔn a wɔreyɛ ɔsɔretia no adwo.
The media centre should consider the security of journalists.,Nsɛntwerɛ adwuma no nhwɛ nsɛntwerɛfoɔ ahobanbɔ so yie.
The students' school fees is paid through the bank.,Wɔnam sikakorabea no so tua asukuufoɔ no feese.
He urged people to take care of their properties.,Ɔhyɛɛ nkurɔfo nkuran sɛ wɔnhwɛ wɔn agyapade so.
The armed robberies have stolen money from the hardware business.,Adwowtwa a wɔde akode ayɛ no awia sika afi hardware adwuma no mu.
The tournament is a joyous ceremony for all participants.,Akansi no yɛ anigye guasodeyɛ ma wɔn a wɔde wɔn ho hyɛ mu nyinaa.
Girls engage in sexual activities at an early age.,Mmea de wɔn ho hyɛ ɔbarima ne ɔbea nna mu.
The government is encouraging farmers to produce more agricultural products since the market is available.,Aban no rehyɛ akuafoɔ nyinaa sɛ wɔnyere wɔn ho nnɔ nnɔbaeɛ bebree ɛfiri sɛ wɔbɛnya atɔfoɔ
Teachers are responsible for a percentage of the student's performance.,Akyerɛkyerɛfo na wɔhwɛ osuani no adwumayɛ mu ɔha biara mu nkyem 100.
The final decision was passed and we cannot go back on it.,Wɔasi gyinaeɛ no awie nti yɛrentumi nsane nkɔfa ho asɛm mmɛka bio.
The journalism profession involves researching a topic that is making news.,Nsɛntwerɛ adwuma no mu dwumadie bi ne sɛ wobɛyɛ nhwehwɛmu wɔ asɛm bi a ɛregye ntrɛha ho.
My father was angry at my stepmother for mistreating me.,Ná me papa bo fuw ne yere sɛ ɔne me dii no yayaayaw.
Road accidents are on the increase in the city.,Akwanhyia ahorow renya nkɔanim wɔ kurow no mu.
Government should be able to support women in different projects.,Ɛsɛ sɛ aban tumi boa mmea wɔ nnwuma ahorow mu.
The whole country is highly affected by the coronavirus pandemic and there will be a national fight against the coronavirus pandemic in our town.,Coronavirus yareɛ no aka ɔman no nyinaa kɛseɛ na ɔman no bɛko atia coronavirus yareɛ wɔ yɛn kurom.
Students have high chances of having a bright future.,Asuafo wɔ hokwan kɛse sɛ wobenya daakye a ɛyɛ anigye.
"What causes divorce in Ghana, exploring the factors that contribute to divorce in the Ghanaian context.","Ɛdeɛn na ɛde awaregyaeɛ ba wɔ Ghana, nhwehwɛmu a ɛfa nneɛma a ɛtumi de awaregyaeɛ ba wɔ Ghanafoɔ fam."
People are ready to fight and will not be intimidated.,Nkorɔfoɔ ayɛ krado sɛ wɔbɛko na wɔmmɔ hu.
Severe birth defects can arise from pregnant women getting Ruberla,awo mu dɛmdi a emu yɛ den betumi afi mmea a wɔyem a wonya Ruberla no mu aba
People tend to do whatever they want if not well monitored.,Nkorɔfoɔ taa yɛ deɛ wɔpɛ biara sɛ wɔanhwɛ wɔn yie a.
Some plants are more resistant in hilly areas.,Afifide bi tumi gyina ano kɛse wɔ mmeae a nkoko wɔ.
The hospital keeps the medicine in the medical stores.,Ayaresabea no kora nnuro no wɔ ɛdan a wɔkora nnuro wɔ mu no mu.
"The thieves took all the computers from our office, and I had gone to the bar when the robbers broke into my house.","Akorɔmfo no faa kɔmputa ahorow no nyinaa fii yɛn adwumayɛbea hɔ, na na makɔ asanombea hɔ bere a adwowtwafo no bubuu me fie no."
Beating and hitting people is regarded as a violent behavior.,Wobu nnipa a wɔhwe wɔn na wɔbɔ wɔn sɛ basabasa.
I wake up very early in the morning ready to go and work.,Mesɔre anɔpatutuutu pa ara a masiesie me ho sɛ mɛkɔ akɔyɛ adwuma.
"The people who lived during this period, the aboriginal Dagombas, are known locally as Dagbon Sablisi. During this period, Dagbon was a decentralised society.","Nnipa a wɔtraa ase wɔ saa berɛ yi mu no, Dagombafoɔ a wɔdii kan no, na wɔfrɛ wɔn wɔ mpɔtam hɔ sɛ Dagbon Sablisi. Wɔ saa berɛ yi mu no, na Dagbon yɛ ɔman a wɔakyekyɛ wɔn dwumadie mu.."
Yaa got married one month to her twentieth birthday.,Yaa waree bosome baako kosii n’awoda a ɛtɔ so aduonu.
Girls and women's rights programs should be funded.,Ɛsɛ sɛ wɔboa mmaayewa ne mmea fahodie dwumadi ahorow.
People need information about the significance of education.,Nkorɔfoɔ hia nsɛm fa hia a nwomasua ho hia ho.
The project aims at increasing the income levels of the local people in the Gushegu Municipal Assembly,Dwumadie no botaeɛ ne sɛ wɔbɛma nkorɔfoɔ a wɔwɔ Gushegu Mansini kɛseɛ asoeɛ sikasɛm akɔ soro.
All members of a savings group can acquire a loan from it.,Sikakorabea kuw bi mufo nyinaa betumi anya bosea afi mu.
A parent testified of having dropped out due to support she received from a fisherman.,Ɔwofo bi dii adanse sɛ ogyaee sukuu esiane mmoa a onya fii ɔpofoni bi hɔ nti.
Some parents opt to settle cases of defilement out of court.,Awofo binom paw sɛ wobesiesie nsɛm a ɛfa efĩ ho wɔ asɛnnibea akyi.
Many people are offering moral support to children.,Nnipa pii de abrabɔ fam mmoa rema mmofra.
The community leader advised the youth to start businesses.,Mpɔtam hɔ kannifo no tuu mmabun no fo sɛ wonfi nnwuma ase.
A booster dose of oral Polio vaccine will be given to all children under five.,Wɔde ahobammɔ aduro a yɛde ma mmɔfra nom bɔ wɔn ho ban firi mmubuo ho no (Polio Vaccine) akadeɛ aduro a ɛbɛboa ama wɔn mpɔm ayɛ den atia saa yareɛ no bɛma mmɔfra wɔn nnifeɛ num.
People want to engage in business activities after school because they lack capital.,Nkorɔfoɔ pɛ sɛ wɔde wɔn ho hyɛ nnwuma mu wɔ sukuu akyi ɛfiri sɛ wɔnni sika a wɔde bɛyɛ.
The health department should survey all hospitals to identify their challenges.,Ɛsɛ sɛ asoeɛ a ɛhwɛ apɔmuden so no srasra ayaresabea ahodoɔ nyinaa na whunu wɔn haw
Herbicides and pesticides will be freely provided to all farmers.,Wɔde nnuru a ekum wura ne nnuru a ekum mmoawa bɛma akuafo nyinaa kwa.
Old boys and girls can visit the previous schools.,Mmarimaa ne mmeawa mpanyimfo betumi akɔsra wɔn sukuu ahorow a atwam no.
He was very grateful to the leaders for the good work.,Ɔdaa akannifoɔ no ase paa wɔ adwuma pa no ho.
Pupils were advised to utilize the school library.,wɔhyɛɛ asuafo fo sɛ wɔmfa sukuu nhomakorabea no nni dwuma
Pregnant mothers were at a high risk during be the lockdown.,na ɛnanom a wɔyem no wɔ asiane kɛse mu wɔ be the lockdown no mu.
The district needs to lobby more and more finances from the government.,Ɛsɛ mansini no gye sika bebree firi aban no hɔ.
The situation in the area has encouraged increased acts of criminality.,Tebea a ɛwɔ mpɔtam hɔ no ama nneyɔeɛ bɔne adɔɔso wɔ mpɔtam hɔ.
Many other people were shot during this riot.,Wɔtoo nnipa afoforɔ pii tuo wɔ basabasayɛ yi mu.
Jamila has been on medication but has not improved yet.,Jamila anom nnuru nanso ne ho nya nntɔɔno
Do you have sufficient balance on your phone?,So wowɔ sika a ɛkari pɛ a ɛdɔɔso wɔ wo fon so?
Environmental health focuses on the interrelationship between people and their environment.,Abrabɔ mu apɔwmuden gyina abusuabɔ a ɛda nnipa ne wɔn mpɔtam ntam so.
"Rawlings and his colleagues suspended the 1979 constitution, dismissed the president and his cabinet, dissolved the parliament, and proscribed existing political parties.","rawlings ne ne mfɛfo gyaee 1979 amansan mmara no, woyii ɔmampanyin no ne n’adwumayɛfo no fii adwumam, woguu mmarahyɛ bagua no mu, na wɔbaraa amammui akuw a na ɛwɔ hɔ dedaw no"
The campaigns will be stopped in three months.,Wobegyae ɔsatu ahorow no wɔ asram abiɛsa mu.
"Students should avoid striking, especially while at school.","Ɛsɛ sɛ sukuufoɔ kwati sɛ wɔbɛbɔ wɔn akuturuku, titiriw bere a wɔwɔ sukuu mu no."
Money for road repairs usually comes through bank loans.,"Mpɛn pii no, sika a wɔde siesie akwan no nam sikakorabea boseabɔ so na ɛba."
Districts have used the money that has been allocated to them in the budget.,Amansin de sika a wɔde ama wɔn wɔ sikasɛm nhyehyɛe no mu no adi dwuma.
Look over the following questions to think about how you are being treated and how you treat your partner.,Hwɛ nsɛmmisa a edidi so yi mu na susuw sɛnea wɔreyɛ wo ne sɛnea wo ne wo hokafoɔ di no ho.
Promoting hygiene is one way they can give back to the community.,ahotew a wɔbɛhyɛ ho nkuran no yɛ ɔkwan baako a wobetumi afa so asan de ama ɔmanfo
The doctor said; Your son is stunned he may never regain the height lost.,"Dɔkota no se, wo ba no adi dɛm nti ebia na wantumi anyɛ tenten bio"
Budgets indicate expected cash inflows and cash outflows.,Budget ahodoɔ kyerɛ sika a wɔhwɛ kwan sɛ wobenya ne sika a ɛbɛba.
The few councillors who attended the event were recognized.,Wɔde nidie maaa abadwafoɔ kakra a wɔbaeɛ no.
People want to spread the word of God.,Nkorɔfoɔ pɛ sɛ wɔtrɛ Onyankopɔn asɛm mu.
The minister calls upon people not to believe in false information running on social media,Ɔsoafoɔ no frɛ nkorɔfoɔ sɛ wɔnnye atorɔ nsɛm a ɛredi afurusane wɔ social media so no nni.
The minister donated twenty bags of cement in renovation of the council building.,Ɔsoafoɔ no de Sɛmɛnte (Cement) kotokuo aduonu maae sɛ wɔmfa nsiesie afotufoɔ dan no.
"On 15 May 1979, less than five weeks before constitutional elections were to be held, a group of junior officers led by Flight Lieutenant Jerry John Rawlings attempted a coup.","Wɔ Kotonimma da 15, 1979 mu, a ennu adapɛn anum ansa na wɔayɛ amansɛmdi mu abatow no, polisifo nkumaa kuw bi a Sraafo mu Ɔsraani Panyin Jerry John Rawlings di wɔn anim bɔɔ mmɔden sɛ wɔbɛyɛ atuatew."
Every Ghanaian has a right to participate in the affairs of the government.,Ghaanani biara wɔ hokwan sɛ ɔde ne ho hyɛ aban no nnwuma mu
"For us, we do not believe in witchcraft.","Yɛn de, yennye abayisɛm nni."
"For the past nine months, she has been doing research on the coronavirus.","Wɔ asram akron a atwam no mu no, na ɔreyɛ nhwehwɛmu wɔ coronavirus ho."
How can the education and medical service be improved?,Ɔkwan bɛn so na wobetumi ama nhomasua ne aduruyɛ adwuma no atu mpɔn?
The youths should be patient and that the only way they will succeed,Ɛsɛ sɛ mmabunu no nya aboterɛ na ɛno nko ara ne ɔkwan a wɔbɛdi yie.
Ex-service personner were required to provide their identity cards and current bank accounts details.,Wɔka kyerɛɛ wɔn a na wɔyɛ adwuma wɔ hɔ dedaw no sɛ wɔmfa wɔn nkrataa a ɛkyerɛ wɔn nipaban ne wɔn sikasɛm ho nsɛm mma wɔn.
"If they did not resist your opinion, it means they accepted it.","Sɛ wɔansɔre antia w’adwene a, ɛkyerɛ sɛ wogye toom."
Lack of hope could make one kill him or herself.,Anidasoɔ a obi nni betumi ama wakum ne ho.
The project looks at boosting the experience for proper education service delivery and developing agro-processing industries in Ghana,Dwumadie no hwɛ sɛ wɔbɛma osuahunu a ɛwɔ hɔ ma nwomasua dwumadie a ɛfata no akɔ anim ne sɛ wɔbɛma kuayɛ nnwuma anya nkɔsoɔ wɔ Ghana mu.
Consultations were made before making a final decision.,Wosusuw nsɛm ho ansa na wɔresi gyinae a etwa to.
The district should recruit a legal team to guide them in legal processes.,Ɛsɛ sɛ mansini no no pɛ nnipakuo bi a wɔnim mmara no yie ma wɔkyerɛ wɔn sɛdeɛ wɔbɛfa mmarakwan so ayɛ nneɛma
The district was at the centre of monitoring the borehole projects.,Na mansini no aduru bɔɔhoo ho adwuma a wɔrehwɛ no mfimfini.
Menstrual hygiene is essential for girls to be able to participate in schools.,Brayɛ mu ahoteɛ ho hia na ama mmaayewa atumi de wɔn ho ahyɛ sukuu ahodoɔ mu.
Sadilan emerged as the natural leader of the group due to his charisma and decision-making abilities.,Sadilan puei sɛ kuo no mu kannifoɔ a ofi awosu mu esiane ne charisma ne gyinaesi tumi nti
The doctors carried out a surgery to separate the twins who were joined in the chest.,Adɔkotafoɔ no yɛɛ opirehyin de tetee ntaafoɔ a na wɔn koko bom no mu.
It has affected efficient health delivery to patients.,Aka akwahosan a wɔde ma ayarefoɔ yie.
The district will increase its efforts to control the virus.,Mansini no no bɛyere mmɔden a ɛrebɔ sɛ ɛbɛdi mmoawa no so nkunim no mu
Farmers will know the best times for sowing and harvesting.,Akuafo behu bere a ɛyɛ sɛ wobedua na wobetwa.
"Come culture killed elephants, snails, Parrot, crab, buffaloes and hippopotamuses for meat.","Bra amammerɛ kumm asono, nnwa, ako, kɔtɔ, ɛkoɔ ne Susono nam."
The new leaders are capable of regional development.,Akannifoɔ foforɔ no tumi nya ɔmantam nkɔsoɔ.
Spouses shouldn't be against the use of contraceptives.,Ɛnsɛ sɛ awarefo kasa tia nnuru a wɔde siw nyinsɛn ano a wɔde di dwuma.
Try to keep you from leaving after a fight or leave you somewhere after a fight to “teach you a lesson”?,Bɔ mmɔden sɛ worenkɔ wɔ ntɔkwa akyi anaasɛ wobɛgya wo baabi wɔ ntɔkwa akyi de “akyerɛ wo adesua bi”?
The community members requested the king to listen to them.,Mpɔtam hɔfo srɛɛ ɔhene sɛ ɔntie wɔn.
Agents can immediately access money from the bank to meet customer demands.,Adwuma bi nanmusifoɔ betumi anya sika afi sikakorabea hɔ ntɛm ara de adi adetɔfo ahiade ho dwuma.
How many people have been killed in the forest?,Nnipa baahe na wɔakunkum wɔn wɔ kwae no mu?
"If transferred to a different location, you need to first handover your previous office.","Sɛ wɔde wo kɔ beae foforo a, ɛsɛ sɛ wudi kan de w’adwumayɛbea a na woadi kan ayɛ no ma."
The district council lacks enough funds to compensate the affected people.,Mansini badwa no nni sika a wɔde bɛpata nnipa a wɔn ho aka no.
People working together don't have to be friends.,Ɛnsɛ sɛ nkorɔfoɔ a wɔreyɛ adwuma abɔm no yɛ nnamfoɔ.
Doctors do the best they can to save both the newborn baby and the mother.,Nnuruyɛfo yɛ nea wobetumi biara de gye akokoaa a wɔawo no foforo no ne ɛna no nyinaa nkwa.
The Second Anglo-Ashanti War broke out in 1863 and lasted until 1864.,Anglo-Ashanti Ko a Ɛto so Abien no fii ase wɔ 1863 mu na ɛkɔɔ so kosii 1864 mu.
Food is one of the basic needs for people and should be taken in the right proportions.,"Aduan yɛ nnipa ahiade atitiriw no mu biako, na ɛsɛ sɛ wodi no sɛnea ɛfata."
Most people think court is for the rich not the poor.,Nnipa dodow no ara susuw sɛ asɛnnibea yɛ adefo de na ɛnyɛ ahiafo de.
"Students rushed out of the class when it was break time, eagerly leaving for their designated break.","Sukuufoɔ no de ahopere fii adesuakuo no mu bere a na ahomegye bere adu no, na wɔde ahopere fii hɔ kɔɔ ahomegye a wɔahyɛ sɛ wɔmfa mma no."
A public toilet will be constructed in my village.,Wɔbɛsi amansan tiafi wɔ m'akuraase ha.
He wondered how he could defile such a young girl who is fit to be his daughter.,Osusuwii sɛnea obetumi agu abeawa kumaa a ɔte saa a ɔfata sɛ ɔyɛ ne babea ho fi.
The high interest rates charged on loans discourage business activities.,"Ɛsiane nsiho akɛseɛ a wɔde sisi abosea ho no nti, ɛmmoa mma adwadie ntu mpɔn."
Some health centres provide better and quality services.,Akwahosan asoɛe ahodoɔ bi de nnwuma a eye na ɛyɛ papa ma
The police are investigating the cause of the bridge that collapsed?,Polisifo reyɛ nea ɛde bridge a ebubui no bae no mu nhwehwɛmu?
The youth are encouraged to work hard while in their youthful age.,Wɔhyɛɛ mmabunu no nkuran sɛ wɔnyɛ adwumaden berɛ a wɔwɔ wɔn mmabunu mfeɛ mu.
One has a lawful right to support a leader of his or her choice.,Obi wɔ hokwan wɔ mmara kwan so sɛ ɔtaa ɔkannifo a ɔpɛ akyi.
A study was carried out to understand the impact of the war on education.,Wɔyɛɛ nhwehwɛmu bi de te nkɛntɛnso a ɔko no nyae wɔ nhomasua so no ase.
Some security officers are breaking the law instead of enforcing it.,Ahobammɔ adwumayɛfoɔ binom rebu mmara so mmom sen sɛ wɔbɛhyɛ mmara no so.
The operation of wealth creation has enhanced agricultural production in the area.,Ahonyadeɛ adeyɛ dwumadie no ama kuayɛ mu nnoɔma a wɔyɛ wɔ mpɔtam hɔ no anya nkɔsoɔ.
The health facilities are open to all individuals.,Onipa biara bɛtumi akɔ ayaresabea hɔ
It's the police's duty to protect people and their property so it is fine to blame the police for not protecting you.,Ɛyɛ polisifoɔ asɛdeɛ sɛ wɔbɔ nnipa ne wɔn agyapadeɛ ho ban enti ɛyɛ papa sɛ wobɛbɔ polisifoɔ soboɔ wɔ berɛ a wɔammɔ wo ho ban.
"Officers came to the rescue of their fellow officers, while the fire brigade arrived very late.","Polisifo bɛboaa wɔn mfɛfo polisifo, bere a odumgyafo kuw no duu hɔ akyiri yi koraa."
I can send and receive money through a mobile money agent.,Metumi amena asan agye sika afiri mobaa sika ohwefo nkyen.
People are concerned about the failure to restock white rhinos.,Nkorɔfoɔ dwene sɛdeɛ wɔantumi ansane amfa asono mmoa fitaa binom ammɛka ho.
The menstrual cycle is usually twenty-eight days long.,Nna dodoɔ a mmaa de bu wɔn nsa no wɔ mu aduonu -nwɔtwe.
The district task force is at the centre of monitoring and regulating refugee activities.,Aprosifoɔ a wɔwɔ mansini no mu no de wɔn ani redi atubrafoɔ no nneyɛɛ nyinaa akyi na wɔrekyerɛ wɔn deɛ wɔnyɛ.
"Human activities, like cutting down trees, destroy the environment.",Nnipa dwumadi te sɛ nnua a wotwitwa no sɛe nneɛma a atwa yɛn ho ahyia no.
Many youths have picked an interest in politics this time,Mmabun pii apaw amanyɔsɛm ho anigyeɛ saa berɛ yi
"Nyarkoaa collected the plates from the dining table and washed them, demonstrating responsibility and cleanliness.","Nyarkoaa boaboaa mprɛte no ano fii adidipon no so hohoroo ho, na ɔdaa asɛyɛde ne ahotew adi."
This year the cultural gala competitions will be held at our University.,"Afe yi, wɔbɛyɛ amammerɛ agokansie no wɔ yɛn suapɔn no mu."
Doctors in public hospitals are not well paid.,Nnuruyɛfo a wɔwɔ ɔman ayaresabea ahorow no nnya akatua pa.
The court dismissed the case brought against my client.,Asɛnnibea no buu asɛm a wɔde kɔdan m’asɛm no.
"Farmers grow mangoes, apples, avocados and cocoa and acquired income from selling fruits.","Akuafo no dua mango, aprɛ, paya ne cocoa, na wonya wɔn ho sika fi nnuaba a wɔtɔn no mu."
The fellowship will happen at the Source of the Tano river which forms the border between Ghana and Côte d'Ivoire,Ayɔnkofa no bɛkɔ so wɔ Asuo Tanɔ Ano a ɛyɛ baabi a Ghana ne Côte d'Ivoire bɔ hyeɛ no.
A tuberculosis patient died at a traditional healer's shrine.,Ɔyarefo bi a ɔwɔ nsamanwaw wui wɔ tete ɔyaresafoɔ bi nsɔneɛ so.
"Some motorcycles were found at the parking yard, possibly connected to the recent thefts.","Wohuu moto ahodoɔ bi wɔ gyaade a wɔde kar sisi hɔ, a ebia ɛne korɔnbɔ a ɛkɔɔ so nnansa yi no wɔ abusuabɔ"
Riverbanks tend to flood during heavy rain seasons.,Nsuten taa yiri wɔ osu kɛse bere mu.
Some teachers complain that they are poorly paid by the government.,Akyerɛkyerɛfoɔ binom nwiinwii sɛ aban no ntua wɔn ka yiye.
She knert down as a way of expressing her gratitude.,Ɔkotoo sɛ ɔkwan a ɔbɛfa so ada n’anisɔ adi.
Money extortion issues are very common these days.,Sika a wɔde ahoɔden anaa ahunahuna gye ho nsɛm abu so kɛse nnansa yi.
The president promised to establish boreholes during campaigns.,Ɔmampanyin no hyɛɛ bɔ sɛ ɔbɛhyehyɛ ntokuru wɔ ɔsatu ahorow mu.
Men ought to take good care of their families.,Ɛsɛ sɛ mmarima hwɛ wɔn mmusua yiye.
Another awareness on how to respond to coronavirus disease has been stated.,Wɔaka nhumu foforo a ɛfa sɛnea wɔyɛ wɔn ade wɔ coronavirus yare ho.
They also complained about disorganized kitchens and an unsuitable environment for humans.,Wɔsane nso kasakasa faa egyaade a wɔnhyehyɛ no yie ne atenaeɛ a ɛnyɛ ma nnipa ho.
Political leaders are a voice to the voiceress.,Amammuo mu nkɔso a entumi nnyina no aka mpɔtam hɔ nkɔso .
There was poor accountability of the food relief that was distributed.,Waɔmmu nnuane a wɔkyekyɛeɛ no ho akontaa yie.
The education system in Ghana isn't the best.,Nwomasua a ɛwɔ Ghana no nni mu
Hepatitis is a silent killer which can be ended by washing hands,Hepatitis yɛ aduru a edi awu a ɛyɛ komm a wobetumi de nsa hohoro aba awiei
Beating children is not the only way to punish them.,Ɛnyɛ mmofra a wɔbɛhwe wɔn nkutoo ne ɔkwan a wɔbɛfa so atwe wɔn aso.
A team must be able to work together.,Ɛsɛ sɛ ekuo tumi yɛ adwuma bɔm.
Enterprises have been set to boost Ghana's Economy.,Ndwuma Ndwuma wɔasiesie wɔn ho sɛ wɔbɛhyɛ Ghana Sikasɛm mu den
"In order to settle the land wrangling cases, a court session was held to resolve the disputes, ensuring that my son will inherit my land.","Nea ɛbɛyɛ na wɔasiesie asase ho akasakasa no, wɔyɛɛ asɛnnibea nhyiam de siesiee akasakasa no, hwɛ hui sɛ me babarima no benya m’asase no."
There are different hand movements performed for each setting.,Yɛwɔ nsa dwumadie ahodoɔ a wɔyɛ no wɔ nsiesie biara.
The elderly are still healing the wounds in their hearts cause by the rebers.,Mpanimfoɔ yinom da so ara rebɔ mmɔden sɛ wɔbɛyi yea a nnipabɔnefoɔ yinom ama wɔredi wɔ wɔn akomam no afiri hɔ
Refugee hosting communities need help address immediate problems.,mpɔtam a wɔagye aguanfo no hia mmoa a wɔde bedi ɔhaw ahorow ho dwuma ntɛm ara.
Police need the information to track down criminals.,Polisifoɔ hia nsɛm no na wɔatumi ahwehwɛ nsɛmmɔnedifoɔ.
Medicine and surgery students require more money compared to the rest.,Aduroyɛ ne oprehyɛn ho adesuafo hwehwɛ sika pii sɛ wɔde toto wɔn a aka no ho a.
Breastfeeding more than two babies at the same time can be a problem.,Nkɔdaa bɛboro baanu a wɔma wɔn nufuo bere koro mu no betumi ayɛ ɔhaw.
Sportsmen and women need to be highly recognized in the society.,Ɛsɛ sɛ wogye agumadifo ne mmea tom kɛse wɔ ɔmanfo mu.
Holy communion helps people to get away from their sins.,Adidi kronkron boa nkurɔfo ma wɔtwe wɔn ho fi wɔn bɔne ho.
The engineers have analyzed the impact of the bridge on the environment.,Mfidie ho adwumayɛfoɔ no ahwehwɛ nsunsuansoɔ a nsamsoɔ no wɔ wɔ atenaeɛ no so.
His opponents were happy when he withdrew from the presidential race.,Wɔn a wɔsɔre tia no no ani gyei bere a ɔtwee ne ho fii ɔmampanyin akansi no ho no.
There are no funds allocated to the renovation of old buildings.,Wɔntwaa sika biara ntoo hɔ a wɔde siesie adan.
Roads in the region are not in good condition.,akwan a ɛwɔ ɔmantam no mu no nni tebea pa mu.
The law enforcement authorities are not adequately fulfilling their duties.,Atumfoɔ a ɛsɛ sɛ wɔhyɛ ma mmara no yɛ adwuma no nyɛ wɔn adwuma sɛdeɛ ɛsɛ.
The government has established youth liverihood programs for the youth.,Aban no ayɛ dwumadie bi a wɔtete mmabunu ama mmabunu no
If cracks appear in a building that shows poor construction.,Sɛ ɔdan no ho paepae a ɛkyerɛ sɛ wɔansi no yiye .
Some people do not wish well for others.,Nnipa binom mpɛ afoforo yiye.
The village leaders have ensured the availability of regular water supply.,Akuraa no ase akannifo ahwɛ ahu sɛ wobenya nsu a wɔde ma daa.
He stepped on witchcraft and decide to get treatment from a witchdoctor.,Ɔde ne nan sii abayisɛm so na osii gyinae sɛ obenya ayaresa afi abayifo bi hɔ.
He was given a death sentence after being proven of guilty of murder.,Wɔde owu asotwe maa no bere a wɔdaa no adi sɛ odi fɔ wɔ awudi ho no.
"If all materials are available, construction work can easily move on smoothly.","Sɛ nneɛma nyinaa wɔ hɔ a, ɛnyɛ den sɛ adansi adwuma no bɛkɔ so yiye."
"Here are the months in a year: January, February, March, April, May, June, July, August, September, October, November and December.","Asram a ɛwɔ afe biako mu ni: January, February, March, April, May, June, July, August, September, October, November ne December."
People with ill mental state may end up doing abnormal things.,Nkorɔfoɔ a yadeɛ wɔ wɔn adwene mu kɔwie sɛ wɔyɛ nnoɔma basabasa.
All pensioners should be given their money without fail,Ɛsɛ sɛ aban adwumayɛfoɔ a wɔwɔ ahomegyeɛ mu no nya wɔn sika wɔ berɛ nkuguo biara nni mu.
Leaders organized a meeting to respond to the challenges faced by the people.,Akannifoɔ yɛɛ nhyiam bi ho nhyehyɛe de dii nsɛnnennen a nkurɔfoɔ no hyia no ho dwuma.
errors while managing the projects are very costly.,Mfomso bere a wɔredi dwumadi de ɛka kɛse ba.
Malaria is treated with antimalarial medications; the ones used depends on the type and severity of the disease.,Wɔde nnuro a ekum etiridii na ɛsa etiridii; deɛ wɔde di dwuma no gyina yareɛ no ko ne sɛnea emu yɛ den so.
Almost every clan has conflicts related to land ownership.,Ɛkame ayɛ sɛ abusua biara wɔ ntawntawdi a ɛfa asase a wɔwɔ ho.
People lack funds to cultivate and till their land.,Nkorɔfoɔ nni sika a wɔde bɛdua na wɔayɛ wɔn nsase so adwuma.
Every community needs a good security system to develop.,Baabiara hia ahobammɔ nhyehyɛe pa a ɛde mputuo beba.
Many people have been hurt by the police while it enforces law and order.,Polisifo apira nnipa pii bere biara a wɔbɛhyɛ wɔn sɛ wɔmfa mmara ne nhyehyɛe nni dwuma no.
The former Bono-East representative asserted that the government has delayed in policy implementation.,"Nanmusini a na ɔgyina Bono-Atɔeɛ anan mu no akyerɛ sɛ, aban no retwentwɛn ne nan ase wɔ ahyɛdeɛ binom a ɛsɛ sɛ ɔhwɛ ma wɔdi so no ho"
People should be availed with land for forestry.,Ɛsɛ sɛ wɔde asase di dwuma de yɛ kwae.
The government has ensured that refugees live a very good life.,Aban no ahyɛ sɛ ɛsɛ sɛ atukɔtenafoɔ no nya asetena pa
If people do not turn up for an event then something is wrong.,Sɛ nkurɔfo ankɔ adeyɛ bi ase a ɛnde na biribi ankɔ yiye.
People destroy swamps in order to create land for settlement.,Nkorɔfoɔ sɛe atɛkyɛ sɛdeɛ ɛbɛyɛ a wɔbenya asase a wɔbɛtena so.
Every farmer will get an acre of land to plant cassava.,Akuafo biara benya asase acre biako de adua bankye.
The judgment creditor is the person who is owed money under a court judgment.,Onipa atɛmmuo no ma no biribi ne onipa a obi de no ka wɔ atɛmmuo bi mu.
"Through counselling, we are trying to help this person to get better.",Yɛnam afotuo so rebɔ mmɔden sɛ yɛbɛboa saa nipa yi sɛ ne ho bɛtɔ no.
Availability of ready market for agriculture products encourages farmers.,Guadi a wɔasiesie a wɔde besi kuayɛ mu nneɛma a wobenya no hyɛ akuafo nkuran.
A few policemen were recruited and will start training as soon as possible.,Wɔfaa polisifo kakraa bi na wobefi wɔn nteteeɛ ase animanim yi ara mmerɛ ɛsɛ mu.
"Among the very many courses at vocation school, I chose hair dressing.","Wɔ adesua pii a meyɛɛ wɔ nsanodwuma  sukuu no mu no, mefaa atirinwi asiesie."
Voting in some areas was postponed due to fights among supporters.,Wɔtumi abatoɔ no hyɛɛ da wɔ mmeaeɛ binom ɛsiane ntɔkwa a na akyitaafoɔ binom reko nti.
The people stressed that the land belongs to them and not the government.,Nkurɔfo no sii so dua sɛ asase no yɛ wɔn dea na ɛnyɛ aban no dea.
The country will have more and more professional aquaculture farmers.,Ɔman no benya nsu mu akuafo a wɔyɛ adwumaden pii.
This rite involves plastering two side doors with red clay (Akpade) on the Friday of the Twins Yam Festival.,Saa amanneɛ yi hwehwɛ sɛ wɔde dɔte kɔkɔɔ (Akpade) bɛhyɛ apon mmienu  a ɛwɔ nkyɛnkyɛn so wɔ Mtaafoɔ Bayerɛ Afahyɛ no Ɛfiada.
It's the government's responsibility to educate farmers on what kind of seeds to plant.,Ɛyɛ aban no asɛdeɛ sɛ ɛkyerɛkyerɛ akuafoɔ aba ko a ɛsɛ sɛ wɔdua.
Candidates academically prepare themselves to sit for national examinations.,Wɔn a wɔpɛ sɛ wɔyɛ sɔhwɛ no siesie wɔn ho wɔ adesua mu sɛ wɔbɛtra ɔman no mu sɔhwɛ ahorow mu.
People should put on life jackets when using water transport.,Ɛsɛ sɛ nkorɔfoɔ hyɛ nkwagyeɛ ntadeɛ berɛ a wɔde nsuo mu kaa redi dwuma no.
The expectant woman died on her way to hospital.,Ɔpemfoɔ no wuu kwan so berɛ a na ɔrekɔ ayaresabea hɔ no
Men and women should start up savings groups and should be educated about better financial management skills.,Ɛsɛ sɛ mmarima ne mmaa hyɛ sikakorabea akuo ase na ɛsɛ sɛ wɔkyerɛkyerɛ wɔn sikasɛm nhyehyɛe ho nimdeɛ a ɛyɛ.
Parents will manufacture the pads for their daughters.,Awofoɔ bɛyɛ adeɛ a wɔn mma mmaa no de yɛ bra no.
Not everyone is supposed to be involved in passing the budget,Ɛnyɛ obiara na ɛsɛ sɛ ɔde ne ho hyɛ sikasɛm nhyehyɛe no mu
People don't want to work in places which experience floods once in a while.,Nkorɔfoɔ mpɛ sɛ wɔbɛyɛ adwuma wɔ beaeɛ a nsuyiri tumi si hɔ.
Supervisors are being trained for the Measles-Ruberla campaign,Wɔretete adwuma so ahwɛfo ama Measles-Ruberla ɔsatu no
Bouncers are fond of having huge and large chests.,Bouncers ani gye ho sɛ wobenya moma akɛse ne akɛse.
"The mission is built on the core values that include rerigious, cultural and national ethical values.","wɔsii asɔre no wɔ sii botae ahodoɔ so a ɔsom ka ho, amammerɛ ka ho, ne ɔman no mmara nso ka ho."
Their arresting will serve as an example for others not to do it.,Wɔn a wɔbɛkyere wɔn no bɛyɛ nhwɛso ama afoforo sɛ wɔnyɛ.
"The constitution has been revised, bringing about changes to the legal framework.","Wɔayɛ nsakrae wɔ amansan mmara no mu, na ɛde nsakrae aba mmara nhyehyɛe no mu."
How can we diversify the economy of Ghana?,Yɛbɛyɛ dɛn atumi ayɛ Ghana sikasɛm mu ahorow ahorow?
The police arrested him for possession of marijuana.,Polisifo kyeree no sɛ okura bonsam tawa (wee)
The workers vowed to double their efforts in an attempt to improve service delivery.,Adwumayɛfoɔ no kaa ntam sɛ wɔbɛbɔ wɔn mmɔdenbɔ mmɔho mmienu de abɔ mmɔden sɛ wɔbɛma ɔsom adwuma no atu mpɔn.
Leaders should unite people and not divide them.,Ɛsɛ sɛ akannifoɔ ka nnipa bom na ɛnyɛ sɛ wɔpaapae wɔn mu.
"The world is like a Mask dancing. If you want to see it well, you do not stand in one place.","Wiase no te sɛ Mask a ɔresaw. Sɛ wopɛ sɛ wuhu no yiye a, wunnyina baabi biako."
She started without a having designate orphanage house until she owned one.,Ofii ase a na onni nyisaa fie a wɔahyɛ sɛ wɔmfa nyɛ adwuma kosii sɛ onyaa bi.
People always want the best for themselves even if it requires them to stop working.,Nkorɔfoɔ pɛ deɛ ɛyɛ ma wɔn ho berɛ nyinaa sɛ ɛhwehwɛ sɛ wɔgyae adwuma mpo a.
Sanitary facilities should be cleaned daily and disinfected.,ɛsɛ sɛ wosiesie mmeae a ahotew wom da biara da na wɔde nnuru a ekum mmoawa gu mu.
Bricks were purchased to construct a new clinic.,Wɔtɔɔ birikisi de sii ayaresabea foforoɔ irikisi de sii ayaresabea foforo.
Men lack the income to send their wives for antenatal care.,Mmarima nni sika a wɔde bɛsoma wɔn yerenom akɔhwɛ wɔn ho ansa na wɔawo.
"She said that she does not eat pork, expressing her dietary preference.","Ɔkae sɛ onni mprako nam, na ɔdaa aduane a ɔpɛ adi."
There is expanding access to the viral infection treatment through community based organizations.,Yɛwɔ akwanya a ɛdɔɔso sɛ nyarewa a atrɛ ayaresa no nam kuro no kuo so.
The Ghana Media center published the list of successful loan beneficiaries.,Ghana Media center no tintim wɔn a wɔadi nkonim wɔ boseabɔ mu no din.
The traffic officer gave me a ticket for overtaking.,Kai ho ɔpanyin no maa me tekiti sɛ mɛfa kwan a ɛboro so.
Leaders have decided to clear all marijuana plantations in their communities.,Akannifoɔ asi gyinae sɛ wobetu wii mfuo a ɛwɔ wɔn mpɔtam hɔ nyinaa.
"The manager ordered me to take two weeks off work, and he is under a lot of pressure from the manager to submit his monthly report.","Ɔhwɛfoɔ no hyɛɛ me sɛ menye mahome nnawɔtwe mmienu, ɛna afei nso ɔhwɛfoɔ no de Ɔhyɛ ato ne so sɛ ɔmfa ne bosome amanebɔ mmara."
Many people have lost lives during these presidential campaigns.,Nnipa pii ahwere wɔn nkwa wɔ ɔmampanyin ɔsatu ahodoɔ yi mu.
The police arrested a man suspected of killing his wife for over fifty thousand cedis,Polisifoɔ no akye ɔbarima bi a wɔhunu no sɛ wakum ne yere wɔ sedi mpem aduonum ho.
The evening was a wonderful experience of oral storytelling from a master craftswoman.,Anadwo no yɛɛ suahunu nwanwasoɔ bi a ɛfa anansesɛm a maame bi a wakwadare mu toeɛ ho.
"They visited an orphanage yesterday, extending their kindness to vulnerable children.",Wɔkɔsraa nyanka no nnora a wɔdaa wɔn ayamye adi kyerɛɛ mmofra a wɔyɛ mmɔbɔ no.
Some sports team players are paid a monthly salary.,Wotua agumadi kuo mu agodifoɔ binom akatua ɔsram biara.
A donation plan has been launched with Rotarian malaria partners.,Wɔapaw adɔeɛ nhyehyɛeɛ bi ho ntoma a wɔne Rotarian etiridii no nnipa na ɛyɔɔeɛ.
The rich should come out to help the vulnerable people in society.,Ɛsɛ sɛ adefo fi adi bɛboa nnipa a wonni ahobammɔ wɔ ɔmanfo mu.
Organizations are partnering with religious communities to help children.,Ahyehyɛde ahorow ne nyamesom akuw reyɛ biako de aboa mmofra.
Schools are adopting electronic learning as a way of teaching children during the lockdown.,sukuu ahorow regye kɔmputa so adesua atom sɛ ɔkwan a wɔfa so kyerɛkyerɛ mmofra wɔ bere a wɔatoto mu no.
National social security fund will provide equipment to maintain the golf course.,Ɔman asetra mu ahobammɔ sikakorabea bɛma wɔanya nnwinnade a wɔde bɛhwɛ gɔf agordibea no so.
Improved soybean variety is developed at the university.,Wɔyɛ soyabean ahorow a wɔatu mpɔn wɔ sukuupɔn no mu.
The District lacks the capital to recruit adequate health workers.,Mansini no nni dwetire a wɔbɛtumi de afa apɔmuden adwumayɛfoɔ bebree
Most people are living below the poverty line.,Nnipa dodow no ara wɔ ohia boboromu.
"The insensible driver caused a major accident after he ignored all traffic rules, despite the passengers calling out to him time and time again to drive more carefully.","Drɔba a ɔnni adwene no maa akwanhyia siiɛ berɛ wɔamfa kaa kwan so akwankyerɛ no mu biara anyɛ adwuma no, ɛmfa ho sɛ na wɔn a wɔtete kaa no mu reka kyerɛ no berɛ ne berɛ mu dɛ ɔmfa ahwɛyie ntwi kaa no."
"After having won the elections, he threw a party to celebrate his victory.","Bere a odii nkonim wɔ abatow no mu akyi no, ɔtow apontow bi de dii ne nkonimdi no ho afahyɛ"
"Corrupt town agents have been arrested by the police, reporting on the arrest of corrupt town agents by the authorities.","Polisifo akyere kurow no mu adwumayɛfo a wodi amim, na wɔbɔ amanneɛ sɛ atumfoɔ akyere kurow no mu adwumayɛfo a wodi amim no."
The palace will be constructed in the former chief's territory.,Wɔbɛsi ahemfie no wɔ kan hene no asasesin mu.
Kumasi Asante Kotoko football club is not performing well .,Kumasi Asante Kotoko bɔɔlbɔ kuw no ntumi nyɛ adwuma yiye .
The status of the health sector will be discussed live on television.,Wɔbɛkasa afa ayarehwɛ beaeɛ no tebea ho wɔ ɔhwɛtie afidie no seesei.
Farmers in Northern Ghana requested the government for more funding .,Akuafo a wɔwɔ Ghana Atifi fam no srɛɛ aban no sɛ ɔmma wɔn sika pii.
Any government policy is important for us to follow.,Aban nhyehyɛe biara ho hia sɛ yɛdi so.
The pandemic has greatly hindered many government plans this year.,Ɔyaredɔm no asiw aban nhyehyɛe pii kwan afe yi.
"Last year, many people deliberately refused to pay taxes in our district.","Afe a etwaam no, nnipa pii hyɛɛ da powee sɛ wobetua toɔ wɔ yɛn mantam no mu."
The agenda is to involve the youth and provide acceptable information to become responsible adults,Dwumadi no ne sɛ wɔde mmabun no bɛka ho na wɔde nsɛm a wogye tom ama na wɔabɛyɛ mpanyimfo a wɔwɔ asɛyɛde
Health workers have been fully supported to carry out health extension services.,Wɔaboa akwahosan adwumayɛfo koraa ma wɔayɛ akwahosan ntrɛwmu adwuma.
Her parents warned her against moving at night.,N’awofo bɔɔ no kɔkɔ sɛ ɛnsɛ sɛ otu kɔtra baabi foforo anadwo.
Amina funded her campaigns during the national elections.,Amina de sika boaa n’asɛyɛde ahorow wɔ ɔman no mu abato no mu.
Dancing is an important part of the culture of Dagbon.,Asaw yɛ Dagbonfo amammerɛ fã titiriw.
The officers had worked on a night shift.,Ná polisifo no ayɛ adwuma anadwo adwuma.
How can farmers add value to their livestock produce?,Ɔkwan bɛn so na akuafo betumi de mfaso aka wɔn mmoa nnɔbae ho?
"Due to the coronavirus , all worshipping places were closed","Esiane coronavirus nti , wɔtoo mmeae a wɔsom nyinaa mu"
The government of Ghana is trying to encourage and promote the extensive use of technology by organizing e-government expo .,Ghana aban no rebɔ mmɔden sɛ ɔbɛboa ɔmanfoɔ ama wɔn ani abɛgye ho sɛ wɔde abɛɛfo kwan a wɔfa no yɛ nneɛma no ho denam ne dwumadie a ɔde aba a wɔfrɛ no e-government expo no.
An education ordinance will be drafted to handle the problem.,Wɔbɛtwerɛ nhomasua ho mmara bi de adi ɔhaw no ho dwuma.
The construction of the bridge will affect the environment positivery and negativery.,Abɔnten no a wɔbɛsi no bɛka nneɛma a atwa yɛn ho ahyia no yiye ne nea enye.
Local revenue is used in development .,Wɔde sika a wonya fi mpɔtam hɔ no di dwuma wɔ nkɔsoɔ mu.
Some youths deliberately refuse to pay back the money.,Mmabunu binom hyɛ da pow sɛ wobetua sika no.
These days you need to bribe someone so as to get a government job.,Ɛnnɛ mmerɛ yi mu deɛ ɛhia sɛ woma obi kɛtɛasehyɛ sɛdeɛ wobɛnya aban adwuma.
The national jobs authority offered jobs to many residents during the construction.,Ɔman no adwumayɛbea no de nnwuma maa nnipa pii a wɔte hɔ berɛ a na wɔresi dan no.
Swindle is to get money dishonestly from someone by cheating or deceiving them.,Nsisi ne sɛ wubenya sika afi obi hɔ wɔ nokwaredi mu denam nsisi anaa nnaadaa a wobɛdaadaa no so.
Road construction works are expensive to the districts.,Akwan a wɔyɛ no bo yɛ den ma amansin no
"Students have raised concerns about the poor feeding conditions, highlighting the need for improvement.","Asuafo aka nneɛma a ɛhaw wɔn wɔ aduan a wɔde ma a enye no ho asɛm, na wɔasi hia a ehia sɛ wɔyɛ nkɔso so dua."
Fish is highly perishable and needs proper preservation.,Mpataa tumi sɛe ntɛmntɛm na ehia sɛ wɔkora so yiye.
"If little funds are allocated to the district, some of the issues may not be solved.","Sɛ wɔkyekyɛ sika kakraa bi ma ɔmantam no a, ebia wɔrensiesie nsɛm no bi."
Government has been in land wrangles for a long time.,Aban no adi asase ho akasakasa bere tenten.
"In order to achieve, one must work hard.","Sɛ obi betumi anya bi a, ɛsɛ sɛ ɔyɛ adwumaden."
The commissioner for national disease control said that cleanliness can stop cholera outbreaks .,Ɔman no mu nyarewa ano aduru ho ɔpanyin no kae sɛ ahotew betumi asiw kɔlera a ɛpae gui no ano .
The headteacher requested the students to respect all staff members.,Sukuupanin no hyɛɛ asuafoɔ no nyinaa sɛ ɛsɛ sɛ wɔde obuo ma sukuu no mu adwumayɛfoɔ nyinaa
Local leaders should prioritize the safety of market vendors by implementing measures to protect their health and well-being.,Ɛsɛ sɛ mpɔtam hɔ akannifoɔ de dwa so adetɔnfoɔ ahobammɔ di kan denam nneɛma a wɔde begu akwan mu de abɔ wɔn akwahosan ne wɔn yiyedi ho ban no so.
The priest warned men and women against the act of sexual harassment.,Ɔsɔfo no bɔɔ mmarima ne mmea kɔkɔ wɔ nna mu ɔbrasɛe adeyɛ no ho.
The parents request for a free education system.,Awofo no srɛ sɛ wɔmma wɔn nhomasua nhyehyɛe a wontua hwee.
The headteacher said that emphasis should be put on science subjects.,"Sukuupanin no kaa sɛ, ɛsɛ sɛ wɔma wɔn ani ku abɔdeɛ mu nyansapɛ adesua ho nsɛm so pa ara"
Health officers will coordinate health activities using bicycles.,Akwahosan ho adwumayɛfo de sakre bɛyɛ akwahosan dwumadi ahorow ho nhyehyɛe.
"Vocational skills are important in our lives, recognizing the significance of practical skills for personal and professional development.","Nsanodwuma yɛ biribi a ɛho hia pa ara wɔ yɛn asetenam, ɛfiri sɛ wohunu ɛso mfasoɔ a ɛboa ma wotu mpɔn wɔ asetena ne adwumasɛm mu."
Ministry of Education gives scholarships for students who want to enroll for Master's Degree and PhD in the science field.,Nhomasua Dwumadibea no de sika a wɔde bɛma asuafo a wɔpɛ sɛ wɔkyerɛw wɔn din kɔyɛ Owura deɛ Abodin krataa ne PhD wɔ nyansahu mu no ma.
The quality production of vanilla comes after it is given time to mature.,Vanilla a wɔyɛ no yiye no ba bere a wɔama no bere ma anyin akyi.
Many people lost their lives due to flooding.,Nnipa pii hweree wɔn nkwa esiane nsuyiri nti.
"He also served as a medium between the people of his jurisdiction, the ancestor and the gods. As the head of the village, the Odikro presided over the village council.","Afei nso, na ɔyɛ ntamgyinafo ma ne nkurɔfo, nananom a wɔawuwu, ne anyame no. Sɛ akuraa no ti no, Odikro no na odi akuraa no baguafo no anim."
Scientific weddings are becoming the new normal these days.,Nyansahu mu ayeforohyia reyɛ ade foforoɔ nnansa yi.
For you to succeed set a goal in life and work towards achieving it.,"Sɛ wubedi nkonim a, fa botae bi sisi w'ani so na bɔ mmɔden sɛ wubedu ho."
Health workers should attend to all people without discrimination.,Ɛsɛ sɛ akwahosan ho adwumayɛfo hwɛ nnipa nyinaa a wɔnyɛ nyiyim.
All reports on road accidents can be found at the police station,Wobetumi ahu akwanhyia ho amanneɛbɔ nyinaa wɔ polisifo adwumayɛbea hɔ
Leaders account for quite a number of things.,Akannifoɔ bu nneɛma pii ho akontaa.
elections are supposed to be free and fair.,ɛsɛ sɛ abatoɔ ɛyɛ fawohodi ne atɛntrenee
Many people were admitted to the same ward.,Wɔde nnipa pii kɔɔ agyebea korɔ no ara mu.
The community agreed to send their children to school.,Mpɔtam hɔfo penee so sɛ wɔde wɔn mma bɛkɔ sukuu
Farmers now sell their crops to earn money.,Mprempren akuafo tɔn wɔn nnɔbae de nya sika.
Criminals are now fond of kidnapping people with aim of asking for money.,Mprempren nsɛmmɔnedifo ani gye ho sɛ wɔbɛkyere nkurɔfo a wɔn botae ne sɛ wɔbɛsrɛ sika.
Educational institution follow the head of state's instruction in controlling coronavirus disease spread.,Nhomasuabea no di ɔman no akwankyerɛ a ɛfa sɛnea wɔbɛbɔ corona yare no ho ban no so.
Idle youth will be engaged in income-generating activities.,Mmabun a wɔnyɛ hwee de wɔn ho bɛhyɛ nnwuma a ɛbɛma wɔanya sika mu.
"His father did not live with the family, but worked in Half Assini where he pursued his goldsmith business until his death.","Ne papa ne abusua no antra, na mmom ɔyɛɛ adwuma wɔ Half Assini baabi a ɔyɛɛ ne sika kɔkɔɔ adwumfo adwuma no kosii ne wu mu."
Political campaigns should be peaceful and not violent.,Ɛsɛ sɛ amammui ɔsatu ahodoɔ yɛ nea asomdwoe wom na ɛnsɛ sɛ basabasayɛ wom.
The different stakeholders met to discuss medical challenges in villages.,Nnipa ahorow a wɔde wɔn ho hyɛɛ mu no hyiaam susuw aduruyɛ mu nsɛnnennen a ɛwɔ nkuraa ase ho.
A councilor spoke of including old people into youths groups since youths often misuse funds .,Nipa bi a wɔapaw no sɛ ekuo gyinafoɔ kasae sɛ wɔde mpanimfoɔ rebɛfra mmaabunu ekuokuo ɛsiane sɛ mmaabunu tae yɛ sika basabasa no nti.
