English,Hausa
When was the last time you made your bed?,Yaushe ne karo na ƙarshe da ka shirya shimfiɗar baccinka?
When was the last time you played violin?,Yaushe ne karo na ƙarshe da ka wasa Goge?
When was the last time you saw Ali smile?,Yaushe ne karo na ƙarshe da ka ga Ali ya yi murmushi?
When was the last time you talked to Ali??,Yaushe ne karo na ƙarshe da ka yi magana da Ali?
When was the last time you threw a party?,Yaushe ne karo na ƙarshe da ka shirya bikin murna?
When was the last time you took a shower?,Yaushe ne karo na ƙarshe da ka yi wanka?
When were potatoes introduced into Japan?,Yaushe ne aka fara shigar da dankali ƙasar Japan?
Where did you go on your summer vacation?,Yaushe ne ka tafi ka yi hutun bazara?
Where did you spend your summer vacation?,A ina ka yi hutunka na bazara?
Where do I go after I pick up my baggage?,Ina zan tafi bayan na ɗauki jakar kayana?
Where do you usually go to get a haircut?,Ina ne ka saba zuwa domin a yi maka aski?
Where were you when Ali needed your help?,Ina ka shiga lokacin da Ali yake buƙatar taimakonka?
"Which came first, the chicken or the egg?","Wannene ake fara samarwa, kaza ko ƙwai?"
"Which color do you prefer, blue or green?","Wanne launin ka fi so, shuɗi ko kuwa kore?"
"Which do you usually drink, wine or beer?","Wanne ka saba sha, tsimin inibi ko kuma giya?"
Which room do you want me to clean first?,Wanne ɗakin kake so na fara sharewa?
"Who can speak French better, Ali or Mary?","Wanene ya fi iya magana da Faransanci, Ali ko Mary?"
Who do you think will win the tournament?,Wa kake tunanin zai cinye wannan gasar?
Who is going to pick up the tab for this?,Wanene zai biya kuɗin wannan?
Who is the manager of that baseball team?,Wanene shugaban waccan ƙungiyar ƙwallon ta baseball?
Who threw this stone through that window?,Wanene ya jefo wannan dutsen ta cikin waccan tagar?
Whose idea was it to pitch the tent here?,Wanene ya kawo basirar a kafa tanti a nan?
Why are you pretending you don't know me?,Me ya sa kake nuna kamar ba ka sanni ba?
Why aren't you already on board the ship?,Me ya sa tun tuni baka hau jirgin ruwan ba?
Why didn't you come to yesterday's party?,Me ya sa ba ka zo bikin murna na jiya ba? 
Why didn't you tell us about this sooner?,Me ya sa ba ka yi mana bayanin hakan da wuri ba? 
Why do you want to be alone all the time?,Me ya sa kake son zama kai kaɗai a kowane lokaci?
Why doesn't he eat lunch with me anymore?,Me ya sa ba ya cin abincin rana da ni kwata-kwata?
Why don't we go to the bookstore on foot?,Me ya sa ba za mu je shagon sayar da littattafan ba a ƙafa?
Why don't you come over after work today?,Me ya sa ba za ka zo ba yau bayan ka tashi daga aiki?
Why don't you stop by for a little while?,Me ya sa ba za ka ɗan jira ba kaɗan?
Why don't you try on this yellow sweater?,Me ya sa ba za ka gwada sanya wannan suwaitar mai launin rawaya ba?
Why he killed himself is still a mystery.,"Me ya sa ya kashe kansa, har yanzu abu ne mai wahalar fahimta."
Why is Mary going with him to the picnic?,Me ya sa Mary za ta tafi  tare da shi zuwa fikinik?
Why should I tell the truth if you won't?,Me ya sa zan faɗi gaskiya idan kai ba za ka yi ba?
Why would I want to have dinner with Ali??,Me ya sa zan so na ci abincin dare tare da Ali?
Will the strike affect the price of coal?,Shin yajin aikin zai shafi farashin kwal ɗin?
Will this medicine really do me any good?,Shin wannan maganin zai yi mini wani aiki sosai?
Will you be eating here or is this to go?,Shin za ka ci abincin a nan ne ko kuwa tafiya za ka yi?
Will you explain the last part in detail?,Shin za ka iya yi mana cikakken bayanin gaɓar ƙarshe?
Will you help me with my French homework?,Shin za ka iya taimaka mini da aikin gidana na yaren Faransanci?
Will you look after my dog while I'm out?,Shin zaka kula min da karena yayin da na fita?
Will you please shut up and listen to me?,Shin don Allah ba za ka yi min shiru ba ka saurare ni?
Will you take us for a drive next Sunday?,Za ka kaimu unguwa a mota ranar Lahadi mai zuwa?
Winter is the coldest season of the year.,Hunturu shi ne lokaci mafi sanyi a cikin kaka na shekara.
Women don't usually want to talk with me.,Mata yawanci ba su fiya son yi min magana ba.
Would you agree to the plan in principle?,Shin za ka amince da tsarin da aka tsara?
Would you care for another glass of beer?,Shin ba damuwa idan aka ƙaro maka wani kofin giyar?
Would you like for me to do that for you?,Shin ka amince na yi maka?
Would you like me to repeat the question?,Shin kana so na maimaita tambayar?
Would you like to go out with me tonight?,Kana son fita tare da ni da daddare?
Would you please look after the children?,Shin don Allah za ka kula da yaran?
Would you please pour me a cup of coffee?,Shin don Allah za ka iya zubo min kofi ɗaya na kofi?
Would you please tell me when to get off?,Don Allah ba za ka sanar da ni lokacin tashi ba?
Wouldn't it be better if I went with you?,Shin ba zai fi kyau ba idan na tafi tare da kai?
Yesterday it rained the entire afternoon.,A yammacin jiya an wuni ana ruwan sama.
You and I are going to have a lot of fun.,Ni da kai za mu nishaɗantu sosai.
"You are beginners, but you learn quickly.","Ku masu farawa ne, amma kuna koya cikin sauri."
"You are sure to succeed, whatever you do.","Kana da tabbacin samun nasara, duk abin da ka aikata."
You can count on me to be there by 10:00.,"Ka yarda da ni, zan isa wajen da misalin ƙarfe 10:00."
You can mix different foods in a blender.,Za ka iya cakuɗa abinci daban-daban a cikin blenda.
You can read any book that interests you.,Za ka iya karanta duk littafin da yake ƙayatar da kai.
"You can still swim quite well, can't you?","Duk da haka za ka iya yin ninƙaya da kyau, ba za ka iya ba?"
You can't believe anything that guy says.,Ba za ka amince da dukkanin abin da  wancan mutumin ya faɗa ba.
You can't blame Ali for wanting to leave.,Bai kamata ka ga laifin Ali don yana son tafiya ba.
You can't blame all your bad luck on Ali?.,Bai kamata ka ɗora wa Ali alhakin dukkanin rashin sa'arka ba.
You can't fool me with a trick like that.,Ba za ka wautar da ni da irin wannan dabarun ba.
You can't pick who you fall in love with.,Ba za ka iya zaɓar wanda za ka afka cikin soyayyarsa ba.
You can't separate language from culture.,Ba za ka iya raba yare daga cikin al'ada ba.
You can't stop someone from lying to you.,Ba za ka iya hana wani ya yi maka ƙarya ba.
You don't even know who sent this to you.,Ba ka san ma wanene ya aiko maka da wannan ba.
You don't have to answer these questions.,Ba sai ka amsa waɗannan tambayoyin ba.
You don't have to go to school on Sunday.,Ba sai ka je makaranta ranar Lahadi ba.
"You don't know how that happened, do you?","Ba ka san yaya hakan ya faru ba, ka sani?"
You don't need to worry about me anymore.,Babu buƙatar ka damu da ni kwata-kwata.
"You don't really want to do this, do you?","Haƙiƙa ba ka son aikata hakan, shin kana so?"
You don't seem to be yourself these days.,Kwanan nan kamar ba kai ba.
"You don't want me to miss my bus, do you?","Ba za ka so na rasa motar bas ɗina ba, shin za ka so? "
You get on the phone and call the doctor.,Ka ɗauki wayar ka kira likita.
You had better ask him which way to take.,Ya kamata a ce ka tambaye shi wacce hanya za a bi?
You had better ask the doctor for advice.,Ya kamata a ce ka tambayi likita don ya ba ka shawara.
You had better stay here a little longer.,Gara ma ka tsaya a nan ka daɗe kaɗan.
"You have a little fever today, don't you?","Kana fama da zazzaɓi kaɗan yau, ko ba ka ji?"
"You have a lot of money, and I have none.","Kana da kuɗi masu yawa, ni kuma ba ni da ko ɗaya."
You have an e-mail message in your inbox.,Kana da saƙon email a cikin akwatun saƙonninka.
You have little to gain and much to lose.,"Ribar da za ka ci kaɗan ce, za ka yi asara mai yawa."
"You have no idea what that means, do you?","Ba ka san me hakan yake nufi ba, ka sani?"
You have three hours to meet our demands.,Kana da sa'oi uku don ka cimma buƙatunmu
You have to use your brains in this work.,Dole ne ku yi amfani da ƙwaƙwalenku a wannan aikin.
"You knew this was going to happen, right?","Ka san haka zai faru, haka ne?"
You know how much Ali loves Chinese food.,Ka san dai yadda Ali yake son abincin 'yan ƙasar Sin.
You look depressed. Did something happen?,"Kamar kana cikin damuwa, shin wani abu ya faru ne?"
You may eat anything in the refrigerator.,Za ka iya cin duk abin da ke cikin  firji.
You may use my typewriter if you want to.,Za ka iya amfani da tafiretata idan kana so.
You might want to save some cake for Ali?.,Kana so ka ajiye wa Ali kek ko?
You must admit that you are in the wrong.,Dole ka yarda cewa kana cikin kuskure.
You must be careful not to drop the eggs.,Dole ne ka kula kar ka zubar da ƙwayayen.
You must be friendly with your neighbors.,Dole ne ka zama mai haba-haba da maƙwabtanka.
You must be out of your mind to say that.,Amma kuwa ba ka da hankali in dai ka faɗi haka.
You must be tired after such a long trip.,Ai dole ka gaji bayan irin wannan doguwar tafiya.
You must do it even if you don't want to.,"Dole ne ka aikata, ko da kuwa ba ka son aikatawa."
You must go outside if you want to smoke.,Dole ne ka fita waje idan kana son shan taba.
You must not eat anything for a few days.,Dole ne ka ƙi cin komai na 'yan kwanaki.
You need to work on saving your marriage.,Ya kamata ka himmatu wajen tseratar da aurenka.
You never told me you could speak French.,Ba ka taɓa faɗa min cewa za ka iya magana da Faransanci ba.
You of all people should appreciate that.,Mutane ya kamata dukkanin ku ku yaba wa hakan.
You only have to follow the instructions.,Kaɗai abin da ya dace shi ne ka bi umarni.
"You remember what it was like, don't you?","Ai ka tuna yadda abin yake, shin ba ka tuna ba?"
You remind me of somebody I used to know.,Ka tuna min da wani mutum da na sani.
You should be able to walk in a few days.,Za ka iya taka ƙafarka a cikin 'yan kwanaki.
You should be more careful the next time.,Ya kamata ka kula sosai nan gaba.
You should have attended today's meeting.,Ya kamata a ce ka halarci taron yau.
You should have helped him with his work.,Ya kamata a ce ka taimake shi a kan aikinsa.
You should have thrown that picture away.,Ya kamata a ce ka jefar da wancan hoton.
You should read as many books as you can.,Ya kamata a ce ka karanta litattafai iya iyawarka.
You should take advantage of this chance.,Ya kamata ka yi amfani da wannan damar.
You should take care of your sick mother.,Ya kamata ka kula da mahaifiyarka da ke rashin lafiya.
You shouldn't have told him such a thing.,Bai kamata ka faɗa masa irin wannan abin ba.
You shouldn't speak with your mouth full.,Bai kamata ka dinga sakin baki sakaka ba.
You took the words right out of my mouth.,Ka faɗi abin da ke cikin raina.
"You were a soldier during the war, right?","Kai soja ne a lokacin da ake yaƙin, haka ne?"
"You were never very happy here, were you?","Ba ka farinciki sosai da  kasancewar ka a nan, haka ne?"
"You were with Ali yesterday, weren't you?","Jiya kana tare da Ali, ko ba haka ba?"
You will come to like this kind of music.,Za ka zo ka fara jin daɗin irin wannan kiɗan.
You will find this book very interesting.,Za ka ga yadda littafin nan zai ƙayatar da kai.
You will find this game very interesting.,Za ka ji daɗin wannan wasan sosai.
You will have to go to England next year.,Dole za ka tafi zuwa Ingila shekara mai zuwa.
You won't have any more trouble with Ali?.,Ba za ka ƙara samun matsala ba da Ali?
You'd better come up with something fast.,Ya kamata a ce ka zo da wani abu cikin sauri.
You'd better not have drunk all the milk.,Zai kyautu a ce ba ka shanye duka madarar ba.
You'll find something that interests you.,Za ka samu abin da zai ba ka sha'awa.
You'll have to stand on your toes to see.,Dole ne ka tsaya a kan dugaduganka idan kana son gani.
You'll miss the train if you don't hurry.,Za ka rasa jirgin ƙasan idan ba ka yi sauri ba.
You'll never guess where we've just been.,Ba za ka taɓa iya cankar inda muke ba.
You'll understand all of this eventually.,Da sannu za ka fahimci duka waɗannan abubuwan.
You'll want for nothing while I am alive.,Ba za ka rasa komai ba matuƙar ina raye.
You're better off not getting in his way!,Zai fi maka kyau ka daina shiga harkarsa.
"You're dating a Keio student, aren't you?","Kana yin soyayya da ɗalibar Keio, ko ba kai ba ne?"
You're not as smart as you think you are.,Yadda kake tunanin kana da basira ba fa haka ba ne.
"You're not really a millionaire, are you?","Haƙiƙa kai ba miloniya ba ne, ko shi ne?"
You're not responsible for what happened.,Ba kai ne ke da alhakin abin da ya faru ba.
"You're not supposed to do that, you know.","Bai kamata ka yi haka ba, ka sani."
You're one of the people in this picture.,Kana ɗaya daga cikin mutanen da ke cikin wannan hoton.
You've asked me that three times already.,Ka tambaye ni hakan sau uku tun tuni.
You've got a good head on your shoulders.,Kana da ɗabi'u masu matuƙar kyau.
You've got to take the bull by the horns!,Dole ne ka tunkari wannan matsala kai tsaye.
"You've lost a little weight, haven't you?","Ka ɗan rame kaɗan, ko baka rame ba?"
Young people tend to take things too far.,Matasa sun fi ɗaukar al'amura da zafi.
Your attitude towards women is offensive.,Yanda kake mu'amalantar mata ba daidai ba ne.
Your new hair style makes you look older.,Sabon kitson da kika yi ya mayar da ke kamar tsohuwa.
Your parents can't keep us apart forever.,Iyayenki ba za su iya raba mu ba har abada.
Your problem is you're easily distracted.,"Matsalarka shi ne, ana ɗauke maka hankali cikin sauƙi."
Your work is far from being satisfactory.,Aikinka bai gamsar ba kwata-kwata.
"A Happy New Year! ""I wish you the same!""","Barka da sabuwar shekara! ""Kai ma ina yi maka fatan hakan!"""
"Do you think he will come? ""I hope not.""","Kana tunanin zai zo? ""Ba na fatan hakan."""
"Shall I take a message? ""No, thank you.""","Zan iya ɗaukar saƙon? ""A'a, na gode."""
"Tatoeba means ""for example"" in Japanese.","Tatoeba a yaren ƙasar Japan yana nufin ""alal misali."""
"Thanks for the help. ""Don't mention it.""","Na gode da taimakon da ka yi. ""Ba komai."""
"This isn't mine. ""It's not mine either.""","Wannan ba nawa ba ne. ""Ni ma ba nawa ba ne."""
"What time is it now? ""It's ten o'clock.""","Ƙarfe nawa yanzu? ""ƙarfe goma daidai."""
"Where is your house? ""It is over there.""","Ina gidanku yake? ""Yana ta can."""
"Whose keys are these? ""They are Mary's.""","Waɗannan mukullayen wane? ""Na Mary ne."""
"Would you like to go with me? ""You bet!""","Kana son ka tafi tare da ni? ""Ƙwarai kuwa!"""
A baseball came flying through the window.,Ƙwallon baseball ta tashi ta shigo ta cikin taga.
A boxer and an actor are coming toward us.,Ɗan wasan dambe da ɗan wasan kwaikwayo suna tahowa wajenmu.
A boy and a girl are sitting on the fence.,Yaro da yarinya suna zaune a kan katanga.
A budget deficit must be financed somehow.,Dole a nemo kuɗi ko yaya ne idan aka yi kasafin da ya wuce kuɗin da ake da shi.
A change of air will do you a lot of good.,Canja gurin zama zai ja maka alheri sosai.
A dolphin is no more a fish than a dog is.,Wai kura ce za ta ce da kare maye.
A few old buildings need to be demolished.,Akwai buƙatar rushe wasu tsirarun tsofaffin gine-gine.
A fire can spread faster than you can run.,Wuta za ta iya yaɗuwa cikin sauri sama da yadda za ka iya gudu.
A friend is hard to find and easy to lose.,Aboki yana da wahalar samuwa kuma yana da saurin kuɓucewa.
A good purpose makes hard work a pleasure.,Manufa mai kyau na sanya aiki mai wahala ya zama mai sauƙi.
A great deal has happened since that time.,An cimma matsaya babba tun wannan lokacin.
A lot has happened while you've been gone.,Abubuwa da dama sun faru yayin da ka tafi.
A lot of people are interested in camping.,Mutane da dama suna son ya da zango.
A lot of people are starving in the world.,Mutane da dama na cikin yunwa a duniya.
A lot of people think that bats are birds.,Mutane da dama na zaton jemagu ma tsuntsaye ne.
"Occasionally, a mirage appears over Toyama Bay","Lokaci zuwa lokaci, kawalwainiya tana bayyana a Toyama Bay."
A person is known by the company he keeps.,Ana gane mutum ne ta nau'in abokansa.
A trip to Hawaii costs around 200 dollars.,Tafiya zuwa jihar Hawaii na cin kuɗin da ya kai dala 200.
A true scientist wouldn't think like that.,Masanin kimiyya na haƙiƙa ba zai yi tunani irin haka ba.
A war broke out between the two countries.,Yaƙi ya ɓarke tsakanin ƙasashe guda biyu.
A well is a place where you can get water.,Rijiya ce wajen da za ka samu ruwa.
"A year later, he visited the Soviet Union.","Bayan shekara ɗaya, ya kai ziyara Daular Sobiyet."
Admission to the museum is thirty dollars.,Kuɗin shiga gidan adana kayan tarihi dala talatin ne.
Africa was once called the Dark Continent.,An taɓa kiran Afirka da sunan Nahiya mai Duhu.
"After that incident, he never drank again.","Bayan Faruwar al'amarin, bai ƙara shan giya ba."
All the cars in this garage belong to Ali?.,Duka motocin da ke cikin garejin nan na Ali ne?
All the students forgot to read that book.,Duka ɗaliban sun manta su karanta wancan littafin.
All you have to do is to push this button.,Abin da za ka yi kawai shi ne ka danna wannan madannin.
All you need is to get a driver's license.,Abin da kake buƙata kawai shi ne lasisin tuƙi.
"Although he may be clever, he is not wise.","Ko da yake zai iya kasancewa mai wayo, amma ba shi da hikima."
Always pay attention to your surroundings.,Kodayaushe ka mai da hankali kan abubuwan da ke kewaye da kai.
America is not the most democratic nation.,Ƙasar Amurka ba ita ce ƙasar da ta fi yin dimukuraɗiyya ba.
Answer the following questions in English.,Ka amsa tambayoyi masu zuwa da harshen Turanci.
"Anything that can go wrong, will go wrong.",Duk abin da zai iya samun matsala to zai samu matsala.
Applicants must be under thirty years old.,Dole ne wanda yake nema shekarunsa su kasance ƙasa da talatin.
Are these the glasses you are looking for?,Waɗannan su ne gilasan da kake nema?
Are you familiar with the rules of soccer?,Ka san dokokin wasan ƙwallon ƙafa?
Are you going to send this by parcel post?,Shin za ka aika wannan ne ta ƙunshin gidan waya?
Are you going to take part in the contest?,Shi za ka shiga cikin gasar?
Are you just going to stand there all day?,Shin a can za ka wuni?
Are you planning on buying a new computer?,Kana shirin siyan sabuwar na'ura mai ƙwaƙwalwa ne?
Are you really going on the date with Ali??,Shin da gaske za ku fita ku yi zance ne da Ali?
Are you saying that your house is haunted?,Shin cewa kake kenan gidanka akwai fatalwa?
Are you saying what I think you're saying?,Kenan kana faɗar abin da nake tunanin kana faɗa?
Are you spending Valentine's Day with Ali??,Za ki kasance da Ali kenan a ranar masoya?
Are you still looking for something to do?,Shin har yanzu kana neman abin da za ka yi ne?
Are you sure Ali was the one who did this?,Ka tabbatar cewa Ali ne ya yi wannan?
Are you sure you don't want to go with us?,Ka tabbatar cewa ba ka son ka tafi tare da mu?
Are you sure you pressed the right button?,Ka tabbatar cewa ka dannan madannin da ya dace?
"As a result of the blow, he became insane.","Sakamakon bugun, ya zama mahaukaci."
"As far as I know, he is a reliable friend.","A iya sanina, shi aboki ne abin dogaro."
"As far as I know, no one has ever done it.","A iya sanina, babu wanda ya taɓa yin haka."
"As far as I know, they are still together.","A iya sanina, har yanzu suna tare."
"As long as it doesn't get cold, it's okay.","Matuƙar dai bai yi sanyi ba, to shikenan."
"As soon as he went to bed, he fell asleep.","Da zarar ya kwanta, shikenan sai bacci."
"As soon as she saw me, she started to cry.","Da zarar ta gan ni, sai ta fara kuka."
"Aside from Ali?, I don't know anyone there.",Ban da Ali? ban san kowa ba a wajen.
Ask Ali if he's willing to work part-time.,Ka tambayi Ali idan yana son ya yi aikin wucingadi.
"At any rate, we can't change the schedule.","Ko ma yaya ne, ba za mu iya canja jadawalin ba."
"At this hour, there is incredible traffic.","A wannan sa'ar, akwai cunkoson ababen hawa sosai."
Atlantic City is famous for its boardwalk.,Birnin Atlantic ya shahara sakamakon gadar katako da yake da shi.
Aunty Kelly treated us to ice cream today.,Inna Kelly ta ba mu askirim yau.
Be careful. Don't throw away those papers.,"Ka kula, kar ka jefar da waɗannan takardun."
"Because of Ali?, Mary has become depressed.",Saboda Ali? Mary ta shiga damuwa.
"Because of the snow, the train didn't run.","Saboda dusar ƙanƙara, jirgin ƙasan bai yi aiki ba."
Binge drinking is harmful for your health.,Shan giya mankas yana da cutarwa ga lafiyarka.
Boil the soup down until it becomes thick.,Ka tafasa miyar sosai har sai ta yi kauri.
Both of my parents are not strict with me.,Duka iyayena ba sa tsananta mini.
Both of the girls are wearing white suits.,Duka 'yan matan guda biyu suna sanye da fararen kwat.
Both of your daughters are very beautiful.,Duka 'ya'yanka mata guda biyu suna da kyau sosai.
Brazil has almost 200 million inhabitants.,Ƙasar Barazil tana da mazauna kusan miliyan 200.
Bread and butter is their usual breakfast.,Biredi da bota shi ne yawancin abincin karin kumallonsu.
Bucharest has a population of 2.1 million.,Birnin Bucharest yana da adadin mutane miliyan 2.1.
Buddhism was introduced into Japan in 538.,Addinin Budah ya fara shiga ƙasar Japan ne a shekarar 538.
Can I ask why this is so important to you?,Zan iya tambayar me yasa wannan yake da muhimmanci a gare ka?
Can I talk to you in private for a minute?,Zan iya magana da kai a keɓance na minti ɗaya?
Can it be true that she committed suicide?,Ba zai zama gaskiya ba a ce ta kashe kanta.
Can you let me have it for thirty dollars?,Ba za ka bar min shi ba a dala talatin?
Can you recommend a good dictionary to me?,za ka iya faɗa min ƙamusu mai kyau da ya dace da ni?
Can you take over the driving for a while?,Za ka iya karɓar tuƙin na ɗan lokaci?
Can you teach me how to play the bagpipes?,Za ka iya koya min yanda ake busa kakaki?
Can you tell me how to get to the airport?,Za ka iya yi min kwatance zuwa filin sauka da tashin jiragen sama?
Can you tell me how to get to the station?,Za ka iya yi min kwatance zuwa tasha?
Cancer can be cured if discovered in time.,Za a iya magance cutar daji idan aka gano da wuri.
Cats were sacred animals in ancient Egypt.,Za a iya magance cutar daji idan aka gano ta a kan lokaci.
Children really like playing on the beach.,Haƙiƙa yara suna son yin wasa a bakin teku.
Children should be allowed to be children.,Ya kamata a bar yara su ci yarintarsu.
Churches were erected all over the island.,Gin-ginen coci-coci sun yi tsayi a baki ɗayan tsibirin.
Cleaning up after the party was no picnic.,Share guri bayan bikin murna ba shi da daɗi.
Close your eyes and tell me what you hear.,Rufe idanunka ka faɗa min me kunnenka ya ji.
Compare the translation with the original.,Ka kwatanta fassarar da na ainihi.
"Compared to his brother, he's not so wise.","Idan aka kwatanta shi da ɗan uwansa, ba shi da hikima."
Could I possibly talk to you for a moment?,shin zan iya magana da kai na ɗan lokaci?
Could the last one out turn off the light?,Na ƙarshen da zai fita zai iya kashe fitila?
Could you give me a wake-up call at seven?,Za ka iya kira na da ƙarfe bakwai ka tashe ni?
Could you please confirm the price by fax?,Dan Allah za ka iya tabbatar min da farashin ta saƙon fax?
Could you please tell me your room number?,Dan Allah za ka iya faɗa min lambar ɗakinka?
Could you put my name on the waiting list?,Za ka iya saka sunana a cikin jerin waɗanda suke jira?
Could you send someone up to make the bed?,Za ka iya aiko min da wani ya gyara min gadon?
Could you show me the way to the bus stop?,Za ka iya nuna min hanyar zuwa tashar motocin bas?
Could you survive alone in the wilderness?,Za ka iya rayuwa kai kaɗai a cikin daji?
Could you take care of my dog for a while?,Za ka iya kula min da karena na ɗan wani lokaci?
Could you tell me how to call this number?,Za ka iya faɗa min yadda zan kira wannan lambar?
Could you translate some sentences for me?,Za ka iya fassara min wasu jimloli?
Countless stars were twinkling in the sky.,Taurari marasa adadi suna ta ƙyalƙyali a sama.
Cut the bell peppers into two-inch strips.,Ka yi wa tattasan yanka inci biyu.
Democrats and Republicans worked together.,Yan jam'iyyar Democrat da na Republican suna aiki tare.
Deposit this check in my checking account.,Ka ajiye wannan cekin kuɗin a asusun bankina.
Developing political awareness takes time.,Samun wayewa kan harkokin siyasa yana ɗaukar lokaci.
Did Ali really say he thought I was smart?,Da gaske ne Ali ya ce ya zaci ina da wayo?
Did he get married when he was in Germany?,Shin ya yi aure ne lokacin da yake ƙasar Jamus?
Did that accident really happen last year?,Da gaske ne wancan hatsarin ya faru a shekarar da ta gabata?
Did you eat chicken for lunch again today?,Yau ma kaza ka sake ci a matsayin abincin rana?
Did you get everything ready for tomorrow?,Ka gama shirya komai saboda gobe?
Did you hear about what's happened to Ali??,Ka ji me ya faru da Ali kuwa?
Did you know that Ali almost married Mary?,Ka san cewa kaɗan ya rage Ali ya auri Mary?
Did you know that he bought a condominium?,Ka san cewa kuwa ya siyi rukunin gidaje?
Did you take the book back to the library?,Shin ka mayar da littafin ɗakin karatu kuwa?
Did you write this fairy tale by yourself?,Shin da kanka ka rubuta wannan tatsuniyar?
Didn't I tell you to take out the garbage?,Ba na faɗa maka ka fitar da shara waje ba?
Do a little work! You'll lose some weight.,"Ka yi aiki ɗan kaɗan, ƙibarka za ta ragu."
Do not let go of the rope till I tell you.,Kada ka saki igiyar har sai na faɗa maka.
Do whatever it is that he tells you to do.,Ka yi duka abin da ya faɗa maka ka yi.
Do you consider yourself a good guitarist?,Kana ganin kanka a matsayin ƙwararren mai kaɗa da garaya ne?
Do you go to school on foot or by bicycle?,A ƙafa kake zuwa makaranta ko a keke?
Do you have a Christmas vacation in Japan?,Kuna da hutun Kirsimati a ƙasar Japan?
Do you have any French-speaking employees?,Kuna da ma'aikatan da suke yin yaren Faransanci?
Do you have any idea what my life is like?,Shin ka san yaya rayuwata take kuwa?
Do you have any idea why Ali is mad at me?,Ka san me ya sa Ali yake jin haushi na kuwa?
Do you know a good way to learn new words?,Shin ka san hanya mai kyau ta koyon sababbin kalmomi?
Do you know any good restaurant near here?,Ka san wani gidan abinci mai kyau a nan kusa?
Do you know whether she can speak English?,Ka san cewa ko za ta iya magana da Turanci?
Do you know who invented the Ferris wheel?,Ka san wanda ya ƙirƙiri wilin mota ƙirar Ferris?
Do you know why Ali is absent from school?,Ka san me yasa Ali ya yi fashin makaranta?
Do you know your strengths and weaknesses?,Ka san ƙarfinka da rauninka?
Do you like to watch sports on television?,Kana son kallon wasanni a talabijin?
Do you really expect me to give you money?,Da gaske kana sa ran zan ba ka kuɗi?
Do you really think Ali is better than me?,Da gaske kana tunanin Ali ya fi ni?
Do you really want Ali to do this for you?,Da gaske kana son Ali ya yi maka wannan?
Do you really want to talk about that now?,Da gaske kana son magana a kan wannan ɗin yanzu?
Do you remember the day when we first met?,Ka tuna ranar da muka fara haɗuwa?
Do you see the bird on the telephone wire?,Ka ga tsuntsun a kan wayar layin tarho ko?
Do you still want to go to the lighthouse?,Har yanzu kana son ka je wajen hasumiya mai fitila?
Do you think that could ever happen again?,Kana tunanin hakan zai sake faruwa?
Do you think that he is equal to the task?,Kana ganin zai iya yin aikin?
Do you think you can make it to the party?,Kana ganin za ka iya samun zuwa bikin murnar?
Do you think you'd like to live in Boston?,Kana ganin za ka so zama a garin Boston?
Do you think you've made the wrong choice?,Kana tunanin ka yi zaɓi kuskure ko?
Do you want the good news or the bad news?,Labari mai kyau ko marar kyau kake so?
Do you want to tell me anything about Ali??,Kana so ka faɗa min komai dangane da Ali?
Does Ali sound like a woman's name to you?,Sunan Ali ya yi maka kama da sunan mata?
Does it matter to you what time we arrive?,Shin ka ma damu da wanne lokaci muka iso?
Does the gentleman know whose car this is?,Mutumin kuwa ya san wannan motar wa ne?
Doing that wouldn't have changed anything.,Aikata hakan ba zai canja komai ba.
Don't argue with a woman when she's tired.,Kada ka yi jayayya da mace idan ta gaji.
Don't believe that. It's all a fairy tale.,"Kar ka yarda da hakan, duk tatsuniya ce."
"Don't change your plans, whatever happens.","Ko me zai faru, kar ka canja tsarinka."
Don't forget to bring the camera with you.,Kar ka manta ka taho da kyamarar.
Don't forget to take an umbrella with you.,Kar ka manta ka tafi da laima.
Don't interfere in other people's affairs.,Kar ka dinga kutsa kai cikin harkokin mutane.
Don't neglect your daily responsibilities.,Kada ka yi sakaci da ayyukan da suke wajibinka ne na kullum
Don't say stupid things like that anymore.,Kada ka sake faɗar abubuwan sakarci irin haka.
Don't spend all your money on comic books.,Kada ka kashe dukkanin kuɗinka wajen sayen litattafan labarai na komik.
Don't tell me you don't know how to drive.,Kar fa ka ce min ba ka iya tuƙi ba.
Don't they have anyone to look after them?,Ba su da wanda zai kula da su?
Don't think you're going to get away this.,Kada ka yi tunanin zaka kuɓuta daga wannan.
Don't worry about the result of your test.,Kar ka damu da sakamakon gwajinka.
Don't worry about the store. I'll lock up.,"Kar ka damu da ma'ajiyar, zan kulle."
Don't worry. He doesn't understand German.,"Kar ka damu, ba ya fahimtar Jamusanci."
Don't worry. I'm sure Ali will understand.,"Kar ka damu, na tabbatar Ali zai fahimta."
Don't you have anything smaller than that?,Ba ka da wani abu wanda bai kai wancan girma ba?
Don't you have anything smaller than this?,Ba ka da wani abu wanda bai kai wannan girma ba?
Don't you think Ali has a beautiful smile?,Ba ka tunanin cewa Ali yana da murmushi mai kyau?
Don't you want Ali to know you were right?,Ba ka son Ali ya san cewa ka yi daidai?
Each passing car threw up a cloud of dust.,Duk motar da ta wuce tana buɗo ƙura.
Emperor Nero was an extremely evil tyrant.,Sarki Nero tsantsar mummunan azzalumi ne.
Even the fastest horse only has four legs.,Dokin da ya fi sauri ma dai ƙafa huɗu ce da shi.
"Even though it was very cold, we went out.","Duk da ana sanyi sosai, amma mun fita."
"Eventually, my curiosity overcame my fear.","A ƙarshe dai, bin ƙwaƙwaf ɗina ya rinjayi tsorona."
Every family has a skeleton in the closet.,Kowanne dangi dai suna da kashi a gindi.
Every member but me believes what he says.,Kowanne mamba ya yarda da abin da ya faɗa amma ban da ni.
Everybody was gathered in the living room.,Kowa ya taru a falo.
Everyone else has gone home for the night.,kowa da kowa ya tafi gida saboda daren.
Everyone knows Ali has poor people skills.,Kowa ya san Ali ba shi da mu'amala mai kyau.
Everything must be handled very carefully.,Dole ne a dinga ɗaukar komai tare da kulawa.
Excessive smoking will injure your health.,Yawaita shan taba zai yi illa ga lafiyarka.
Excitement isn't good for a man of my age.,Ɗoki bai dace da mutumin da yake da shekaruna ba.
Extremists kidnapped the president's wife.,Masu tsatstsauran ra'ayi sun sace matar shugaban ƙasa.
Farmers always complain about the weather.,Manoma na yin ƙorafi a kodayaushe dangane da yanayin.
Few people live to be a hundred years old.,Mutane kaɗan ne ke iya rayuwa su kai shekara ɗari.
Few people live to be more than a hundred.,Mutane kaɗan ne ke iya rayuwa su wuce shekara ɗari.
First impressions can often be misleading.,Burgewa ta farkon haɗuwa yawanci takan zama yaudara.
Fishing is the only thing Ali wants to do.,Kamun kifi shi ne kaɗai abin da Ali yake son aikatawa.
"For goodness' sake, please be nice to him.","Na roƙe ka, don Allah ka kyautata masa."
Fortunately he didn't die in the accident.,An yi sa'a bai mutu a hatsarin ba.
France and Britain were at war once again.,Ƙasar Faransa da Birtaniya sun sake afkawa yaƙi.
"Frankly, I don't like what you're wearing.",Maganar gaskiya ba na son abin da kake sakawa.
French has many more vowels than Japanese.,Yaren Faransanci yana da haruffan wasulla sama da na yaren Japan.
"From year to year, pollution is worsening.","Daga shekara zuwa wata shekarar, guɓacewar muhalli yana ƙara tsananta."
Gas was escaping from a crack in the pipe.,Iskar gas na fita daga wata tsagewa a jikin bututun.
"Generally speaking, Americans like coffee.","Magana a dunƙule, Amurkawa suna son kofi."
Give me your address and telephone number.,Ka ba ni adireshinka da kuma lambar tarho.
"Give us two knives and four forks, please.",Don Allah a ba mu wuƙa guda biyu da kuma cokali mai yatsu guda huɗu.
"Given her inexperience, she has done well.","In aka yi la'akari da rashin ƙwarewarta, ta yi ƙoƙari sosai."
Go and see for yourself what has happened.,Ka je ka gane wa idanunka abin da ya faru.
Go to the doctor to get your prescription!,Ka je ka wajen likita domin ka karɓi takardar siyan maganinka.
Go upstairs right now and clean your room.,"Ka hau bene yanzun nan ka share ɗakinka.
"
Grab a rag and help me clean up this mess.,Ɗauki tsumma ka taimaka min wajen share wannan dattin.
Gradually the interest rate will increase.,A hankali yawan kuɗin ruwan zai ƙaru.
Hard work has made Japan what it is today.,Yin aiki tuƙuru shi ne ya mayar da ƙasar Japan yadda take yau.
Have you been able to confirm all of this?,Ka samu damar tabbatar da duka waɗannan?
Have you ever eaten alone in a restaurant?,Ka taɓa cin abinci kai kaɗai a gidan cin abinci?
Have you ever eaten in a restaurant alone?,Ka taɓa cin abinci a gidan cin abinci kai kaɗai ?
Have you ever forgotten your phone number?,Ka taɓa manta lambar wayarka?
Have you ever heard Ali play the clarinet?,Ka taɓa jin Ali yana busa sarewa?
Have you ever invited Ali to your parties?,Ka taɓa gayyatar Ali zuwa bukukuwan murnarka?
Have you ever ridden in a hot air balloon?,Ka taɓa tuƙa kumbon balan-balan?
Have you ever seen Ali's stamp collection?,Ka taɓa ganin tarin hatiman Ali?
Have you ever seen any of Ali's paintings?,Ka taɓa ganin ko da ɗaya ne daga cikin zanen fenti na Ali?
Have you ever thought of becoming a nurse?,Ka taɓa tunanin zama ma'aikacin jinya?
Have you figured out the math problem yet?,Ka gano yadda za ka amsa tambayar lissafin?
Have you found an answer to this question?,Ka gano amsar wannan tambayar?
Have you prepared everything for tomorrow?,Ka shirya komai saboda gobe?
Have you read the book Ali bought for you?,Ka karanta littafin da Ali ya siyo maka?
Have your parents met your girlfriend yet?,Shin har yanzu kuwa iyayenka sun haɗu da budurwarka?
Hawaii enjoys good weather the year round.,Jihar Hawaii tana da yanayi mai daɗi a bakiɗayan shekara.
He advocated abolishing the death penalty.,Ya yi gwagwarmayar kawar da hukuncin kisan kai.
He always keeps his room as neat as a pin.,Kodayaushe yana barin ɗakinsa cikin tsafta fes.
He always talks as if he knows everything.,Yana yin magana a kodayaushe kamar ya san komai.
He always tries to see the good in others.,Yana ƙoƙarin kyautata wa kowa zato.
He bought the picture for next to nothing.,Ya siyi hoton da ɗan kuɗi kaɗan.
He bribed the judge and got off scot-free.,Ya ba wa alƙalin cin hanci ya wuce salin-alin.
He came to Japan when he was 10 years old.,Ya zo ƙasar Japan lokacin yana ɗan shekara 10.
He came to Japan when he was a boy of ten.,Ya zo ƙasar Japan lokacin yana yaro  ɗan shekara 10.
He can make himself understood in English.,Yana iya yin bayani da Turanci a fahimce shi.
He conserved his energy for the next game.,Ya adana karsashinsa don wasa na gaba.
He continued his work after a short break.,Ya cigaba da aikinsa bayan hutun gajeren lokaci.
He contracted that illness many years ago.,Ya kamu da wannan cutar shekaru da dama da suka gabata
He convinced me that it was not his fault.,Ya gamsar da ni cewa ba laifinsa ba ce.
He couldn't pass the entrance examination.,Ba zai iya cin jarrabawar shiga ba.
He decided he would put off his departure.,Ya yanke shawarar ɗage tafiyarsa.
He did not realize where it had come from.,Ba san ta ina abin ya zo ba.
He did not see anyone else at the station.,Bai ga kowa ba a tashar.
He didn't come back to the base yesterday.,Bai dawo sansanin ba jiya.
He didn't jump high enough to win a prize.,Bai yi tsalle sosai ba da zai ba shi damar cin kyautar.
He didn't show up at the party last night.,Bai zo bikin murnar ba da aka yi daren jiya.
He does not know how to solve the problem.,Bai san yadda zai magance matsalar ba.
He does not need a wife to look after him.,Ba ya buƙatar matar da za ta dinga kula da shi.
He doesn't have as many books as she does.,Ba shi da litattafai masu yawa kamar yadda take da shi.
He doesn't know what to do with his money.,Bai san mai zai yi da kuɗinsa ba.
He drinks himself unconscious every night.,Yana shan giyar da ta fi ƙarfinsa a kowanne dare.
He estimated the loss at five million yen.,Ya ƙiyasta asarar ta kai Yen miliyan biyar.
He explained the main purpose of the plan.,Ya yi bayanin babbar manufar shirin.
He explained to me how to use the machine.,Ya yi mini bayanin yadda zan yi amfani da injin.
He fed his dog at the same time every day.,Yana ciyar da karensa a lokaci ɗaya a kowacce rana.
He fell under the suspicion of the police.,Ya faɗa ƙarƙashin zargi na 'yan sanda.
He finally achieved what he set out to do.,A ƙarshe dai ya cimma abin da ya tsara aiwatarwa.
He gave her an engagement ring last night.,Ya ba ta zoben baiko a daren jiya.
He gets up as early as five every morning.,Yana tashi da duku-duku misalin ƙarfe biyar a kowacce safiya.
He got up earlier than usual this morning.,Ya tashi yau da safe da wuri ba kamar yadda ya saba ba.
He graduated from high school this spring.,Ya kammala babbar makaranta a wannan bazarar.
He had his car stolen in that parking lot.,An sace motarsa a wancan wajen yin fakin ɗin.
He had no difficulty in finding the place.,Bai sha wahalar gano wajen ba.
He had to leave for Tokyo on short notice.,Dole ya tafi zuwa Tokyo cikin gaggawa.
He has a bad reputation with his students.,Ba shi da shaida ta gari a tare da ɗalibansa.
He has many acquaintances but few friends.,"Ya san mutane da dama, amma abokanansa kaɗan ne."
He has very little knowledge of geography.,Yana da ƙarancin ilimin geography.
He helped me to get over the difficulties.,Ya taimaka min wajen fita daga matsaloli.
He inherited the business from his father.,Ya gaji kasuwancin daga wajen mahaifinsa.
He is a doctor and a university professor.,Shi likita ne kuma farfesa ne a jami'a.
He is always busy feathering his own nest.,Ba shi da lokaci a kodayaushe ya mai da hankali kan harkokin gabansa.
He is always here between 5 and 6 o'clock.,Kodayaushe yana nan tsakanin ƙarfe 5 zuwa 6.
He is known to all the people in the town.,Shi sananne ne a wajen duk mutanen garin.
"He is leaving for Peru tomorrow, isn't he?","Zai tafi zuwa ƙasar Peru gobe, ko ba zai tafi ba?"
He is not content with his present salary.,Bai wadatu da albashinsa ba na yanzu.
He is not the boy who came here yesterday.,Ba shi ne yaron da ya zo jiya ba.
He is now almost as tall as his father is.,Tsayinsa a yanzu ya kusan kai na mahaifinsa.
He is so aggressive that others avoid him.,Yana da fushi sosai har wasu mutanen na nesantarsa.
He is so impolite that everyone hates him.,Ba shi da ladabi sosai har kowa ma ya tsane shi.
He is still on the payroll of the company.,Har yanzu yana cikin jadawalin biyan kuɗi na kamfanin.
He is the bravest soldier that ever lived.,Shi ne soja mafi jarumta da aka taɓa yi.
He is writing a letter to his parents now.,Yana rubutawa iyayensa wasiƙa yanzu.
He lay awake for hours thinking about her.,Ya kwanta tsawon awanni bai yi bacci ba yana tunaninta.
He likes being surrounded by young people.,Yana son ya ga matasa a kewaye da shi.
He made me so angry that I got a headache.,Ya fusata ni sosai har ciwon kai ya kama ni.
He makes three times more money than I do.,Yana samun kuɗi ninki ukun yadda nake samu.
He must be very angry to say such a thing.,Dole fushi ne sosai ya sa shi ya faɗi irin wannan abu.
He never fails to write home once a month.,Bai taɓa fashin rubuta wasiƙa zuwa gida ba ko sau ɗaya a kowanne wata
He organized a boycott of the bus service.,Ya shirya gangamin ƙaurace wa ayyukan motocin bas.
He presented me with a bouquet of flowers.,Ya kawo min kyautar damin furanni.
He promised me that he won't tell anybody.,Ya yi min alƙawarin cewa ba zai faɗa wa kowa ba.
He promised me that he would come at four.,Ya yi min alƙawarin cewa zai zo da misalin ƙarfe huɗu.
He promised that he would never lie again.,Ya yi min alƙawarin cewa ba zai sake yin ƙarya ba.
He put in ten hours of overtime this week.,Ya yi aikin ƙarin lokaci na sa'a goma a wannan satin.
He said nothing that would make her angry.,Babu abin da ya faɗa da zai fusata ta.
He saw himself as the savior of the world.,Yana ɗaukar kansa a matsayin wanda zai ceci duniya.
He saw no advantage in waiting any longer.,Bai ga amfanin yin jira na tsawon lokaci ba.
He seems to have been ill for a long time.,Kamar dai bai ba shi da lafiya na tsawon lokaci.
He seems to know nothing about the matter.,Kamar dai bai san komai ba dangane da al'amarin.
He sent an immediate reply to my telegram.,Ya amsa saƙo cikin gaggawa ta cikin Telegram ɗina.
He shamed his whole family by his conduct.,Ya kunyata dukkanin danginsa da wannan abu da ya aikata.
He speaks Japanese as if he were Japanese.,Yana magana da yaren Japan kamar shi ɗan Japan ne.
He stopped smoking on his doctor's advice.,Ya daina shan taba sakamakon shawarar likita da ya bi.
"He struck a match, but quickly put it out.",Ya ƙyasta ashana amma ya yi sauri ya kashe ta
He succeeded in swimming across the river.,Ya yi nasarar yin iyo ta kan ruwan.
He teaches mathematics as well as English.,Yana koyar da lissafi hakanan da kuma Turanci.
He thinks that his success is due to luck.,Ya yi tunanin sa'a ce ta saka shi ya yi nasara.
He thought the matter over for three days.,Ya yi tunanin al'amarin sama da kwana uku.
He told me that he would see it once more.,Ya faɗa min cewa yana so ya sake gani.
He took off his hat and made a polite bow.,Ya cire hularsa ya kuma duƙa cikin girmamawa.
He took over the business after her death.,Ya karɓi ragamar  kasuwancin bayan mutuwarta.
He took over the business from his father.,Ya karɓi ragamar kasuwancin daga wajen mahaifinsa. 
He turned up the volume on the television.,Ya ƙaro sautin talabijin ɗin.
He was accused of stealing dinosaur bones.,An zarge shi da satar ƙasusuwan dinosaur.
He was arrested on the charge of burglary.,An kama shi bisa zargin laifin sata.
He was busy copying his friend's notebook.,Ya maida hankali wajen kwafar rubutu daga littafin abokinsa.
He was careful not to disrupt the meeting.,Ya yi takatsantsan don kada ya kawo cikas a cikin taron.
He was forced to resign as prime minister.,An tursasa shi ya ajiye aikinsa na Firaminista.
He was more surprised than I had expected.,Ya yi matuƙar mamaki sama da yadda na yi tsammani.
He was nearly run over at an intersection.,Kaɗan ya rage su yi karo a mahaɗar.
He was no longer dependent on his parents.,Yanzu bai dogara da iyayensa ba bakiɗaya.
"He was poor, so he couldn't go to college.","Shi talaka ne, saboda haka ba zai iya shiga babbar makaranta ba."
He was sentenced to death by firing squad.,An yanke masa hukuncin kisa ta hanyar harbin bindiga.
He was so poor that he couldn't buy bread.,Talaka ne sosai ta yadda ba zai iya siyan biredi ba.
He was so tired that he could hardly walk.,Ya gaji sosai yadda da ƙyar yake tafiya.
He was spreading mulch in the flower beds.,Yana fesa sinadarin mulch a kunyoyin fulawa.
He was the first man to cross the Pacific.,Shi ne mutum na farko da ya tsallake tekun Pacific.
He was the leader of the great expedition.,Shi ne shugaban babbar tafiyar bulaguron.
He washed her dirty hands before the meal.,Ya wanke hannayenta masu datti kafin cin abincin.
He went as far as to call you a hypocrite.,Ya zurfafa har da kiranka munafiki.
He went to the bank and changed his money.,Ya je banki ya canja kuɗaɗensa.
He would rather go by train than by plane.,Ya gwammace ya tafi a jirgin ƙasa maimakon jirgin sama.
He wrote on the social evolution of Japan.,Ya yi rubutu dangane da cigaban zamantakewa na ƙasar Japan.
He's always broke at the end of the month.,Yana shiga talauci a kodayaushe a ƙarshen wata.
He's an agent for a big insurance company.,Shi wakili ne na wani babban kamfanin inshora.
He's just not the person I thought he was.,Kawai ba shi ne mutumin da na yi zaton shi ne ba.
He's only a couple of years older than me.,Da 'yan shekaru kaɗan ya girme ni.
He's the boy we spoke about the other day.,Shi ne yaron da muka yi maganarsa ranar nan.
He's the head of the marketing department.,Shi ne shugaban sashen tallace-tallace.
He's the most valuable player on our team.,Shi ne ɗan wasa mafi ƙima a ƙungiyarmu.
Her daughter has become a beautiful woman.,Yarta ta zama kyakkyawar mace.
Her daughter ran away with a young author.,yarta ta gudu tare da wani matashin mawallafi.
His absence yesterday was due to his cold.,Dalilin da ya sa bai zo jiya ba saboda yana mura.
His ambition was to be a great politician.,Burinsa shi ne ya zama babban ɗan siyasa.
His biographer called him a wonderful man.,Wanda ya rubuta tarihin rayuwarsa ya kira shi da mutumin ƙwarai.
His daughter grew to be a beautiful woman.,Yarsa ta girma ta zama kyakkyawar mace.
His daughter has become a beautiful woman.,Yarsa ta zama kyakkyawar mace.
His death was a great loss to our country.,Mutuwarsa babban rashi ne ga ƙasarmu.
His doctor advised him to give up smoking.,Likitansa ya ba shi shawarar ya daina shan taba.
His dream is to study chemistry in the US.,Burinsa shi ne ya karanci Chemistry a ƙasar Amurka.
His explanation doesn't make sense at all.,Bayaninsa bai yi ma'ana ba kwata-kwata.
His family emigrated to the United States.,Iyalansa sun yi hijira zuwa Amurka.
His father left him the house in his will.,Mahaifinsa ya bar masa gidan a cikin wasiyyarsa.
His grandfather died of cancer a year ago.,Kakansa ya mutu sakamakon cutar daji shekarar da ta gabata.
His hobby is painting pictures of flowers.,Abin da yake sha'awa shi ne yin zanen fenti na hotunan fulawoyi.
His house is three times larger than mine.,Gidansa ya yi girman nawa sau uku.
His ideas never earned him a single penny.,Basirarsa ba ta janyo masa samun ko da ƙwandala ba.
"His little sister is very cute, isn't she?","Ƙaramar ƙanwarsa kyakkyawa ce, ko ba haka ba?"
His men began their attack on Mexico City.,Mutanensa ne suka fara kai harinsu ƙasar Mexico.
His name is known throughout this country.,Sunansa ya shahara a duk faɗin ƙasar.
His novels are popular among young people.,Ƙagaggun labaransa sun shahara a wajen matasa.
His proposals were adopted at the meeting.,An yi amfani da shawarwarin da ya bayar a wajen taron.
His salary can't keep pace with inflation.,Albashinsa ba zai iya jure hauhawar farashi ba.
"His story is strange, but it's believable.","Labarin dai baƙon labari ne, amma kuma abin amincewa ne."
Hokkaido is in the northern part of Japan.,Hokkaido yana ɓangaren arewacin ƙasar Japan.
How about waiting here until he gets back?,"Yaya kake gani, za ka jira a nan har sai ya dawo?"
How am I going to protect my children now?,Ta yaya zan kare 'ya'yana yanzu?
How are you getting along in your new job?,Yaya kake tafiyar da sabon aikinka kuwa?
How are you getting along with your study?,Yaya kake tafiyar da karatunka?
How can I change the ringtone on my phone?,Ta yaya zan iya canja sautin kira a wayata?
How can I connect my iPod to a car stereo?,Ta yaya zan haɗa na'urar iPod ɗina da na'urar sautin motata?
How can you say that with a straight face?,Ta yaya za ka faɗi haka kai tsaye?
How did you come up with such a good idea?,Yaya aka yi ka gano wannan basirar mai kyau haka?
How did you learn to speak French so well?,Yaya aka yi ka koyi magana da Faransanci da kyau haka?
How do you expect me to do all this alone?,Ta yaya kake sa ran zan yi duka wannan ni kaɗai?
How long did it take you to get to Boston?,Tsawon sa'a nawa ce ta ɗauke ka zuwa Boston?
How long does it take to get there by bus?,Tsawon sa'a nawa ce ta ɗauke ka zuwa can a motar bas?
How long have you been playing the violin?,Tun wane tsawon lokaci ka ke wasa goge?
How many books can I take out at one time?,Litattafai nawa zan iya fita da su a lokaci guda?
How many concerts did you go to last year?,Taron konsats nawa ka je a shekarar da ta gabata?
How many eggs does this hen lay each week?,Ƙwai nawa wannan kazar take yi a duk mako?
How many languages can you speak fluently?,Yaruka nawa kake iya magana da su sosai?
How many people came to the zoo yesterday?,Mutane nawa ne suka zo gidan namun dajin jiya?
How many times a day do you feed your dog?,Sau nawa kake ciyar da karenka a rana?
How many times a day should I feed my dog?,A rana sau nawa ya kamata na ciyar da karena?
How many times do I have to tell you this?,Sau nawa zan faɗa maka wannan?
How much do you spend on food every month?,Nawa kake kashewa a siyan abinci a kowanne wata?
How quickly can you finish these pictures?,A cikin sa'a nawa za ka iya gama waɗannan hotunan?
"Hurry up, or you will miss the last train.","Ka yi sauri, in ba haka ba kuma ka rasa jirgin ƙasa na ƙarshe."
Hydrogen and oxygen combine to form water.,Sinadaran Hydrogen da Oxygen ne suke haɗuwa su samar da ruwa.
I advise you not to keep company with Ali?.,Shin na ba ka shawarar kada ka yi abokanta da Ali?
I always get nervous before I go on stage.,"Ina tsuma a kodayaushe kafin na hau dakali.
"
I always knew that Ali was a troublemaker.,Tun tuni dama na san cewa Ali fitinanne ne.
I always thought Ali was a complete idiot.,Kodayaushe tunanina da ma Ali cikakken wawa ne.
I always wondered whether you'd come back.,A kodayaushe da ma ina mamakin cewa ko za ka dawo.
I am constantly forgetting people's names.,Ina yawaita manta sunayen mutane.
I am going to stay with my aunt in Hawaii.,Zan zauna tare da innata a Hawaii.
I am going to take two days off next week.,Zan ɗauki hutun kwana biyu a mako mai zuwa.
I am halfway through this detective story.,Na yi rabi a labarin jami'in bincike.
I am not accustomed to speaking in public.,Ban saba yin magana a cikin jama'a ba.
I am not satisfied with the result at all.,Ban gamsu da sakamakon ba kwata-kwata.
I am proud of never being late for school.,Ina alfahari cewa ban taɓa makara ba a makaranta.
I am so busy that I have no time to spare.,Aiki ya yi min yawa ta yadda ba ni da rarar lokaci.
I am very grateful to you for your advice.,Ina matuƙar godiya gare ka saboda shawarar ka.
I applaud your decision to study medicine.,Na yaba wa shawarar da ka yanke na karantar likitanci.
I asked Ali why he wanted to go to Boston.,Na tambayi Ali me yasa yake son ya je Boston.
I asked him to come with me and he agreed.,"Na faɗa masa ya zo mu tafi tare, kuma ya amince."
I assume you are willing to take the risk.,Abin da na sa a raina shi ne ka shirya ɗaukar kasadar.
I awoke to find myself lying on the floor.,Na farka kawai sai na gan ni a kwance a ƙasa.
I believed that he would keep his promise.,Na yi imanin cewa zai kiyaye alƙawari.
I bet all the boys want your phone number.,Tabbas duka yara mazan suna son lambar wayarki.
I bought a new scratching post for my cat.,Na siyo wa mageta katakon susa.
I bought every book on Japan I could find.,Na siyi duka litattafin da zan iya samu dangane da Japan.
I bought this suit just for this occasion.,Na siyi wannan kwat ɗin kawai saboda wannan bikin.
I can hear a cat scratching at the window.,Ina iya jin kyanwa tana kartar tagar.
I can make sure that doesn't happen again.,Zan iya tabbatar da cewa hakan ba zai sake faruwa ba.
I can neither confirm nor deny the rumors.,Ba zan iya tabbatar da ko ƙaryata jita-jitar ba.
I can neither confirm or deny that report.,Ba zan iya tabbatar da ko ƙaryata rahoton ba.
I can see a woman and two dogs in the car.,Ina iya ganin mace da kuma karnuka guda biyu a cikin motar.
"I can speak Chinese, but I can't write it.","Zan iya magana da yaren Sin, amma ba zan iya rubuta shi ba."
I can't be in two places at the same time.,Ba zan iya kasancewa a waje biyu ba lokaci ɗaya.
I can't believe I locked myself out again.,Ban san na sake kulle kaina ba.
I can't believe I used to watch this show.,Ina mamakin yadda na riƙa kallon wannan shirin.
I can't believe I'm even considering this.,Wai ni ne ma na amince da wannan.
I can't believe I'm really talking to you.,Ina mamaki ma wai ni nake yi maka magana.
I can't believe Ali was an undercover cop.,Ba zan yarda cewa Ali ɗansandan sirri ba ne.
I can't believe anything Ali says anymore.,Ba zan sake amincewa da dukkanin abin da Ali ya faɗa ba.
I can't believe you're trying to bribe me.,Ina mamaki wai kai ne kake ƙoƙarin ba ni cin hanci.
I can't believe you’re doing this to me.,Ina mamaki wai kai ne kake yi min wannan.
I can't even remember what Ali looks like.,Ba zan ma iya tuna yaya kamar Ali take ba.
I can't finish the job in so short a time.,Ba zan iya gama aikin cikin ƙanƙanin lokaci ba.
I can't fix it. It'll have to be replaced.,"Ba zan iya gyara shi ba, sai dai a canja shi."
"I can't gain weight, no matter what I eat.","Ba zan yi ƙiba ba, ko me na ci."
I can't get out of this trouble by myself.,Ba zan iya fitar da kaina daga cikin wannan matsalar ba.
I can't go back there and neither can you.,Ba zan iya komawa can ba kuma kai ma haka.
I can't go with you. I have an engagement.,"Ba zan iya tafiya tare da kai ba, ina da uzuri."
I can't imagine what it must've been like.,Ba zan iya kwatanta yadda abin zai kasance ba.
I can't leave that document here with you.,Ba zan iya bar maka waɗancan takardun ba a nan.
I can't leave until I find out who Ali is.,Ba zan tafi ba har sai na gano wanene Ali.
I can't put up with his rudeness any more.,Ba zan sake iya jure rashin kunyarsa ba .
I can't remember exactly who told me that.,Ba zan iya tuna takamaimai wanda ya faɗa min hakan ba.
I can't see the stage well from this seat.,Ba na iya gano dakalin sosai daga wannan mazaunin.
I can't see why you don't want to help us.,Na rasa mai ya sa ba ka son ka taimake mu.
I can't stop thinking about what happened.,Na kasa daina tunani akan abin da ya faru.
I can't think of anything that might help.,Na kasa tunanin ko ma meye dai zai iya taimakawa.
I caught him trying to go out of the room.,Na kama shi yana ƙoƙarin fita daga ɗakin.
I cheered myself up by listening to music.,Ina ƙara wa kaina karsashi ta hanyar sauraren waƙe-waƙe.
I closed the door so no one could hear us.,Na rufe ƙofa ta yadda ba wanda zai ji mu.
I could ask Ali to help me do my homework.,Zan iya roƙon Ali ya taimake ni na yi aikin gidana.
I could get you a blanket if you need one.,Zan iya kawo maka bargo idan kana buƙata.
I could go for a nice hot pizza right now.,Zan iya fita na samo pizza mai zafi yanzu.
"I could learn something from you, I think.",Ina tunanin zan iya koyar wani abu daga gare ka.
I could swim well even when I was a child.,Ko lokacin da nake yaro ina iya yin iyo sosai.
I couldn't get a definite answer from him.,Na kasa samun takamaimiyar amsa daga wajensa.
I couldn't have done it without your help.,"Ba don taimakonka ba, da ba zan iya yi ba."
I couldn't have said it any better myself.,Ko ni da kaina ba zan faɗi sama da hakan ba.
I couldn't help but fall in love with you.,Babu yadda na iya face na afka cikin ƙaunarki.
I couldn't stand Ali when I first met him.,A farkon haɗuwata da Ali bana son shi.
I couldn't think of the name of the place.,Ba zan iya tuna sunan wajen ba.
I cross the railroad tracks every morning.,Ina tsallaka digar jirgin ƙasa a kowacce safiya.
I deal with people like that all the time.,Na saba mu'amala da mutane irin haka a kowanne lokaci.
I didn't even receive one letter from her.,Ban karɓi wasiƙa ko ɗaya daga gare ta ba.
I didn't get an invitation to Ali's party.,Ban samu gayyata zuwa bikin murnar Ali ba.
I didn't get any birthday gifts this year.,Ban samu kyautar taya murnar ranar haihuwa ba ko ɗaya a wannan shekarar.
I didn't go fishing with Ali last weekend.,Ban je kamun kifi da Ali ba a ƙarshen makon da ya gabata.
I didn't have time to take a shower today.,Ba ni da lokacin yin wanka a yau.
I didn't know Ali was allergic to peanuts.,Ban san cewa gyaɗa tana sanya Ali rashin lafiya ba.
I didn't know apple trees grow from seeds.,Ban san cewa bishiyar tufa daga shukar iri take girma ba.
I didn't know that Ali could speak French.,Ban san cewa Ali zai iya magana da Faransanci ba.
I didn't know we were supposed to do that.,Ban san cewa mu ya kamata mu yi hakan ba.
"I didn't know you could cook so well, Ali?.",Ali? ban san cewa za ka iya girki sosai haka ba.
I didn't know you didn't know how to swim.,Ban san cewa ba ka san yadda ake yin iyo ba.
I didn't know you were coming here either.,Ni ma ban san cewa za ka zo nan ba.
I didn't know you were such a good golfer.,Ban san cewa kai ƙwararren ɗan wasan golf ba ne.
I didn't mean to give you that impression.,Ba ina nufin in sa ka ji wani abu ba ne.
I didn't need to take an umbrella with me.,Ba na buƙatar sai na ɗauki laima.
I didn't realize how much Ali missed Mary.,Ban gano haƙiƙanin yadda Ali ya yi kewar Mary ba.
I didn't realize that Ali was so gullible.,Ban gano cewa Ali sakali ba ne.
I didn't receive even one letter from her.,Ban karɓi ko da wasiƙa ɗaya daga wajenta ba.
I didn't think my day could get any worse.,Yinin yau dai kam bai yi min daɗi ba sam.
I didn't think you'd want to see me again.,Ban yi tunanin za ka so ka ƙara ganina ba.
I do not for a moment think you are wrong.,Ko sau taƙi ban taɓa tunanin ka yi kuskure ba.
I do not much care for this kind of drink.,Ban damu sosai da irin wannan abin shan ba.
I don't care if anyone believes me or not.,Ban damu ba don wani ya yarda da ni ko bai yarda ba.
I don't even know what Ali's real name is.,Ban ma san menene sunan Ali na haƙiƙa ba.
I don't feel like studying at all tonight.,Ba na jin sha'awar yin karatu gabaɗaya a daren yau.
I don't feel up to running to the station.,Ba na jin ƙarfin zuwa tashar.
I don't feel well at such a high altitude.,Ba na jin daɗi a irin wannan gudun jirgin.
"I don't have any money, but I have dreams.","Ba ni da kuɗi ko ɗaya, amma ina da burace-burace."
I don't have to apologize for what I said.,Ba sai na ba da haƙuri ba kan abin da na faɗa.
I don't know anybody who can speak French.,Ban san wani wanda ya iya Faransanci ba.
I don't know if I can do this without you.,Ban sani ba ko zan iya yin wannan ba tare da kai ba.
I don't know if Ali still lives in Boston.,Ban sani ba ko har yanzu Ali yana zaune a Boston.
I don't know if we can help Ali this time.,Ban sani ba ko za mu iya taimakawa Ali a wannan karon.
I don't know the reason why he went there.,Ban san dalilin da ya sa ya je can ba.
I don't know the traffic regulations here.,Ban san dokokin kan hanya ba na nan.
I don't know what you're so worried about.,Ban san a kan me ka damu sosai ba.
I don't know when he entered the building.,Ban san yaushe ya shiga cikin ginin ba.
I don't know when he got back from France.,Ban san yaushe ya dawo daga Faransa ba.
I don't know where Ali keeps his umbrella.,Ban san ina Ali ya ajiye laimarsa ba.
I don't know where to buy imported cheese.,Ban san a ina zan sai cukwui wanda aka shigo da shi daga ƙetare ba.
I don't know whether Ali is hungry or not.,Ban sani ba ko Ali yana jin yunwa ko ba ya ji.
I don't know whether Ali will come or not.,Ban sani ba ko Ali zai zo ko ba zai zo ba.
I don't know who you are and I don't care.,"Ban san wanene kai ba, kuma ban damu ba."
I don't like camping. Do you like camping?,"Ba na son fita shaƙatawa, kana son fita shaƙatawa?"
I don't like heavy makeup on a young girl.,Ba na son na ga ƙananun yara mata sun yi kwalliyar da ta wuce ƙima.
I don't much feel like working these days.,Ba na jin son yin aiki a 'yan kwanakin nan.
I don't need to justify my actions to you.,Ba na buƙatar sai na ba ka hujja kan ayyukana.
"I don't need your help, but you need mine.","Ba na buƙatar taimakonka, amma kai kana buƙatar nawa."
I don't particularly want to see the game.,Ba ni da wata sha'awa ta musamman ta ganin wasan.
I don't really know why he wrote the book.,Ban san haƙiƙanin abin da ya sa ya rubuta littafin ba.
I don't recognize this shirt. Whose is it?,"Ban gane wannan rigar ba, ta wa ce?"
I don't remember when and where I met you.,Na kasa tuna yaushe ko a ina na haɗu da kai.
I don't remember you asking me to do that.,Na kasa tuna ko ka ce na yi hakan.
I don't see what that has to do with this.,Ban san menene alaƙar wancan da wannan ba.
I don't seem to be having much luck today.,Yau dai kamar ba ni da sa'a sosai.
I don't speak French as well as I want to.,Ba na yin magana da Faransanci kamar yadda nake so.
I don't think Ali has ever studied French.,Ba na tunanin Ali ko ya taɓa karantar Faransanci.
I don't think Ali will be able to do that.,Ba na tunanin Ali zai iya yin hakan.
I don't think anyone else could do my job.,Ba na tunanin akwai wanda zai iya yin aikina.
I don't think anyone noticed what you did.,Ba na tunanin akwai wanda ya lura da abin da ka yi.
I don't think they would've done anything.,Ba na tunanin za su iya yin wani abun.
I don't understand a word of what he says.,Ban fahimci kalma ɗaya cikin abin da ya faɗa ba.
I don't understand what this means at all.,Ban fahimci me wannan yake nufi ba kwata-kwata.
I don't want everyone to think I'm stupid.,Ba na son kowa ya dinga tunanin ni wawa ne.
I don't want them to take advantage of me.,Ba na son su yi amfani da ni.
I don't want to be married to you anymore.,Ba na son a aura mini ke sam.
I don't want to come back here ever again.,Ba na son na sake dawowa nan har abada.
I don't want to go anywhere in particular.,Ba na son na je ko ina
I don't want to have any secrets from you.,Ba na son samun wani sirri daga gare ka.
I don't want to run the risk of losing it.,Ba na son yin abin da zai janyo min rashin sa.
I don't want to talk about that right now.,A halin yanzu ba na son yin magana a kan hakan.
I doubt that Ali will ever come back home.,Ina kokwanton cewa Ali zai dawo gida.
I doubt the new proposal will be accepted.,Ina kokwanton ko za a karɓi sabuwar buƙatar.
I explained the rules of the game to them.,Na yi musu bayanin dokokin wasan.
I feel happier than I've ever felt before.,Na ji farincikin da ban taɓa jin sa ba.
I feel like going for a walk this morning.,Na ji kamar in fita tattaki a wannan safiyar.
I feel sleepy when I listen to soft music.,Ina jin bacci idan na saurari waƙe-waƙe masu taushi.
I fell asleep before the end of the movie.,Ina yin bacci kafin a kai ƙarshen shirin.
I felt tired from having worked for hours.,Na gaji saboda aikin da na yi na sa'oi.
I find foreign languages very interesting.,Yarukan ƙasashen wajen suna ƙayatar da ni.
"I forgave Ali?, but I'll never forgive you.","Na yafe wa Ali, amma kai ba zan taɓa yafe maka ba."
I found it difficult to solve the problem.,Na kasa warware matsalar.
I found my name written on the blackboard.,Na ga sunana an rubuta a kan allo.
I got distracted and I lost track of time.,Na shagala har lokaci ya wuce ban sani ba.
I grind my own coffee beans every morning.,Ina niƙa waken kofi ɗina a kowacce safiya.
I guess now you know how Ali must've felt.,Na san dole a yanzu ka san irin yadda Ali ya ji.
I guess they really weren't all that busy.,Ina tunanin dole a yanzu ka san irin yadda Ali ya ji.
I had a glass of beer to quench my thirst.,Na sha kofi na giya don na kashe ƙishirwata.
I had an operation for glaucoma last year.,An yi min aikin cutar Glaucoma a shekarar da ta gabata.
I had not waited long before the bus came.,Ban daɗe sosai ba kafin motar bas ɗin ta zo.
I had to borrow money to purchase the car.,Dole na ranto kuɗi domin na siyi motar.
I had to part with my competent secretary.,Dole ne na rabu da ƙwararren sakatarena.
I had to walk because there were no taxis.,Dole na tafi a ƙafa saboda babu motocin tasi.
I hadn't really considered that until now.,Ban lura da haka ba kwata-kwata sai yanzu.
I hadn't waited long before he came along.,Ban jira sosai ba kafin ya zo.
I have a feeling that he knows the secret.,Ina ji a jikina cewa ya san sirrin.
I have a feeling that she will come today.,Ina ji a jikina cewa za ta zo yau.
I have a few friends in the United States.,Ina da abokai kaɗan a ƙasar Amurka.
I have a friend whose father is a teacher.,Ina da aboki wanda mahaifinsa malami ne.
I have a full-length mirror in my bedroom.,Ina da madubi mai tsayi a cikin ɗakina.
I have a lot of things to do this morning.,Ina da abubuwa da dama da zan yi su a wannan safiyar.
I have already finished reading this book.,Tuni na gama karanta wannan littafin.
I have athlete's foot and it's very itchy.,Ina da cin ruwa a ƙafata kuma yana min ciwo sosai.
I have been absorbed in reading a mystery.,Na shagala da karanta wani littafin tsatsuba.
I have been studying German for two years.,Na ɗauki shekara biyu ina karatun yaren Jamusanci.
I have been to the airport to see him off.,Na je filin sauka da tashin jiragen domin na raka shi.
I have known Ali since I was a little boy.,Na san Ali tun ina ƙaramin yaro.
I have known the deceased for a long time.,Na san mamacin tsawon lokaci.
I have never fallen in love with any girl.,Ban taɓa afkawa soyayyar wata yarinya ba.
I have no idea what Ali was talking about.,Ban san komai dangane da abin da Ali yake faɗa ba.
I have no intention of apologizing to Ali?.,Ba ni da niyyar neman afuwar Ali?
I have not had a chance to see that movie.,Ban samu damar ganin wannan shirin ba.
I have not heard from him for a long time.,Ban ji daga gare shi ba tsawon lokaci.
I have nothing more to say on the subject.,Ba ni da wata magana da zan ƙara yi a kan wannan batu.
I have one thousand and five hundred cows.,Ina da shanu dubu ɗaya da ɗari biyar.
I have only half as many books as he does.,Littattafaina rabin yawan nasa ne.
I have only one picture of my grandmother.,Hoto ɗaya kawai nake da shi na kakata.
I have read twice as many books as he has.,Yawan littattafan da na karanta sun yi biyun waɗanda yake da su.
I have the same number of books as he has.,Adadin littattafaina daidai yake da nasa.
I have to eat dinner with my boss tonight.,Dole na ci abincin dare tare da shugabana da daddare.
I have to finish the work by four o'clock.,Dole na kammala wannan aikin da misalin ƙarfe huɗu.
I have to return this book to the library.,Dole na mayar da wannan littafin ɗakin karatu.
I haven't bought a new coat in five years.,Ban sayi sabuwar kwat ba tsawon shekaru biyar.
I haven't had a good laugh in a long time.,Na daɗe ban yi dariya sosai ba.
I haven't the faintest idea what you mean.,Sam ban fahimci abin da kake nufi ba.
I hear you're looking for a new assistant.,Na ji labarin cewa kana neman sabon mataimaki.
I heard someone call my name in the crowd.,Na ji wani ya kira sunana a cikin taron jama'a.
I heard that you're not going home either.,Na ji cewa kai ma ba za ka je gida ba.
I heard you broke up with your girlfriend.,Na ji labarin cewa kun rabu da budurwarka.
I heard you were looking for a babysitter.,Na ji labarin cewa kana neman mai kula da yara.
I helped her hang the picture on the wall.,Na taimaka mata wajen rataye hoton a jikin bango.
I honestly didn't think Ali would show up.,A gaskiya ba na tunanin Ali zai zo.
I hope Ali can do what we asked him to do.,Ina fatan Ali zai aikata abin da muka umarce shi ya yi.
I hope the weather will clear up tomorrow.,Ina fatan yanayin zai daidaita gobe.
I hope the weather will hold until Sunday.,Ina fatan yanayin zai ɗore har zuwa ranar Lahadi.
I hope we don't have to wait for too long.,Ina fatan ba za mu daɗe muna jira ba.
I hope you will come to my birthday party.,Ina fatan za ka zo bikin zagayowar ranar haihuwata.
I hoped you would understand what I meant.,Ina fatan za ka fahimci abin da nake nufi.
I intend to stay in Nagoya for three days.,Na yi niyyar zama a Nagoya tsawon kwana uku.
I just don't understand why it's happened.,Kawai dai ban fahimci mai ya sa hakan ya faru ba.
I just don't want you to misunderstand me.,Kawai dai ba na son ka yi mini gurguwar fahimta.
I just need to find out why that happened.,Kawai ina buƙatar na gano me ya sa hakan ya faru.
I just want to know what I'm getting into.,Kawai ina son na san abin da nake tunkara.
I know how difficult this must be for you.,Na san hakan zai yi maka wahala sosai.
I know this area like the back of my hand.,Na san wannan yankin kamar tafin hannuna.
I know you and Ali have had some problems.,Na san kai da Ali kuna da 'yar matsala.
I know you're not ready to deal with this.,Na san baka shirya tunkarar wannan ba.
"I like French, but I cannot speak it well.","Ina son Faransanci, amma ba zan iya magana da shi sosai ba."
I like Ali's plan better than Mary's plan.,Ina son tsarin Ali fiye da na Mary.
"I like summer, but I can't stand the heat.","Ina son yanayin rani, amma ba na iya jure zafin."
I like the original better than the remix.,Na fi son ta ainihin sama da mai sabuwar sigar.
"I like walking, especially in the morning.","Ina son tafiyar ƙafa, musamman da safe."
I love her so much that I can't leave her.,Ina matuƙar son ta ta yadda ba zan iya rabuwa da ita ba.
I love the smell of coffee in the morning.,Ina son ƙamshin kofi da safiya.
I love watching movies that make me think.,Ina son kallon shirye-shiryen da suke saka ni tunani.
I made my decision based on what you said.,Na yanke shawarata ne bisa la'akari da abin da ka faɗa.
I miss the hustle and bustle of city life.,Na yi kewar hada-hada da hayaniyar rayuwar birni.
I stopped off at Osaka on my way to Tokyo.,Na tsaya a Osaka a kan hanyata ta zuwa Tokyo.
I must think it over before answering you.,Dole na yi tunani a kan haka kafin na baka amsa.
I must work hard to make up for lost time.,Dole na yi aiki tuƙuru don na maye gurbin lokacin da na ɓata.
I need to figure out what I'm doing wrong.,Akwai buƙatar na gano me nake yi ba daidai ba.
I need to find something to cut this with.,Akwai buƙatar na nemo abin da zan yanka wannan da shi.
I never claimed that I could speak French.,Ban taɓa iƙirarin cewa zan iya magana da Faransanci ba.
I offered him fifty pence and he accepted.,Na ba shi pence hamsin ya kuma karɓa.
I often went to the movies with my father.,Yawanci muna zuwa kallon fim tare da mahaifina.
I often wonder if I will ever get married.,Ina yawan tunanin cewa anya ko zan yi aure.
"I only buy fresh vegetables, never frozen.","Sababbin kayan lambu kaɗai nake siya, ban da waɗanda aka daskarar."
I passed behind him without being noticed.,Na wuce ta bayansa ba tare da wani ya gane ba.
I presume that he has paid the money back.,Ina sa ran cewa ya biya kuɗin.
I promise I won't tell anyone who you are.,Na yi alƙawarin cewa ba zan faɗa wa kowa wanene kai ba.
I promised your father I'd look after you.,Na yi wa mahaifinka alƙawarin cewa zan kula da kai.
I promised your mother I'd look after you.,Na yi wa mahaifiyarka alƙawarin cewa zan kula da kai.
I read a most interesting novel yesterday.,Na karanta wani littafin ƙirƙirarren labari mai daɗi jiya.
I really do like Italian movies very much.,Haƙiƙa ina son fina-finan Italiyawa sosai.
I really don't understand what's so funny.,Ni fa kwata-kwata na kasa fahimtar menene abin dariya.
I really like the concept of this website.,Haƙiƙa ina son manufar wannan shafin yanar gizon.
I really like this skirt. Can I try it on?,"Haƙiƙa ina son wannan sket ɗin, zan iya gwadawa?"
I refuse to answer such a stupid question.,Na ƙi na amsa irin wannan tambayar shirmen.
I regarded him as the best doctor in town.,Na ɗauke shi a matsayin likitan da ya fi ƙwarewa a gari.
I repeated the word several times for her.,Na maimaita mata maganar ba sau ɗaya ba.
I requested extra salt on my French fries.,Na nemi a ƙaro min gishiri a kan soyayyen dankalin turawana.
I returned the knife which I had borrowed.,Na mayar da wuƙar da na aro.
I rode my bike to the dentist in the rain.,Na tuƙa kekena zuwa wajen likitan haƙorin ana cikin ruwa.
I saw the children walk across the street.,Na ga yaran suna tafiya a kan titi.
I should have told you everything earlier.,Ya kamata a ce na faɗa maka komai da wuri.
I should not have done that. It was wrong.,Bai kamata a ce na yi hakan ba. kuskure ne.
I should've just given Ali what he wanted.,Da ma kawai na ba wa Ali abin da yake so.
I should've left the gun where I found it.,Da ma na bar bindigar a inda na gan ta.
I should've paid more attention in school.,Da ma na mayar da hankali lokacin da nake makaranta.
I should've studied more when I was young.,Ina ma ace na yi karatu sosai lokacin da nake ƙarami.
I slept late and I missed the first train.,Na yi bacci na makara kuma na rasa jirgin ƙasan farko.
I spend time on Facebook almost every day.,Ina tafiyar da lokaci kusan kullum a Facebook.
I started studying French a few weeks ago.,Na fara karatun Faransanci makonni kaɗan da suka gabata.
I started studying French three years ago.,Na fara karatun Faransanci shekaru uku da suka gabata.
I still haven't finished eating breakfast.,Har yanzu ban gama karin kumallo ba.
I still think about her from time to time.,Har yanzu ina tunaninta lokaci zuwa lokaci.
I stopped working for Ali three years ago.,Na daina yi wa Ali aiki shekaru uku da suka gabata.
I strolled along the streets to kill time.,Na yi tattaki a cikin gari don na rage lokaci.
I suppose it's going to rain this evening.,Ina ganin za a yi ruwan sama da yammacin nan.
I take a bath every morning in the summer.,A duk safiya ina yin wanka a lokacin zafi.
I think I know someone that might help us.,Ina tunanin akwai wanda na sani da zai iya taimaka mana.
I think Ali believes everything Mary says.,Ina tunanin Ali yana yarda da dukkanin abin da Mary ta faɗa.
I think Ali didn't want to leave so early.,Ina ganin Ali ba ya so ya tafi da wuri haka.
I think Ali is hiding something from Mary.,Ina ganin akwai abin da Ali yake ɓoye wa Mary.
I think Ali said his last name is Jackson.,Ina tunanin Ali ya ce sunan mahaifinsa Jackson.
I think Ali will probably like this movie.,Ina tunanin wataƙila Ali zai so wannan fim ɗin.
I think fashion models today are too thin.,Ina ganin masu tallan tufafi na ado a yau sirara ne sosai.
I think it is morally wrong to eat people.,Ina ganin cin mutane ba daidai ba ne a ɗabi'ance .
I think it's necessary for you to see him.,Ina ga ya zama wajibi gare ka ka gan shi.
I think it's still too early to celebrate.,Ina tunanin ya yi wuri sosai ka yi murna.
I think it's time for me to buy a new car.,Ina ga lokaci ya yi da zan siyi sabuwar mota.
I think it's time for me to call it a day.,"Ina ganin lokaci ya yi, na gama da yau."
I think it's time to wind up this meeting.,Ina ganin lokaci ya yi da za a gama wannan taron.
I think of watching TV as a waste of time.,Na ɗauki kallon talabijin a matsayin ɓata lokaci.
I think that Japan is a very safe country.,Ina ganin ƙasar Japan ƙasa ce mai aminci.
I think we should discuss this in private.,Ina ganin kamata ya yi mu tattauna wannan a keɓance.
I think we should have Ali do that for us.,Ina ganin mu saka Ali ya yi mana wannan.
I think we should ignore Ali's complaints.,Ina ganin mu yi watsi da ƙorafe-ƙorafen Ali.
I think you guys would be very happy here.,Ina ganin za ku ji kasance cikin farinciki sosai a nan.
I think you may have overlooked something.,Ina tunanin ko dai ka tsallake wani abu.
I think you should think about the future.,Ina ganin ya kamata ka yi tunani dangane da gobenka.
I think you're being a little too careful.,Ina ganin ka fiya taka-tsantsan.
I thought I told you already to go to bed.,Na yi tunanin cewa tuni na faɗa maka ka kwanta.
I thought I told you to get out of my way.,Na yi tunanin cewa na faɗa maka ka fita daga harkata.
I thought Ali blamed me for what happened.,Na yi zaton cewa Ali ya ɗora laifin abin da ya faru a kaina.
I thought Ali had enough money to live on.,Na yi tunanin cewa Ali yana isashshen kuɗin da zai cigaba da rayuwa.
I thought Ali wasn't allowed to eat candy.,Na yi zaton cewa an hana Ali shan alawa.
I thought it was best not to say anything.,Ina ganin zai fi kyau ba sai na ce komai ba
I thought you said you were an only child.,Na yi zaton ka ce kai kaɗai ne ɗa a gidanku.
I thought you said you were bad at French.,Na yi zaton ka ce ba ka iya Faransanci sosai ba.
I thought you said you weren't interested.,Na yi zaton ka ce ba ka sha'awa.
I told Ali I'd help him reinstall Windows.,Na shaida wa Ali cewa zan taimke shi wajen sake sanya manhajar Windows.
I told you that I wasn't going to give up.,Na faɗa maka cewa ba zan sare ba.
I took it for granted that she would come.,Na zaton cewa za ta zo.
I took the cake out of the oven too early.,Na ciro kek ɗin daga cikin tanderu da wuri sosai.
I tried to get my point across but failed.,"Na yi ƙoƙarin isar da saƙona, amma na gaza."
I used it when I was in China last summer.,Na yi amfani da shi lokacin da nake ƙasar Sin a bazarar da ta gabata.
I used to play with my sister in the park.,Ina yin wasa tare da 'yar uwata a wurin shaƙatawa. 
I usually go shopping on Sunday afternoon.,Yawanci ina zuwa siyayya a yammacin ranar Lahadi.
I usually take a bath before going to bed.,Yawanci ina yin wanka kafin na kwanta.
I value our friendship more than anything.,Ina girmama abokantakarmu sama da komai.
I visited Hokkaido during summer vacation.,Na je ziyara garin Hokkaido lokacin hutun bazara.
"I want my own house, even if it's a shack.","Ina son gidana, ko da kuwa bukka ce."
I want that report on my desk in one hour.,Ina son a kawo min wannan rahoton a kan teburina nan da sa'a ɗaya.
I want the same jacket as you are wearing.,Ina son irin wannan rigar da ka sanya.
I want to learn about American daily life.,Ina son na yi ilimi dangane da rayuwar yau da kullum ta ɗan ƙasar Amurka.
I want to reserve a first-class stateroom.,Ina so na tanadi ɗaki mai daraja ta farko.
I want to send a present for his birthday.,Ina so na aika kyauta saboda bikin ranar zagayowar haihuwarsa.
I want to show you something in my office.,Ina son na nuna maka wani abu a ofis ɗina.
I want to show you something very special.,Ina son na nuna maka wani abu na musamman.
I want to thank you for coming here today.,Ina mai miƙa godiyata gare ka saboda zuwan da ka yi yau.
I want you to be ready when Ali gets here.,Ina son ka zama cikin shiri idan Ali ya ƙaraso nan.
I want you to stay here until I come back.,Ina so ka tsaya a nan har sai na dawo.
I want you to take Ali to Boston with you.,Ina so ka tafi tare da Ali zuwa Boston.
I wanted to talk to you about your grades.,Ina son magana da kai dangane da matakin sakamakonka.
I was about to go out when the phone rang.,Daf nake na fita waje lokacin da wayar ta buga.
"I was born in Barcelona on March 23, 1969.","An haife ni a garin Barcelona 23 ga watan Maris, shekarar 1969."
I was completely exhausted after the hike.,Na gaji tiƙis bayan hawa dutsen.
I was extremely surprised when I saw this.,Na yi matuƙar mamaki lokacin da na ga wannan.
"I was going to write to you, but I forgot.","Na yi ƙoƙarin in rubuto maka, amma na manta."
I was late because I got stuck in traffic.,Na makara saboda cunkoson ababen hawa ya riƙe ni.
I was most impressed by his good behavior.,Kyawawan ɗabi'unsa ne suka fi burge ni.
I was offered the choice of tea or coffee.,An ba ni zaɓin shayi ko kuma kofi.
I was really tired so I went to bed early.,Na gaji sosai shi ya sa na kwanta da wuri.
I was scolded by my mother for being lazy.,Mahaifiyata ta yi min habaici saboda lalacina.
I was surprised Ali didn't come yesterday.,Na yi mamaki Ali bai zo jiya ba.
I was surprised Ali wasn't here yesterday.,Na yi mamaki Ali ba ya nan jiya.
I was wondering if you knew where Ali was.,ina ta tunanin ko ka san inda Ali yake.
I wasn't able to come because of the rain.,Ban samu damar zuwa ba ne saboda ruwan sama.
I wasn't able to go to his birthday party.,Ban samu damar zuwa bikin ranar zagayowar haihuwarsa ba.
I went on a ten-day trip to Easter Island.,Na yi bulaguron kwana goma zuwa Tsibirin Easter.
I went to bed a little earlier than usual.,Na ɗan kwanta da wuri ba kamar yadda na saba ba.
I went to many shops to look for the book.,Na je shaguna da yawa don neman littafin.
I went up to the 5th floor in an elevator.,Na hau sama hawa na biyar a cikin na'urar hawa da sauka.
I will be gone by the time she comes back.,Zan tafi daga lokacin da ta dawo.
I will never translate something for free.,Ba zan taɓa fassara wani abu a kyauta ba.
I wish I had followed the doctor's advice.,Ina ma a ce na bi shawarar likita.
I wish I knew the answer to this question.,Ina ma a ce na san amsar wannan tambayar.
I wish Ali had never gotten out of prison.,Na so a ce Ali bai fito daga gidan gyaran hali ba.
I wish my back didn't always hurt so much.,Na so a ce bayana ba ya min ciwo a kodayaushe.
I wish our classroom were air-conditioned.,Na so a ce ajinmu an sanya na'urar sanyaya ɗaki.
I wish we'd bought another bottle of wine.,Na so ace mun siyo wata kwalbar tsimin inibin.
I wish you had told me about the accident.,Na so ace ka yi min magana dangane da hatsarin.
I wish you'd quit doing what you're doing.,Na so ace ka daina abin da kake yi.
I won't be able to eat all that by myself.,Ba zan iya cinye duka wannan ba ni kaɗai.
I won't hire anyone without your approval.,Ba zan ɗauki kowa aiki ba ba tare da sahalewarka ba.
I wonder if Ali really meant what he said.,Ina mamaki idan abin da Ali ya faɗa da gaske yake.
I wonder what Ali and Mary have in common.Ina mamakin abin da Ali da Mary suka yi tarayya a kai.,
I wonder why Ali didn't go to the concert.,Ina mamakin me yasa Ali bai je wajen wasan kaɗe-kaɗen ba.
I wonder why she didn't tell him about it.,Ina mamakin me yasa me ya sa ba ta yi masa bayani a kansa ba.
I wonder why we play tennis in miniskirts.,Ina mamakin me yasa mu ke buga ƙwallon tennis da ɗan ƙaramin sket.
I wondered why Ali was absent from school.,Ina mamakin me yasa Ali ya yi fashi a makaranta.
I would prefer to speak to you in private.,Zan fi so na yi magana da kai a keɓance.
I would rather die than steal from others.,Gara na mutu da na saci kayan wasu.
I wouldn't ask you if it wasn't important.,Ba zan tambaye ka ba idan abin ba shi da muhimmanci.
I wouldn't do it for all the tea in China.,Ba zan yi ba ko da za a bani shayin ƙasar Sin gabaɗaya.
I wouldn't even talk to Ali if I were you.,In ni ne kai ma ba zan yi wa Ali magana ba.
I wouldn't want you to think I was stupid.,Ba na son ka yi tunanin ko ni wawa ne.
I wrote five letters before I went to bed.,Na rubuta wasiƙa guda biyar kafin na kwanta baccci.
I wrote the wrong address on the envelope.,Na rubuta adireshi na kuskure a jikin ambulan ɗin.
I'd like Ali to handle this investigation.,Ina son Ali ya ɗauki gaɓaren wannan binciken.
I'd like to ask Ali what his thoughts are.,Ina so na tambayi Ali menene tunaninsa akan haka.
I'd like to ask you a couple of questions.,Ina so na tambaye ka wasu 'yan tambayoyi.
I'd like to become a famous soccer player.,Ina so na zama shahararren ɗan wasan ƙwallon ƙafa.
I'd like to find a French-speaking doctor.,Ina so na samu likitan da yake magana da Faransanci.
"I'd like to give you the key, but I can't.","Ina so na ba ka mukullin, amma ba zan iya ba."
I'd like to have a test for breast cancer.,Ina so a yi min gwajin sankarar mama.
I'd like to know why you did what you did.,Ina so na san me ya sa ka aikata abin da ka aikata.
I'd like to visit Angkor Wat before I die.,Ina so na ziyarci Angkor Wat kafin na mutu.
I'd like you to stay and help me clean up.,Ina so ka tsaya ka taimaka min na yi shara.
I'll be able to finish it in a day or two.,Zan iya gamawa a kwana ɗaya ko biyu.
I'll be there at two o'clock without fail.,Zan isa wurin da misalin ƙarfe biyu daidai ba zan saɓa ba.
I'll do it according to your instructions.,Zan yi kamar yadda ka ba da umarni.
I'll never forget how helpful you've been.,Ba zan taɓa manta yadda ka kasance mai taimako ba.
I'll never tell anyone who you really are.,Ba zan taɓa faɗa wa kowa haƙiƙar wanene kai ba.
I'll open the curtain for you to look out.,Zan buɗe maka labule don ka kalli waje.
I'll remember today for as long as I live.,Zan tuna da yau iya tsawon rayuwata.
I'm a coward when it comes to cockroaches.,Ni matsoraci ne in dai a kan kyankyaso ne.
I'm beginning to think you're not serious.,Na fara tunanin cewa ba da gaske kake ba.
I'm fed up with your constant complaining.,Na gaji da yawan ƙorafinka.
I'm firmly opposed to corporal punishment.,Ina kan bakana na ƙin amincewa da bayar da horo mai tsanani.
I'm glad I was able to help you last week.,Na ji daɗin samun damar taimakonka da na  yi makon da ya gabata.
I'm glad I was able to meet you yesterday.,Na ji daɗin haɗuwa da na yi da kai jiya.
I'm going to buy a camera for my daughter.,Zan siya wa 'yata na'urar ɗaukar hoto.
I'm going to study English this afternoon.,Zan yi karatun Turanci a wannan yammaci.
I'm having lunch with my sister right now.,A halin yanzu ina cin abincin rana ne da 'yar uwata.
I'm hoping that Ali never does that again.,Ina fatan Ali ba zai sake haka ba.
I'm just about to head off to the station.,Yanzu nake shirin tafiya tashar.
I'm looking for your sister. Where is she?,"Ina neman 'yar uwarka, tana ina?"
I'm looking forward to seeing you as well.,Ni ma ina fatan ganinka.
I'm not accustomed to getting up so early.,Ban saba tashi da wuri sosai ba.
I'm not ashamed of who I am or what I did.,Ba na jin kunyar wanene ni ko kuma me na aikata.
I'm not asking you to change your opinion.,Ban ce ka canja ra'ayinka ba.
I'm not crazy. You're the one who's crazy.,"Ni ba wawa ba ne, kai ne wawa."
I'm not used to making speeches in public.,Ban saba yin magana a cikin jama'a ba.
I'm not worried and neither should you be.,Ban damu ba kuma kai ma bai kamata ka damu ba.
I'm really looking forward to Ali's visit.,Zan yi farinciki da ziyarar da Ali zai kawo.
I'm really looking forward to meeting Ali.,Haƙiƙa ina fatan haɗuwa da Ali.
I'm so tired that I can't walk any longer.,Na gaji sosai ta yadda ba zan iya tafiya ba kwata-kwata.
I'm sorry for ruining your birthday party.,Ina neman afuwarka saboda ɓata maka bikin murnar ranar zagayowar haihuwarka da na yi.
"I'm sorry, but I already have a boyfriend.","Ka yi haƙuri, amma ina da saurayi."
I'm spending Christmas Eve with my family.,Zan kasance tare da iyalina a Jajiberin Kirsimati.
I'm starting to lose my patience with you.,Na fara kasa jure haƙurina da kai.
I'm staying at a hotel for the time being.,Zan zauna a otel na ɗan wani lokaci.
I'm still not used to getting up so early.,Har yanzu dai ban saba da tashi da wuri ba.
I'm supposed to be working this afternoon.,Ya kamata a ce ina aiki a wannan yammacin.
I'm the one who told Ali about your party.,Ni ne na shaida wa Ali dangane da bikin murnarki.
I'm tired of waiting for things to happen.,Na gaji da jira abubuwa su faru.
I'm too busy to have time to enjoy myself.,"Aiki ya yi min yawa, ba ni da lokacin jin daɗi na kaina."
I'm waiting for her to climb into her car.,Ina jiran ta ta zo ta hau motarta.
I've already said I don't know the answer.,Na riga na faɗi cewar ban san amsar ba.
I've already tried doing that three times.,Tuni na gwada yin hakan sau uku.
I've always dreamed of going to Australia.,Kodayaushe ina da burin zuwa Ostreliya.
I've always wanted to try to learn French.,Kodayaushe ina da nufin na gwada koyon Faransanci.
I've been friends with Ali for many years.,Na kasance ina abota da Ali na tsawon shekaru.
I've been in therapy since I was thirteen.,Tun ina shekara goma sha uku nake jinya.
I've been teaching French for three years.,Na kasance ina koyarwa tsawon shekara uku.
I've been thinking about buying a new car.,Na daɗe ina tunanin siyan sabuwar mota.
I've been waiting for you for over a week.,Na kasance ina jiranka sama da mako guda.
I've decided that I won't go to the party.,Na yanke shawarar cewa ba zan je bikin murnar ba.
I've eaten a great deal of food this week.,Na ci abinci sosai a wannan makon.
I've found something I'd like to show you.,Na gano wani abu in so na nuna maka.
I've got my guitar in the trunk of my car.,Jitata tana cikin motata.
I've got this little job I want you to do.,ina da wani ɗan ƙaramin aiki da nake so ka yi min.
I've just lost the best friend I ever had.,Shikenan na rasa abokina nagari wanda ban taɓa irinsa ba.
I've known Ali a lot longer than you have.,Na daɗe da sanin Ali sama da yadda ka san shi.
I've known Ali longer than I've known you.,Na daɗe da sanin Ali sama da yadda na san ka.
I've never seen anything like this before.,Ban taɓa ganin abu irin haka ba kafin nan.
Ice skating can be graceful and beautiful.,Wasan zamiya a kan ƙanƙara abu ne mai kyau da ban sha'awa.
"If I were you, I wouldn't do such a thing.","In da a ce ni ne kai, ba zan aikata irin haka ba"
"If I'd known the truth, I'd have told you.","Da a ce na san gaskiya, da na faɗa maka."
"If Ali doesn't get the job, I'll tell you.","Idan Ali bai samu aiki ba, zan faɗa maka."
"If Ali were here, we'd be having more fun.","Da a ce na san gaskiya, da na faɗa maka."
"If he doesn't come, what will you do then?","Da a ce Ali yana nan, da tuni muna cikin nishaɗi."
"If it rains tomorrow, I will stay at home.","Idan aka yi ruwa gobe, zan zauna a gida."
"If that's true, then she's better than me.","In dai hakan gaskiya ne, to ta fi ni."
"If there are no taxis, we'll have to walk.","Idan babu motocin tasi, to a ƙasa za mu tafi."
"If we begin early, we can finish by lunch.","Idan mun fara da wuri, za mu iya gamawa daidai lokacin cin abincin rana."
"If we had wings, could we fly to the moon?","Da a ce muna da fuka-fukai, shin za mu iya tashi zuwa duniyar wata?"
"If you buy me an ice cream, I'll kiss you.","Idan ka siya min ayiskirim, zan sumbace ka."
"If you didn't put this here, then who did?","Idan ba kai ka saka wannan a nan ba, to wanene?"
"If you don't go, you'll have to apologize.","Idan ba ka je ba, to dole ka nemi afuwa."
"If you don't hurry, you'll miss the train.","Idan ba ka yi sauri ba, za ka rasa jirgin ƙasan."
"If you ever touch me again, I'll kill you.","Idan ka sake taɓa ni, zan kashe ka."
If you need an umbrella I'll lend you one.,"Idan kana buƙatar laima, zan ba ka aron ɗaya."
"If you need any money, I'll lend you some.","Idan kana buƙatar kuɗi, zan ba ka aron wasu."
"If you need anything, ask the chambermaid.","Idan kana buƙatar wani abu, ka tambayi mai kula da ɗakin."
"If you park here, your car will get towed.","Idan ka ajiye abin hawanka a nan, za a janye motarka."
"If you want that hat, I'll buy it for you.","Idan kana son waccan malafar, zan siya maka."
"If you want to see Ali?, you have to hurry.","In dai kana son ganin Ali, to sai ka yi sauri."
"If you want to succeed in life, work hard.","Idan kana son cin nasara a rayuwa, ka yi aiki tuƙuru."
"In case of an emergency, push this button.","Idan lamari na gaggawa ya taso, a dannan wannan madannin."
"In comparison with Tokyo, London is small.",Birnin Landan ƙarami ne idan aka kwatanta shi da Tokyo.
"In poker, three of a kind beats two pairs.","A cacar poker, hannun da ya riƙe kati uku masu mataki ɗaya da kuma kati biyu daban, ya fi hannun da ya riƙe kati biyu masu mataki ɗaya da wasu biyun masu mataki daban da kuma kati ɗaya daban."
"In the summer, I wear short-sleeve shirts.","A lokacin zafi, ina sanya riguna masu gajeren hannu."
"In their case, it was love at first sight.","Su kam a lamarisu, soyayya ce a kallon farko."
"In this book, lots of coincidences happen.","A wannan littafin, an samu katari da dama."
"In winter, the roads are covered with ice.","A lokacin sanyi, dusar ƙanƙara tana rufe hanyoyi."
Instead of fewer accidents there are more.,"Maimakon haɗarurruka su yi ƙaranci, ƙaruwa ma suke."
Is Ali still living in the same apartment?,Har yanzu Ali yana zaune a wannan benen ne?
"Is he speaking English, French, or German?",Shin yana magana da Turanci ne ko Faransanci ko Jamusanci?
Is it true that Ali and Mary got arrested?,Shin da gaske ne an kama Ali da Mary?
Is it true that you climbed this mountain?,Da gaske ne ka hau wannan tsaunin?
Is it true that you were absent yesterday?,Da gaske ne jiya ka yi fashi?
Is that singer popular among your friends?,Wannan mawaƙin shahararre ne a wajen abokanka?
Is there a paperback edition of this book?,Shin littafin nan akwai wanda bangonsa ke da laushi?
Is there a public toilet in this building?,Shin akwai banɗakin jama'a a wannan ginin?
Is there a rule that says I can't do this?,Shin akwai dokar da ta ce ba zan iya wannan ba?
Is there any possibility of his resigning?,Shin akwai yiwuwar zai ajiye aikinsa?
Is there anyone here who can speak French?,Shin a nan akwai wanda ya iya Faransanci?
Is there anything you want me to tell Ali??,Shin akwai abin da kake so na faɗa wa Ali?
Is there something you'd like to tell Ali??,Shin akwai abin da kake son ka faɗa wa Ali?
Is this a picture that he drew by himself?,Shin wannan shi ne hoton da ya zana da kansa?
Is this new model available on the market?,Shin wannan sabon samfurin akwai shi a kasuwa?
Is this the dictionary you're looking for?,Shin wannan shi ne ƙamus ɗin da kake nema?
Is this the first time you have tasted it?,Shin wannan shi ne karo na farko da ka ɗanɗana shi?
Is this the key your uncle is looking for?,Shin wannan shi ne mukullin da kawunka yake nema?
Is this the right way to Yokohama Station?,Shin wannan hanyar ce za ta kai mutum tashar Yokohama?
It appears that her injury was pretty bad.,A zahiri raunin da ta ji ya munana.
"It came to a grand total of 150,000 euros.","Ya kama jimilla yuro 150,000."
"It cost me 5,000 yen to repair my bicycle.","Yen 5,000 na kashe wajen gyara kekena."
It couldn't have happened at a worse time.,Ya faru lokacin da bai dace ba.
It doesn't look like it'll clear up today.,Kamar dai ba zai wartsake ba yau.
It doesn't take Ali long to take a shower.,Ali ba ya daɗewa wajen yin wanka.
It goes without saying that time is money.,Ba sai an faɗa maka cewa lokaci kuɗi ne ba.
It is definite that he will go to America.,Tabbas ne zai je Amurka.
It is good to keep studying all your life.,Abu ne mai kyau ka cigaba da karatu tsawon rayuwarka. 
It is hard to live up to your convictions.,Abu ne mai wahala ka dinga aiwatar da abin da ka yarda da shi.
It is he who is to blame for the accident.,Shi ya kamata a ɗora wa laifin hatsarin.
It is no use studying when you are sleepy.,Babu amfani yin karatu alhalin kana jin bacci.
It is no use trying to solve this problem.,Babu amfanin warware wannan matsalar.
It is not known when he came up to London.,Ba a sani ba lokacin da ya zo Landan.
It is said that he has a lot of old coins.,An faɗi cewa yana da tsofaffin sulalla.
It is said that his mother is gravely ill.,An faɗi cewa mahaifiyarsa ba lafiya rai a hannun Allah.
It is said that time heals all the wounds.,Lokaci magani ne.
It is very dangerous to cross this street.,Abu ne mai haɗari ka tsallaka wannan titin.
It is very kind of you to show me the way.,Ka kyauta da ka nuna min hanya.
It isn't easy to learn a foreign language.,Ba abu ne mai sauƙi ba koyon yaren ƙasar waje.
It looks like it's going to clear up soon.,kamar dai abin zai wartsake nan kusa.
It looks like the wind's getting stronger.,Kamar dai iskar tana ƙara ƙarfi.
It seems that the rainy season has set in.,Kamar dai damina ta kankama.
It seems to me that this is too expensive.,Ni dai ina jin cewa wannan ya yi tsada sosai.
It started raining as soon as we got home.,Muna zuwa gida aka fara ruwan sama.
It takes about ten minutes to boil an egg.,Kusan minti goma ne yake isa wajen dafa ƙwai.
It took me three years to write this book.,Shekara uku na ɗauka ina rubuta wannan littafin.
It was a complete and utter waste of time.,Bata lokaci ne kawai.
It was a mistake to refuse his assistance.,Kuskure ne a ƙi taimaka masa.
It was a question none of us could answer.,Tambaya ce da babu wanda zai iya amsa ta a cikinmu.
It was apparent that there was no way out.,Ya tattabata dai cewa babu mafita.
It was careless of me to leave the gas on.,Ni na yi sakaci na bar gas ɗin a kunne.
It was careless of you to lose my car key.,Ka yi sakaci ka ɓatar min da mukullin motata.
It was foolish of you to accept his offer.,Ka yi wauta idan ka karɓi tayinsa.
It was hard for them to get to the island.,Zai yi musu wahala su isa zuwa tsibirin.
It was he that broke the window yesterday.,Shi ne ya karya tagar jiya.
It was never our intention to deceive you.,Ba mu da nufin mu yaudare ka.
It was said that that lady was an actress.,An faɗi cewar waccan yarinyar 'yar wasan kwaikwayo ce.
It was so dark that they could hardly see.,Ya yi duhun da zai yi wahala su iya gani.
It was so foggy I couldn't see who it was.,Hazo ya yi yawan da ba zan iya ganin wanene ba.
It was this book that I borrowed from him.,Wannan ne littafin da na aro daga wajensa.
It was this boy that broke the windowpane.,Wannan ne yaron da ya fasa gilashin taga.
It won't happen again. It was an accident.,"Hakan ba zai sake faruwa ba, tsautsayi ne."
It would be better if you read more books.,Zai fi kyau idan ka karanta littattafai da yawa.
"It's a beautiful day for a hike, isn't it?","Rana ce mai kyau ta hawa tsauni, ko ba haka ba?"
It's a direct flight from Tokyo to London.,Tafiyar jirgin sama ce kai tsaye daga Tokyo zuwa Landan.
It's a village of two hundred inhabitants.,Ƙauye ne da ke da mazauna mutum ɗari biyu.
It's about time you settled down for good.,Lokaci ya yi da ya kamata ka zauna ka yi aure.
It's as beautiful as you said it would be.,Ya yi kyau kamar yadda ka faɗi cewa zai yi.
It's bad manners to talk during a concert.,Ɗabi'a ce marar kyau yin magana yayin taron kaɗe-kaɗe.
It's been a long time since I've seen Ali.,Na daɗe rabona da ganin Ali.
It's been five years since I last saw you.,Shekara biyar kenan rabona da ganinka.
It's been five years since my father died.,Shekara biyar kenan da rasuwar mahaifina.
It's been snowing for three straight days.,Kwana uku kenan cur ana yin dusar ƙanƙara.
It's better to walk back than to get lost.,Ya fi kyau a koma baya da a ɓata.
It's cheaper to order things by the dozen.,Ya fi araha ka siyi abubuwa dozin-dozin.
It's clear that the passport is a forgery.,Ya bayyana cewa fasfo ɗin na boge ne.
"It's cold, so I want to eat something hot.","Sanyi ake yi, don haka ina son na ci abu mai zafi."
It's easier to teach children than adults.,Koyar da yara ya fi sauƙi sama da manya.
It's good to see some things never change.,Abin daɗi ne ka ga cewa wasu abubuwan ba su canja ba.
It's hard to believe that's a coincidence.,Da wahala ka yarda cewa hakan katari ne.
It's hard to understand the Osaka dialect.,Da wahala ka fahimci yaren Osaka.
"It's hot, so I want to eat something cold.","Zafi ake yi, don haka ina son na ci abu mai sanyi."
It's important that you tell me the truth.,Abu ne mai muhimmanci cewar ka faɗa min gaskiya.
It's likely Ali knows Mary's phone number.,Akwai yiwuwar cewa Ali ya san lambar wayar Mary.
It's no secret that Ali doesn't like Mary.,Ba abu ne ɓoyayye ba cewa Ali ba ya son Mary.
It's not as hot today as it was yesterday.,Zafin yau bai kai na jiya ba.
It's not easy to speak a foreign language.,Ba abu ne mai sauƙi ba yin magana da yaren ƙasar waje.
It's not enough to know only one language.,Sanin yare ɗaya kawai ba zai wadatar ba.
It's not necessary to write a long letter.,Ba dole ba ne rubuta doguwar wasiƙa.
"It's not what you say, but how you say it.","Ba me ka faɗa ne abin la'akari ba, amma yaya ka faɗa."
It's only four minutes from here by train.,Minti huɗu ne zai kai ka daga nan idan a jirgin ƙasa ne.
It's said that she's a well-known actress.,An faɗi cewa ita sananniyar 'yar wasan kwaikwayo ce.
It's strange that Ali didn't mention that.,Abin mamaki ne cewa Ali bai ambaci hakan ba.
It's time to take the pie out of the oven.,Lokacin ciro cincin daga cikin tanderu ya yi.
It's too bad you can't come with us today.,Babu daɗi a ce yau ba za ka biyo mu ba.
It's very dangerous to swim in this river.,Abu ne mai haɗari yin iyo a cikin wannan kogin.
Japan has diplomatic relations with China.,Ƙasar Japan tana da alaƙar diflomasiyya da ƙasar Sin.
Japan's most important opponent was China.,Ƙasar Sin ce mafi girman abokiyar hamayya ga ƙasar Japan.
"Judging from what you say, he may succeed.","Bisa la'akari da abin da ka faɗa, zai iya yin nasara."
Just keep your hands where I can see them.,Ka ajiye hannunka a inda zan iya ganinsu kawai.
"Last year, he was at sea for three months.","A shekarar da ta gabata, ya shafe wata uku a kan teku."
Law and politics are two different things.,Doka da kuma siyasa abubuwa biyu ne mabanbanta.
Let Ali buy a new computer if he wants to.,A Ƙyale Ali ya siyi na'ura mai ƙwaƙwalwa idan yana so.
Let me know if I need to make any changes.,A sanar da ni idan akwai buƙatar wani canji da ake so na yi.
Let me know if there is anything I can do.,A sanar da ni idan akwai wani abu da zan iya yi.
Let me know the result as soon as you can.,Ka yi saurin sanar da ni sakamakon iya yin ka.
Let me see the pictures you took in Paris.,Bari na ga hotunan da ka ɗauka a Paris.
Let us know if you can't get here on time.,Ka sanar da mu idan ba za ka iso nan a kan lokaci ba.
Let's get together again tomorrow evening.,A bari mu sake haɗuwa gobe da yamma.
Let's go somewhere private so we can talk.,Mu je wani wuri keɓantacce yadda za mu iya magana.
Let's hope we don't have to do this again.,Bari mu yi fatan cewa ba za mu sake yin haka ba.
Let's invite some friends over for dinner.,Bari mu gayyaci wasu abokanmu don cin abincin dare.
Let's stop and stretch our legs for a bit.,Bari mu tsaya mu ɗan miƙe ƙafafuwanmu kaɗa.
Listen! They're playing my favorite music.,"A saurara, suna yin kiɗan da na fi so ne."
Look out for cars when you cross the road.,Ka duba motoci idan za ka tsallaka titi.
Luck plays an important part in your life.,Sa'a ta taka muhimmiyar rawa a rayuwarka.
"Luckily, someone gave me a jacket to wear.","An yi sa'a, wani ya ba ni rigar sanyi don na saka."
Mail service in that country is not quick.,Sabis ɗin aika saƙonni a wannan ƙasar ba ya sauri.
Major Anderson was ready to stop fighting.,A shirye Major Anderson yake ya dena yin faɗan.
Making money is not the only goal in life.,Samun kuɗi ba shi kaɗai ba ne manufa a rayuwa.
Many English words are derived from Latin.,An samo kalmommin Turanci ne da dama daga Latin.
Many children die of starvation in Africa.,Yara da dama na mutuwa sakamakon matsananciyar yunwa a Afirka.
Many men were badly wounded in the battle.,An ji wa mazaje da dama mummunan ciwo a yaƙin.
Many people came to the meeting yesterday.,Mutane da dama sun zo taron a jiya.
Many scientists are working in this field.,Masana kimiyya da dama suna aiki a wannan fannin.
Many weeds were growing among the flowers.,Ciyayi da dama suna girma a cikin fulawoyin.
Many young people in Spain are unemployed.,Matasa da dama a ƙasar Sifaniya ba su da aikin yi.
Mary doesn't wear as much makeup as Alice.,Mary ba ta yin kwalliya sosai kamar yadda Alice ke yi.
Mary had a dream that she won the lottery.,Mary ta yi mafarkin cewa ta ci cacar loto.
Mary is the girl wearing the yellow dress.,Mary ita ce yarinyar da ta sanya kaya mai shuɗin rawaya.
Mary knows that Ali isn't her real father.,Mary ta san cewa Ali ba shi ne mahaifinta na haƙiƙa ba.
Mary mixed the ingredients to make a cake.,Mary ta cakuɗa kayan haɗin don haɗa kek.
Mary named the baby after her grandmother.,Mary ta sanya wa jaririyar sunan kakarta.
Mary received many gifts for her birthday.,Mary ta samu kyautuka da dama na bikin ranar zagayowar haihuwarta.
Mary was wearing a knee-length blue dress.,Mary tana sanye da shuɗin tufafi wanda tsayinsa ya zo ƙwauri.
Mary withdrew her application for the job.,Mary ta janye daga neman aikin da take.
May I talk to you about something serious?,Shin zan iya magana da kai kan wani abu muhimmi?
Maybe it will be exactly the same for him.,Wataƙila zai zama iri ɗaya a gare shi.
Maybe we should blame Ali for what we did.,Wataƙila sai mu ɗora wa Ali laifin da muka aikata.
Mexico is a neighbor of the United States.,Ƙasar Mexico maƙwabciya ce ga ƙasar Amurka.
Mistakes like these are easily overlooked.,Kusakurai irin waɗannan ana kau da kai gare su cikin sauƙi.
Mom is washing the dog because he's dirty.,Mama tana wanke karen saboda ya yi datti.
Mom remained in the car while Dad shopped.,Mama ta zauna a cikin mota yayin da baba yake siyayya.
Mom said that we can stay up late tonight.,Mama ta ce yau za mu iya yin dare.
Most Hollywood movies have a happy ending.,Yawancin fina-finan Hollywood ƙarshen su da farinciki yake ƙarewa.
"Most people enjoy starry, peaceful nights.",Yawancin mutane suna jin daɗin dare mai ɗauke da taurari da kuma nutsuwa.
Mother bought me a nice dress last Sunday.,Mama ta siya min tufafi masu kyau ranar Lahadi da ta gabata.
Mother divided the cake into eight pieces.,Mama ta raba kek ɗin gida takwas.
Mt. Fuji is noted for its beautiful shape.,Ana gane tsaunin Mt Fuji ne saboda kyawun siffarsa.
My French teacher is the same age as I am.,Shekaruna ɗaya da malamin Faransancina.
My alarm clock didn't go off this morning.,Ƙararrawar alam ɗina bai mutu ba a safiyar yau.
My association with him did not last long.,Alaƙata da shi ba ta daɗe sosai ba.
My association with them didn't last long.,Alaƙata da su ba ta daɗe sosai ba.
My aunt showed me how to make good coffee.,Innata ta nuna min yadda ake haɗa kofi mai daɗi.
My boss has never invited me to her house.,Shugabata ba ta taɓa gayyata ta gidanta ba.
My brother didn't like her from the start.,Tun fari ɗan uwana ba ya son ta.
My computer crashed and I lost everything.,Na'urar kwamfutata ta lalace kuma na yi asarar komai.
My doctor has an excellent bedside manner.,Likitana yana da mu'amalar kula da mara lafiya mai  kyau.
My driver's license will expire next week.,Wa'adin lasisin tuƙina zai cika mako mai zuwa.
My father converted a garage into a study.,Mahaifina ya mayar da garejin mota zuwa ɗakin karatu.
My father didn't say a word during dinner.,Mahaifina bai ce komai ba yayin cin abincin daren.
My father died when I was seven years old.,Mahaifina ya rasu lokacin da nake shekara bakwai.
My father gave me a puppy for my birthday.,Mahaifina ya bani ɗan kare don murnar zagayowar haihuwata.
My father had me change a tire on his car.,Mahaifina ya saka ni na canja masa taya a motarsa.
My father has been out of work for a year.,Mahaifina ba shi da aiki tsawon shekara guda.
My father has quit smoking for his health.,Mahaifina ya daina shan taba saboda lafiyarsa.
My father has recently come back to Japan.,Mahaifina ya dawo Japan kwanan nan.
My father often helps me with my homework.,Yawanci mahaifina yana taimaka min da aikin gidana.
My father used to read me bedtime stories.,Mahaifina ya kasance  yana karanta mini labaran kwanciya bacci.
My figures don't seem to tally with yours.,Kamar alƙalumana ba za su yi daidai da naka ba.
My friends congratulated me on my success.,Abokina ya taya ni murna sakamakon nasarata.
My grandfather gave me a birthday present.,Kakana ya ba ni kyautar murnar ranar zagayowar haihuwata.
My grandfather takes a walk every morning.,Kakana yana yin tafiyar ƙafa a kowacce safiya.
My grandfather was killed in World War II.,An kashe kakana a Yaƙin Duniya na 2.
My grandmother gave me more than I wanted.,Kakata tana ba ni abu sama da yadda nake buƙata.
My mission is to photograph the documents.,Kakata ta ba ni sama da yadda nake so.
My mother doesn't speak English very well.,Mahaifiyata ba ta iya magana da Turanci ba sosai.
My mother forgot to add salt to the salad.,Mahaifiyata ta manta ba ta saka gishiri ba a kwaɗon.
My mother taught me how to make miso soup.,Mahaifiyata ta koya min yadda ake haɗa miyar miso.
My mother told me I have to behave myself.,Mahaifiyata ta shaida min cewa na shiga hankalina.
My mother wrapped the sandwiches in paper.,Mahaifiyata ta nannaɗe sanwic ɗin a takarda.
My plan for the summer is to go to Europe.,Tsarina a wannan bazarar shi ne na tafi Nahiyar Turai.
My right leg was injured in that accident.,Ƙafata ta dama ta samu rauni a wannan haɗarin.
My son thinks women are stronger than men.,Ɗa na yana tunanin cewa mata sun fi maza ƙarfi.
My trip to Australia is officially booked.,Na yi tanadin tafiya zuwa Ostreliya a hukumance.
My uncle has been diagnosed with leukemia.,An gano cewa kawuna yana da cutar kansar jini.
My uncle has lived in Paris for ten years.,Kawuna ya zauna a Paris tsawon shekara goma.
My wife studies until 10 o'clock at night.,Matata tana yin karatu har zuwa goma dare.
Never have I seen such a beautiful sunset.,Ban taɓa ganin faɗuwar rana mai kyau haka ba.
New York is the busiest city in the world.,Birnin New York shi ne birni mafi hada-hada a duniya.
New blankets were distributed to the poor.,An raba wa talakawa sababbin barguna.
Next year my birthday will fall on Sunday.,Shekara mai zuwa ranar zagayowar haihuwata za ta kama ranar Lahadi.
"No matter how bad you feel, don't give up.","Komai rashin daɗin da ka ji, kar ka sare."
"No matter what happens, I'll stand by you.","Ko menene ya faru, zan kasance tare da kai."
No one ate any of the cookies that I made.,Babu wanda ya cinye biskit ɗin da na yi ko ɗaya.
No one ever tells me anything around here.,Babu wanda ya taɓa faɗa min komai a nan wajen.
No one knows what'll happen in the future.,Babu wanda ya san me zai faru nan gaba..
No passengers were killed in the accident.,Babu fasinja ko ɗaya da aka kashe a hatsarin.
No woman could measure up to his standard.,Babu mace da za ta iya cika sharaɗinsa.
"No, I'm not a teacher. I'm only a student.","A'a, ni ba malami ba ne, ni ɗalibi ne kawai."
Not all Americans shared Wilson's opinion.,Ba dukkanin 'yan Amurka ne ke da ra'ayin Wilson ba.
"Not knowing what to answer, I kept silent.","Ban san amsar da zan bayar ba, sai na yi shiru."
Nothing can prevent her from marrying him.,Babu abin da zai hana ta aurensa.
Nothing happens unless you make it happen.,Babu abin da yake faruwa sai ka yi fafutukar faruwarsa.
Nothing is more important than friendship.,Babu abin da ya kai abota muhimmanci.
Now is when you have to make up your mind.,Yanzu ne za ka yanke shawara.
"Nowadays, you can't buy much for a dollar.","A yanzu, ba za ka iya siyan abubuwa da yawa ba a dala ɗaya."
"OK guys, I really need something to drink.",haƙiƙa ina buƙatar wani abu na sha.
One man's trash is another man's treasure.,Abincin wani gubar wani.
One must be responsible for one's conduct.,Dole ne mutum ya ɗauki alhakin halayyar kansa.
One of my favorite songs is Hungry Spider.,Ɗaya daga cikin waƙoƙin da na fi so ita ce Hungry Spider.
Only a few TV programs are worth watching.,Shirye-shiryen talabijin kaɗan ne suka cancanci a kalle su.
Only a few students understood the matter.,Ɗalibai kaɗan ne suka fahimci al'amarin.
Open the curtains and let the sunshine in.,A buɗe labulen don hasken rana ya shigo.
Osaka is the second largest city of Japan.,Osaka shi ne birni na biyu mafi girma a Japan.
Our army broke through the enemy defenses.,Sojojinmu sun keta cikin shingen tsaron abokan gabarmu.
Our basic problem is the lack of know-how.,Tushen matsalarmu shi ne rashin sanin yadda ake yi.
Our car is equipped with air conditioning.,Motarmu tana da injin sanyaya iska.
"Our children like dogs, but I prefer cats.","Yaranmu suna son kare, amma na fi son mage."
Our college uses far too much electricity.,Kwalejinmu tana amfani da wutar lantarki sosai.
Our escape was nothing short of a miracle.,Kuɓutarmu ba komai ba ce face ikon Allah.
Our problems are nothing compared to hers.,Matsalarmu ba komai ba ce idan aka kwatanta da tata.
Over-sleeping is no excuse for being late.,Bacci mai nauyi ba uzuri ne na makara ba.
Parents need to cooperate with each other.,Akwai buƙatar iyaye su haɗa kawunansu.
Parliament approved the new law last week.,Majalisa ta amince da sabuwar dokar makon da ya gabata.
People sometimes make illogical decisions.,Wani lokacin mutane suna yanke hukunci ba tare da tunani ba.
Perhaps Ali knows something that we don't.,Wataƙila Ali ya san abin da ba mu sani ba.
Philosophy is often regarded as difficult.,Yawanci ana ɗaukar ilimin Falsafa abu mai wahala.
"Pick on somebody your own size, you bully.","Ka nemi daidai da kai mana, kai mai cin zali."
Playing the piano is her favorite pastime.,Buga fiyano shi ne abin da ta fi so a lokacin shaƙatawa.
Please call me up between seven and eight.,Don Allah ka kira ni daga ƙarfe bakwai zuwa takwas.
Please don't pry into my personal affairs.,Don Allah kar ka yi min shigege cikin rayuwata.
Please don't use more water than you need.,Kada ka yi amfani da ruwan da yafi ƙarfin buƙatarka.
Please drink the beer before it goes flat.,Don Allah ka sha giyar kafin kumfarta ta kwanta.
Please fill the teapot with boiling water.,Don Allah ka cika tukunyar shayin da tafasashshen ruwa.
Please get the clothes in before it rains.,Don Allah ka shigo da tufafin kafin ruwa ya sauko.
Please give me something to kill the pain.,Don Allah ka ba ni wani abu da zai kashe min ciwon.
Please knock on the door before you enter.,Don Allah ka ƙwanƙwasa ƙofa kafin ka shiga.
Please let me sleep for five more minutes.,Don Allah ɗan bar ni na yi bacci na minti biyar.
Please make up your mind once and for all.,Don Allah ka yanke shawararka ta ƙarshe kawai.
Please move this stone from here to there.,Don Allah matsar da dutsen nan daga nan zuwa can.
Please promise me you won't do that again.,Don Allah ka yi min alƙawarin ba za ka sake yin hakan ba.
Please promise you'll never do that again.,Don Allah ka yi alƙawarin cewa ba za ka sake yin hakan ba.
Please put your waste in the bins outside.,Don Allah ka zuba shararka a cikin kwandon shara da yake waje.
Please tell me how to pronounce this word.,Don Allah faɗa min yadda ake furta wannan kalmar.
Please tell me the answer to the question.,Don Allah faɗa min amsar wannan tambayar.
Please tell me the way to the post office.,Don Allah faɗa min hanyar zuwa gidan waya.
Please wake me up at six tomorrow morning.,Don Allah ka tashe ni da ƙarfe shida gobe da safe.
Plenty of people were waiting for the bus.,Mutane da dama suna jiran motar bas ɗin.
Poverty is still the major cause of crime.,Har yanzu talauci shi ne babban abin da yake jawo laifuka.
President Lincoln accepted the invitation.,Shugaban ƙasa Lincoln ya amshi gayyatar.
Push all the desks back against the walls.,Ka tura dukkanin teburan zaman jikin bango.
Put it someplace where no one will see it.,Ka ajiye a wurin da babu wanda zai gan shi.
Quakers believe that all people are equal.,Quakers sun yi imani da cewa mutane dukkaninsu daidai su ke.
Reckless driving will lead to an accident.,Tuƙin ganganci yana janyo hatsari.
Remember that we are all in the same boat.,Ka tuna da cewa dukkaninmu jirgi ɗaya ya kwaso mu.
Rutherford Hayes was born in Ohio in 1822.,An haifi Rutherford Hayes an Ohio a shekarar 1822.
Several American presidents were murdered.,An kashe shugabannin Amurka da dama.
Shakespeare was a contemporary of Marlowe.,Shakespeare ya rayu da Marlowe zamani ɗaya.
She acted as if she knew nothing about it.,Ta nuna kamar ba ta san komai a kan hakan ba.
She asked me how long ago my parents died.,Ta tambaye ni tun yaushe iyayena suka rasu.
She bought a hair brush and a tooth brush.,Ta siyo matajin kai da burushin goge baki.
She bought a handkerchief for ten dollars.,Ta siyo hankici a dala goma.
She called to tell him that she'd be late.,Ta kirawo don ta shaida masa cewa za ta makara.
She couldn't convince him to ride a horse.,Ta kasa gamsar da shi a kan ya hau doki.
She deliberately ignored me on the street.,Tana sane ta yi banza da ni a kan titi.
She depends on her husband for everything.,Ta dogara da mijinta a kan komai.
She didn't even try to do the right thing.,Ba ta ma yi ƙoƙarin yin abin da ya dace ba.
She didn't show up at the party yesterday.,Ba ta zo wajen bikin murnar ba jiya.
She doesn't know what she's talking about.,Ba ta san me take faɗa ba.
She explained the reason why she was late.,Ta yi bayanin dalilin da ya sa ta makara.
She got a master's degree three years ago.,Ta yi digirinta na biyu shekaru uku da suka gabata.
She got married against her father's will.,Ta yi aure ba bisa wasiyyar mahaifinta ba.
She had good reason to file for a divorce.,Tana da dalili mai ƙarfi na neman saki.
She has a tattoo of a lizard on her thigh.,Tana da shashshawar ƙadangare a kan cinyarta.
She has an extraordinary ability in music.,Tana da ƙwarewa ta musamman a ɓangaren kiɗa.
She has grown into a beautiful young lady.,Ta girma ta zama kyakkyawar budurwa.
"She is attractive, but she talks too much.","Tana da ɗaukar hankali, amma ta fiya surutu."
She is busy preparing for the examination.,Ta mayar da hankalinta gabaɗaya kan shirin jarrabawa.
She is not as beautiful as she was before.,Kyawunta na yanzu bai kai na da ba.
She is not less beautiful than her sister.,Ƙanwarta ba ta fi ta kyau ba.
She is responsible for this broken window.,Ita ce ke da alhakin wannan tagar da ta fashe.
She is very good at imitating her teacher.,Ta ƙware wajen kwaikwayon malaminta.
She is well known in both India and China.,Ita sananniya ce sosai a ƙasar Sin da kuma Indiya.
She keeps a record of everything she buys.,Tana adana bayanan dukkanin abin da ta siya.
She knows a lot about the latest fashions.,Ta san abubuwa da dama dangane da samfuran ɗinkin tufafi.
She looked as if she hadn't eaten in days.,Ta zama kamar wacce ta yi kwanaki ba ta ci abinci ba.
She looked as though she had seen a ghost.,Ta zama kamar irin wacce ta ga fatalwa.
She looks pretty no matter what she wears.,Ko me ta saka yana yi mata kyau.
She lost her memory in a traffic accident.,Ta manta komai a wani haɗarin mota.
She loves the child as if it were her own.,Tana son yaron kamar ka ce ɗanta ne.
She made up for lost time by working hard.,Ta maye gurbin lokacin da ta ɓata ta hanyar aiki tuƙuru.
She managed to carry all the bags herself.,Ta ɗauki jakankunan da kanta.
She may have left her car key in her room.,Wataƙila ma ta bar mukullin motarta a ɗakinta.
She must have known that she had a cancer.,Dole ma ta san cewa tana da cutar daji.
She must have visited England last summer.,Tabbas ta kai ziyara Ingila a bazarar da ta gabata.
She never dreamed she'd meet him overseas.,Ba ta taɓa tunanin za ta haɗu da shi a ƙasar waje ba.
She published the book at her own expense.,Ta wallafa littafin da kuɗinta.
She selected a hat to match her new dress.,Ta zaɓi malafar da ta dace da tufafinta.
She smiled and accepted my little present.,Ta yi murmushi ta karɓi 'yar kyautar tawa.
She sometimes has her mother cut her hair.,Wani lokacin mahaifiyarta ce take yi mata aski.
She soon adjusted herself to village life.,Kwanan nan ta saita rayuwarta zuwa irin ta ƙauye.
She stayed at home all day long yesterday.,Jiya gaba ɗaya a gida ta zauna.
She told the story with tears in her eyes.,Ta ba da labarin yayin da idanunta ke cike da hawaye.
She wanted to get away from everyday life.,So take ta huta da ayyukan yau da kullum.
She was advised by him to be more careful.,Shi ne ya ba ta shawarar cewa ta kula sosai.
She was advised by him to give up smoking.,Shi ne ya ba ta shawarar cewa ta daina shan taba.
She was asked to help him paint the house.,An roƙe ta da ta taimaka masa wajen fentin gidan.
"She was born at six a.m. on July 17, 1990.","An haife ta da misalin ƙarfe shida na safe a ranar 17 ga watan Yuli, shekarar 1990."
She was born in a remote village in Nepal.,An haife ta a wani ƙaramin ƙauye a ƙasar Nepal.
She was carrying a basket full of flowers.,Tana ɗauke da kwando wanda yake cike da fulawoyi.
She was late because of the heavy traffic.,Ta makara sakamakon matsanancin cunkoson ababen hawa.
She was so angry that she could not speak.,Ta ji takaici sosai saboda ba za ta iya magana ba.
She was so scared that she couldn't speak.,Ta ji tsorata sosai saboda ba za ta iya magana ba.
She was surprised when she heard the news.,Ta yi mamaki lokacin da ta ji labarin.
She was the only one to survive the crash.,Ita ce kaɗai ta tsira a haɗarin motar.
She was very beautiful when she was young.,Tana da kyau sosai lokacin da take ƙarama.
She went into the room and lay on the bed.,Ta shige cikin ɗakin sai ta kwanta a kan gado.
She won first prize in the speech contest.,Ita ce ta ci kyauta ta ɗaya a gasar jawabai.
She wondered where she had lost her purse.,Tana mamakin inda jakarta ta ɓata.
She's been learning German for a year now.,Tana koyon Jamusanci tsawon shekara ɗaya kenan yanzu.
She's too young to get a driver's license.,Ta yi ƙanƙanta ta samu lasisin tuƙi.
Shouldn't you be at home with your mother?,Shin bai kamata a ce yanzu kana gida da mahaifiyarka ba?
Shun will take over my job while I'm away.,Shun zai ci gaba da aikina idan ba na nan.
"Since I had a cold, I didn't go to school.","Da yake ina mura, ban je makaranta ba."
"Since it was Sunday, the store was closed.","Tun da yau Lahadi ce, kantin a rufe yake."
"Since the sun had set, we all headed home.","Tun da rana ta faɗi, sai dukkan mu muka tafi gida."
Since when do you care what anyone thinks?,Tun yaushe kake damuwa da abin da kowa yake tunani?
Singapore looks very nice in this picture.,Singapore ta yi kyau sosai a wannan hoton.
Six families live in this apartment house.,Iyalai shida ne suke zaune a wannan gidan benen.
Smoking is the major cause of lung cancer.,Shan taba shi ne babban abin da yake janyo kansar hunhu.
"So, what did you want to talk to me about?",To maganar me kake son ka yi min?
Some Americans joined the Communist Party.,Wasu Amurkawa sun shiga jam'iyyar Communist Party.
Some believe that seven is a lucky number.,Wasu sun yi imani da cewa lamba bakwai lamba ce ta sa'a.
Some fish are able to change their gender.,Wasu kifayen suna iya canja jinsinsu.
Some of the apples in the box were rotten.,Wasu daga cikin aful da ke cikin kwalin sun ruɓe.
Some of the students were late for school.,Wasu daga cikin ɗaliban sun makara a makaranta.
"Some people like cats, others prefer dogs.","Wasu mutanen sun fi son mage, wasu kuma sun fi son kare."
Some prisoners have escaped from the jail.,Wasu daga cikin fursunonin sun tsere daga kurkuku.
Someday I will buy a cotton candy machine.,Watarana zan siyi injin alawar swit kamfo.
Something green and slimy was on the rock.,Wani koren siririn abu yana kan dutsen.
Something still seems to be bothering Ali?.,Kamar dai har yanzu dai wani abin yana damun Ali.
Sometimes a dog can be a dangerous animal.,Wani lokacin kare zai iya zama dabba mai hatsari.
Space travel was thought to be impossible.,An yi zaton cewa tafiya zuwa sararin samaniya abu ne da ba zai yiwu ba.
Speaking English is very difficult for me.,Yin magana da turanci yana ba ni wahala.
Stand up straight when I'm talking to you!,Ka tsaya ƙyam idan ina yi maka magana!
Stop pretending you don't know the answer.,Ka daina nuna kamar ba ka san amsar ba.
"Strictly speaking, the earth is not round.","Magana ta gaskiya, ƙasa ba zagayayyiya ba ce."
Switch on the light. I can't see anything.,Ka kunna fitilar. Ba na iya ganin komai.
Taiwanese food is milder than Indian food.,Abincin 'yan ƙasar Taiwan bai kai na 'yan Indiya yaji ba.
Take care not to turn the box upside down.,Kula kar ka juya akwatun kai da gindi.
"Take your passport with you, just in case.","Ka ɗauki fasfo ɗinka, ko da wani abu zai taso."
Taking moderate exercise will do you good.,Motsa jiki na tsaka-tsaki zai taimaka maka.
Tell Ali I want to talk to him right away.,Ka faɗa wa Ali cewa ina son magana da shi yanzu-yanzu.
"Ten minutes later, our car ran out of gas.","Bayan minti goma, sai gas ɗin motarmu ya ƙare."
Texas is almost twice the size of Germany.,Birnin Texas ya yi kusan biyun girman ƙasar Jamus.
Thai is the official language in Thailand.,Thai shi ne yaren da ke yi a ƙasar Thailand a hukumance.
Thai is the official language of Thailand.,Thai shi ne yaren ƙasar Thailand a hukumance.
Thank you for coming on such short notice.,Na gode maka bisa zuwa da ka yi duk da an gayyace ka a ƙararren lokaci.
Thank you for setting the record straight.,Na gode maka da ka gyara maganarka.
Thank you for the present you gave my son.,Na gode maka bisa kyautar da ka ba wa ɗana
Thank you in advance for your cooperation.,Na gode maka bisa haɗin kai da ka bayar.
Thank you very much for all you have done.,Na gode maka sosai bisa dukkanin abubuwan da ka yi.
"That being the case, he had little to say.","Wannan shi ne, ba shi da abin faɗi."
That cut on your arm looks pretty serious.,Wannan yankan na hannunka ya yi muni sosai.
That doesn't mean that I'll stop doing it.,Hakan ba yana nufin zan daina aikatawa ba.
That is mine. I don't know where yours is.,"Wannan nawa ne, ban san inda naka yake ba."
That is the girl whose father is a doctor.,Waccan ce yarinyar da mahaifinta likita ne.
That sounds a lot easier to do than it is.,Wannan ya fi sauƙi a baki fiye da a aikace.
That store sells newspapers and magazines.,Wancan kantin suna siyar da jaridu da mujallu.
That street was very noisy during the day.,Wancan titin yana da hayaniya da rana.
That trio has already put out five albums.,Su ukun har sun fitar da album biyar.
That was a good joke. Tell us another one.,"Wannan kakaci ne mai daɗi, sake faɗa mana wani."
That was a terrible thing you said to Ali?.,Wannan mummunar maganar ka faɗa wa Ali?
That'll just have to wait until next week.,Dole hakan ya jira har zuwa mako mai zuwa.
"That's all you're interested in, isn't it?","Shi ke nan abin da kake da sha'awa, ko ba haka ba?"
That's an interesting-looking salt shaker.,Wannan mai zuba gishirin ya ƙayatar sosai.
That's the guy I saw steal Mary's handbag.,Wancan shi ne mutumin da na ga ya saci jakar hannu ta Mary.
That's the stupidest thing I've ever said.,Wannan ita ce magana mafi wauta da na taɓa faɗa.
That's the ugliest snowman I've ever seen.,Wannan shi ne mafi munin mutumin ƙanƙara da na taɓa gani.
That's what I wanted to talk to you about.,Wannan shi ne abin da nake son yi maka magan a kai.
The American economy suffered a recession.,Tattalin arziƙin ƙasar Amurka ya shiga zaizaya.
The Catholic Church is opposed to divorce.,Cocin Katolikar ba ta goyon bayan sakin.
The Japanese eat rice at least once a day.,Yan ƙasar Japan suna cin shinkafa aƙalla sau ɗaya a rana.
The Japanese economy grew by 4% last year.,Tattalin arziƙin ƙasar Japan ya ƙaru da kaso 4 cikin ɗari a shekarar da ta gabata. 
The Republican candidate won the election.,Ɗan takarar jam'iyyar Republican ya lashe zaɓe.
The Rhine runs between France and Germany.,Kogin Rhine ya bi tsakanin ƙasar Faransa da Jamus.
The United States is made up of 50 states.,Ƙasar Amurka na da jihohi guda 50.
The accident happened before my very eyes.,Hatsarin a kan idona ya faru.
The accident is still vivid in his memory.,Hatsarin yana nan ras a cikin ƙwaƙwalwarsa.
The actress always wears expensive jewels.,Yar wasan kwaikwayon tana sanya kayan ƙawa masu tsada a kodayaushe.
The airport was closed because of the fog.,An rufe filin sauka da tashin jirgen saboda hazo.
The apple does not fall far from the tree.,Tufar ba ta faɗo a nesa da bishiyar ba.
The apple trees blossomed early this year.,Bishiyoyin tufa sun yi fure da wuri a farkon wannan shekarar.
The audience consisted mainly of students.,Yawancin masu sauraren ɗalibai ne.
The beaches are less crowded in September.,Bakin tekuna suna kasancewa babu mutane sosai a watan Satumba.
The beer foamed over the top of the glass.,Giyar ta yi kumfa har saman kofin gilashin.
The book you're looking for is on my desk.,Littafin da kake nema yana kan teburina.
The boy cannot keep quiet for ten minutes.,Yaron ba zai iya yin shiru ba na minti goma.
The boys are still playing in the sandbox.,Har yanzu yaran na yin wasa a kan yashi.
The burglar pointed his gun at the victim.,Ɗan fashin ya nuna wanda abin ya ritsa da shi da bindigarsa.
The bus drivers are going on strike today.,Yau direbobin motar bas za su shiga yajin aiki.
The car stopped in the middle of the road.,Motar ta tsaya a tsakiyar hanya.
The car turned over and burst into flames.,Motar ta wuntsula ta kama da wuta.
The cat was not buried alive. He survived.,Ba a binne magen da ranta ba. Ya tsira da rai.
The cat was scared by an unfamiliar noise.,Magen ta tsorata ne da wata baƙon sauti.
The cherry blossoms are at their best now.,Yanzu ne bishiyar cherry ta ke yin fure mafi kyau.
The child offered a flower to the visitor.,Yaron ya ba wa baƙon fure.
The children are going to the beach today.,Yaran suna tafiya zuwa bakin teku a yau.
The children were playing in the backyard.,Yaran suna yin wasa a bayan gida.
The city supplied the needy with blankets.,Birnin ya samar wa da mabuƙata barguna.
The clock stopped. It needs a new battery.,"Agogon ya tsaya, yana buƙatar sabon batiri."
The company has changed hands three times.,Kamfanin ya samu canjin mamallaka har sau uku.
The company manufactures electrical goods.,Kamfanin yana ƙera kayayyakin wutar lantarki.
The company was in the red and went under.,Kamfanin ya samu karaya sai kuma ya rushe.
The concert came to an end at ten o'clock.,An gama taron ƙaɗe-kaɗen da ƙarfe goma daidai.
The conference was not a complete success.,Ba a cimma cikakkiyar nasara a taron ba.
The continent is abundant in fossil fuels.,Nahiyar tana da ma'adanai masu samar da lantarki sosai.
The conversation moved on to other topics.,Tattaunawar ta tsallaka zuwa sauran wasu batutuwa.
The cowboys rounded up the herd of cattle.,Makiyayan sun tattare garken shanun.
The difference in their ages is six years.,Bambancin shekarunsu shekara shida ne.
The doctor advised him to give up smoking.,Likitan ya ba shi shawarar ya daina shan taba.
The doctor advised me not to eat too much.,Likitan ya ba ni shawarar cewa kar na dinga cin abinci da yawa.
"The dog ate the fish, bones, tail and all.","Karen ya cinye kifin, kasusuwa, jela da komai."
The dogs barked furiously at the intruder.,Karnukan sun yi haushi a fusace ga masu kutsen.
The eel I caught last week is still alive.,Kifin eel da na kama makon da ya gabata har yanzu yana raye.
The election results were extremely close.,Sakamakon zaɓen ya yi matuƙar kusa sosai.
The events unfolded just as she predicted.,Abubuwan sun faru kamar yadda ta yi hasashe.
The exact date of Jesus' birth is unknown.,Ba a san haƙiƙanin ranar haihuwar Yesu ba.
The explorers ventured inside the caverns.,Masu binciken sun shiga cikin kogon.
The faucet in the bathroom's out of order.,Famfon cikin baɗakin ya lalace.
The fence will be painted by Ali tomorrow.,Ali ne zai yi wa katangar fenti gobe.
The firemen rushed into the burning house.,Masu aikin kashe gobarar sun yi sauri sun shiga gidan da yake ci da wuta.
The first step is the most important step.,Matakin farko shi ne mafi muhimmanci a cikin matakai.
The foreigner didn't know Japanese at all.,Baƙon bai iya Jafananci ba ko kaɗan.
The forest contains many different plants.,Dajin ya ƙunshi tsirrai daban-daban.
The future of mankind rests in your hands.,Makomar goben 'yan adam tana hannunka.
The game starts at two tomorrow afternoon.,Za a fara wasan gobe da misalin ƙarfe biyu na rana.
The garden can't be seen from the outside.,Ba a iya hango lambun daga waje.
The garden was covered with fallen leaves.,Ganyaye masu saukowa sun lulluɓe lambun.
The girl dressed in white is his fiancée.,"Yarinyar da ta sanya farin tufafi ita ce wacce zai aura
"
The girl had a long scarf around her neck.,Yarinya tana sanye da dogon mayafi a wuyanta.
The girl had no one to turn to for advice.,Yarinyar ba ta da wanda za ta je wajensa ya ba ta shawara.
The girl playing the piano is my daughter.,Yarinyar da take buga piano 'yata ce.
The girl who works at that bakery is cute.,Yarinyar da take aiki a wancan gidan biredin kyakkyawa ce.
The good news is that we don't have to go.,Labari mai daɗin kuma shi ne ba sai mun je ba.
The government tends to control the media.,Gwamnati tana yin ƙoƙarin sanya iyakoki ga kafafen watsa labarai.
The human brain weighs about three pounds.,Nauyin ƙwaƙwalwar ɗan Adam ya kusan kai fan uku.
The impact of science on society is great.,Tasirin kimiyya ga al'umma babba ne.
The injured were transported by ambulance.,An ɗauki waɗanda suka samu raunukan a motar asibiti.
The instant I saw him I knew he was angry.,A lokacin da na kalle shi na san ya yi fushi.
The jet plane had 500 passengers on board.,Jirgin saman yana da fasinjoji guda 500 da suka hau.
The kitchen sink was full of dirty dishes.,Wurin wanke-wanken kicin ɗin ya cika da ƙanzon abinci.
The lack of money is the root of all evil.,Rashin kuɗi shi ne tushen duk wani laifi.
The leaves of the trees began to turn red.,Ganyayen bishiyar sun fara komawa ja.
The library will issue you a library card.,Jami'an ɗakin karatun za su yi maka katin shiga ɗakin karatun.
The lion opened its huge mouth and roared.,Zakin ya buɗe ƙaton bakinsa ya yi gunji.
The mail is delayed because of the strike.,Saƙon ya yi jinkiri saboda yajin aikin.
The mailman comes around every three days.,Me aiki a gidan wayar yana zuwa duk kwana uku.
The man and the woman are eating outdoors.,Mace da namijin suna cin abinci a waje.
The man raised his hand to ask a question.,Mutumin ya ɗaga hannunsa don ya yi tambaya.
The man reading a newspaper is his father.,Mutumin da yake karanta jarida shi ne mahaifinsa.
The man said he was innocent of the crime.,Mutumin ya ce ba shi da hannu wajen aikata laifin.
The man suddenly started shooting his gun.,Mutumin ya fara harba bindigarsa ba zamto ba tsammani.
The market was flooded with foreign goods.,Kasuwar ta cika da kayayyakin ƙasashen waje.
The meaning of this sentence is ambiguous.,Ma'anar wannan jimlar ba ta fita ba.
The meeting continued late into the night.,An cigaba da yin taron a makare har cikin dare.
The meeting was put off until next Friday.,An dakatar da taron har sai Juma'a mai zuwa.
"The moment she saw me, she began laughing.","Tana hango ni, sai ta fara dariya."
"The more she talked, the more bored I got.","Tana ƙara yawaita magana, ina ƙara ƙosawa."
The mother lay beside her baby on the bed.,Uwar ta kwanta a kusa da jaririyarta a kan gado.
The movie was so sad that everybody cried.,Fim ɗin yana da ban haushi ta yadda kowa sai da ya yi kuka.
The music carried me back to my childhood.,Kiɗan ya tuna min lokacin yarintata.
The mystery of her death was never solved.,Ba a warware sirrin mutuwarta ba sam.
The news caused him to explode with anger.,Labarin ya sanya shi ya kamu da fushi.
The news of her arrival excited the crowd.,Labarin isowarta ya burge taron jama'ar.
The news soon spread all over the village.,Labarin ya yaɗu a bakiɗayan ƙauyen cikin sauri.
The number of working women is increasing.,Adadin mata da suke yin aiki yana ƙaruwa.
The old farmer did not pay him much money.,Tsohon manomin mai biya shi kuɗi masu yawa ba.
The old lady is still counting her change.,Har yanzu dattijuwar tana ƙirga canjinta.
The only language Ali can speak is French.,Yaren da Ali ya iya kaɗai shi ne Faransanci.
The only thing you need to do is go there.,Abin da kaɗai kake buƙatar yi shi ne ka je can.
The opening ceremony took place yesterday.,An gudanar da bikin buɗewar jiya.
The papers that were in the safe are gone.,Takardun da ke cikin ma'ajiyar sun ɓata.
The parents succeeded in calming him down.,Iyayen sun yi nasarar kwantar masa da hankali.
The party was all but over when I arrived.,Bikin ya kusa ƙarewa lokacin da na isa.
The party won't start until Ali gets here.,Ba za a fara bikin murnar ba har sai Ali ya isa wajen.
The patient fainted at the sight of blood.,Mara lafiyar yana ganin jini ya suma.
The pickpocket disappeared into the crowd.,Ɗan sanen ya ɓata a cikin taron jama'ar.
The picnic was called off because of rain.,An dakatar da fikinik ɗin saboda ruwan sama.
The place is worth visiting at least once.,Wurin ya cancanci a ziyarce shi ko da sau ɗaya ne.
The place where he lives is far from town.,Wurin da yake zaune ya yi nesa da gari.
The plane took off at exactly ten o'clock.,Jirgin ya tashi da misalin ƙarfe goma daidai.
The plants suffered damage from the frost.,Shukokin sun lalace sakamakon sanyi.
The plants were damaged by the late frost.,Shukokin sun lalace sakamakon sanyin baya-bayan nan.
The poem's rhyme scheme is highly complex.,Tsarin zubin waƙar yana da rikitarwa sosai.
The point is whether she will come or not.,Abin dubawa shi ne ko za ta zo ko kuma a'a.
The police arrested the suspect yesterday.,Yan sandan sun kama wanda ake zargi jiya.
The police searched for the missing child.,Yan sandan sun yi bincike na yaron da ya ɓata.
The police threatened to send her to jail.,Yan sandan sun yi barazanar aika ta kurkuku.
The police were able to find the criminal.,Yan sandan sun yi nasarar gano mai laifin.
The policeman took the knife from the boy.,Ɗan sandan ya karɓe wuƙar daga wajen yaron.
The population of this city has decreased.,Adadin mutanen wannan birnin ya ragu.
The president laughed in spite of himself.,Shugaban ƙasar ya yi dariya ba don son ransa ba.
The president's death caused great sorrow.,Mutuwar shugaban ƙasar ta janyo babbar damuwa.
The prisoner was pardoned by the governor.,Gwamnan ya yafe wa wanda aka ɗaure a kurkukun.
The problem is in that it's too expensive.,Matsalar shi ne ya yi tsada sosai.
The problem is we don't have enough money.,Matsalar shi ne ba mu da isassun kuɗaɗe.
The problem is we don't know where Ali is.,Matsalar shi ne ba mu san inda Ali yake ba.
The proof of the pudding is in the eating.,Yi a aikace ya fi yawan surutu.
The protesters demanded government reform.,Masu zanga-zangar sun buƙaci garanbawul na gwamnati.
The protesters threw stones at the police.,Masu zanga-zangar sun jefi 'yan sanda da duwatsu.
The province is rich in mineral resources.,Lardin yana da arziƙin ma'adanan ƙasa.
The provisions ran out after a short time.,Kayan amfanin sun ƙare bayan gajeren lokaci.
The question is how he will get the money.,Tambayar shi ne yaya za mu samu kuɗin.
The radio announcer had a masculine voice.,Me sanarwa a gidan rediyon na da muryar maza.
The rapid growth of the city surprised us.,Haɓakar birnin cikin ƙanƙanin lokaci ya ba mu mamaki.
The reign of Philip II lasted forty years.,Mulkin Philip na 2 ya ɗauki shekaru arba'in.
The result of the poll will be known soon.,Za a sanar da sakamakon ƙuri'un da aka kaɗa nan ba da jimawa ba.
The river's on the other side of the hill.,Kogin yana ɗaya ɓangaren na tsaunin.
The runners poured water over their heads.,Masu yin tseren sun zuba ruwa a kansu.
The satellite is in orbit around the moon.,Tauraron ɗan Adam ɗin yana kan da'ira kewaye da wata.
The scandal hurt the company's reputation.,Almundahanar ta ɓata wa kamfanin suna.
The scariest thing in life is uncertainty.,Abin da ya fi komai ban tsoro a rayuwa shi ne rashin tabbas.
The scenery around here is very beautiful.,Yanayin wannan wajen ya yi kyau sosai.
The senselessness of the act appalled him.,Rashin hankalin da aka yi na abin da aka aikata ya razana shi.
The skin is the largest organ of the body.,Fata ita ce ɓangare na jiki mafi girma.
The skirt didn't fit so I had to alter it.,"Sket ɗin bai yi daidai ba, saboda haka sai na canja shi."
The smoke alarm has never been maintained.,Ba a taɓa kulawa da na'urar tashin hayaƙin ba.
The soldiers were told never to surrender.,An shaida wa sojan cewa kada ya miƙa wuya.
The sole survivor of the crash was a baby.,Wanda ya tsira daga hatsarin kaɗai jariri ne.
The sound is coming from inside the house.,Sautin yana fitowa ne daga cikin gidan.
The spinning top skidded across the floor.,Katantanwar ta zame a kan ƙasa.
The stable is right behind the farm house.,Ginin yana saitin gidan gonar.
The station is three miles away from here.,Mil uku ne daga nan zuwa tashar.
The sun goes down by 4 p.m. in the winter.,A lokacin sanyi rana tana faɗuwa da misalin ƙarfe huɗu na yamma.
The supermarket didn't have what I wanted.,Kantin ba su da abin da nake buƙata.
The surface of the object is fairly rough.,Jikin abin yana da kaushi kaɗan.
The surviving refugees longed for freedom.,Yan gudun hijirar da suka tsira suna mararin samun 'yanci.
The tanker has only a small crew on board.,Motar tankar tana da ma'aikata 'yan kaɗan a cikinta.
The teacher answers every question we ask.,Malamin yana amsa duk tambayar da muka yi masa.
The teacher asked me a difficult question.,Malamin ya yi mini tambaya mai tsauri.
The teacher cannot have said such a thing.,Bai kamata malami ya faɗi irin wannan maganar ba.
The teacher scolded his students severely.,Malamin ya yi wa ɗalibansa faɗa mai tsanani.
The teacher was disappointed at my answer.,Malamin bai ji daɗin amsata ba.
The teacher went on talking for two hours.,Malamin ya ci gaba da yin magana tsawon sa'a biyu.
The telephone is a means of communication.,Tarho hanya ce ta sadarwa.
The telephone is essential to modern life.,Tarho abu ne mai muhimmanci a rayuwar zamani.
"The telephone was just ringing, wasn't it?","Wayar tarhon tana bugawa, ko ba haka ba ne?"
The temperature rose every day for a week.,Yanayin zafin yana ƙaruwa a koda yaushe tsawon sati.
The theme park was closed down last month.,An rufe wurin shaƙatawar wasannnin tun watan da ya gabata.
The thief fled without leaving any traces.,Ɓarawon ya gudu ba tare da barin wata alama ba.
The top of Mt. Fuji was covered with snow.,Dusar ƙanƙara ta rufe saman tsaunin Mt Fuji.
The town is two miles away from the coast.,Mil biyu ne daga bakin ruwan zuwa garin.
The traffic crept along at a snail's pace.,Cunkoson ababen hawan na tafiyar hawainiya.
The train arrived ten minutes behind time.,Jirgin ƙasan ya zo bayan minti goma daga lokacin da ya kamata ya zo.
The train was late because of an accident.,Jirgin ƙasan ya makara ne sakamakon hatsari.
The trouble is that we are short of money.,Matsalar shi ne kuɗi sun mana ƙaranci.
The truth of the matter is dawning on him.,Gaskiyar lamarin tana bayyana a gare shi.
The two stamp collectors arranged a trade.,Masu karɓar takardun shaidar su biyu sun shirya musanya.
The typhoon moved in a westerly direction.,Guguwar ta nufi ɓangaren yamma.
The vampire movie filled them with terror.,Fim ɗin masu shan jinin ya kiɗima su.
The waste of time and money is incredible.,Ɓata kuɗi da lokacin abin mamaki ne.
The water polo team practices at 5:30 a.m.,Ƙungiyar wasan polo na ruwan suna yin atisaye da misalin ƙarfe 5:30 na safe.
"The way I see it, we've got three options.","A yadda na kalli abin, muna da zaɓi uku."
The weather changes very often in England.,Yanayi yana saurin canjawa a Ingila.
The weather today is worse than yesterday.,Yanayin yau ya fi na jiya muni.
The wedding is going to be quite an event.,Bikin auren zai zama gagarumin biki.
The whole village came out to welcome him.,Duka mutanen ƙauyen sun fito don su tarbe shi.
The wounded woman was a Brazilian tourist.,Matar da ta ji rauni 'yar yawon buɗe ido ce ta ƙasar Barazil.
The young lady carried a child in her arm.,Matashiyar budurwar ta ɗauki yaron a kafaɗarta.
Their house is just opposite the bus stop.,Gidansu yana kallon tashar tsayawar motocin bas ɗin.
Their offer to buy the house was rejected.,An ƙi amincewa da tayinsu na siyan gidan.
Their voices sound similar over the phone.,Muryoyinsu na yin kama ta cikin waya.
There are a lot of tall trees in the park.,Akwai bishiyu da dama a wurin shaƙatawar.
There are cases where honesty doesn't pay.,Akwai lokutan da gaskiya ba ta biya.
There are frequently earthquakes in Japan.,Ana samun girgizar ƙasa da yawa a ƙasar Japan.
There are many good restaurants in Boston.,Akwai gidajen abinci masu kyau da dama a Boston.
There are many medieval castles in Europe.,Akwai manyan gidajen sarauta na zamanin da a Turai.
There are many ways to improve one's life.,Akwai hanyoyi da dama da mutum zai haɓaka kansa.
There are only two seasons in the tropics.,Yanayi biyu kawai ake yi a yanki mai zafi.
There are only two ways out of this house.,Hanya biyu ce kaɗai ta fita daga gidan nan.
There are sentences which everybody knows.,Akwai jimlolin da kowa ya san su.
There are still people who are illiterate.,Har yanzu akwai mutane marasa ilimi.
There is a big stack of mail on the table.,Akwai tarin wasiƙu a kan teburi.
There is a book about dancing on the desk.,Akwai littafi wanda ke magana a kan rawa a kan teburi.
There is a bookstore in front of my house.,Akwai shagon saida littattafai a gaban gidana.
There is a good market for these articles.,Waɗannan kayayyakin suna da kasuwa mai kyau.
There is a little milk left in the bottle.,Madara kaɗan ce ta rage a cikin kwalbar.
There is a marked difference between them.,Akwai bambanci mai girma a tsakaninsu.
There is little hope that he will recover.,Akwai sa rai kaɗan cewa zai warke.
There is something about him I don't like.,Akwai wani abu dangane da shi da ba na so.
There must be another way we can help Ali?.,Shin dole akwai wata hanyar da za mu iya taimakon Ali?
There seem to be several reasons for that.,Da alamu dai akwai dalilai da dama na yin hakan.
There was a brief break in the discussion.,An samu ɗan gajeren hutu a cikin tattaunawar.
There was a rapid decline in stock prices.,Farashin hannayen jari ya faɗi warwas.
There was gunshot residue on Ali's jacket.,Akwai alamun harbin bindiga a jikin rigar Ali.
There were a lot of people in the stadium.,Akwai mutane da dama a cikin filin wasan.
There were no signs of life on the island.,Babu alamun cewa ana rayuwa a tsibirin.
There were only six people at the meeting.,Mutane shida ne kawai a wajen taron.
There were some students in the classroom.,Akwai wasu ɗaliban a cikin ajin.
There were too many people at the concert.,Akwai mutane da yawa sosai a wajen taron kaɗe-kaɗen.
There were two hundred people in the room.,Mutane ɗari biyu ne a ɗakin.
There will be no school a week from today.,Babu makaranta nan da mako ɗaya daga yau.
There's a big package on the desk for you.,Akwai wani babban fakiti a kan tebur naka ne.
There's a fine line between love and hate.,Akwai bambanci mai girma tsakanin soyayya da ƙiyayya.
There's a possibility that she'll succeed.,Akwai yiwuwar cewa za ta yi nasara.
There's hardly any coffee left in the pot.,Da wahala a samu wani kofi da ya rage a cikin tukunyar.
"There's no harm in being kissed, is there?","Babu wata cutarwa don an sumbace ka, shin akwai?"
There's no point in worrying about it now.,Babu amfanin damuwa da hakan yanzu.
There's nothing Ali hates more than lying.,Babu abin da Ali ya tsana sama da yin ƙarya.
There's nothing physically wrong with Ali?.,Shin a zahiri babu abin da yake damun Ali?
There's one more thing we need to discuss.,Akwai ƙarin abu guda ɗaya da muke buƙatar mu tattauna.
There's something strange about Ali today.,Akwai wani baƙon abu dangane da Ali yau.
There's something wrong with this machine.,Akwai wata matsalar a jikin wannan injin.
These butterflies are rare in our country.,Waɗannan malam buɗa mana littafin tsiraru ne a ƙasarmu.
These chairs are by no means satisfactory.,Babu yadda za a yi ace waɗannan kujerun su gamsar.
These goods are available to members only.,Waɗannan kayayyakin mambobi ne kaɗai za su same su.
These products are selling like hot cakes.,Ana matuƙar yin cinikin waɗannan kayayyakin.
These tools are used for building a house.,Waɗannan abubuwan ana amfani da su wajen gina gida.
These two things are completely unrelated.,Waɗannan abubuwan guda biyu gabaɗaya ba su da alaƙa.
They are matters which we need to discuss.,Su ne al'amuran da muke buƙatar mu tattauna.
They didn't even know what they had found.,Ba su ma san me suka gano ba.
They found gunshot residue on Ali?'s hands.,Sun samu ɓurɓushin harɓin bindiga a hannun Ali.
They furnished the library with new books.,Sun ƙawata ɗakin karatun da sababbin littattafai.
They gave up their plan to climb Mt. Fuji.,Sun haƙura da shirinsu na hawa tsaunin Mt. Fuji.
They get a great deal of snow in Hokkaido.,Suna da dusar ƙanƙara mai yawa a Hokkaido.
They had a high opinion of Dr. Schweitzer.,Suna da kyakkyawan ra'ayi dangane da Dr. Schweitzer.
They have been good neighbors to this day.,Har zuwa yau su maƙwabta ne nagari.
They hurried to the scene of the accident.,Sun yi gaggawa zuwa wajen da hatsarin ya faru.
They lived in a village close to a forest.,Sun zauna a wani ƙauye kusa da wani daji.
They might not notice that Ali isn't here.,Ba lallai su gane cewa Ali ba ya nan ba.
They needed money to pay for the supplies.,Suna buƙtar kuɗi don su biya kuɗin kayayyakin da aka kawo.
They probably saw our ship come into port.,Wataƙila sin ga jirgin ruwanmu ya shigo tashar jirgin.
They robbed the man of all his belongings.,Sun yi wa mutumin fashin duk abin da ya mallaka.
They run a ferry service across the river.,Sun gudanar da sabis na jirgin ruwa a faɗin kogin.
They said inspections should be increased.,Sun faɗi cewa ya kamata a ƙara saka ido.
They say Australia is a wonderful country.,Sun ce ƙasar Ostreliya ƙasa ce mai kyau.
They say everybody gets what they deserve.,Sun ce kowa ya samu abin da ya cancance shi ne.
They say that Ali strangled Mary to death.,Sun faɗi cewa Ali ya shaƙe Mary har ta mutu.
They say that animals aren't able to hate.,Sun faɗi cewa dabbobi ba sa iya yin gaba.
They say the landlord used to be well off.,Sun ce mamallakin gidan a da yana da wadata.
They walked along the street side by side.,Sun yi tafiya a gefen hanya kafaɗa da kafaɗa.
They were playing footsie under the table.,Suna wasan sosa ƙafafu a ƙasan tebur.
They were told to play in the nearby park.,An faɗa musu cewa su yi wasa a wurin shaƙatawa da ke kusa.
They weren't able to discover any secrets.,Ba su iya gano wani sirri ba.
They will be used for making people happy.,Za a yi amfani da su wajen sanya mutane farinciki.
They will have to cut down their expenses.,Dole ne su rage kuɗaɗen da za su kashe.
They're definitely more than just friends.,Haƙiƙa sun wuce a kira su da abokai kawai.
They're having problems with their budget.,Suna da matsala da kasafin kuɗinsu.
They're taking Mary to the emergency room.,Sun tafi da Mary ne ɗakin ba da kulawa ta gaggawa.
This bicycle is mine. Yours is over there.,"Wannan keken nawa ne, naka yana can."
This book contains a lot of short stories.,Wannan littafin yana ƙunshe da gajerun labarai.
This book has gone through eight editions.,An buga wannan littafin har sau takwas.
This book is easy enough for them to read.,Littafin mai sauƙi ne a gare su wajen karantawa.
This book is especially difficult to read.,Wannan littafin yana da wahala musamman wajen karantawa.
This book is too difficult for me to read.,Wannan littafin ya yi tsauri a gare ni sosai wajen karantawa.
This book is too large to go in my pocket.,Wannan littafin ya yi girma sosai ya shiga aljihuna.
This box is light enough for him to carry.,Wannan akwatun mara nauyi ce sosai da zai iya ɗauka.
This building changed hands several times.,Wannan gidan mutane da dama sun mallake shi.
This cake tastes like it has cheese in it.,Wannan kek ɗin yana da ɗanɗano kamar akwai cukwui a ciki.
This church was built in the 12th century.,An gina wannan cocin a ƙarni na 12.
"This city is 1,600 meters above sea level.","Wannan birnin yana da tsayin nisan kilomota 1,600 daga saitin kogi."
This city is not so busy as it used to be.,Wannan birnin ba a hada-hada kamar yadda aka saba a da.
This country is poor in natural resources.,Wannan ƙasar ba ta da arziƙin ma'adanan ƙasa.
This country is rich in natural resources.,Wannan ƙasar tana da arziƙin ma'adanan ƙasa.
This factory manufactures electric stoves.,Wannan masana'antar tana ƙera murhu mai amfani da wutar lantarki.
This game can be played by young children.,Wannan wasan ƙananan yara za su iya yin sa.
This gentleman asks interesting questions.,Wannan mutumin ya yi tambaya mai ƙayatarwa.
This house is very comfortable to live in.,Wannan gidan zai yi daɗin zama.
This is a better house than the other one.,Wannan gidan ya fi wancan.
This is a dress that Mary made by herself.,Wannan shi ne tufafin da Mary ta dinka da kanta.
This is a matter of the utmost importance.,Wannan al'amari ne mai matuƙar muhimmanci.
This is a proverb that I don't understand.,Wannan karin magana ne da ban fahimce shi ba.
This is a story about love and friendship.,Wannan labari ne dangane da soyayya da abokantaka.
This is the best amp currently being sold.,Wannan ce mafi kyawun amfilifaya da ake siyarwa a yanzu.
This is the best book that I've ever read.,Wannan ne mafi kyawun littafin da na taɓa karantawa.
This is the craziest thing I've ever seen.,"Wannan shi ne abu mafi hauka da na taɓa gani.
"
This is the first thing I do each morning.,Wannan shi ne abin da nake fara yi a kowacce safiya.
This is the house where he was brought up.,Wannan ne gidan da ya girma.
This is the least expensive method of all.,Wannan hanyar ita ce ta fi kowacce araha.
This is the same hospital where Ali works.,Wannan dai shi ne asibitin da Ali yake aiki.
This is the temple which we used to visit.,Wannan ne wajen bautar da muke ziyarta.
This is the very book that I want to read.,Wannan shi ne littafin da nake son karantawa.
This is the watch that I bought yesterday.,Wannan shi ne agogon da na siya jiya.
This job will mean moving to another city.,Samun wannan aikin yana nufin sai na koma wani birnin.
This machine is too heavy for me to carry.,Wannan injin ya yi nauyin da ba zan iya ɗauka ba.
This material is not suitable for a dress.,Wannan yadin bai dace wajen ɗinka tufafi ba.
This medicine has no harmful side effects.,Wannan maganin ba shi da illa.
This molecule has a crystalline structure.,Wannan ɗangon ƙwayar zarrar yana da zubin lu'ulu'u.
This pencil is yours. Mine is on the desk.,"Wannan fensir ɗinka ne, nawa yana kan tebur."
This piece of furniture has a fine finish.,Wannan kayan ɗakin an ƙawata shi da kyau.
This problem is difficult for me to solve.,Wannan matsalar mai wahalar warwarewa ce a gare ni.
This problem is too much for me to handle.,Wannan matsalar ta fi ƙarfina.
This restaurant has been here a long time.,Wannan gidan abincin ya daɗe a nan tsawon lokaci.
This river is polluted with factory waste.,An gurɓata ruwan kogin da kwatamin masana'antu.
This rule cannot be applied in every case.,Ba za a iya aiki da wannan dokar a kowanne yanayi ba.
This showy dress isn't appropriate for me.,Wannan tufafin mai ɗaukar hankali bai dace da ni ba.
This sort of thing doesn't usually happen.,Irin wannan abin bai fiya faruwa ba.
This tank has a capacity of thirty liters.,Wannan tankin yana cin lita talatin.
"This tie goes well with the suit, I guess.","Ina ganin, wannan ɗamarar wuyan ta dace da kwat ɗin."
This town gave birth to several great men.,Wannan garin ya haifi manya mutane da dama.
This word's stressed on the last syllable.,Wannan kalmar ana ba ta ƙarfi wajen furtawa ne a gaɓar ƙarshe.
This work can be finished in half an hour.,Za a iya gama wannan aikin a cikin rabin sa'a.
Those animals were in danger of dying out.,Waɗannan dabbobin na cikin haɗarin ɓacewa.
Those books were on display in the window.,Waɗannan littattafan su aka sanya a kan taga don a dinga kallo.
"Though she was tired, she kept on working.","Duk da cewa ta gaji, amma ta ci gaba da aiki."
Thunderstorms are both scary and exciting.,Tsawa tana da tsoratarwa a lokaci guda kuma tana da ban sha'awa.
"Ali? look at him, you'd take him for a girl.","Ali? kalle shi, sai ka yi zaton ma yarinya ce."
"Ali? my relief, he came home safe and sound.","Ali? na ji daɗi, ya dawo gida cikin ƙoshin lafiya."
Ali? what do I owe this unexpected pleasure?,Ali? da me zan biya ka da wannan zuwan bazata.
Tofu can be used as a substitute for meat.,Za a iya yin amfani da awara a madadin nama.
Ali accidentally shot himself in the foot.,Ali ya harbi ƙafarsa a bisa tsautsayi.
Ali actually did what he said he would do.,Haƙiƙa Ali ya aikata abin da ya ce zai aiwatar.
Ali allowed the police to search his home.,Ali ya ba wa 'yansanda damar su bincika gidansa.
Ali almost never complains about anything.,Ali kusan ba ya ƙorafi a kan komai.
Ali and I were both pretty busy yesterday.,Jiya ni da Ali ba mu da lokaci baki ɗaya.
Ali and John pretended they were brothers.,Ali da John sun raya cewa kamar su 'yan uwa ne.
Ali and Mary are discussing the situation.,Ali da Mary suna tattauna al'amarin.
Ali and Mary are playing beach volleyball.,Ali da Mary suna wasan ƙwallon raga ta bakin teku.
Ali and Mary are playing cops and robbers.,Ali da Mary suna wasan 'yan sanda da 'yan fashi.
Ali and Mary are taking a break from work.,Ali da Mary za su ɗauki hutu daga wajen aiki.
Ali and Mary aren't married to each other.,Ali da Mary ba su auri junansu ba.
Ali and Mary ate quietly in the moonlight.,Ali da Mary suna cin abinci a nutse a hasken farin wata.
Ali and Mary both went to the same school.,Ali da Mary dukkanin su sun halarci makaranta ɗaya.
Ali and Mary discovered something amazing.,Ali da Mary sun gano wani abu mai ban mamaki.
Ali and Mary don't exactly see eye to eye.,Ra'ayin Ali da Mary bai zo ɗaya ba.
Ali and Mary don't sleep in the same room.,Ali da Mary ba sa kwana a ɗaki ɗaya.
Ali and Mary drank three pitchers of beer.,Ali da Mary sun sha kofi uku na giya.
Ali and Mary eat lunch together every day.,Ali da Mary suna cin abincin rana tare a kullum.
Ali and Mary enjoy spending time together.,Ali da Mary suna jin daɗin kasancewa tare.
Ali and Mary failed to reach an agreement.,Ali da Mary sun gaza cimma matsaya.
Ali and Mary got married three months ago.,Ali da Mary sun yi aure wata uku da suka gabata.
Ali and Mary had a cup of coffee together.,Ali da Mary suna shan kofi tare.
Ali and Mary hugged and kissed each other.,Ali da Mary suna runguma tare da sumbatar juna.
Ali and Mary kept their marriage a secret.,Ali da Mary sun bar aurensu a sirrance.
Ali and Mary left through different doors.,Ali da Mary sun fita ta ƙofofi daban-daban.
Ali and Mary married when they were young.,Ali da Mary sun yi aure suna da ƙuruciya.
Ali and Mary played Pictionary last night.,Ali da Mary sun yi wasan cankar kalmomi a daren jiya.
Ali and Mary played table tennis together.,Ali da Mary sun yi wasan ƙwallon teburi tare.
Ali and Mary posed for a picture together.,Ali da Mary sun ɗauki hoto tare.
Ali and Mary seem to be so happy together.,Kamar dai Ali da Mary suna cikin farin ciki tare.
Ali and Mary spend a lot of time together.,Ali da Mary suna kasancewa tare na tsawon lokaci.
Ali and Mary started talking at same time.,Ali da Mary suna sun fara magana a lokaci guda.
Ali and Mary tossed a ball back and forth.,Ali da Mary sun jefa ƙwallo gaba da baya.
Ali and Mary walked through the arboretum.,Ali da Mary sun wuce ta cikin lambun bishiyoyi.
Ali and Mary want to know more about John.,Ali da Mary suna son ƙarin bayani dangane da John.
Ali and Mary want to know what's going on.,Ali da Mary suna son su san me yake faruwa.
Ali and Mary went to the beach by bicycle.,Ali da Mary sun tafi bakin teku a keke.
Ali and Mary were having a drink together.,Ali da Mary suna shan ruwa tare.
Ali and Mary were high school sweethearts.,Ali da Mary masoya ne na makarantar gaba da sakandare.
Ali and Mary will get married next spring.,Ali da Mary za su yi aure damina mai zuwa.
Ali and Mary's children like strawberries.,Yayan Ali da Mary suna son strawberrry.
Ali and his brother play on the same team.,Ali da ɗan uwansa suna yin wasa a ƙungiya ɗaya.
Ali and his wife both enjoy playing chess.,Ali da matarsa dukkaninsu na jin daɗin yin wasan dara.
Ali and the other farmers prayed for rain.,Ali da sauran manoma sun yi addu'ar samun ruwan sama.
Ali and the others all burst out laughing.,Ali da sauran mutanen sun kwashe da dariya.
Ali answered the phone as soon as it rang.,Ali ya amsa wayar tana buga ƙararrawa.
Ali applied for a job as a French teacher.,Ali ya nemi aiki a matsayin malamin Faransanci.
Ali asked Mary for something hot to drink.,Ali ya nemi buƙaci Mary ta ba shi wani abu mai zafi ya sha.
Ali asked Mary if he could copy her notes.,Ali ya tambayi Mary ko zai iya kwafar rubutunta.
Ali asked Mary to get him a cup of coffee.,Ali ya buƙaci Mary da ta ba shi kofi ɗaya na kofi.
Ali asked Mary to look after the children.,Ali ya nemi Mary da ta kula da yaran.
Ali asked Mary to provide another example.,Ali ya buƙaci Mary da ta bayar da wani misalin.
Ali asked Mary to take back what she said.,Ali ya buƙaci Mary da ta janye kalamanta.
Ali asked Mary's advice about the problem.,Ali ya nemi shawarar Mary dangane da matsalar.
Ali asked if any of us could speak French.,Ali ya yi tambaya ko wani daga cikin mu zai iya magana da Faransanci.
Ali assumed Mary wouldn't be at the party.,Ali ya sa ran cewa Mary ba za ta je bikin murnar ba.
Ali attributed his success to Mary's help.,Ali ya alaƙanta taimakon da Mary ta yi masa da samun nasararsa.
Ali believed the story that Mary told him.,Ali ya yarda da labarin da Mary ta faɗa masa.
Ali believes Mary made the right decision.,Ali ya amince da cewa Mary ta yanke hukuncin da ya dace.
Ali believes in the existence of the soul.,Ali ya yi imani da cewa rai abu ne da yake wanzuwa.
Ali blamed Mary for the project's failure.,Ali ya ɗora laifin gazawar aikin da aka samu a kan Mary.
Ali bought Mary a fairly expensive camera.,Ali ya siyawa Mary kyamara mai ɗan tsada.
Ali brushed his teeth and washed his face.,Ali ya wanke haƙoransa ya kuma wanke fuskarsa.
Ali called Mary and told her he'd be late.,Ali ya kira Mary ya shaida mata cewa zai makara.
Ali called to tell Mary that he'd be late.,Ali ya kira don ya shaida wa Mary cewa zai makara.
Ali came to my office to ask me for money.,Ali ya zo ofis ɗina don ya tambaye ni kuɗi.
Ali can speak French almost like a native.,Ali zai iya magana da Faransanci kusan kamar ɗan asalin can.
Ali can't do anything without Mary's help.,Ali ba zai iya komai ba ba tare da taimakon Mary ba.
Ali can't reach the book on the top shelf.,Tsayin Ali ba zai kai in da littafi yake a kantar sama ba.
Ali can't remember exactly what Mary said.,Ali ba zai iya tuna abin da Mary ta faɗa kai da kai ba.
Ali caught Mary sneaking out of the house.,Ali ya kama Mary tana sulalewa daga gida.
Ali clearly doesn't want any help from us.,A bayyane yake cewa Ali ba ya buƙatar wani taimako daga gare mu.
Ali closed the door when he left the room.,Ali ya rufe ƙofar lokacin da ya bar ɗakin.
Ali contributed a lot of money to charity.,Ali ya bayar da gudummawar kuɗi da yawa na sadaka.
Ali could've killed you if he'd wanted to.,Da a ce Ali ya so da ya kashe ki.
Ali couldn't find his hometown on the map.,Ali ya kasa gano garinsu a jikin taswirar.
Ali couldn't find what he was looking for.,Ali ya kasa ganin abin da yake nema.
Ali couldn't locate the Danube on the map.,Ali ya kasa ganin wajen da kogin Danube yake.
Ali crawled into bed just before midnight.,Ali ya rarrafa zuwa kan gado daf da tsakar dare.
Ali decided on his own to turn himself in.,Ali ya yanke shawarar miƙa kansa da kansa.
Ali denied that he had accepted the bribe.,Ali ya musanta cewa ya karɓi cin hancin.
Ali didn't find Mary's jokes funny at all.,Kakacin da Mary ta yi bai sanya Ali dariya ba gabaɗaya.
Ali didn't get the job he interviewed for.,Ali bai samu aikin da aka yi masa hirar ɗaukar aiki ba.
Ali didn't have time to finish his report.,Ali bai samu lokacin kammala rahotonsa ba.
Ali didn't know what Mary's last name was.,Ali bai san sunan mahaifin Mary ba.
Ali didn't know where the money came from.,Ali bai san daga ina kuɗin suke ba.
Ali didn't know where to put his umbrella.,Ali bai san inda zai ajiye laimarsa ba.
Ali didn't make it to the station on time.,Ali bai samu zuwa tashar ba a kan lokaci.
Ali didn't notice the surveillance camera.,Ali bai lura da kyamarar sa idon ba.
Ali didn't seem to know what he was doing.,Kamar dai Ali bai san me yake ba.
Ali didn't take many pictures on his trip.,Ali bai ɗauki hotuna da dama ba a tafiyarsa da ya yi.
Ali didn't tell us what we wanted to know.,Ali bai faɗa mana abin da muke son sani ba.
Ali didn't think Mary could fix his watch.,Ali bai yi tunanin Mary za ta iya gyara agogonsa ba.
Ali didn't want Mary to play with his kid.,Ali ba ya son Mary ta yi wasa da ɗansa.
Ali didn't want to disappoint his parents.,Ali ba ya son ya baƙanta wa iyayensa.
Ali didn't want to know about my problems.,Ali ba ya son ya san komai dangane da matsalolina.
Ali disguised himself as a security guard.,Ali ya ɓad da kamarsa a matsayin mai gadi.
Ali doesn't appear to be paying attention.,Kamar dai Ali bai mai da hankali ba.
Ali doesn't drink alcoholic drinks at all.,Ali ba ya shan abubuwan sha masu ɗauke da giya kwata-kwata.
Ali doesn't know a whole lot about racing.,Ali bai san abubuwa da dama ba dangane da tseren mota.
Ali doesn't know anything about computers.,Ali bai san komai ba dangane da na'ura mai ƙwaƙwalwa.
Ali doesn't know exactly where Mary lives.,Ali bai san takamaimai ɗin inda Mary take zaune ba.
Ali doesn't know how to tie his shoelaces.,Ali bai san yadda zai ɗaura igiyar takalminsa ba.
Ali doesn't know what Mary is looking for.,Ali bai san me Mary take nema ba.
Ali doesn't know what Mary's shoe size is.,Ali bai san lambar takalmin Mary ba.
Ali doesn't know when Mary came to Boston.,Ali bai san lokacin da Mary ta zo boston ba.
Ali doesn't know when Mary will come back.,Ali ban lokacin da Mary za ta dawo ba.
Ali doesn't know whether it's true or not.,Ali bai sani ba ko gaskiya ne ko ba haka ba.
Ali doesn't know who painted that picture.,Ali bai san wanda ya fente wancan hoton ba.
Ali doesn't like to be indebted to anyone.,Ali ba ya son cin bashin kowa.
Ali doesn't live with his parents anymore.,Ali ba ya zaune tare da iyayensa kwata-kwata.
Ali doesn't need to be sorry for anything.,Babu buƙatar Ali ya nemi gafarar komai.
Ali doesn't seem to be as busy as Mary is.,Ayyukan da suka yi wa Ali yawa kamar basu kai na Mary ba.
Ali doesn't seem to have made any enemies.,Kamar dai Ali ba shi da abokin gaba ko ɗaya.
Ali doesn't want to play tennis on Sunday.,Ali ba ya son buga ƙwallon tennis ko ɗaya
Ali doesn't want to take on any more work.,Ali ba ya son ya ƙara wasu ayyukan a kansa.
Ali doesn't wear pajamas. He sleeps naked.,"Ali ba ya sanya kayan bacci, tsirara yake kwanciya."
Ali donated his entire fortune to charity.,Ali ya sadaukar da kadararsa gaba ɗaya ga sadaka.
Ali donated three paintings to the museum.,Ali ya sadaukar da zanen fenti guda uku ga gidan tarihin.
Ali drives a bus and Mary is a tour guide.,"Ali yana tuƙa motar bas, Mary kuma mai nuna guraren shaƙatawa ce."
Ali earns his living as a street musician.,Ali yana samun kuɗin rayuwa ne a matsayin makaɗin kan hanya.
Ali embarrassed me in front of my friends.,Ali ya kunyata ni a gaban ƙawayena.
Ali feels that his team will win the game.,Ali yana jin cewa ƙungiyarsa ce za ta yi nasara.
Ali fell down the stairs and hit his head.,Ali ya faɗo daga benen ya buge a kansa.
Ali fell for the oldest trick in the book.,Ali ya faɗa tarkon da ya fi kowanne daɗewa.
Ali fell in love with Mary at first sight.,Ali ya faɗa kogin soyayyar Mary ne a kallon farko.
Ali finally realized that he'd been wrong.,A ƙarshe dai Ali ya gano cewa ya yi kuskure.
Ali forgave Mary for losing all his money.,Ali ya yafewa Mary laifin ɓatar masa da dukkanin kuɗinsa da ta yi.
Ali forgot to bring his textbook to class.,Ali ya manta bai taho da littafin karatunsa aji ba.
Ali found a wallet in the abandoned truck.,Ali ya tsinci walat a wata tsohuwar mota.
Ali found out his dad wasn't his real dad.,Ali ya gano cewa babansa ba shi ne mahaifinsa na haƙiƙa ba.
Ali gave Mary the wrong book deliberately.,Ali ya ba wa Mary littafin da bai dace  ba da gangan.
Ali gave me a very nice Christmas present.,Ali ya ba ni kyautar Kirsimati mai kyau.
Ali gets a kick out of this kind of thing.,Irin wannan abun yana sa Ali farinciki sosai.
Ali goes jogging in every kind of weather.,Ali yana fita tattaki a kowanne irin yanayi.
Ali got his neck broken in a ski accident.,Ali ya karya wuyansa a wani hatsarin wasan ƙanƙara.
Ali got in the car and started the engine.,Ali ya shiga cikin motar ya kunna injin.
Ali got into his car and slammed the door.,Ali ya shiga cikin motarsa ya rufe ƙofa.
Ali got into the car and slammed the door.,Ali ya shiga cikin motar ya rufe ƙofa.
Ali got up and headed toward the backdoor.,Ali ya tashi ya nufi ƙofar baya.
Ali got up to a lot of mischief at school.,Ali ya yi rashin ji irin na ɗalibai sosai a makaranta.
Ali grabbed Mary to keep her from falling.,Ali ya riƙe Mary don kada ta faɗi.
Ali had a confused expression on his face.,Fuskar ali ta nuna yana cikin ruɗani.
Ali had a very important decision to make.,Ali yana da shawara mai matuƙar muhimmanci da zai aiwatar.
Ali had no choice but to grin and bear it.,Ali ba shi da zaɓin da ya wuce ya yi haƙuri ya jure.
Ali had nothing to do with the kidnapping.,Ali ba shi da alaƙa da satar mutane.
Ali had some questions he needed answered.,Akwai wasu tambayoyi da Ali yake buƙatar amsawa.
Ali had trouble explaining what he wanted.,Ali yana da gazawa wajen yin bayanin abin da yake so.
Ali has a craving for chocolate ice cream.,Ali yana sha'awar ayiskirim me cakuleti.
Ali has a sister who likes to play tennis.,Ali yana da 'yar uwa wacce take son yin ƙwallon tennis.
Ali has a tendency to jump to conclusions.,Ali yana da ɗabi'ar saurin yanke hukunci.
Ali has been flirting with Mary all night.,Ali yana ta yin hira da Mary a duk tsawon daren.
Ali has been living alone for a long time.,Ali ya daɗe yana rayuwa shi kaɗai.
Ali has been reading a book all afternoon.,Ali yana ta karanta littafi tsawon yinin.
Ali has been waiting here for a long time.,Ali ya ɗaɗe a nan yana jira.
Ali has decided to keep a diary this year.,Ali ya yanke shawarar rubuta littafin tarihinsa a wannan shekarar.
Ali has gone to Boston on urgent business.,Ali ya tafi Boston bisa wata harkar kasuwanci ta gaggawa.
"Ali has great wealth, but he is not happy.","Ali yana da tarin dukiya, amma ba shi da farinciki."
Ali has had three glasses of wine already.,Tuni Ali ya sha kofi uku na tsimin inibi.
Ali has known Mary for close to ten years.,Ali ya san Mary tun kusan shekaru goma.
Ali has never been in trouble in his life.,Ali bai taɓa shiga rigima ba a rayuwarsa.
Ali has never cut his own children's hair.,Ali bai taɓa yi wa 'ya'yansa aski ba.
Ali has no idea who Mary's grandfather is.,Ali bai san wanene kakan Mary ba.
Ali has promised he won't do that anymore.,Ali ya yi alƙawarin ba zai sake yin hakan ba.
Ali has read Shakespeare's complete works.,Ali ya karance rubuce-rubucen Shakespeare bakiɗaya.
Ali has three million dollars in the bank.,Ali yana da kuɗi dala miliyan uku a banki.
Ali has trouble admitting that he's wrong.,Ali yana da matsala wajen amincewa da cewa ya yi kuskure.
Ali has trouble admitting when he's wrong.,Ali yana da matsala wajen amincewa idan ya yi kuskure.
Ali hasn't done anything to be ashamed of.,Ali bai aikata wani abu na jin kunya ba.
Ali hasn't written to Mary in a long time.,Ali bai rubuta wa Mary wasiƙa ba tsawon lokaci.
Ali hates getting up early in the morning.,Ali ya tsani tashi da safe da wuri.
Ali hates it when people keep him waiting.,Ali ya tsani mutane su bar shi yana jira.
Ali heard the temple bell in the distance.,Ali ya jiyo ƙararrawar wajen bautar daga nesa.
Ali hid the money in his underwear drawer.,Ali ya ɓoye kuɗin a drowar kayansa 'yan ciki.
Ali invited me to go out on his motorboat.,Ali ya gayyace ni mu fita a jirgin ruwansa mai inji.
Ali is able to come to our party tomorrow.,Ali zai samu damar zuwa bikin murnarmu gobe.
Ali is alone in the dining room with Mary.,Ali ne shi kaɗai da Mary a cikin ɗakin cin abincin dare.
Ali is an expert when it comes to cooking.,Ali ƙwararre ne a fannin girki.
Ali is banned from entering this building.,An haramta wa Ali shiga wannan ginin.
Ali is dressed in an inappropriate manner.,Ali ya sanya tufafin da ba su dace ba.
Ali is filling out a job application form.,Ali yana cike takardar neman aiki.
Ali is going to be executed in three days.,Za a zartar wa Ali hukuncin kisa nan da kwana uku.
Ali is going to pick me up at the station.,Ali zai zo ya ɗauke ni a tasha.
Ali is having lunch with the police chief.,Ali yana cin abincin rana da shugaban 'yan sanda.
Ali is in the bathroom brushing his teeth.,Ali yana banɗaki yana wanke haƙoransa.
Ali is just the man I've been looking for.,Ali ne irin mutumin da nake nema.
Ali is kind of tired. He wants to go home.,"Ali ya gaji, yana son tafiya gida."
Ali is looking forward to going to Boston.,Ali yana marmarin tafiya zuwa Boston.
"Ali is lost, but is unwilling to admit it.","Ali ya gaza, amma ba shi da niyyar yarda da hakan."
Ali is obviously very good with his hands.,Ali ya san hannunsa sosai.
Ali is planning to redecorate his bedroom.,Ali yana shirin sake wa ɗakin baccinsa kwalliya.
Ali is planning to study abroad next year.,Ali yana shirin zuwa karatu ƙasar waje shekara mai zuwa.
Ali is probably not very hungry right now.,Wataƙila Ali ba ya jin yunwa sosai yanzu.
Ali is really smart and also kind of cute.,"Ali yana da basira, kuma kyakkyawa ne."
Ali is showing no sings of brain activity.,Ali yana nuna cewa ƙwaƙwalwarsa ba ta aiki.
Ali is sitting under that tree over there.,Ali yana zama a ƙarƙashin waccan bishiyar ta can.
Ali is standing in the corner of the room.,Ali yana tsaye a kusurwar ɗakin.
Ali is the most influential man in Boston.,Ali ne mutum mafi tasiri a Boston.
Ali is the one who showed me how to do it.,Ali ne wanda ya nuna min yadda ake yin sa.
Ali is the one who told me where you live.,Ali ne wanda ya faɗa mini inda kake zaune.
Ali is the only breadwinner in the family.,Ali ne kaɗai wanda ke samar da abinci a dangi.
Ali is the only one here that can do this.,Ali ne kaɗai a nan dai zai iya wannan.
Ali is trying not to get in anybody's way.,Ali yana ƙoƙarin ƙin shiga harkar mutane.
Ali is very interested in learning French.,Ali yana da sha'awar koyon Faransanci.
Ali is very particular about what he eats.,Ali yana da zaɓi na musamman kan abin da yake ci.
Ali isn't Mary's brother. He's her cousin.,"Ali ba ɗan uwan Mary ba ne, ɗan kawunta ne."
Ali isn't content with his present salary.,Ali bai wadatu da albashinsa na yanzu ba.
Ali isn't doing that the way he should be.,Ali ba ya yin hakan yadda ya dace.
Ali isn't strict enough with his students.,Ali ba shi da tsauri sosai a wajen ɗalibansa.
Ali isn't sure whether he locked the door.,Ali ba shi tabbacin cewa ko ya rufe ƙofar.
Ali jotted down something in his notebook.,Ali ya rubuta wani abu a littafin rubutunsa.
Ali kept silent about his crime for years.,Ali ya yi shiru dangane da laifinsa tsawon shekaru.
Ali knew that what he was doing was wrong.,Ali ya san cewa abin da yake yi ba daidai ba ne.
Ali knew where Mary usually went shopping.,Ali ya san yawancin inda Mary take zuwa siyayya.
Ali knows that Mary doesn't like raw eggs.,Ali ya san cewa Mary ba ta son ɗanyen ƙwai.
Ali leaned over the table and kissed Mary.,Ali ya karkata kan tebur ya sumbaci Mary.
Ali learned French while living in Quebec.,Ali ya koyi Faransanci yayin da yake zaune a Quebec.
Ali learned how to swim when he was three.,Ali ya koyi yanda ake iyo lokacin da yake ɗan shekara uku.
Ali let Mary do whatever she wanted to do.,Ali ya bar Mary ta yi duk abin da take so.
Ali likes feeding the pigeons in the park.,Ali yana son ciyar da tattabaru a wajen shaƙatawa.
Ali likes the way Mary makes potato salad.,Ali yana son yanda Mary take haɗa kwaɗon dankali.
Ali likes to eat cold pizza for breakfast.,Ali yana son cin pizza mai sanyi wajen karin kumallo.
Ali likes to listen to old radio programs.,Ali yana son sauraron tsofaffin shirye-shiryen gidan rediyo.
Ali lived in a small apartment by himself.,Ali yana zaune a wani ƙaramin bene da kansa.
Ali lived next door to us for three years.,Ali ya zauna a kusa da mu tsawon shekara uku.
Ali lives on the other side of the valley.,Ali yana zaune a ɗaya ɓangaren kwarin.
Ali lives on the same street as Mary does.,Ali yana zaune a titi ɗaya da Mary.
Ali looked as if he hadn't eaten for days.,Ali ya yi kama da wanda bai ci abinci ba tsawon kwanaki.
Ali looks like a typical American tourist.,Ali ya yi kama da ɗan ƙasar Amurka mai yawon buɗe ido.
Ali made me promise not to go there again.,Ali ya yi min alƙawarin cewa ba zai sake zuwa can ba.
Ali makes beautiful furniture out of wood.,Ali ya haɗa kayan ɗaki masu kyau da katako.
Ali makes the best spaghetti in the world.,Ali ya iya haɗa taliya mafi kyau a duniya.
Ali mashed the potatoes with a large fork.,Ali ya murtsuke dankalin da babban cokali mai yatsu.
Ali must have had a reason for being late.,Dole akwai dalilin da ya sa Ali ya makara.
Ali must've left it around here somewhere.,Dole dai Ali ya bar shi a wajen nan.
Ali needed some time to think things over.,Ali yana buƙatar ɗan lokaci don ya yi tunani a kan abubuwa.
Ali never had any intention of doing that.,Ali bai taɓa niyyar aikata hakan ba ko ɗaya.
Ali never told Mary how much he loved her.,Ali bai taɓa faɗa wa Mary irin yadda yake son ta ba.
Ali offered to drive Mary home after work.,Ali ya nemi ya tuƙa Mary zuwa gida bayan ya tashi daga aiki.
Ali often borrowed money from his friends.,Ali yana yawan karɓar aron kuɗi daga abokansa.
Ali often goes to the park in the morning.,Ali yana yawan zuwa wurin shaƙatawa da safe.
Ali only slept for three hours last night.,Ali baccin sa'a uku kawai ya yi a daren jiya.
Ali opened the drawer to get a calculator.,Ali ya buɗe drowa don ya ɗauki raskwana.
Ali ordered the cheapest item on the menu.,Ali ya yi odar abinci mafi araha daga cikin jadawali.
Ali paid the bill and left the restaurant.,Ali ya biya kuɗin abincin ya bar gidan abincin.
Ali pays about 25% of his income in taxes.,Ali yana biyan kusan kaso 25 na samunsa a haraji.
Ali persuaded Mary to sell her motorcycle.,Ali ya gamsar da Mary a kan ta siyar da babur ɗinta.
Ali picked the broken glass off the floor.,Ali ya ɗauke gilashin da ya fashe daga ƙasa.
Ali plans to drive from Boston to Chicago.,Ali ya yi shirin yin tuƙi daga Boston zuwa Chicago.
Ali planted three apple trees in his yard.,Ali ya shuka bishiyar tufa a lambunsa.
Ali plays computer games for hours on end.,Ali yana yin wasannin kwamfuta tsawon sa'oi ba tare da tsayawa ba.
Ali plugged in the radio and turned it on.,Ali ya jona rediyon ya kuma kunna ta.
Ali pointed at the empty glass on the bar.,Ali ya yi nuni zuwa ga kofin gilashin marar komai a ciki a mashayar.
Ali pushed Mary off the edge of the cliff.,Ali ya ture Mary daga gefen gaɓar.
Ali put a bunch of letters on Mary's desk.,Ali ajiye damin wasiƙu a kan teburin Mary.
Ali put a stack of letters on Mary's desk.,Ali ajiye tarin wasiƙu a kan teburin Mary.
Ali put everything back where it belonged.,Ali ya mayar da komai gurbin da yake.
Ali put on his helmet and got on his bike.,Ali ya sanya hular kwanonsa ya kuma hau babur ɗinsa.
Ali put some mashed potatoes on his plate.,Ali ya zuba dakakken dankali a kan farantinsa.
Ali received a fax from Mary this morning.,Ali ya karɓi saƙon faks daga wajen Mary a safiyar nan.
Ali recognized Mary as soon as he saw her.,Ali yana ganin Mary ya gane ta.
Ali refused to do what we asked him to do.,Ali ya ƙi aiwatar da abin da muka ce ya yi.
Ali refuses to buy anything made in China.,Ali ya ƙi siyan duk abin da aka sana'anta a ƙasar Sin.
Ali refuses to retire in spite of his age.,Ali ya ƙi ya yi ritaya duk da shekarunsa.
Ali rented an apartment near his mother's.,Ali ya karɓi hayar bene kusa da na mahaifiyarsa.
Ali rolled down the passenger side window.,Ali ya sauke gilashin tagar ɓangaren fasinja.
Ali said I'm supposed to be here for Mary.,Ali ya faɗi cewar ya kamata na kasance a nan saboda Mary.
Ali said Mary threatened him with a knife.,Ali ya faɗi cewar Mary ta yi masa barazana da wuƙa.
Ali said he didn't like the taste of beer.,Ali ya ce ba ya son ɗanɗanon giya.
Ali said he didn't speak French very well.,Ali ya ce bai iya magana da Faransanci sosai ba.
Ali said he didn't want anything to drink.,Ali ya ce ba ya son ya sha komai.
Ali said he doesn't know anyone in Boston.,Ali ya ce bai san kowa ba a Boston.
Ali said he had an important call to make.,Ali ya ce yana da wani kira mai muhimmanci da zai yi.
Ali said he had something important to do.,Ali ya ce yana da wani abu mai muhimmanci da zai yi.
Ali said he wanted to go swimming with us.,Ali ya ce yana son ya je yin iyo tare da mu.
Ali said he was having problems with Mary.,Ali ya ce yana da matsala da Mary.
Ali said he wouldn't shoot an unarmed man.,Ali ya ce ba zai harbi mutumin da bai ɗauki makami ba.
Ali said that Mary needed to be protected.,Ali ya ce ba zai harbi mutumin da ba  ya ɗauke makami ba.
Ali said that he and Mary had had a fight.,Ali ya ce sun yi faɗa shi da Mary.
Ali said that he doesn't want a promotion.,Ali ya ce ba ya son ƙarin matsayi.
Ali said that he needed to get some sleep.,Ali ya ce yana buƙatar samun bacci.
Ali said that he wanted to move to Boston.,Ali ya ce yana son ya koma Boston.
Ali sat across the picnic table from Mary.,Ali ya zauna a gaban Mary a kan teburin fikini.
Ali sat down between Mary and her husband.,Ali ya zauna tsakanin Mary da Mijinta.
"Ali sat near the fire, playing his guitar.","Ali ya zauna a kusa da wuta, yana buga jitarsa."
Ali sat on the bench and crossed his legs.,Ali ya zauna a kan benci ya harɗe ƙafafunsa.
Ali saved every letter that Mary sent him.,Ali ya adana dukkanin wasiƙun da Mary ta aika masa.
Ali says that he has the perfect marriage.,Ali ya faɗi cewar yana da aure cikakke.
Ali says you should always tell the truth.,Ali ya ce ya kamata ka faɗi gaskiya a kodayaushe.
Ali seemed to be thinking about something.,Da alamun Ali tunanin wani abu yake.
Ali seems to actually be enjoying himself.,Da alamun Ali yana jin daɗin kansa.
Ali seems to be in no mood to participate.,Da alamun Ali ba ya cikin yanayin da zai shiga a dama da shi.
Ali seems to have no interest in baseball.,Da alamun Ali ba shi da sha'awar ƙwallon baseball.
Ali seems to know exactly what he's doing.,Da alamun Ali ya san haƙiƙanin abin da yake yi.
Ali should be here within fifteen minutes.,Ali zai kasance a nan nan da minti goma sha biyar
Ali smiled at the audience and took a bow.,Ali ya yi murmushi ga 'yan kallo sai kuma ya sunkuya.
"Ali speaks French fairly well, doesn't he?","Ali yana magana da Faransanci sosai, ko ba ya yi?"
Ali spent all afternoon cleaning his room.,Ali ya ɗauki dukkanin yini yana share ɗakinsa.
Ali stands by me whenever I am in trouble.,Ali yana kasancewa tare da ni a duk lokacin da na shiga matsala.
Ali stared at his reflection in the water.,Ali ya kalli kansa cikin ruwa.
Ali started playing rugby three years ago.,Ali ya fara buga ƙwallon rugby shekaru uku da suka gabata.
Ali stayed at home because it was raining.,Ali ya zauna a gida ne saboda ana ruwa.
"Ali stood motionless, listening carefully.","Ali ya tsaya ba tare da motsi ba, yana saurare a nutse."
Ali stood on the sidewalk talking to Mary.,Ali ya tsaya a gefen hanya yana yi wa Mary magana.
Ali stuck his nose where it didn't belong.,Ali ya cusa kansa inda bai dace ba.
Ali suffocated Mary with a feather pillow.,Ali ya shaƙe Mary da matashin kai na gashin tsuntsu.
Ali supported the proposal wholeheartedly.,Ali ya goyi bayan neman auren da zuciya ɗaya.
Ali thought Mary's offer was unreasonable.,Ali ya yi zaton tayin da Mary ta yi ba dalili.
Ali thought it was a good idea to do this.,Ali ya yi zaton cewa tunani ne mai kyau yin hakan.
Ali told everyone that he passed the exam.,Ali ya faɗa wa kowa cewa ya yi nasara a jarrabawar.
Ali told me I shouldn't wear a pink shirt.,Ali ya faɗa mini cewa kada na sanya riga mai kalar hoda.
Ali told me he wanted to quit the company.,Ali ya faɗa mini cewa yana son ya bar aikin kamfanin.
Ali told me that he had lost his textbook.,Ali ya faɗa mini cewa ya rasa littafin karatunsa.
Ali told me that he wasn't afraid of Mary.,Ali ya faɗa mini cewa ba ya jin tsoron Mary.
Ali told me to leave the room immediately.,Ali ya faɗa mini cewa na bar ɗakin nan take.
Ali took a few things out of his suitcase.,Ali ya ɗauki abubuwa kaɗan daga cikin akwatinsa.
Ali took out a loan in order to buy a car.,Ali ya ci bashi don ya siyi mota.
Ali took the broom out of the hall closet.,Ali ya ɗauke tsintsiya daga cikin akwatun kaya ta falo.
Ali took the hook out of the fish's mouth.,Ali ya cire fatsa daga bakin kifin.
Ali tossed his sleeping bag into the tent.,Ali ya tutsa jakar baccinsa cikin tantin.
Ali trained his dog to jump through hoops.,Ali ya koya wa karensa tsallake tudu.
Ali tried to drown himself in the bathtub.,Ali ya horar da karensa yin tsalle ta cikin zobe.
Ali turned off the lamp on the nightstand.,Ali ya kashe fitilar gefen gado.
Ali understands what Mary wants him to do.,Ali ya fahimci abin da Mary take so ya yi.
Ali used to play tennis three days a week.,Ali yana yin ƙwallon tennis kwana uku a mako.
Ali visits Mary every time he's in Boston.,Ali yana ziyartar Mary a duk lokacin da yake a Boston.
Ali walked over to where Mary was sitting.,Ali ya tafi inda Mary take a zaune.
Ali wanted Mary to help him in the garden.,Ali yana son Mary ta taimake shi a lambun.
"Ali wanted me out of the house, so I left.","Ali so yake na fita daga gidan, saboda haka na fita."
Ali wanted to help Mary pick up chestnuts.,Ali yana son ya taimaki Mary ɗaukar gyadar chestnut.
Ali wanted to learn how to defend himself.,Ali yana son ya koyi yanda zai kare kansa.
Ali wants Mary to know he likes her a lot.,Ali yana son Mary ta san cewa yana son ta sosai.
Ali wants to hear both sides of the story.,Ali yana son ya san ɓangarori biyu na labarin.
Ali wants to keep things the way they are.,Ali yana son ya bar abubuwa a yadda suke.
Ali wants to know when you'll be finished.,Ali yana son ya san lokacin da za ka gama.
Ali wants to know when you're coming home.,Ali yana son ya san yaushe za ka zo gida.
Ali wants to know who Mary's boyfriend is.,Ali yana son ya san wanene saurayin Mary.
Ali wants your answer and he wants it now.,Ali yana son jin amsarka kuma yanzu yake so.
Ali warned Mary not to go there with John.,Ali ya yi wa Mary kashedi cewa kada ta je can da Joh.
"Ali was a good friend of yours, wasn't he?","Ali abokinka ne sosai, ko ba haka ba?"
Ali was afraid of what people would think.,Ali yana jin tsoron abin da mutane za su yi tunani.
Ali was angry with himself for being late.,Ali yana jin haushin kansa saboda makara da ya yi.
Ali was hit by a truck and died instantly.,Babbar mota ce ta buge Ali kuma ya mutu nan take.
Ali was just trying to do the right thing.,Ali dai yana ƙoƙarin aikata abin da yake daidai ne.
Ali was mauled by a dog when he was a kid.,Kare ya taɓa farmakar Ali lokacin da yake yaro.
Ali was much stronger when he was younger.,Ali ya fi ƙarfi sosai lokacin da yake yaro.
Ali was never the same after his accident.,Ali bai dawo yanda yake ba tun bayan hatsarin da ya yi.
Ali was reported missing three months ago.,An ba da rahoton ɓacewar Ai watanni uku da suka gabata.
Ali was seated at a table by the sidewalk.,An zaunar da Ali a kan teburin da ke gefen titi.
Ali was sitting three tables away from us.,Ali yana zaune daga inda muke tebur uku ne.
Ali was so cold his teeth were chattering.,Ali yana jin sanyi sosai haƙoransa suna rawar ɗari.
Ali was standing in front of Mary's house.,Ali yana tsaye a ƙofar gidan Mary.
Ali was standing near the end of the line.,Ali yana tsaye kusa da ƙarshen layin.
Ali was surprised and a little frightened.,Ali ya yi mamaki kuma ya firgita kaɗan.
Ali was surprised when Mary caught a fish.,Ali ya yi mamaki lokacin da Mary ta kamo kifi.
Ali was the one that painted this picture.,Ali ne wanda ya fente wannan hoton
Ali was the one who introduced Mary to me.,Ali ne wanda ya gabatar da Mary a gare ni.
Ali was the one who turned off the lights.,Ali ne wanda ya kashe fitilun.
Ali was wearing an orange prison jumpsuit.,Ali yana sanye da kayan fursunoni masu launin lemo.
Ali was wondering if Mary had a boyfriend.,Ali yana mamakin ko Mary tana da saurayi.
Ali wasn't able to answer Mary's question.,Ali bai iya amsa tambayar Mary ba.
Ali went fishing the day before yesterday.,Ali ya je kamun kifi shekaran jiya.
Ali went to Boston to attend a conference.,Ali ya je Boston don halartar taron ƙara wa juna ilimi.
Ali went to a family reunion last weekend.,Ali ya je taron haɗin kan dangi a ƙarshen makon da ya gabata.
Ali went to get a glass of water for Mary.,Ali ya tafi nemo wa Mary kofin ruwan sha.
Ali will be a hundred years old next year.,Shekara mai zuwa Ali zai cika shekara ɗari.
Ali wished he knew more than one language.,Ali ya yi fatan ina ma a ce ya iya yare sama da ɗaya.
Ali woke Mary up with a kiss on the cheek.,Ali ya tashi Mary ta hanyar sumbatar ta a kumatu.
Ali won't ever forget what happened today.,Ali ba zai taɓa mantawa da abin da ya faru yau ba.
Ali won't tell me exactly why he was late.,Ali ba zai faɗa mini haƙiƙanin abin da ya sa ya makara ba.
Ali wondered what Mary was so upset about.,Ali yana ta tunanin a kan menene Mary take fushi.
Ali wondered what Mary was thinking about.,Ali yana ta tunanin  a kan me Mary take tunani.
Ali wondered where he was supposed to sit.,Ali yana ta tunanin a ina ya kamata ya zauna.
Ali works for a trading company in Boston.,Ali yana aiki a wani kamfanin kasuwanci a Boston.
Ali works in a flower shop on Park Street.,Ali yana aiki a wani shagon furanni a titin Park Street.
Ali worries about making mistakes at work.,Ali ya damu da yin kuskure a cikin aiki.
Ali would never forgive us if we did that.,Ali ba zai taɓa yafe mana ba idan muka yi hakan.
Ali would often play jokes on the teacher.,Yawanci Ali yakan yi wa malamin wasa.
Ali wouldn't do what Mary asked him to do.,Ali ba zai yi abin da Mary ta saka shi ya yi ba.
Ali wouldn't have wanted it any other way.,Ali ba zai so hakan ba ta wata hanya daban
Ali is a lot happier since he changed jobs.,Ali yana farinciki sosai tun lokacin da ya canja aiki.
Ali is building something behind his house.,Ali yana gina wani abu a bayan gidansa.
Ali's grandfather passed away last Monday.,Kakan Ali ya rasu ranar Litinin da ta gabata.
Ali's heart suddenly began to beat faster.,Zuciyar Ali ta fara bugawa da sauri ba tsammani.
Ali's injuries were worse than we thought.,Raunukan da Ali ya yi sun munana sama da yadda muka yi tunani.
Ali is not the easiest person to live with.,Ali ba mutum ne mai saukin a zauna da shi ba
Ali's plane leaves for Boston at 2:30 p.m.,Jirgin Ali ya tashi zuwa Boston da misalin ƙarfe 2:30 na yamma.
Ali is searching for his biological father.,Ali yana neman mahaifinsa na jini.
"Ali, why would anybody be looking for you?","Ali, me yasa kowa yake neman ka?"
Todaiji is the bigger of the two temples.,Todaiji shi ne ya fi girma a cikin ɗakunan bautar guda biyu.
Traveling was very dangerous at that time.,Yin tafiya a wannan lokacin yana da matuƙar haɗari
"Two, four, six and eight are even numbers.","Biyu, huɗu, shida da kuma takwas lambobi ne da za a iya raba su biyu."
"Unfortunately, the whole thing fell apart.","Abin takaici, al'amarin gabaɗaya ya wargaje."
"Unfortunately, you cannot bring him along.","Abin takaici, ba za ka iya tahowa da shi ba."
"Up until now, they've been good neighbors.","Har zuwa yanzu, su maƙwabta ne nagari."
Valentine's Day is celebrated in February.,Ana yin murnar Ranar Masoya a watan Fabrairu.
Vikings didn't really wear horned helmets.,Vikings ba sa sanya hular kwano mai ƙaho.
Walt Whitman is my favorite American poet.,Walt Whitman shi ne marubucin waƙar zube ɗan Amurka da na fi so.
We are doing business with many countries.,Muna yi kasuwanci da ƙasashe da dama.
We are giving Ali a party on his birthday.,Za mu shirya wa Ali bikin murna ranar zagayowar haihuwarsa.
We are living in the age of nuclear power.,Muna rayuwa a zamanin makamashin nukiliya.
We are using a new process to make butter.,Muna amfani da sabuwar hanya wajen haɗa bota.
We became Americanized after World War II.,An mai da mu Amurkawa ne bayan yaƙin ɗuniya na II.
We can get what we want without your help.,Mun zama Amurkawa ne bayan yaƙin ɗuniya na II.
We can just about read each other's minds.,Kusan muna iya sanin abin da ke cikin zukatan junanmu.
We can make peaceful use of atomic energy.,Za mu iya amfani da makamashin nukiliya ta hanyar zaman lafiya.
We can't predict how Ali is going to feel.,Ba za mu iya kintacen yaya Ali yake ji ba.
We competed with each other for the prize.,Mun gwabza a gasar da juna domin samun kyautar.
We considered the problem from all angles.,Mun yi la'akari da matsalar daga kowanne ɓangare.
We could pretend like this never happened.,Za mu iya nuna kamar hakan bai taɓa faruwa ba.
We decided to leave him alone for a while.,Mun yanke shawarar mu ƙyale shi shi kaɗai na ɗan lokaci.
We didn't know which car we should get in.,Ba mu san wacce motar za mu shiga ba.
We disputed for hours about what to write.,Mun yi jayayya na tsawon sa'oi a kan abin da za mu rubuta.
We don't want the bus to leave without us.,Ba ma son motar bas ɗin ta tafi ta bar mu.
We flew nonstop from Osaka to Los Angeles.,Mun yi tafiya a jirgin sama babu tsayawa daga Osaka zuwa Los Angeles.
We had a friendly talk with the gentleman.,Mun yi tattaunawa cikin mutuntawa da mutumin.
We had to walk all the way to the station.,Dole mu tafi daga nan har zuwa tashar.
We have been good friends for a long time.,Mun kasance abokanan juna na tsawon lokaci.
We have exams right after summer vacation.,Muna da jarrabawa da zarar an kammala hutun bazara.
We have few opportunities to speak German.,Muna da damarmaki kaɗan na yin magana da Jamusanci.
We have received many orders from the U.S.,Mun karɓi odoji da dama daga ƙasar Amurka.
We have to do away with such a bad custom.,Dole ne mu kawar da irin wannan mummunar al'adar.
We have to figure out what this all means.,Dole ne mu gano me duka waɗannan ke nufi.
We have to get at the truth of the matter.,Dole mu fahimci gaskiyar al'amarin.
We have to make some changes in our plans.,Dole mu yi wasu canje-canje a cikinn tsarukanmu.
We have to make sure we get there on time.,Mu tabbatar da cewa lallai mun isa wajen a kan lokaci.
We have to wear school uniforms at school.,Dole mu sanya inifam a makaranta.
We haven't been able to find out much yet.,Har yanzu ba mu samu damar gano abubuwa da dama ba sosai.
We haven't been able to interview Ali yet.,Ba mu samu damar yin hira da Ali ba har yanzu.
We haven't been called to the meeting yet.,Har yanzu ba a kira mu zuwa taron ba.
We hiked through a beautiful green valley.,Mun hau tsaunin ta cikin wani kyakkyawan koren kwari.
We hope for the best but expect the worst.,"Muna fatan ganin mafi kyau, amma muna tsammanin mafi muninsa."
We knew that the teacher wouldn't be late.,Mun san cewa malamin ba zai makara ba.
"We know each other, but not all that well.","Mun san juna, amma ba can sosai ba."
We know of more than 100 billion galaxies.,Mun san taurari sama da guda biliyan ɗari.
We lived from hand to mouth in those days.,"A wancan lokacin, muna rayuwa ne hannu baka hannu ƙwarya."
We marveled at the little boy's eloquence.,Mun yi mamakin zarangwanar ƙaramin yaron.
We might as well wait until Ali gets here.,Wataƙila dole mu ma mu jira har sai Ali ya zo nan.
We must talk her out of this foolish plan.,Dole ne mu yi mata magana dangane da wannan wawan tsarin.
We need not have eaten breakfast so early.,Ba ma buƙatar sai mun ci abincin karin kumallo da wuri.
We need to find what's inside these boxes.,Akwai buƙatar mu gano menene a cikin waɗannan kwalayen.
We need to save up money to buy a new car.,Muna buƙatar mu ajiye kuɗi domin siyan sabuwar mota.
We often express our emotions nonverbally.,Yawanci muna bayyana abin da ke ranmu ba tare da mun yi magana ba.
We set out traps for catching cockroaches.,Mun saita tarkonmu don kama kyankyaso.
We shipped the following to you last week.,Mun aiko maka da waɗannan abubuwa makon da ya gabata.
We should drink 64 ounces of fluids a day.,Ya kamata mu sha abu mai ruwa ounce 64 a rana.
We should've bought three bottles of wine.,Kwalbar tsimin inibi uku ma ya kamata a ce mun siyo.
We should've taken care of that ourselves.,Mu ya kamata a ce mun ɗauki gabarar wannan da kanmu.
We spent our holiday on a beach in Hawaii.,Mun gudanar da hutunmu a bakin tekun Hawaii.
We suffered heavy damage from the typhoon.,Mun samu mummunar ɓarna daga guguwar.
We went to Boston last month to visit Ali?.,Shin mun je Boston watan da ya gabata don ziyartar Ali?
We went without him since he wasn't ready.,Mun tafi ba tare da shi ba tun da shi bai shirya ba.
We were able to settle the matter finally.,A ƙarshe dai mun samu damar daidaita kan al'amarin.
We were quite shocked by her sudden death.,Mun matuƙar kaɗuwa da mutuwar bazata da ta yi
We were supposed to be here two weeks ago.,Ya kamata a ce muna nan tun wata biyu da suka gabata.
We're both not as rich as we wish we were.,Dukanin mu mu biyu arziƙinmu bai kai yadda muka so ya kai ba.
We're doing everything we can to find Ali.,Muna iyakar bakin ƙoƙarinmu domin mu nemo Ali.
We're having a sukiyaki party this Sunday.,Za mu yi bikin sukiyaki wannan Lahadi.
We're here because we want to talk to Ali.,Mun zo nan ne saboda muna so mu yi magana da Ali.
We're not making any progress in our work.,Ba ma wani samun cigaba a aikinmu.
We're only thirty minutes behind schedule.,Mun yi jinkirin minti talatin daga lokacin da aka tsara.
We've got something we need to talk about.,Mun samu abin da muke buƙatar tattaunawa a kai.
Were you playing tennis yesterday morning?,Shin kai ne kake buga ƙwallon tennis a safiyar jiya?
What I have to tell you is very important.,Abin da zan faɗa maka yana da matuƙar muhimmanci.
"What I need is not money, but your advice.","Ba kuɗi nake buƙata ba, shawararka nake buƙata."
What Ali was saying made no sense to Mary.,Abin da Ali yake faɗa bai yi ma'ana ba a wajen Mary.
What animal would you compare yourself to?,Da wacce dabba za ka kwatanta kanka da ita?
What are the pros and cons of hitchhiking?,Menene amfani da kuma matsalolin neman rage hanya?
What are you going to be when you grow up?,Me kake son ka zama idan ka girma?
What do Chinese people have for breakfast?,Da me mutanen ƙasar Sin suke yin karin kumallo?
What do you enjoy doing in your free time?,Me kake ji ɗaɗin yi a rarar lokacinka?
What do you want to do after you graduate?,Me kake son yi bayan ka kammala makaranta?
What do you want to get Ali for Christmas?,Me kake son ba wa Ali domin Kirsimati?
What do you want to see while you're here?,Me kake son gani yayin da kake nan?
What does Ali have to do with this matter?,Ina ruwan Ali a cikin wannan al'amari?
What happened in Boston wasn't your fault.,Abin da ya faru a Boston ba laifinka ba ne.
What if you gave a speech and nobody came?,Me zai faru idan ka gudanar da maƙala kuma babu wanda ya zo?
What is the average height of the players?,Menene matsakaicin tsayin 'yan wasan?
What is the length of this piece of cloth?,Menene tsayin wannan yadin tufafin.
What is the ultimate purpose of education?,Mecece babbar manufar ilimi?
What kind of music do you want us to play?,Wane irin kiɗa kake son mu buga?
What kind of person would do such a thing?,Wanne irin mutum ne zai yi irin haka?
What kinds of movies do you like to watch?,Waɗanne irin fina-finai kake son kalla.
What kinds of tropical drinks do you have?,Waɗanne irin nau'in kayan sha waɗanda suka dace da lokacin zafi kake da su?
What makes you think I'd want to see that?,Me ya sa ka yi tunanin ina son ganin hakan?
What natural foods help curb the appetite?,Waɗanna irin nau'in abinci na halitta ne ke taimakawa wajen rage yawan cin abinci?
What right do you have to order us around?,Wanne haƙƙi kake da shi da za ka ba mu umarni?
What should I have done in that situation?,Me zan aikata a irin wannan yanayin?
What time is our train arriving at Hakata?,Yaushe ne jirgin ƙasanmu zai iso Hakata?
What will we be doing this time next week?,A wannan karon me za mu yi mako me zuwa?
What will you live on while you are there?,Da me za ka rayu da shi yayin da kake can?
What would you buy if you won the lottery?,Me za ka siya idan ka ci cacar lottery?
What would you do if you had great wealth?,Me za ka yi idan kana da dukiya mai yawa?
What would you do if you were in my place?,Me za ka yi in da a ce kai ne a matsayin da nake?
What would've happened if Ali had seen us?,Menene zai iya faruwa in da a ce Ali ya gan mu?
What you want is the most important thing.,Abin da kake so shi ne abin da yafi muhimmanci.
What's the best way to get to the airport?,Ina ce hanya mafi kyau ta zuwa filin sauka da tashin jiragen sama?
What's the best way to say this in French?,Mecece hanya mafi kyau ta faɗar wannan a Faransanci?
What's the matter with you? You look pale.,Me ke damunka? yanayinka ya canja.
What's the name of the ship you served on?,Yaya sunan jirgin ruwan da ka yi aiki a kansa?
What's the weirdest dream you've ever had?,Wanne irin mafarki ne mai ban mamaki da ka taɓa yi?
What's your favorite Rolling Stones album?,Wanne albom ɗin Rolling Stones ka fi so?
What's your favorite dessert with bananas?,Wanne kayan zaƙi ne ka fi son shi da ayaba?
What's your favorite fast food restaurant?,Wanne gidan abinci ne da ke haɗa abinci gaggawa ka fi so?
What's your favorite fast-food restaurant?,Wanne gidan abinci ne da ke haɗa abinci gaggawa ka fi so?
What's your favorite kind of book to read?,Wanne irin littafi ne ka fi son karantawa?
What's your favorite programming language?,Wanne yaren sarrafa na'ura mai ƙwaƙwalwa ka fi so?
"Whatever may happen, I am prepared for it.","Ko me zai faru, na shirya masa."
"Whatever you do, don't let go of the rope.","Ko me za ka yi, kar ka saki igiyar."
"When I saw him last, he was still a child.","Ƙarshen ganina da shi, yana yaro a lokacin."
"When I see him, I think of my grandfather.","Idan an gan shi, ina tunawa da kakana."
"When I woke up, it was still dark outside.","Lokacin da na tashi, har lokacin waje akwai duhu."
When and where did you buy that old clock?,Yaushe kuma a ina ka siyi wannan tsohon agogon?
"When angry, count to ten before you speak.","Idan kana fushi, ka dakata kaɗan kafin ka yi magana."
When did the Thirty Years' War take place?,Yaushe yaƙin Shekaru Talatin ya faru?
When did you start wearing contact lenses?,Yaushe ka fara saka gilashin ƙara gani?
When does school let out for the holidays?,Yaushe ne makarantu ke rufewa don tafiya hutu?
When does the rainy season in Japan begin?,Yaushe ne damuna ke farawa a ƙasar Japan?
"When he saw me, he pretended to be asleep.","Lokacin da ya ganni, sai ya yi kamar bacci yake."
"When in Ukraine, I always speak Ukrainian.","Idan ina Yukren, ina yin magana da yaren Yukren."
"When life gives you lemons, make lemonade.",Idan Laila ta ƙiya sai a koma basha.
"When my mom finds out, she won't be happy.","Idan mahaifiyata ta gano, ba za ta yi farinciki ba."
"When she was abroad, she often used Skype.","Lokacin da take ƙasar waje, tana yawan amfani da manhajar Skype."
When was the last time that you used this?,Yaushe ne lokaci na ƙarshe da ka yi amfani da wannan?
When was the last time you cut your nails?,Yaushe ne lokaci na ƙarshe da ka yanke farcenka?
When was the last time you did the dishes?,Yaushe ne lokaci na ƙarshe da ka yi wanke-wanke?
When was the last time you dyed your hair?,Yaushe ne lokaci na ƙarshe da ka rina kanka?
When was the last time you lost your keys?,Yaushe ne lokaci na ƙarshe da ka ɓatar da mukullinka?
When was the last time you spoke with Ali??,Yaushe ne lokaci na ƙarshe da ka yi magana da Ali?
When was the last time you washed the car?,Yaushe ne lokaci na ƙarshe da ka wanke motar?
When was the last time you went on a date?,Yaushe ne lokaci na ƙarshe da ka je zance?
When was the last time you were in Boston?,Yaushe ne lokaci na ƙarshe da ka kasance a Boston?
When was the last time you were on a date?,Yaushe ne lokaci na ƙarshe da ka yi soyayya?
"When you are hungry, anything tastes good.","Idan kana jin yunwa, komai ma daɗi yake maka."
"When you have a question, ask the teacher.","Idan kana da tambaya, ka tambayi malami."
Where are you planning to spend the night?,Ina kake shirin kwana?
Where can dollars be exchanged for pounds?,A ina ake canja dala zuwa fan?
Where did you learn such a difficult word?,A ina ka koyi irin wannan kalma mai wahala?
Where do you stay when you come to Boston?,A ina ka zauna lokacin da ka zo Boston?
Where else in Boston do you want to visit?,Ina kuma kake son ziyarta a Boston?
Where will you stay when you go to Boston?,A ina za ka zauna idan ka je Boston?
Where's the information center for hotels?,Ina ne cibiyar yaɗa labarai ta otal-otal?
Whether you like Ali or not is irrelevant.,"Ko kina son Ali ko ba kya so, hakan ba shi da ni muhimmanci."
Whether you like it or not doesn't matter.,"Ko kana so ko ba ka so, hakan ba shi da muhimmanci."
"Which book is older, this one or that one?","Wanne littafin ne tsoho, wannan ko wancan?"
"Which color do you like more, blue or red?","Wanne launin ka fi so sosai, shuɗi ko ja?"
Which continent is the most populated one?,Wacce nahiya ce ta fi yawan al'umma?
Which of these two do you think is better?,A cikin waɗannan wanne ne kake ganin ya fi?
"While you're young, you should read a lot.","A lokacin da kake matashi, ya fi dacewa ka yi karatu sosai."
Who is the gentleman all dressed in black?,Wanne mutum ne ya sanya kaya duka baƙaƙe?
Who is the man that you were talking with?,Da wanne mutumin kake magana?
Who knows what we'll find up in the attic?,Wa ya san me za mu gano a cikin ɗakin cikin rufin?
Who's your favorite heavy metal guitarist?,Wanne mai kaɗa jita ka fi so?
Why am I always the one who has to suffer?,Me ya sa kodayaushe ni ne nake shan wahala?
Why are you acting like you don't know me?,Me ya sa kake nuna kamar ba ka sanni ba?
Why are you pretending you don't remember?,Me ya sa kake nuna kamar ba ka tuna ba?
Why are you so interested all of a sudden?,Me ya sa kwatsam ka nuna kana da sha'awa?
Why did you buy that expensive dictionary?,Me ya sa ka siyi wancan ƙamusun mai tsada?
Why did you buy this expensive dictionary?,Me ya sa ka siyi wannan ƙamusun mai tsada?
Why did you do something stupid like that?,Me ya sa ka yi abu na wauta kamar haka?
Why did you tell Ali Mary didn't like him?,Me ya sa ka faɗa wa Ali cewa Mary ba ta son shi?
Why do you want to know what I'm thinking?,Me ya sa kake son ka san abin da nake tunani?
Why don't you ask your teacher for advice?,Me ya sa ba ka tambayi malaminka shawara ba?
Why don't you get yourself a decent house?,Me ya sa ba ka nema wa kanka gida mai kyau ba?
Why don't you give me what I want to have?,Me ya sa ba ka ba ni abin da nake son samu ba?
Why don't you stay with me for a few days?,Me ya sa ba za ka zauna tare da ni na na 'yan kwanaki?
Why don't you try to take your money back?,Me ya sa ba za ka yi ƙoƙarin karɓar kuɗinka ba?
Why is he angry about something like that?,Me ya sa ya yi fushi a kan abu irin wannan?
Why is swimming not allowed in this river?,Me ya sa aka hana yin iyo a wannan kogi.
Why on earth did you give him such a name?,Don Allah me yasa kuka saka masa irin wannan sunan?
Why wouldn't you let me go to Ali's party?,Me ya sa ba za ka bar ni na je bikin murnar Ali ba?
Will anybody be at the station to meet me?,Shin akwai wanda zai zo tasha ya haɗu da ni?
Will it bother you if I turn on the radio?,Shin ba damuwa idan na kunna rediyo?
Will you lend me your bicycle for an hour?,Za ka iya ba ni aron kekenka na sa'a ɗaya?
Will you make a list of issues to discuss?,Shin za ka rubuta jerin abubuwan da za a tattauna?
Will you tell me how to get to your house?,Za ka iya faɗa mini hanyar zuwa gidanka?
Winning isn't the only thing that matters.,Yin nasara ba shi kaɗai ne abu mai muhimmanci ba.
Winter vacation is just around the corner.,Ana daf da dara hutun rani.
"Without air and water, nothing could live.",Babu abin da zai rayu ba tare da ruwa da iska ba.
Without disasters there would be no heros.,Ba za a samu gwaraza ba idan babu bala'i.
Would you be interested in coming with us?,Kana sha'awar tahowa tare da mu?
Would you be kind enough to pass the salt?,Don Allah za ka iya miƙo min gishiri?
Would you give me something cold to drink?,Za ka iya ba ni wani abu mai sanyi na sha?
Would you like to eat some fried potatoes?,Kana son cin soyayyen dankali?
Would you like to have another cup of tea?,Kana son a ƙara maka wani kofin shayin ne?
Would you like to see my stamp collection?,Kana son ganin takardun hatimina?
Would you mind mailing this letter for me?,Shin ba damuwa za ka iya aika min da wannan wasiƙar?
Would you mind telling me why you're here?,"Idan ba damuwa, za ka iya faɗa min me ya sa kazo nan?"
Would you prefer to go fishing or hunting?,"Wanne za ka fi son zuwa, kamun kifi ko farauta?"
Write a poem with three four line stanzas.,Ka rubuta waƙa mai baituka uku masu layuka huɗu.
X rays are used to locate breaks in bones.,Ana amfani da X rays wajen gano karaya a ƙasusuwa.
You are by far the best swimmer of us all.,"A cikinmu duka, ka fi kowa iya iyo."
You are mistaken if you think he is wrong.,Ka yi kuskure idan ka yi tunanin kuskure ya aikata.
You are to do your homework before supper.,Wajibi ne ka yi aikin gidanka kafin lokacin cin abincin dare.
You can crash on the sofa if you're tired.,Za ka iya kwanciya a kan kujerar idan ka gaji.
You can see the whole city from this hill.,Za ka iya ganin ilahirin birnin daga kan wannan tudun.
You can trust him. He'll never betray you.,"Za ka iya amince masa, ba zai taɓa yaudarar ka ba."
You can turn on the heater if you're cold.,Za ka iya kunna na'urar ɗumama ɗakin idan kana jin sanyi.
You can use my car if you drive carefully.,Za ka iya amfani da motata idan za ka yi tuƙi cikin nutsuwa.
You can't blame Ali for doing what he did.,Bai kamata ka ga laifin Ali dangane da abin da ya aikata ba.
You can't drive now. You've been drinking.,"Ba za ka iya yin tuƙi yanzu ba, ka daɗe kana shan giya."
You can't expect me to pay for everything.,Ba zai yiwu ka sa ran ni zan biya komai ba.
You can't have your own way in everything.,Ba zai yiwu a ce komai sai abin da ka iya ba.
You can't imagine how humiliating this is.,Ba ka san yadda wannan yake abin kunya ba.
You can't put toothpaste back in the tube.,Ba a yin ɓari a kwashe duka.
You can't say a word about this to anyone.,Ba za ka iya faɗa wa kowa komai dangane da wannan ba.
"You cannot have your cake and eat it, too.",Ba za ka iya samun abubuwa guda biyu masu cin karo da juna a lokaci guda ba.
You cannot read this novel without crying.,Ba za ka iya karanta wannan rubutaccen labarin ba tare da yin kuka.
You could try and be a bit more civilized.,"Za ka iya gwadawa, kuma ka ɗan ƙara wayewa."
"You couldn't solve the problem, could you?","Ba za ka iya warware matsalar ba, ko za ak iya?"
"You didn't actually see anything, did you?","Haƙiƙa ba ka ga komai ba, ko ka gani?"
You don't have to worry about her anymore.,Ba sai ka damu da ita ba.
You don't need to get a haircut this week.,Ba ka buƙatar yin aski a wannan makon.
You don't need to go if you don't want to.,Babu buƙatar ka je idan ba ka son zuwa.
You don't need to worry about Ali anymore.,Ba sai ka damu da Ali ba kwata-kwata.
You don't want Ali to think you're stupid.,Ba ka son Ali ya yi tunanin kai wawa ne.
You had better go and thank her in person.,Zai fi kyau ka je da kanka da yi mata godiya.
You had better go there in decent clothes.,Zai fi kyau ka je cikin shiga ta kamala.
You had better wait until the police come.,Zai fi kyau ka jira har 'yansanda su zo.
You have ten minutes to make up your mind.,Kana da minti goma ka yanke shawararka.
You have three hours to finish the report.,Kana da ragowar sa'a uku ka gama rahoton.
You have to go whether you like it or not.,Dole ka tafi ko kana so ko ba ka so.
You have to spend more time with your son.,Dole ka dinga samun lokaci tare da ɗanka.
You have to stay in bed until next Monday.,Dole ka kwanta a gado har sai ranar Litinin mai zuwa.
You have to turn in the reports on Monday.,Dole ka kawo rahotannin a ranar Litinin.
"You know that's where Ali sits, don't you?","Ka san kuwa nan ne inda Ali yake zama, ko ba ka sani ba?"
You look like a little girl in that dress.,Kin koma kamar ƙaramar yarinya a cikin wanna kayan.
You look pale. What's the matter with you?,"Yanayinka ya canja, me yake damun ka?"
You may choose what to eat from this list.,Za ka iya zaɓar abin da za ka ci daga wannan jerin sunayen.
You may give the book to whoever wants it.,Za ka iya bayar da littafin ga duk wanda kake so.
You might have to do this all by yourself.,Wataƙila kai za ka yi waɗannan duka da kanka.
You must consider this problem as a whole.,Dole ka yi la'akari da wannan matsalar gabaɗaya.
You must not make noises in the classroom.,Wajibi ne ka ƙi yin surutu a cikin aji.
You need to learn to listen to our advice.,Kana buƙatar ka koyi sauraren shawararmu.
You of all people should know the dangers.,Ya kamata dukkanin ku ku san haɗarurrukan.
You really should've told Ali not to come.,Lallai ya kamata a ce ka faɗa wa Ali kada ya zo.
You run into Japanese tourists everywhere.,Kana cin karo da masu yawon buɗe ido ne 'yan ƙasar Japan a ko'ina.
You seem to be a little under the weather.,Kamar ba ka da lafiya sosai.
You seem to be thinking of something else.,Kamar dai wani abin kake tunani.
"You seem to know me, but I don't know you.","Kamar dai ka san ni, amma  ni ban san ka ba."
You seem to want me to talk you out of it.,Kamar dai kana son na yi maka magana dangane da shi.
You should be careful in choosing friends.,Ya kamata ka lura wajen zaɓar abokai.
You should be respectful to your teachers.,Ya kamata ka zama mai girmama malamanka.
You should eat this while it's still warm.,Ya kamata ka ci wannan tun da ɗuminsa.
You should find somebody else to help you.,Ya kamata ka nemo wani ya taimaka maka.
You should treat people with more respect.,Ya kamata ka dinga mu'amalantar mutane da girmamawa.
You should try to live within your income.,Ya kamata ka dinga ƙoƙarin yin rayuwa daidai samunka.
You should wash your hands before you eat.,Ya kamata ka hannayenka kafin ka ci abinci.
You should've let us know you were coming.,Ya kamata a ce ka sanar da mu cewa kana zuwa.
You shouldn't accept candy from strangers.,Bai kamata ka karɓi alawa daga wajen baƙi ba.
You shouldn't go out at night by yourself.,Bai kamata ka fita cikin dare kai kaɗai ba.
You shouldn't judge a person by his looks.,Bai kamata ka yanke wa mutum hukunci da yanayin shigarsa ba.
You shouldn't say such rude things to him.,Bai kamata ka faɗi irin wannan abu na rashin ɗa'a gare shi ba.
You still have a lot to learn about women.,Har yanzu akwai abubuwa da dama da za ka koya dangane da mata.
"You think I'm making a mistake, don't you?","Ka yi tunanin kuskure na ke yi, ko ba haka ba?"
You were talking in your sleep last night.,Kana bacci kana magana a daren jiya.
You were there for Ali when he needed you.,Kin kasance tare da Ali a lokacin da yake buƙatar ki.
You will be able to sing better next time.,Za ka iya yin waƙa mai kyau nan gaba.
You will do it whether you like it or not.,Za ka aikata ko kana so ko ba ka so.
You won't believe who sat down next to me.,Za ka yi mamakin wanda ya zauna a kusa da ni.
You won't find this book in any bookstore.,Ba za ka samu wannan littafin a kowanne shagon siyar da littattafai ba.
"You wouldn't have a cell phone, would you?","Da tuni ba ka da wayar salula, ko ba haka ba?"
You'll find the letter under these papers.,Za ka samu wasiƙar a ƙarƙashin waɗannan wasiƙun.
You'll learn how to do it sooner or later.,Za ka koyi yanda ake yi ko badaɗe ko bajima.
You're not eating very much. What's wrong?,"Ba ka cin abinci sosai, me yake faruwa?"
You're picking up some bad habits from us.,Kana koyon ɗabi'u marasa kyau daga wajenmu.
You're starting to sound like your mother.,Ka fara magana irin ta mahaifiyarka.
"You're still in love with Ali?, aren't you?","Har yanzu kina ƙaunar Ali, ko ba haka ba?"
You're the prettiest woman I've ever seen.,Ke ce mace mafi kyau da na taɓa gani.
You're too young to remember the nineties.,Ka yi yarinta sosai da za ka iya tuna abubuwan shekarun alif dubu daɗari tara da casa'in.
You're wanted on the phone. It's from Ali?.,"Ana nemanka a waya, Ali ne?"
"You've been here a long time, haven't you?","Ka daɗe sosai a nan, ko ba haka ba?"
You've chosen a good time to visit Boston.,Ka zaɓi lokaci mafi kyau na ziyartar Boston.
You've got my computer and I want it back.,"Kwamfutata tana wajenka, ina son ka dawo min da ita."
You've known Ali a lot longer than I have.,Ka daɗe da sanin Ali sosai sama da yanda na san shi.
"You've read through the book, haven't you?","Ka karanta wani abu cikin littafin, ko ba ka yi ba?"
You've succeeded where others have failed.,Ka yi nasara a inda wasu suka gaza.
"Your car is fast, but mine is even faster.","Motarka tana da sauri, amma tawa ta ma fi sauri."
Your children are remarkably well-behaved.,Ya'yanka suna tarbiyya mai kyau.
Your dress is unsuitable for the occasion.,Shigar da ka yi ba ta dace da taron ba.
Your opinion is quite different from mine.,Ra'ayinka ya sha banban da nawa.
Your true friends will never let you down.,Abokanka na haƙiƙa ba za su taɓa barin ka ka gaza ba.
"Your uncle took these pictures, didn't he?","Kawunka ne ya ɗauki waɗannan hotunan, ko ba shi ba ne?"
Zezo is not my name. It's only a nickname.,"Ba sunana Zezo ba, sunan tsokana ne."
"Did you sleep well? ""I slept like a log.""","Ka yi bacci sosai? ""Na yi bacci kamar katako."""
"Have you seen Ali today? ""No, I haven't.""","Ka ga Ali yau kuwa? ""A'a ban gan shi ba."""
"How about playing catch? ""Sure, why not?""","To wasan kamu fa? ""Tabbas, to me zai hana?"
"How long will it take? ""About two weeks.""","Kwana nawa zai ɗauka? ""Kamar nan da mako biyu."""
"I'm not good at swimming. ""Neither am I.""","Ban iya yin iyo sosai ba. ""Ni ma haka."""
"Natto smells awful, but tastes delicious.","Natto ba shi da ƙamshi mai daɗi, amma yana da daɗi."
"One way or round trip? ""One way, please.""","Zuwa da dawowa ko kuma zuwa kawai? ""Zuwa kawai."""
"Pass me the salt, please. ""Here you are.""","Don Allah miƙo min gishiri. ""Ga shi."""
"We have a lot of things do to. ""Such as?""","Muna da abubuwan yi da yawa. ""Kamar me?"""
"What's that? ""How am I supposed to know?""","Menene wancan? ""Ya za a yi na sani?"""
What's the matter with you? she demanded.,Me ya faru da kai? ta tambaya.
"Where is your father? ""I don't have one.""","Ina mahaifinka? ""Ba ni da shi."""
"Will he come home soon? ""I'm afraid not.""","Zai zo gida da wuri? ""Ina jin tsoron a'a."""
"Won't you come with us? ""I'd be glad to.""","Ba za ka biyo mu ba? ""Zan so hakan."""
A 6% yield is guaranteed on the investment.,Akwai tabbacin haɓakar kasuwancin da kaso 6 cikin ɗari.
A Persian cat was sleeping under the table.,Wata kyanwar Farisa tana bacci a ƙarƙashin teburin.
A beam of sunlight came through the clouds.,Hasken rana ya ɓullo ta cikin girgijen.
A cup of coffee cost 200 yen in those days.,"A lokutan baya, kofi ɗaya na kofi kuɗinsa yen 200 ne."
A father and son represent two generations.,Uba da ɗa suna wakiltar zamani biyu.
A fierce battle was fought by the soldiers.,Sojojin sun yi yaƙi mai tsanani.
A fire broke out in the middle of the city.,Gobara ta ɓarke a tsakiyar birnin.
A football team consists of eleven players.,Tawagar 'yan ƙwallon ƙafa ta ƙunshi 'yan wasa goma sha ɗaya.
A group of teenagers robbed me of my money.,Gungun matasa 'yan shekaru goma sha sun yi mini ƙwacen kuɗi.
A honeymoon in Canada costs a lot of money.,Yawon shaƙatawa bayan aure a ƙasar Kanada yana cin kuɗi sosai.
A huge monster is coming down the mountain.,Wani dodo babba yana saukowa daga tsaunin.
"A little more effort, and you will succeed.","Idan ka ƙara dagewa kaɗan, tabbas za ka yi nasara."
A lot of foreigners visit Japan every year.,Yan ƙasashen ƙetare da dama suna ziyartar ƙasar Japan a kowacce shekara.
A lot of my classmates think that I'm dumb.,Yan ajinmu da dama suna zaton ni daƙiƙi ne.
A lot of people think that whales are fish.,Mutane da dama suna tunanin Whale kifi ne.
A lot of villagers were killed by soldiers.,Sojoji sun kashe 'yan ƙauye da dama.
A mine is where you find precious minerals.,Wurin haƙar ma'adani nan ake samun ma'adanai masu ƙima.
A monster was believed to live in the cave.,An yi imani cewa dodo a kogo yake zama.
A short walk will bring you to the station.,Tafiya kaɗan za ta kai ka zuwa tashar.
A tall building was built next to my house.,An yi wani dogon gini a kusa da gidana.
A true gentleman never betrays his friends.,Kamilin mutum ba ya taɓa yaudarar abokansa.
A true scientist would not think like that.,Masanin kimiyya na haƙiƙa ba zai yi tunani irin haka ba.
A turkey is a little bigger than a chicken.,Talo-talo ya ɗan fi kaza girma.
A young man broke into my house last night.,Wani matsahi ya hauro min gida a daren jiya.
"According to the TV, it will rain tomorrow.","Kamar yadda aka sanar a gidan talabijin, za a yi ruwa gobe."
"After this, Miki was taken to the hospital.","Bayan wannan, an kai Miki zuwa asibiti."
All I want is to be alone for a few months.,Bakiɗayan abin da nake buƙata shi ne na zauna ni kaɗai na 'yan watanni.
All his family was around him when he died.,Danginsa bakiɗaya suna kewaye da shi lokacin da ya mutu.
All my pains are nothing compared to yours.,Ciwon da nake ji ba komai ba ne idan aka kwatanta da naka.
All of us want to live as long as possible.,Dukkaninmu muna son mu yi rayuwa mai tsayi sosai.
All the members of the club agreed with me.,Duk mambobin ƙungiyar sun yarda da ni.
All the schools are closed on that holiday.,Dukkanin makarantun an rufe su a wannan hutun.
All the students protested against the war.,Dukkanin ɗalibai sun yi zanga-zangar ƙin goyon bayan yaƙin.
All this damage is the result of the storm.,Sakamakon tsawar ne ya janyo dukkanin wannan ɓarnar.
"All this may sound strange, but it is true.","Duka wannan zai zama kamar wani baƙon abu ne, amma kuma gaskiya ne."
All you have to do is push this red button.,Abin da kake buƙata kawai shi ne ka danna wannan jan madannin.
All you have to do is read these two pages.,Abin da kake buƙata kawai shi ne ka karanta shafukan nan guda biyu.
Allied forces were attacking from the west.,Dakarun haɗin gwiwa suna kawo hari daga yamma.
Almost all the students believed the rumor.,Kusan dukkanin ɗaliban sun yarda da jita-jitar.
America was discovered by Columbus in 1492.,Columbus ne ya ƙiƙiro ƙasar Amurka a shekarar 1492.
"An apple will float in water, a pear won't.","Tufa za ta yi yawo a saman ruwa, amma fiya ba zai yi ba."
And everyone has the ability to contribute.,Kuma kowa yana da ikon ba da gudummawa.
Animals cannot exist without air and water.,Dabbobi ba za su iya rayuwa ba ba tare da iska da ruwa ba.
Anything could happen in a place like this.,Komai zai iya faruwa a waje irin wannan.
Anything that can be misunderstood will be.,Duk abin da za a iya yi masa mummunar fahimta to za a yi masa.
Are the preparations for tomorrow complete?,An kammala shirye-shiryen goben?
Are the stores closed on Sunday in England?,Shin ana rufe kantuna a ranar Lahadi a Ingila?
Are there any good restaurants around here?,Shin akwai wani gidan abinci mai kyau a nan kusa?
Are there any problems I should know about?,Shin akwai wata matsala da ya kamata na sani?
Are there still enough chairs for everyone?,Shin akwai isassun kujeru ga kowa da kowa?
Are tickets for the concert available here?,Shin akwai tikitin gidan kaɗe-kaɗen a nan?
Are you a student of a private high school?,Shin kai ɗalibi ne na makarantar gaba da sakandare mai zaman kanta?
Are you going to visit any other countries?,Shin za ka ziyarci wasu ƙasashen ne?
Are you in favor of or against that policy?,Shin kana goyon baya ko ƙin amincewa da wannan ƙudiri?
Are you intentionally trying to confuse me?,Shin kana sane kake son sanya ni ruɗani?
Are you looking for anything in particular?,Akwai wani takaimaiman abu da kake nema?
Are you seriously thinking about not going?,Da gaske ba ka tunanin tafiya?
Are you sure you want to do this right now?,Ka tabbatar so kake ka yi wannan yanzu-yanzu?
Are you willing to drive me to the station?,Kana son ka tuƙa ni ne zuwa tashar?
"As for me, I like chicken better than pork.","Ni dai a wajena, na fi son kaza a kan naman alade."
"As for myself, Saturday will be convenient.","A ɓangarena, ranar Asabar za ta fi dacewa."
"As he grew older, he became more obstinate.","Yayin da shekarunsa suka ƙaru, sai ya ƙara taurin kai."
"As he talked, he got more and more excited.","Yayin da ya yi magana, sai ya ji daɗi sosai."
"As soon as Ali finished work, he went home.","Ali yana gama aiki, sai ya tafi gida."
"As soon as he saw a policeman, he ran away.","Yana hango ɗan sandan, sai ya gudu."
Astronomy deals with the stars and planets.,Ilimin Sanin Taurari yana nazartar taurari ne da duniyoyi.
"At last, the day has arrived for us to act.","A ƙarshe dai, ranar da za mu ɗau mataki ta zo."
"At seventy, my father is still very active.","A shekaru saba'in, mahaifina yana nan da ƙarfinsa."
Autumn came and the leaves started to fall.,"Kaka ta zo, ganyaye sun fara faɗowa."
Be careful what you say and how you say it.,Ka kula da abin da kake faɗi da kuma yaya kake faɗa.
"Because he was tired, he went to bed early.","Saboda ya gaji, ya kwanta da wuri."
Birds usually wake up early in the morning.,Yawanci tsuntsaye suna tashi da safe da wuri.
Blend the blue paint with the yellow paint.,Ka haɗa shuɗin fenti da fenti mai launin rawaya.
Blow the horn so that car will let us pass.,Ka danna ham ɗin mota domin motoci su bar mu mu wuce.
"By the time I arrived, he had already left.","Lokacin da na iso, shi kuma har ya tafi."
"By the way, have you heard from him lately?","To ko ma yaya ne, shin kun yi magana da shi kwanan nan?"
Can I get a lift back to the city with you?,Shin za ka iya rage min hanya zuwa cikin birnin?
Can I persuade you to stay a few more days?,Shin zan iya gamsar da kai ka zauna nan da 'yan kwanaki?
Can I talk to you about something personal?,Zan iya magana da kai a kan wani abu na kai da kai?
Can you check if the phone is out of order?,Shin za ka iya dubawa ko wayar ta lalace?
Can you describe the situation you were in?,Za ka iya yin bayanin yanayin da kake ciki?
Can you help me get my money back from Ali?.,Za ka iya taimaka min na karɓo kuɗina daga wajen Ali?
Can you make yourself understood in French?,Za ka iya yin maganar da za a fahimce ka a Faransanci?
Can you please tell me your name once more?,Don Allah za ka iya sake faɗa min sunanka?
Can you recommend a good hotel in the area?,Shin za ka iya ba da shawarar wani otal mai  kyau a yankin?
Can you recommend a hotel near the airport?,Shin za ka iya ba da shawarar wani otal a kusa da filin tashi da saukar jiragen?
Can you show me where you live on this map?,Za ka iya nuna min inda kake zaune a wannan taswirar?
Can you speak any Native American language?,Shin za ka iya yin magana da ɗaya daga cikin yaren Amurka na asali?
Can't you understand what's happening here?,Ba za ka fahimci abin da yake faruwa a nan ba ne?
"Certain poisons, properly used, are useful.","Guba da dama, idan aka yi amfani da ita ta hanyar da ta dace, tana da alfanu."
Chances of promotion are slim in this firm.,Yiwuwar samun ƙarin matsayi a wannan kamfanin ɗan kaɗan ne.
City life has advantages and disadvantages.,Rayuwar birni tana da amfani da rashin amfani.
Climbing that mountain was a piece of cake.,Hawa wancan tsaunin yana da sauƙi.
Columbus proved that the world is not flat.,Columbus ya tabbatar da cewa duniya ba a shimfiɗe take ba.
Concentrate your attention on this problem.,Ka mayar da hankalinka a kan wannan matsalar.
Could you exchange it with a different one?,Za ka iya canja min shi da wani daban?
Could you explain how the dishwasher works?,Za ka iya yi min bayanin yadda mai wanke-wanke ke aiki?
Could you put those bags in the car for me?,Za ka iya saka min waɗancan jakankunan a cikin mota?
Could you tell me something about yourself?,Shin za ka iya ɗan yi min bayani dangane da kanka?
Defeated revolutions are forgotten quickly.,Juyin juya halin da bai yi nasara ba ana saurin manta shi.
Dentists take x-rays to examine your teeth.,Likitocin haƙora suna ɗaukar hotunan x-ray domin duba haƙoranku.
Did Ali ever mention a Canadian named Mary?,Shin Ali ya taɓa ambatar wata 'yar ƙasar Kanada mai suna Mary?
Did you find the book you were looking for?,Ka samu littafin da kake nema?
Did you forget to lock the door last night?,Shin manta wa ka yi ba ka rufe ƙofa ba a daren jiya?
Did you know that Ali and Mary were dating?,Shin ka san cewa Ali da Mary suna soyayya?
Did you mail the letter yesterday or today?,Ka aika wasiƙar ne jiya ko yau?
Did you watch the FIFA Women’s World Cup?,Shin ka kalli gasar Kofin Duniya na Mata na FIFA?
Did you write anything in your diary today?,Shin ka rubuta wani abu a littafin muhimman bayananka a yau?
Didn't it occur to you to shut the windows?,Bai zo zuciyarka ba cewa ka rufe tagogin?
Didn't you hear the voice in the next room?,Shin ba ka ji muryar ba a ɗakin da ke gaba?
Didn't you just repair that three days ago?,Ba kwana uku ba kenan ka gyara wannan?
Do you agree with what he says in the book?,Ka yarda da abin da ya faɗa a cikin littafin?
Do you believe Judas betrayed Jesus Christ?,Ka yarda cewa Judas ya yaudari Yesu?
Do you happen to know the date of the exam?,Shin ka san kwanan watan jarrabawar?
Do you have a room that's a little cheaper?,Kana da ɗakin da ya ɗan fi araha?
Do you have a special menu for vegetarians?,Kuna da kalolin abinci na musamman ga marasa cin nama?
Do you have any employees who speak French?,Kuna da wani ma'aikaci da yake magana da Faransanci?
Do you have any idea how dangerous that is?,Shin ka san irin haɗarin da hakan ke da shi?
Do you have any plans for tomorrow evening?,Shin kana da wani zarafi ne a yammacin gobe?
Do you have anything to say regarding this?,Shin kana da wani abu da zaka faɗa dangane da wannan?
Do you have one a little bigger than these?,Kana da wani wanda ya ɗan fi waɗannan girma?
Do you know any doctors who speak Japanese?,Ka san wani likita da yake magana da yaren ƙasar Japan?
Do you know anything about Ali's childhood?,Shin ka san wani abu dangane da yarintar Ali.
Do you know how to get to the Hilton Hotel?,Shin ka san hanyar zuwa Otal ɗin Hilton?
Do you know the man standing on the bridge?,Ka san mutumin da yake tsaye a kan gadar?
Do you know the reason why she is so angry?,Ka san dalilin da ya sa yake fushi sosai?
Do you know where Ali and his friends went?,Ka san inda Ali da abokansa suka tafi?
Do you know which one of those boys is Ali??,Shin a cikin waɗancan yaran ka san wanene Ali?
Do you play checkers with your grandmother?,Shin kana yin wasan dara da kakarka?
Do you prefer subtitled or dubbed TV shows?,Shin ka fi son shirye-shiryen TV masu rubutacciyar fassara ko kuma masu fassarar murya?
Do you really believe that Ali is reliable?,Shin da gaske ka yarda cewa Ali abin dogaro ne?
Do you really expect Ali to arrive on time?,Da gaske kana sa ran Ali zai iso a kan lokaci?
Do you really want to go to Boston with me?,Da gaske kana son tafiya Boston tare da ni?
Do you really want to stay here for a week?,Da gaske kana son ka zauna a nan tsawon mako ɗaya?
Do you remember the first time I came here?,Shin ka tuna lokacin da na fara zuwa nan?
Do you remember the town where he was born?,Ka tuna garin da aka haife shi?
Do you think Ali is going to agree to this?,Kana ganin Ali zai yarda da wannan?
Do you think Ali really meant what he said?,Kana tunanin cewa Ali da gaske yake abin da ya faɗa?
Do you think television does children harm?,Kana ganin kuwa talabijin tana yi wa yara illa?
Do you think we have any chance of winning?,Kana ganin kuwa akwai damar samun nasara?
Do you think we should send for the doctor?,Kana ganin mu aika a kira likitan?
Do you think you could give me a paper bag?,Kana ganin za ka iya ba ni jakar kwali?
Do you think you'll ever get married again?,Kana ganin za ka sake yin aure kuwa?
Do you understand how this happened to you?,Ka fahimci yaya haka ya faru da kai?
Do you want me to help you wash the dishes?,Kana son na taimaka maka wajen wanke-wanke?
Do you want me to pick up Ali after school?,Kana son na ɗauko Ali ne bayan an tashi daga makaranta?
Do you want me to take care of that matter?,Kana son na kula da wannan al'amarin?
Doctors recommend eating three meals a day.,Likitoci sun ba da shawarar cin abinci sau uku a rana.
Does Ali know why you weren't at his party?,Shin Ali ya san me ya sa ba ka je wajen bikin murnarsa ba?
Does he go to school on foot or by bicycle?,A ƙafa yake zuwa makaranta ko a keke?
Doesn't anyone want to know why we're here?,Shin akwai wanda yake son ya san me yasa muka zo nan?
Don't act like you don't know how to dance.,Kar ka nuna kamar ba ka san yadda ake rawa ba.
Don't drive under the influence of alcohol.,Kada ka yi tuƙi yayin da kake cikin mayen giya.
Don't forget to remind Ali to feed the dog.,Kar ka manta ka tuna wa Ali cewa ya ciyar da kare.
Don't help me. I want to do this by myself.,Kar ka taimaka mini. Ina so na yi da kaina.
Don't interpret their silence as obedience.,Kar ka ɗauki shirunsu a matsayin biyayya.
Don't keep all of your money in one pocket.,Kar ka ajiye dukkanin kuɗinka a cikin aljihu ɗaya.
Don't talk about people behind their backs.,Kada ka yi da mutane a bayan idonsu.
Don't worry. It's not the end of the world.,Kar ka damu. Ba iya ƙarshen ba kenan.
Don't you ever speak to me like that again.,Kar ka sake yi min magana irin haka.
Don't you want to know what Ali looks like?,Ba ka son ka san kamar yaya Ali yake?
Either you or he has to attend the meeting.,Ko dai kai ko kuma shi dole ɗayanku ya zo taron.
Embezzle money? I wouldn't put it past her.,Satar kuɗi? ba zan yi mamaki ba don ta yi shi.
"English is not easy, but it is interesting.","Turanci ba shi da sauƙi, amma yana da ban sha'awa."
English is used in every part of the world.,Ana amfani da turanci a kowanne shashe na duniya.
Equality is guaranteed by the Constitution.,Kundin tsarin mulki ya bayar da tabbacin daidaito.
Even the greatest scholar can't solve that.,Hatta mafi girman malami ma ba zai iya warware wannan ba.
Even the richest man cannot buy everything.,Hatta mutumin da ya fi kowa kuɗi ma ba zai iya siyan komai ba.
"Even though he was sick, he went to school.","Duk da cewa ba shi da lafiya, ya je makaranta."
"Every Sunday afternoon, I go to the bazaar.","Kowanne yammacin ranar Lahadi, ina zuwa kasuwa."
Every even number is the sum of two primes.,"Duk lambar da take iya rabuwa gida biyu, ana samun ta ne ta hanyar tara lambobi biyu waɗanda ba sa rabuwa biyu."
Every girl in the class had a crush on Ali?.,Kowacce yarinya a ajin tana son Ali ne?
Every monster starts off as someone's baby.,Babu wanda aka haife shi da mugunta.
Every part of the island has been explored.,An kewaya kowanne ɓangare na tsibirin.
"Every time I looked at him, he was yawning.","Duk lokacin da na kalle shi, yana yin hamma."
Every word in this dictionary is important.,Kowacce kalma a cikin wannan ƙamusun tana da muhimmanci.
Everybody knows she can speak English well.,Kowa ya san za ta iya magana da Turanci sosai.
Everyone but Ali seemed to enjoy the party.,Alamun kowa ya ji daɗin wannan bikin murnar in ban da Ali
Everyone has a right to say what he thinks.,Kowa yana da 'yancin faɗar abin da yake tunani.
Everyone is more or less interested in art.,Kowa yana da ɗan sha'awa a cikin zane-zane.
"Everyone knows what they have to do, right?","Kowa ya san abin da ya wajaba ya aikata, haka ne?"
Everything he told us was pure fabrication.,Duk abin da ya faɗa mana zallar ƙarya ce.
Everything turned out all right in the end.,A ƙarshe dai komai ya daidaita.
Everything went better than I had expected.,Komai ya tafi daidai sama da yadda na yi tsammani.
"Except for Ali?, I didn't know anyone there.","In ban da Ali, ban san kowa ba a wajen."
"Except for one person, everybody went home.","Kowa ya tafi gida, in ban da mutum ɗaya."
Excessive supply leads to a drop in prices.,Yawaitar fito da kaya yana janyo faɗuwar farashi.
Excitement is not good for a man of my age.,Ɗoki bai dace da mutumin da yake da shekaruna ba.
"Excuse me sir, could you spare some change?","Don Allah malam, za ka iya bar min canjin?"
Falling rocks present a danger to climbers.,Faɗowar duwatsu alama ce ta haɗari ga masu hawa dutse.
Farmers separate good apples from bad ones.,Manoma suna ware tufa mai kyau daga marasa kyau.
Father has given up smoking for his health.,Mahaifi ya daina shan taba don kula da lafiyarsa.
Few people were killed in the car accident.,Mutane kaɗan ne haɗarin motar ya yi sanadiyyar mutuwarsu.
Few students could understand what he said.,Ɗalibai kaɗan ne ke iya fahimtar me ya faɗa.
Finishing this job by Tuesday will be easy.,Kammala wannan aikin nan da ranar Talata zai zama abu mai sauƙi.
"First, we have to find out where they live.","Da farko dai, dole mu nemo a ina suke zaune."
Fold the napkins and put one by each plate.,"Ka nannaɗe hankicin, sannan ka ajiye guda ɗaya a kusa da kowanne faranti."
"For the time being, we don't need anything.","A halin yanzu dai, ba ma buƙatar komai."
"Fortunately, Ali didn't get seriously hurt.","An yi sa'a, Ali bai ji rauni sosai ba."
"Frankly speaking, I think he's a good boss.","Zance na gaskiya, Ina ganin shi shugaba ne nagari."
"Generally speaking, history repeats itself.","Magana a Jimlance, tarihi ne yake maimaita kansa."
"Generally speaking, savings are increasing.","Magana a Jimlance, ajiyar kuɗi yana ƙaruwa."
"Generally speaking, what she says is right.","Magana a jimlance, abin da ta faɗa gaskiya ne."
Give a man a mask and he'll tell the truth.,"Ku ba wa mutumin abin rufe fuska, zai faɗi gaskiya."
Give me a telephone call when you get back.,Ka kira ni a waya idan ka koma.
Give me one reason why I shouldn't do that.,Ba ni dalili guda ɗaya da zai hana ni aikata hakan.
Graham Greene is a favorite author of mine.,Graham Greene marubucina ne wanda nake so.
Gravity acts on everything in the universe.,Nauyi yana da tasiri a kan kowanne abu na duniya.
Guns don't kill people. People kill people.,"Bindigu ba sa kashe mutane, mutane su ke kashe mutane."
Harshness should be avoided in those cases.,Ya kamata a kauce wa tsanantawa a irin waɗannan yanayin.
Have you ever been in trouble with the law?,Ka taɓa shiga matsala ta shari'a?
Have you ever been to the Korean Peninsula?,Ka taɓa zuwa Tsibirin Koriya?
Have you ever cut your finger with a knife?,Ka taɓa yanke farcenka da wuƙa?
Have you ever seen such a beautiful sunset?,Ka taɓa ganin irin kyakkyawar faɗuwar rana haka?
Have you ever thought about writing a book?,Ka taɓa yin tunanin rubuta littafi?
Have you ever thought of becoming a writer?,Ka taɓa yin tunanin zama marubuci?
Have you finished your French homework yet?,Ka gama aikin gidanka na Faransanci har yanzu kuwa?
Have you got something to crack these nuts?,Ka samu abin da za ka fasa wannan kwakwar kuwa?
Have you gotten used to living in the dorm?,Ka saba kwana a ɗakin kwanan ɗalibai kuwa?
Have you made up your mind to come with me?,Ka yanke shawarar ka biyo ni kuwa?
Have you read any interesting books lately?,Ka karanta wani littafi mai ƙayatarwa a nan kusa kuwa?
Have you received an answer to your letter?,Ka samu amsar wasiƙarka kuwa?
Have you seen the recipe book that I wrote?,Ka ga littafin girke-girke da na rubuta kuwa?
Have you shown Ali the new book you bought?,Ka nuna wa Ali sabon littafin da ka siya kuwa?
Have you spoken to your parents about this?,Ka yi magana da iyayenka dangane da wannan kuwa?
He accommodated the traveler for the night.,Ya ba wa matafiyin masauki saboda daren.
He accomplishes whatever he sets out to do.,Ya cimma duk abin da ya tsara zai yi.
He argues about everything he's told to do.,Ya musu dangane da duk abin da aka ce ya aikata.
He bought a book and gave it to his father.,Ya siyo littafi ya kuma ba wa mahaifinsa.
He built a doghouse with his son on Sunday.,Ya gina ɗakin kare tare da ɗansa a ranar Lahadi.
He can do whatever he likes with the money.,Zai iya yin duk abin da yake so da kuɗin.
"He can speak French, and obviously English.","Zai iya magana da Faransanci, kai har da Turanci ma."
He can't tell what is written on the paper.,Ba zai iya faɗar abin da yake rubuce a jikin takardar ba.
He carelessly forgot the camera in the bus.,Ya manta kyamarar a cikin motar bas ɗin saboda rashin kula.
He caught hold of a rope and saved himself.,Ya kama igiyar ya kuma tseraratar da kansa.
He climbed to the very top of the mountain.,Ya hau ƙololuwar tsaunin.
He complained that he was unfairly treated.,Ya yi ƙorafin cewa ba a tarbe shi da kyau ba.
He could not forsake his friend in trouble.,Ba zai iya rabuwa da abokinsa a cikin matsala ba.
He could swim fast enough to pass the test.,Zai iya yin iyo cikin sauri don ya ci jarrabawar.
He crossed the Pacific Ocean in a sailboat.,Ya tsallaka Tekun Fasifik a jirgin ruwa.
He decided to write in his diary every day.,Ya yanke shawarar yin rubutu cikin littafin rubuta muhimman abubuwansa a kullum.
He did the work to the best of his ability.,Ya yi aikin iya bakin ƙoƙarinsa.
He died peacefully in bed at the age of 86.,Ya mutu cikin salama a kan gado yana da shekaru 86.
He divided the apples among the five of us.,Ya raba mana tufar mu biyar.
He doesn't seem to be heading for the town.,Kamar dai ba cikin gari ya nufo ba.
He failed to write to his father that week.,Ya gaza rubutowa mahaifinsa wasiƙa a wannan makon.
He feels a good deal better than yesterday.,Ya ji daɗi sosai fiye da jiya.
He gives an apple to the teacher every day.,Yana ba wa malamin tufa a kullum.
He got a prize for winning the competition.,Ya samu kyauta sakamakon cin gasar.
He has made little progress in his English.,Ya ɗan samu cigaba a Turancinsa.
"He has no wife, no children and no friends.","Ba shi da mata, ba shi da 'ya'ya, kuma ba shi da abokai."
He has not written to them for a long time.,Bai rubuta musu wasiƙa ba tsawon lokaci.
He has the backing of a certain politician.,Yana da goyon bayan wani ɗan siyasa.
He has three times as many books as I have.,Littattafansa sun ninka nawa sau uku.
He hopes to exhibit his paintings in Japan.,Yana fatan yin baje kolin zanen fentinsa a ƙasar Japan.
He insulted her. That is why she got angry.,"Ya ci mata mutunci ne, shi ya sa ta yi fushi."
He is absorbed in the study of linguistics.,Ya yi zurfi cikin nazarin ilimin harsuna.
He is managing the business for his father.,Shi yake kula da kasuwancin mahaifinsa.
He is not the sharpest knife in the drawer.,Ba shi ne ya fi kowa wayo ba a cikin mutane.
He is richer than anyone else in this town.,Ya fi kowa kuɗi a wannan garin.
He is sure that he will pass the next exam.,Yana da tabbacin cin nasara a jarrabawa mai zuwa.
"He is tall, but his brother is much taller.","Yana da tsayi, amma ɗan uwansa ya fi shi tsayi."
He is working hard to pass the examination.,Yana aiki tuƙuru don ganin ya yi nasara a jarrabawar.
He knows close to nothing about this issue.,Kusan bai san komai ba dangane da wannan lamarin.
"He looks old, but he hasn't reached 30 yet.","Kamar ya tsufa, amma shekarunsa ba su kai 30 ba."
He made a speech in English at the meeting.,Ya yi jawabi da Turanci a wajen taron.
He made an accurate report of the incident.,Ya ba da rahoton abin da ya faru daidai wa daida.
He never fully recovered from his injuries.,Bai gama warkewa gabaɗaya ba daga raunin da ya ji.
He often gets worked up over little things.,Yana damuwa a kan ƙananan abubuwa sau da yawa.
He often tells us we must help one another.,Yana yawan faɗa mana cewa dole mu taimaki juna.
He often walks with his hand in his pocket.,Yawanci yana tafiya hannayensa a cikin aljihunsa.
He parked his car in front of the building.,Ya ajiye motar a gaban ginin.
He picked up a handkerchief from the floor.,Ya ɗauki hankici daga ƙasa.
He played an active part in the revolution.,Ya taka muhimmiyar rawa wajen kawo juyin juya halin.
He pointed out some spelling errors to her.,Ya nuna mata wasu kurakurai na haruffan kalma.
He ran too fast for me to keep up with him.,Ya yi gudu sosai har na kasa cim masa.
He reminds me of his father when he speaks.,Yana tuna min da mahaifinsa idan ya yi magana.
He resigned his post on account of illness.,Ya ajiye muƙaminsa sakamakon rashin lafiya.
He said he had more important things to do.,Ya ce yana da abubuwa masu muhimmanci da dama da zai yi.
He said military force would not be needed.,Ya ce ba za a buƙaci ƙarfin soja ba.
He said that he takes a walk every morning.,Ya ce yana yin tafiyar ƙafa a kowacce safiya.
He saved no less than ten thousand dollars.,Ya ajiye kuɗin da bai gaza dala dubu goma ba.
He says he is leaving the country for good.,Ya ce zai bar ƙasar har abada.
He slowly let the clutch out and drove off.,Ya saki kuloci a hankali ya tafi.
He soon accustomed himself to cold weather.,Ya sabar wa da kansa yanayin sanyi da wuri.
He started to learn Spanish from the radio.,Ya fara koyon Sifaniyanci a rediyo.
He stood out because he was wearing a suit.,Ya fita daban ne saboda yana sanye da kwat.
He suddenly noticed his wallet was missing.,Kwatsam ya lura cewa walat ɗinsa ta ɓata.
He suggested to her that she should buy it.,Ya ba ta shawarar cewa ta siyi abin.
He told us a very exciting adventure story.,Ya ba mu labarin mai ban ƙaye na kasada.
He took part in the anti-war demonstration.,ya kasance cikin waɗanda suka gudanar da zanga-zangar ƙin goyon bayan yaƙin.
He took the trouble to assist the poor man.,Ya ɗauki kasadar taimaka wa talakan.
He transferred his whole estate to his son.,Ya mayar da mallakar rukunin gidajen nasa wajen ɗansa.
He translated a Japanese novel into French.,Ya fassara labarin Jafanancin zuwa Faransanci.
He used her bike without asking permission.,Ya yi amfani da baburɗinta  ba tare da izininta ba.
He walked away with a sad look on his face.,Ya tafi fuskarsa cike da ɓacin rai.
He walked slowly so the child could follow.,Ya tafi a hankali ta yadda yaron zai iya binsa.
He walked to and fro in front of her house.,Yana ta kai komo a ƙofar gidanta.
He wanted to be woken up early by his wife.,Yana so matarsa ta tashe shi da wuri.
He was a little old man with thick glasses.,Shi tsohon mutum ne gajere mai tabarau mai kauri.
He was a professor at Cambridge University.,Shi farfesa ne a Jami'ar Cambridge.
He was first elected to the Senate in 1984.,An zaɓe shi a karon fari a Majalisar Dattawa a shekarar 1984.
He was granted admission to the university.,An ba shi gurbin karatu a jami'ar.
He was scared to admit that he didn't know.,Yana jin tsoron ya yarda cewa bai sani ba.
He was so mad that he forgot to eat dinner.,Ya fusata sosai har ya manta cewa bai ci abincin dare ba.
He was so tired that he could hardly stand.,Ya gaji sosai ta yadda da ƙyar zai iya tsayuwa.
He was standing at the top of the mountain.,Yana tsaye a saman tsaunin.
He was surrounded by a throng of reporters.,Dandazon masu rahoto sun kewaye shi.
He wasn't happy in spite of all his wealth.,Ba ya cikin farinciki duk da tarin dukiyarsa.
He went so far as to say that I was coward.,Ya wuce gona da iri har da kirana da matsoraci.
He who sleeps with dogs gets up with fleas.,Duk wanda ya kwanta da karnuka zai tashi da ƙuma.
He will tell me everything sooner or later.,Zai faɗa mini komai ko badaɗe ko bajima.
He would be the last man to break his word.,Zai kasance mutum na ƙarshe da zai karya alƙawarinsa.
He would like to come with us to the movie.,Zai so mu tafi tare da shi kallon fim ɗin.
He would sit and look at the sea for hours.,Zai zauna tsawon sa'oi yana kallon kogin.
He wouldn't permit me to swim in the river.,Ba zai bar ni na yi iyo a cikin kogin ba.
He writes to his mother every now and then.,Yana rubuta wa mahaifiyarsa wasiƙa lokaci-lokaci.
He's always breaking into our conversation.,Yana saka baki cikin tattaunawarmu a kodayaushe.
He's back from his travels in Central Asia.,Ya dawo daga tafiye-tafiyensa na nahiyar Asiya ta Tsakiya.
He's been doing this for over twenty years.,Ya kasance yana yin hakan sama da shekara ashirin.
He's quite formal when he meets a stranger.,Yana kasancewa cikin ladabi idan ya haɗu ba baƙo.
He's too smart to do something that stupid.,Yana da wayon da ba zai yi wannan wautar ba.
He's very shy. He says he wants to see you.,"Yana jin kunya sosai, yana son ganin ki."
Health is an important factor of happiness.,Lafiya muhimmin abu ne na farinciki.
Her bag is the same design as her mother's.,Ƙirar jakarta iri ɗaya ne da na mahaifiyarta.
Her behavior isn't normal for a young girl.,Ɗabi'unta ba su daidai suke ba ga ƙaramar yarinya.
Her unusual behavior caused our suspicions.,Baƙin ɗabi'unta ne ya janyo zargin da muke.
Here comes a bus. We might as well take it.,Ga motar bas nan ta zo. Mu ma za mu iya hawan ta.
His comments about the book were favorable.,Sharhinsa dangane da littafin na goyon baya ne.
His disappointment was obvious to everyone.,Kowa ya gane takaicin da ya shiga.
His failure in business left him penniless.,Matsalar da ya samu a kasuwanci ta janyo masa zama babu ko sisi.
His father had died of cancer 10 years ago.,Mahafinsa ya mutu sakamakon ciwon daji shekaru 10 da suka gabata.
His knowledge of geography is insufficient.,Ba shi da wadataccen ilimin Kimiyyar Ƙasa.
His letter indirectly refers to the matter.,Wasiƙarsa tana magana ne dangane da lamarin ba kai tsaye ba.
His main object in life was to become rich.,Babbar manufarsa a rayuwa shi ne ya yi kuɗi.
His name is known to everyone in this town.,Sunansa sananne ne a wannan garin.
His performance left nothing to be desired.,Ƙoƙarinsa ba wani abin da za a so ba ne.
His pride didn't allow him to ask for help.,Girman kansa ba zai bar shi ya nemi taimako ba.
His store is always crowded with customers.,Kantinsa yana cika da mutane a kodayaushe.
His teeth are yellow from smoking too much.,Haƙoransa sun zama launin rawaya saboda shan taba.
Historians are not sure who his father was.,Masana tarihi ba su da tabbacin wanene mahaifinsa.
How about going out for a drink after work?,Ya kake ganin mu fita don mu sha abin sha bayan tashi daga aiki?
How can you contribute to our organisation?,Ta yaya za ka ba wa ƙungiyarmu gudummawa?
How did Ali get his hands on so much money?,Yaya aka yi Ali ya samu kuɗi masu yawa haka?
How did Ali lose so much weight so quickly?,Yaya aka yi Ali ya rame cikin sauri haka?
How did she get such an idea into her head?,Ya aka yi ta samo wannan basirar a cikin ƙwaƙwalwarta?
How did you know that Ali didn't like Mary?,Ya aka yi ka san cewa Ali ba ya son Mary?
How do I know if a guy is interested in me?,Ta yaya zan san cewa namiji yana ra'ayina?
How do you know that Ali doesn't like Mary?,Ya aka yi ka san cewa Ali ba ya son Mary?
How long ago did you start studying French?,Tun yaushe ka fara koyar Faransanci?
How long do I have to stay in the hospital?,Har zuwa yaushe zan cigaba da zama a asibitin?
How long have you been waiting for the bus?,Tun yaushe kake jiran motar bas ɗin?
How long would it take to get there by bus?,A sa'a nawa mutum zai isa zuwa can a motar bas?
How many cups of coffee a day are too many?,kofi nawa ne na kofi a rana za a ce ya yi yawa?
How many cups of coffee do you drink a day?,Kofin kofi nawa kake sha a rana?
How many kilometers is it to the next town?,Nisan kilomita nawa ne zuwa garin dake gaba?
How many other girls have you said that to?,Sauran 'yan mata nawa ka faɗa wa haka?
How many students are there in your school?,Ɗalibai nawa ne a makarantarku?
How many years have you been studying judo?,Shekaru nawa ka ɗauka kana karantar judo?
"Hurry up, and you'll be in time for school.","Yi sauri, za ka isa makaranta a kan lokaci."
I almost spilled the coffee on my keyboard.,Na kusan zuba kofi a kan madannin haruffana.
I already said I don't know how to do that.,Na riga na faɗi cewa ban san ya ake yin hakan ba.
I already spoke to someone in Ali's office.,Na riga na yi magana da wani a ofishin Ali.
I always listen to anything Ali has to say.,Kodayaushe ina sauron dukkanin abin da Ali yake faɗa.
I am afraid he is going to spill the beans.,Ina jin tsoron kada ya zubar da waken.
I am ashamed about what happened yesterday.,Na ji kunya dangane da abin da ya faru jiya.
I am ashamed of myself for my poor English.,Na ji kunyar kaina saboda mummunan Turancin da nake yi.
I am hoping to get two copies of this book.,Ina fatan samun kwafi biyu na wannan littafin.
I am in a bind as my money has been stolen.,Ina cikin matsala saboda an sace min kuɗina.
I am interested in getting a hat like this.,Ina sha'awar samun malfa irin wannan.
I am interested in studying German culture.,Ina sha'awar yin nazarin al'adun ƙasar Jamus.
I am interested in the cello and the piano.,Ina sha'awar yin kiɗa da cello da kuma fiyano.
"I am no longer young, but I can still bite.","Ni yanzu ba yaro ba ne, amma har yanzu zan iya yin cizo."
I am not particularly fond of Shaw's plays.,Ni dai wasan Shaw ba ya burgeni.
I am writing to express my dissatisfaction.,Ina yin rubutun ne don bayyanar da rashin gamsuwata.
"I appreciate the offer, but I can't accept.","Na yaba da tayin, amma ba zan iya karɓa ba."
I appreciated my neighbor's generous offer.,Na yaba da tayin karamci da maƙwabcina ya yi.
I asked Ali to wait for a few more minutes.,Na ce wa Ali ya ɗan sake jira mintuna kaɗan.
I assume that Ali doesn't know how to swim.,Na ƙaddara cewa Ali bai san yadda ake yin iyo ba.
"I avoid traveling by air, if I can help it.","Ina guje wa tafiya a jirgin sama, in dai ina da zaɓi."
I blame Ali for what happened to all of us.,Na ɗora laifin abin da ya faru a gare mu bakiɗaya a kan Ali.
I bought a new dress for her on his behalf.,Na siyo mata sababbin tufafi a madadinsa.
I bought that scarf we looked at yesterday.,Na siyo wannan mayafin da muka duba jiya.
I broke a bone in my foot while exercising.,Na karya wani ƙashi a ƙafata yayin da nake motsa jiki.
I came near to being run over by the truck.,Kaɗan ya rage babbar motar ta buge ni.
I came near to getting involved in a crime.,Kaɗan ya rage ban shiga cikin aikata laifin ba.
I came to Toronto at the beginning of June.,Na zo Toronto a farkon watan Yuni.
I can lend you some money if you need some.,Zan iya ranta maka kuɗi idan kana buƙatar wasu.
I can tell this has been difficult for you.,Na gane cewa wannan ya yi maka wahala.
I can't be away from my wife for that long.,Ba zan iya yin nesa ga matata irin wannan daɗewar ba.
I can't figure out how to solve the puzzle.,Na kasa gano yadda zan warware sarƙaƙiyar.
I can't forgive him for behaving like that.,Ba zan iya yafe masa ba saboda halin da ya nuna.
I can't get this splinter out of my finger.,Ba zan iya cire wannan gutsuren daga ɗan yatsana ba.
I can't make it to your party next weekend.,Ba zan samu damar zuwa bikin murnarka ba mako mai zuwa.
I can't pay you back the money you lent me.,Ba zan iya biyanka kuɗin da ka ranta min ba.
I can't promise that I'll be here tomorrow.,Ba zan iya yin alƙawarin cewa zan zo nan ba gobe.
I can't seem to focus on work at all today.,Na kasa mayar da hankalina a kan aiki gabaɗaya yau.
I can't stand to see you wasting your time.,Ba zan iya tsayawa ina kallonka kana ɓata lokaci ba.
I can't tell if you're being honest or not.,Ba zan iya faɗar cewa kana da gaskiya ko kuma baka da ita ba.
I can't tell you how to pronounce the word.,Ba zan iya faɗa maka yadda ake furta kalmar ba.
I can't understand why he left so suddenly.,Na kasa fahimtar me ya sa ya tafi kwatsam.
I can't wear those clothes. They don't fit.,"Ba zan iya sanya waɗancan tufafin ba, ba su yi daidai ba."
I chose to leave instead of staying behind.,Na zaɓi na tafi maimakon na tsaya.
I concentrated my attention on the lecture.,Na mayar da hankalina kan laccar.
I concentrated my attention on the subject.,Na mayar da hankalina kan darasin.
I consider fruit to be the healthiest food.,Na ɗauki kayan marmari a matsayin kayan abinci wanda ya fi samar da lafiya.
I could not stand my house being torn down.,Ban so a rushe gidana ba ko kaɗan.
I could write Ali a note if you want me to.,Zan iya rubuta saƙo zuwa ga Ali idan kana so na yi.
I couldn't find the page I was looking for.,Na kasa gano shafin da nake nema.
I couldn't remember the title of that song.,Na kasa tuna taken waƙar.
I cried myself to sleep almost every night.,Kusan kullum na kan yi kuka har sai bacci ya ɗauke ni.
I decided not to go to the movie after all.,Daga ƙarshe na yanke shawarar ba zan je kallon fim ɗin ba.
I deeply regret having caused the accident.,Na yi matuƙar nadamar janyo hatsarin.
I didn't eat everything that she served me.,Ban ci dukkanin abincin da ta zubo min ba.
I didn't even get a chance to eat anything.,Ban ma samu damar cin komai ba.
I didn't have to tell Ali. He already knew.,Ba na buƙatar na faɗa wa Ali. Ya riga ya sani.
I didn't know that someone was watching me.,Ban san cewa wani yana kallona ba.
I didn't say anything to hurt his feelings.,Ban faɗi komai don na ɓata masa rai ba.
I didn't see you at Ali's party last night.,Ban gan ka a bikin murnar Ali ba a daren jiya.
"I didn't want to come, but I had no choice."," Ba na son zuwa, sai dai ba ni da zaɓi."
I didn't want to make a big deal out of it.,Ba na so na mayar da shi wani babban abu.
I do a lot of work on the school newspaper.,Na yi aiki sosai a kan jaridar makaranta.
I don't consider myself to be good-looking.,Ban ɗauki kaina wani kyakkyawa ba.
I don't expect that to happen anytime soon.,Ban ɗauki kaina wani mai kyan gani ba.
I don't feel like doing anything right now.,Ba na son na yi komai a halin yanzu.
I don't have anything to say to any of you.,Ba ni da abin da zan faɗa wa wani daga cikinku.
I don't have much money in my bank account.,Ba ni da kuɗi sosai a cikin asusun bankina.
I don't have the time to do that right now.,Ba ni da lokacin aikata hakan a halin yanzu.
I don't have time for a vacation this year.,Ba ni da lokacin hutu a wannan shekarar.
"I don't know Ali well, but I know his wife.","Ban san Ali sosai ba, amma na san matarsa."
I don't know for certain when he will come.,Ban san haƙiƙanin yaushe zai zo ba.
I don't know how to operate this CD player.,Ban san yaya ake amfani da wannan na'urar CD ɗin ba.
I don't know how to reply to that question.,Ban san yadda zan ba da amsar waccan tambayar ba.
I don't know if I can ever trust you again.,Ban sani ba ko zan sake iya amincewa da kai.
I don't know much about our foreign policy.,Ba ni da ilimi sosai dangane da manufofinmu na ƙashashen waje.
I don't know what I'd do in that situation.,Ban san me zai yi ba a wannan yanayin.
I don't know when Ali is leaving for Japan.,Ban san yaushe Ali zai tafi zuwa Japan ba.
I don't know when my mother will come back.,Ban san yaushe mahaifiyata za ta dawo ba.
I don't know whether to believe him or not.,Ban sani ba ko zan yarda da shi ko ba zan yarda ba.
I don't know whether to believe you or not.,Ban sani ba ko zan yarda da kai ko ba zan yarda ba.
I don't know why Ali needs that much money.,Ban san me ya sa Ali yake son waɗannan kuɗin masu yawa ba.
I don't like it when people make fun of me.,Ba na so mutane du rinƙa yi min dariya.
I don't like this tie. Show me another one.,Ba na so mutane su mai da ni abin ban dariya.
I don't like to mix business with pleasure.,Ba na son haɗa kasuwanci da shaƙatawa.
"I don't love her, not even if she loves me.","Ba na son ta, ko da tana so na."
I don't recognize over half of these names.,Ban gane sama da rabin waɗannan sunayen ba.
I don't remember getting paid for the work.,Na manta yaushe rabon da a biyani kuɗin aikin.
I don't remember saying anything like that.,Ba zan iya tuna cewa na faɗi abu irin haka ba.
I don't remember sending that text message.,Ba zan iya tuna cewa na tura rubutaccen saƙon ba.
I don't remember where I put my sunglasses.,Na kasa tuna inda na saka gilashin idona.
I don't see why we had to buy all the food.,Ban ga dalilin da zai saka mu siyi duka abincin ba.
I don't think Ali is capable of doing that.,Ba na tunanin Ali zai iya yin hakan.
I don't think people use that word anymore.,Ba na tunanin mutane suna amfani da wannan kalmar har yanzu.
I don't think this armchair is comfortable.,Ba na tunanin wannan kujerar za ta yi daɗi.
I don't think this is any of your business.,Ina ganin wannan ba abin da ya shafe ka ba ne.
I don't understand what she wants me to do.,Na kasa fahimtar me take son na yi.
I don't understand why you want to do that.,Na kasa fahimtar me ya sa kake son yin hakan.
I don't want anything bad to happen to you.,Ba na son wani mummunan abu ya faru da kai.
I don't want to be involved in this affair.,Ba na son shiga cikin wannan lamarin.
I don't want to deal with this problem now.,Ba na son na magance wannan matsalar yanzu.
I don't want to go if you don't go with me.,Ba na son zuwa in dai ba za ka tafi da ni ba.
I don't want to hear another word about it!,Ba na son sake jin komai dangane da hakan.
I don't want to play tennis this afternoon.,Ba na son buga ƙwallon tennis a yammacin nan.
I don't want you to quit playing the piano.,Ba na son ka daina kaɗa fiyano ɗin.
I don't want you to quit what you're doing.,Ba na son ka daina yin abin da kake yi.
I don't want you to think about it anymore.,Ba na son ka sake tunani akan shi bakiɗaya.
I doubt if this shop will ever pay its way.,Ina shakkar ko wannan shagon zai dinga samar da riba.
I doubt that Ali knows Mary's phone number.,ina shakkar cewa Ali ya san lambar wayar Mary.
I eat a boiled egg for breakfast every day.,Ina cin dafaffen ƙwai wajen karin kumallo a kullum.
I feel like you don't really care about me.,Ina jin kamar ba ka damu da ni ba.
I fell asleep in the middle of the lecture.,Na yi  bacci ana tsaka da yin lacca.
I felt tired after having worked for hours.,Na gaji bayan na yi aiki na tsawon sa'oi.
I felt very relieved when I heard the news.,Na ji sanyi a raina bayan na ji labarin.
I forgot to attach a stamp to the envelope.,Na manta ban maƙala  hatimi a jikin ambulan ɗin ba.
I found a rare book I had been looking for.,Na samu wani littafi mai wuyar samu da na daɗe ina nema.
I found it difficult to get along with him.,Yana da wahala a gare ni na saba da shi.
I found the missing piece of your necklace.,Na samu sashen da ya ɓata na sarƙar wuyanki.
I found your coat after you left the house.,Na samu kwat ɗinka bayan ka fita daga gida
I gave him what little money I had with me.,Na ba shi ɗan kuɗin da ya rage mini.
I got into a traffic jam on the expressway.,Na shiga cikin cunkoson ababen hawa a babbar hanya.
I got some shampoo in my eyes and it burns.,Shamfu ya shiga idanuna yana kuma yi min zafi.
I had a feeling you were going to say that.,Ina ji a jikina da ma za ka faɗi hakan.
I had a terrible accident riding this bike.,Na yi mummunan haɗari ina tuƙa wannan keken.
I had him carry my luggage to the platform.,Na saka shi ya ɗauki kayana zuwa dandalin hawa jirgi.
I had my job interview in the meeting room.,An yi min hirar ɗaukar aiki a ɗakin taron.
I have a couple of questions I need to ask.,Ina da wasu 'yan tambayoyi da nake so na yi.
I have a different opinion on that subject.,Ina da ra'ayi na daban a kan wannan batun.
I have a friend whose father is a magician.,Ina da abokin da mahaifinsa matsafi ne.
I have a lot more experience than Ali does.,Ina da gogewa sosai wacce Ali ba shi da ita.
I have a special relationship with my aunt.,Ina da alaƙa ta musamman da innata.
I have an ever growing list of to-do items.,Ina da jerin abubuwan da zan aiwatar wanda kullum ƙaruwa yake.
I have been a disappointment to my parents.,Na zama abin kunya wajen iyayena.
I have been studying French four years now.,Na ɗauki shekara huɗu yanzu ina karatun Faransanci.
I have known him ever since he was a child.,Na san shi tun yana yaro.
I have made many sacrifices for my country.,Na yi sadaukarwa da dama ga ƙasata.
I have more than one friend who can't swim.,Ina da aboki sama da guda ɗaya wanda bai iya iyo ba.
I have never heard him speak ill of others.,Ban taɓa jin sa yana faɗar aibun wasu ba.
I have never smoked a cigarette in my life.,Ban taɓa shan taba sigari ba a rayuwata.
I have taken everything into consideration.,Na kiyaye komai.
I have ten times as many books as you have.,Littattafaina sun yi goman naka.
I have the same dictionary as your brother.,Ƙamusuna iri ɗaya ne da na ɗan uwanka.
I have to make the best of that small room.,Dole na ƙayata wancan ƙaramin ɗakin.
I have to study for tomorrow's French test.,Dole na yi karatu saboda gwajin Faransanci da za a yi gobe.
I have to take my medicine every six hours.,Dole na sha maganina duk bayan sa'oi shida.
I have to wash my hands and brush my teeth.,Dole na wanke hannuna na kuma goge haƙorana.
I haven't been getting enough sleep lately.,Ba na samun isashshen bacci kwanan nan.
I haven't formed an opinion about that yet.,Ban fitar da ra'ayina ba a kan hakan har yanzu.
I haven't touched a tennis racket in years.,Tsawon shekaru ban taɓa riƙe kurar wasan tennis ba.
I hired a professional to repair the stove.,Na ɗauko ƙwararre domin ya gyara murhun dafa abincin.
I hope nothing ruins our last day together.,Ina fatan babu abin da ya ɓata mana ranarmu ta ƙarshe da muka yi tare.
I hope you are not thinking it is my fault.,Ina fatan ba kya tunanin cewa laifina ne.
I just don't want to be disappointed again.,Kawai ba na son na sake samun wani takaicin.
I just don't want you to do anything crazy.,Kawai ba na son dai ka yi wani abu na hauka.
I just learned six new facts about wombats.,Na samu sababbin bayanai guda shida dangane da wombats.
I just lost at the races so I'm flat broke.,"Na yi rashin nasara a wajen tseren yanzu, saboda haka ba ni da ko sisi."
"I knocked on the door, but nobody answered.","Na ƙwanƙwasa ƙofar, amma babu wanda ya amsa."
I know someone who speaks French very well.,Na san wanda ya iya magana da Faransanci sosai.
I know that Mary is more beautiful than me.,Na san cewa Mary ta fi ni kyau.
I know that Ali is more handsome than I am.,Na san cewa Ali ya fi ni kyau.
I know this must be very difficult for you.,Na san wannan ɗin zai yi maka wahala sosai.
"I like listening to music, especially jazz.","Ina son sauraron kaɗe-kaɗe, musamman samfurin jazz."
"I like music, particularly classical music.","Ina son kaɗe-kaɗe, musamman kiɗan gargajiya."
I like the blue one. How much does it cost?,"Ina son shuɗin, nawa ne kuɗin?"
I like to play music written by my friends.,Ina son jin kiɗan da abokaina ne suka rubuta.
I love him more than any of the other boys.,Ina son shi sama da sauran matasan.
I love you more than anything in the world.,Ina son ki sama da komai a duniya.
I made a big mistake when choosing my wife.,Na yi babban kuskure yayin zaɓar matata.
I maintain that sports are a waste of time.,Na tabbatar da cewa wasanni kawai ɓata lokaci ne.
I might be able to convince Ali to do that.,Zan iya samun damar gamsar da Ali a kan ya aikata hakan.
I must have a cup of coffee in the morning.,Dole ne na sha kofin kofi da safe.
I narrowly escaped being run over by a car.,Na sha da ƙyar mota ba ta kaɗe ni ba.
I need to be sure that you understand this.,Ina buƙatar na tabbatar da cewa ka fahimci wannan.
I need to find out where Ali was yesterday.,Ina so na gano ina Ali ya tafi jiya.
I need you to do a couple of things for me.,Ina son ka yi min wasu 'yan abubuwa.
I need you to go to the supermarket for me.,Ina son ka je mini shagon siyar  da kayayyaki.
I never actually saw Ali and John fighting.,Ban taɓa ganin Ali da John suna faɗa ba.
I never realized how much I would miss you.,Ban  taɓa gane yadda zan yi kewarka ba.
I never wanted Ali here in the first place.,Tun farko ban so Ali ya zo nan ba.
I now view life differently than I used to.,Kallon da nake yi wa rayuwa a yanzu ya sha banban.
I often go out with friends in the evening.,sau da dama Ina fita tare da abokaina da yamma.
I only believe about half of what Ali says.,Na yarda da rabin abin da Ali ne ya faɗa kaɗai.
I only found out about that a few days ago.,Sai 'yan kwanakin nan da suka gabata na gano haka.
"I only have one mouth, but I have two ears.","Ina da baki guda ɗaya kacal, amma ina da kunnuwa biyu."
I plan to tell Ali that I don't want to go.,Na yi shirin faɗa wa Ali cewa ba na son zuwa.
I plan to visit Ali in Boston next weekend.,Na yi shirin na kai wa Ali ziyara Boston ƙarshen mako mai zuwa.
I put three teaspoons of sugar in your tea.,Na saka sukari ƙaramin cokali uku a cikin shayinka.
I ran out of money during my stay in India.,Kuɗina sun ƙare duka lokacin da na zauna a Indiya.
I read about how to make tempura in a book.,Na koyi yadda ake haɗa tempura a littafi.
I really do want to get to know Ali better.,Da gaske ba na son na san Ali sosai.
I really do want to get to know you better.,Da gaske ba na son na san ka sosai.
I really don't feel like talking right now.,Da gaske ba na jin son yin magana a halin yanzu.
I really want to know what's going on here.,Da gaske ina so na san me yake faruwa a nan.
I refuse to be treated like a slave by you.,Na ƙi amincewa ka mayar da ni kamar wata baiwa.
I remember the day you were born very well.,Ina iya tuna ranar da aka haife ka sosai.
I remember the fact that you're my brother.,Ina tuna da cewa kai ɗan uwana ne.
I remind you that you are still under oath.,Har yanzu ina tuna maka cewa fa ka yi rantsuwa.
I reminded him to write to his mother soon.,Na tuna masa cewa ya yi sauri ya rubuta wa mahaifiyarsa wasiƙa.
I require that all my employees be on time.,Na buƙaci dukkanin ma'aikatana su zo a kan lokaci.
I saw a figure approaching in the distance.,Na gano wani mutum tana tahowa daga nesa.
I saw you driving by my house this morning.,Na gan ka kana tuƙi ta wajen gidana a wannan safiyar.
"I searched for hours, but couldn't find it.",Na bincika tsawon sa'oi amma ban samu ba.
I should have paid a little more attention.,Ina ma a ce na ɗan mayar da hankali sosai.
I should've gotten up earlier this morning.,Da na tashi da safe da wuri.
I spent a whole day in cleaning up my room.,Na ɗauki tsawon yini ina share ɗakina.
I spent the whole day in reading the novel.,Na shafe yini bakiɗaya ina karanta labari.
I spent the whole day playing with my kids.,Na shafe yini bakiɗaya ina yin wasa da 'ya'yana.
I spoke to him about it over the telephone.,Na yi masa maganar dangane da shi a wayar tarho.
I stayed at my aunt's house for three days.,Na zauna a gidan innata tsawon kwana uku.
I still have things stored in Ali's garage.,Har yanzu ina da abubuwan da na ajiye a gajerin Ali.
I studied French when I was in high school.,Na karanci Faransanci lokacin da nake makarantar gaba da sakandare.
I suddenly realized that my watch was gone.,Nan da nan na gano cewa agogona ya ɓata.
I supervised the people fixing my bathroom.,Na sanya ido kan aikin mutanen da suke gyara min banɗaki.
I take my hat off to him for his hard work.,Na jinjina masa bisa aiki tuƙurunsa.
I talked to Ali's neighbors and co-workers.,Na yi magana da maƙwabta da kuma abokan aikin Ali.
I think I'm starting to get the hang of it.,Ina ga na fara gane yadda abin yake.
I think Ali knows more than he's admitting.,Ina tunanin Ali ya san sama da abin da yake nuna ya sani.
I think Ali might finally have a good idea.,Ina ga a ƙarshe Ali zai iya yin tunani mai kyau.
I think he can get along with his neighbor.,Ina ga zai iya shiryawa da maƙwabcinsa.
I think it would be better if I went alone.,Ina ga zai fi kyau idan na tafi ni kaɗai.
I think it's time for me to do my homework.,Ina ga lokaci ya yi da zan yi aikin gidana.
I think it's time for me to join the fight.,Ina ga lokaci ya yi da zan shiga cikin faɗan.
I think she is sick. She has a temperature.,"Ina ga kamar ba ta da lafiya, jikinta ya yi zafi."
I think that you ought to apologize to her.,Ina ganin ya kamata ka ba ta haƙuri.
I think this table takes up too much space.,Ina ganin wannan teburin ya cinye waje sosai.
I think we should wait until Ali gets here.,Ina ganin ya kamata mu jira har sai Ali ya iso nan.
I think what we just heard was Ali's voice.,Ina ganin kamar muryar Ali muka ji yanzun nan.
I think you need to think about the future.,Ina ganin akwai buƙatar ka yi tunani dangane da makoma.
I think you should ask for your money back.,Ina ganin ya kamata ka nemi a biya ka kuɗinka.
I think you're the only one who needs help.,Ina ganin kai kaɗai ne kake buƙatar taimako.
"I thought I could help Ali, but I couldn't.","Na yi tunanin zan iya taimakon Ali, amma ba zan iya ba."
I thought Ali had already tried to do that.,Na yi tunanin Ali tuni ya yi ƙoƙarin yin hakan.
I thought Ali was on vacation in Australia.,Na yi zaton cewa Ali ya tafi hutu a Ostreliya.
I thought Ali would be too busy to help us.,Na yi zaton aiki ya yi wa Ali yawa ba zai iya taimakonmu ba.
I thought Ali would have found Mary by now.,Na yi zaton cewa zuwa yanzu Ali zai gano inda Mary take.
I thought it wasn't supposed to rain today.,Na yi tunanin cewa yau bai kamata a yi ruwa ba.
I thought something like this might happen.,Na yi zaton cewa abu makamancin haka zai faru.
I thought we would have breakfast together.,Na yi zaton cewa tare za mu yi karin kumallo.
I thought you might have a change of heart.,Na yi zaton wataƙila za ka canja ra'ayi.
I thought you said you didn't see anything.,Na yi zaton cewa ka ce ba ka ga komai ba.
I thought you said you didn't speak French.,Na yi zaton cewa ka ce ba ka magana da Faransanci
I thought you weren't going to tell anyone.,Na yi zaton cewa ba za ka faɗa wa kowa ba.
I thought you wouldn't mind waiting for me.,Na zaci ba za ka damu da jirana ba.
I thought you'd probably already gone home.,Na yi zaton wataƙila tuni ka tafi gida.
I threw the rope and she caught hold of it.,Na jefa igiyar ta kuma riƙe ta gam-gam.
I told you to be here on time this morning.,Na faɗa kama cewa ka zo nan da safe a kan lokaci.
"I told you to open the hood, not the trunk.",Na faɗa maka cewa ka buɗe ƙofar saman mota ba ma'ajiyar mota ba
I took a bath and then had a glass of beer.,Na yi wanka sannan sai na fara shan giya.
I took the opportunity to visit the museum.,Na yi amfani da damar na ziyarci gidan tarihin.
"I tried my best, but I still lost the race.","Na yi iya ƙoƙarina, amma duk da haka ban yi nasara ba a tseren."
I tried to make sure that everyone had fun.,Na yi ƙoƙarin ganin cewa kowa ya samu nishaɗi.
I understand a new vaccine is being tested.,Na fahimci cewa ana yin gwajin sabuwar allurar rigakafi.
I understand what you're trying to tell me.,Na fahimci me kake ƙoƙarin faɗa mini.
I use ordinary slips of paper as bookmarks.,Ina yin amfani da ƙananun takardu a matsayin alamar shafi na littafi.
I used to play tennis when I was a student.,Na kasance ina buga ƙwallon tennis lokacin da nake ɗalibi.
I visited my father's hometown last summer.,Na ziyarci garin mahaifina a bazarar da ta gabata.
"I waited for an hour, but he didn't appear.","Na jira tsawon sa'a ɗaya, amma bai fito ba."
"I waited for hours, but she didn't show up.","Na jira tsawon sa'oi, amma ba ta fito ba."
I want eggs for breakfast tomorrow morning.,Ina son ƙwai domin karin kumallo gobe da safe.
I want everyone to hear what I have to say.,Ina son kowa ya ji abin da zan faɗa.
I want everyone to help me clean the house.,Ina son kowa ya taimaka mini wajen share gidan.
I want the recipe for this. It's delicious.,"Ina son irin kayan girke-girken wannan, ya yi daɗi."
I want to ask you some questions about Ali.,Ina son yi maka wasu tambayoyi dangane da Ali.
I want to do everything I'm expected to do.,Ina son na yi duk abin da ake sa ran zan yi.
I want to do everything I'm supposed to do.,Ina son na yi duk abin ya kamata na yi.
I want to exchange this for a smaller size.,Ina son na canja wannan da mai ƙaramar lamba.
I want to find out what caused the problem.,ina son na gano me ya kawo matsalar.
I want to live in either Boston or Chicago.,Ina son na zauna ko dai a Boston ko a Chicago.
I want to pick out a present for my friend.,Ina son na zaɓi kyautar da zan ba wa abokina.
I want to rent an apartment with two rooms.,Ina son na ɗauki hayar bene mai ɗaki biyu.
I want to stay in a hotel near the airport.,Ina son na zauna a otal kusa da filin sauka da tashin jirage.
I want to talk to you about something else.,"Ina son yin magana da kai a kan wani abun daban,"
I want to thank everyone for their prayers.,Ina son na yi wa kowa godiya sakamakon addu'oinsu
I want to thank you again for believing me.,Ina son na ƙara gode maka saboda amincewa da ni da ka yi.
I want you all to be on your best behavior.,Ina son dukkaninku ku kasance cikin ɗabi'unku kyawawa.
I wanted Mary to look at me instead of Ali.,Na so Mary ce ta kalle ni maimakon Ali.
"I warned you not to get near him, didn't I?","Na gargaɗe ka cewa kar ka je kusa da shi, ko ban yi ba?"
I was about your age when I came to Boston.,Ina da kusan shekarunka lokacin da na zo Boston.
I was appalled by her lack of good manners.,Na yi mamakin rashin ladabinta sosai.
I was at the wrong place at the wrong time.,Na kasance a wajen da bai dace ba a lokacin da bai dace ba.
I was dog tired when I got home last night.,Na gaji sosai lokacin da na dawo gida daren jiya.
I was in the right place at the right time.,Na kasance a inda ya dace a lokacin da ya dace.
I was rereading the letters you sent to me.,Ina sake karanta wasiƙun da ka aiko min ne.
I was taken to a circus for the first time.,A karon farko an kai ni wajen wasan kwaikwayo na dabbobi.
I was wondering if I could buy you a drink.,Ina ta tunanin ko zan iya siya maka abin sha.
I watched them skin a human being that day.,Na gan su suna aiwatar da hukunci mai tsanani ga wani mutum a wannan ranar.
I went to the airport to see my friend off.,Na je filin sauka da tashin jirage domin na raka wani abokina.
I went to the station to see my friend off.,Na je tashar domin na raka wani abokina.
I will be leaving for Australia next month.,Zan tafi zuwa ƙasar Ostreliya mako mai zuwa.
I will get you a bicycle for your birthday.,Zan kawo maka keke domin murnar ranar haihuwarka.
I will look after my parents in the future.,Zan kula da iyayena nan gaba.
I wish I could give you a big birthday hug.,Na yi burin ina ma ace zan iya rungume ka don murnar ranar haihuwarka.
I wish I'd studied harder when I was young.,Na yi fatan a ce na yi karatu sosai lokacin da nake ƙarami.
I wish things were the way they used to be.,Na yi fatan ina ma a ce abubuwa suna nan yadda suke.
I wish you had not told him about the plan.,Na so a ce baka faɗa masa komai dangane da shirin ba.
I wonder how Ali will get out of that mess.,Ina mamakin yadda Ali zai fita daga cikin wannan cakwakiya.
I wonder if Ali knows where my umbrella is.,Ba na tunanin Ali ya san inda laimata take.
I wonder what has made him change his mind.,Ina mamakin me ya sa ya canja ra'ayinsa.
I wonder what the weather will be tomorrow.,Ina tunanin yadda yanayin gobe zai kasance.
"I worked hard all day, so I was very tired.","Ina yin aiki sosai a kullum, saboda haka na gaji sosai."
I worked in this company for three decades.,Na yi aiki a wannan kamfanin tsawon shekara talatin.
I would go to the movies if I had the time.,Zan je kallon fim ɗin idan na samu lokaci.
I would like to go to the concert with you.,Ina son zuwa gidan kaɗe-kaɗe tare da kai.
I would like to go to the seaside with you.,Ina son zuwa bakin kogi tare da kai.
I would like to have another cup of coffee.,Ina son a ƙara min wani kofi ɗin kofi ɗaya.
I would like to show you my beautiful city.,Zan so na nuna maka birnina mai kyau.
I'd be curious to know what Ali has to say.,Zan so na san me Ali zai faɗa.
"I'd be unhappy, but I wouldn't kill myself.","Zan yi baƙin ciki, amma ba zan kashe kaina ba."
I'd like to discuss some of my suggestions.,Ina son na yi bayanin wasu daga cikin shawarwarina.
I'd like to introduce some friends of mine.,Ina son na gabatar da wasu daga cikin abokaina.
I'd like to know what you intend to do now.,Ina so na san me kake niyyar aikatawa yanzu.
I'd like to make a reservation for tonight.,Zan so na tanadar maka wuri a yau.
I'd like to see what you have in your hand.,Zan so na ga menene a hannunka.
I'll be moving out at the end of the month.,Zan tashi daga gidan a ƙarshen wata.
I'll bring my sister when I come next time.,Zan kawo 'yar uwata idan na sake dawowa.
I'll call you back in about thirty minutes.,Zan kirawo ka nan da minti talatin.
I'll do whatever I can to help you and Ali.,Zan yi iya bakin ƙoƙarina na taimakeka kai da Ali.
I'll give it back next Monday without fail.,Zan dawo da shi ranar Litinin mai zuwa ba shakka.
I'll go for a walk if the weather improves.,Zan fita na yi tattaki idan yanayin ya canja.
I'll have to catch the 8:15 train to Paris.,Sai dai na hau jirgin  ƙasan da zai tashi da ƙarfe 8:15 zuwa Paris.
I'll let you know when it has been decided.,Zan sanar da kai idan an yanke shawarar.
I'll make sure Ali goes to school tomorrow.,Zan tabbatar da cewa Ali ya je makaranta gobe.
I'll make you happy no matter what happens.,Zan sanya ka farinciki ko me zai faru.
I'll make you wish you had never been born.,Sai na saka ka yi fatan ina ma a ce ba a haife ka ba.
I'll never forget going to Hawaii with her.,Ba zan taɓa manta tafiyar da muka yi da ita zuwa Hawaii ba.
I'll never forget what happened that night.,Ba zan taɓa manta me ya faru a wannan daren ba.
I'll speak to him at the first opportunity.,Zan yi magana da shi da zarar na samu dama.
I'll stay a while longer if you want me to.,Zan daɗe sosai idan kana so.
I'll take Ali to the zoo if you want me to.,Zan kai Ali gidan namun daji idan kana so na yi.
I'll teach you everything you need to know.,Zan koyar da kai duk abin da kake buƙatar ka sani
I'll visit you sometime in the near future.,Zan ziyarce ka nan ba da jimawa ba.
I'm afraid I took your umbrella by mistake.,Ina jin tsoro ne na ɗauki laimarka bisa kuskure.
I'm afraid Ali doesn't want to talk to you.,Ina jin tsoro Ali ba ya son yin magana da kai.
I'm afraid she won't accept my explanation.,Ina jin tsoron ba za ta yarda da bayanina ba.
I'm busy right now and can't play with you.,Ina da aiki sosai yanzu ba zan iya yin wasa da kai ba.
I'm going to invest money in this business.,Zan zuba jarin kuɗi a cikin wannan kasuwancin.
I'm going to meet Ali in the lobby at 2:30.,Zan haɗu da Ali a zaure da misalin ƙarfe 2:30
I'm having a hard time with French grammar.,Nahawun Faransanci yana ba ni wahala.
I'm having a hard time with German grammar.,Nahawun Jamusanci yana ba ni wahala.
I'm impressed by how well you speak French.,Yadda ka iya magana da Faransanci ya burge ni sosai.
I'm interested in the history of Australia.,Ina da sha'awa kan tarihin ƙasar Ostreliya.
I'm just writing a letter to my girlfriend.,ina rubuta wasiƙa ne kawai zuwa ga budurwata.
I'm looking forward to getting your letter.,Ina sauraren isowar wasiƙarka.
I'm looking forward to the summer vacation.,Ina ɗokin zuwan hutun bazara.
I'm not even sure I want to see that movie.,Ba ni da tabbacin ma ko ina son kallon wannan fim ɗin.
"I'm not going if you don't invite Ali, too.",Ni ma ba zan je ba idan har ba za ka gayyaci Ali ba.
I'm not interested in any of your theories.,Ba ni da sha'awar ɗaya daga cikin ra'ayoyinka.
I'm not saying that what she did was right.,Ba cewa na yi abin da ta aikata daidai ba ne.
I'm planning to leave for Europe next week.,Ina shirin tafiya Turai mako mai zuwa.
I'm pretty sure Ali will be at the party.,Ina da tabbacin cewa Ali zai je wajen walimar.
I'm repeating it to you so you'll remember.,Ina maimaita maka ne domin ka tuna.
I'm seriously thinking of selling my house.,Da gaske ina tunanin siyar da gidana.
I'm sorry that you can't come this evening.,Ban ji daɗi ba da ba za ka zo a wannan yammacin ba.
I'm sorry to have kept you waiting so long.,Ka yi haƙuri na bar ka ka daɗe kana jira.
"I'm sorry, but I already have a girlfriend.","Ki yi haƙuri, amma ina da budurwa."
I'm still not convinced it's going to work.,Har yanzu ban gamsu da cewa zai yiwu ba.
I'm sure it would be a mistake to tell Ali.,Ina da tabbacin cewa kuskure ne a faɗa wa Ali.
I'm surprised Ali didn't notice Mary leave.,Na yi mamaki da Ali bai lura cewa Mary ta tafi ba.
I'm the only person Ali knows in this town.,Ni kaɗai ne mutumin da Ali ya sani a nan garin.
I'm trying to get in touch with her sister.,Ina ƙoƙarin yin magana da 'yar uwarta.
I'm trying to rid myself of this bad habit.,Ina ƙoƙarin kauce wa wannan mummunan ɗabi'ar.
I'm washing my hands because they're dirty.,Ina wanke hannayena ne saboda sun yi dauɗa.
I've already tried three different methods.,Tuni na gwada hanyoyi daban-daban guda uku.
I've already written my part of the report.,Na riga na rubuta rahoton da ke ɓangarena.
I've been a ski instructor for three years.,Ina koyar da wasan tseren ƙanƙara tsawon shekara uku.
I've been asking myself that same question.,Na sha tambayar kaina irin wannan tambayar.
I've been driving this car for three years.,Ina tuƙa wannan motar tsawon shekara uku.
I've been living in Boston for three years.,Ina zaune a Boston tsawon shekara uku.
I've been looking for this for a long time.,Na daɗe ina neman wannan tsawon lokaci.
I've been saving up to buy a new saxophone.,Na daɗe ina ajiye kuɗi domin siyan saxophone.
I've been studying in China for ten months.,Ina karatu a ƙasar Sin tsawon wata goma.
I've been thinking about what we should do.,Ina ta tunani dangane da me ya kamata mu yi.
I've been waiting for someone to invite me.,Ina ta jiran wanda zai gayyace ni.
I've been waiting for you for over an hour.,Ina ta jiran ka sama da sa'a ɗaya.
I've decided to major in French in college.,Na yanke shawarar karantar Faransanci a kwaleji a matsayin babban darasi.
I've got a job and I don't want to lose it.,Na samu aiki kuma ba na so na rasa shi.
I've made a list of things I'd like to buy.,Na rubuta jerin abubuwan da nake son siya.
I've made the change I was advised to make.,Na yi canjin da aka ba ni shawarar na yi.
"I've met her before, but I can't place her.","Na taɓa haɗuwa da ita, amma ba zan iya tuna wajen da muka haɗu ba."
I've never seen that man before in my life.,Ban taɓa ganin wannan mutumin ba a rayuwata.
I've recently changed brands of toothpaste.,Kwanan nan na canja kamfanonin sabulun wanke haƙora.
I've trained my dog to come when I whistle.,Na horar da karena idan na yi fito ya zo.
I've wanted this CD player for a long time.,Na daɗe ina son wannan na'urar CD ɗin.
"If Ali comes, won't you please let me know?",Don Allah za ka sanar da ni idan Ali ya zo?
"If a brain can do it, a computer can do it.","In dai ƙwaƙwalwa za ta iya yi, to kwamfuta ma za ta iya."
"If for some reason I failed, I'd try again.","In da a ce wani dalili ya sa na gaza, da sai na sake gwadawa."
"If he is innocent, then his wife is guilty.","In dai shi ba shi da laifi, to matarsa ita ce mai laifi."
"If it makes you feel bad, why do you smoke?","In dai tana sa ka ka ji ba daɗi, to me ya sa kake shan taba?"
"If it's a simple tune, I can sight-sing it.","In dai waƙar tana da sauƙi, zan iya rera ta da ka."
"If someone paid you to kill Ali, would you?","Idan wani ya biya ka ka kashe Ali, za ka yi?"
"If something happens, feel free to call me.","Idan wani abu ya faru, ka saki jiki ka kira ni."
"If the phone rings again, I will ignore it.","In dai wayar ta sake bugawa, to ba zan kula ta ba."
If we go this way we'll catch up with them.,Idan muka bi ta wannan hanyar za mu riske su.
"If you are to succeed, you must try harder.","Idan kana son cin nasara, dole ka dage sosai."
"If you ask me, it was just a waste of time.","Idan ka tambaye ni, ɓata lokaci ne kawai."
"If you don't know the way, ask a policeman.","Idan ba ka san hanya ba, ka tambayi ɗansanda."
"If you don't study, you will fail the exam.","Idan ba ka yi karatu ba, za ka faɗi a jarrabawa."
"If you don't want to go, you don't have to.","Idan ba ka son zuwa, kada ka yi."
"If you don't want to go, you don't need to.","Idan ba ka son zuwa, babu buƙatar ka yi."
"If you don't want to read, then don't read.","Idan ba ka so ka yi karatu, to kada ka yi karatu."
"If you don't want to talk to me, that's OK.","Idan ba ka son yi min magana ne, to ba komai."
"If you give him an inch, he'll take a mile.",Idan ka ba shi yatsa to zai kama hannu.
"If you go around eight, you might meet him.","Idan ka je da misalin ƙarfe takwas, za ka iya haɗuwa da shi."
"If you have gum in your mouth, spit it out.","Idan akwai cingam a bakinka, ka tofar da shi."
"If you have something to say to me, say it.","Idan kana da maganar da za ka faɗa min, ka faɗa."
"If you mix blue and red, you'll get purple.","Idan ka cakuɗa launi shuɗi da ja, za ka samu launin shanshanbale."
"If you pull too hard, the chain will break.","Idan ka ja da ƙarfi, sarƙar za ta tsinke."
"If you take medicine, you will feel better.",Idan ka sha magani za ka ji sauƙi.
"If you want to dance, let's dance together.","Idan kana son yin rawa, mu yi rawar tare."
"If you want to yell at someone, yell at me.","Idan zaka ɗaga wa wani murya, to ka ɗaga min."
"If you want, I can show you how to do that.","Idan kana so, zan iya nuna maka yadda ake yin hakan."
"If you were in my place, what would you do?","Idan kai ne a matsayina, me za ka yi?"
"If you were in my shoes, what would you do?","Idan kai ne a halin da nake ciki, me za ka yi?"
"If you'd just asked me, I would've done it.","Da ace ka saka ni, da tuni na yi."
"If you're ever in the area, give me a call.","In dai ka zo wajen, ka kira ni."
In Japan a new school year starts in April.,A ƙasar Japan sabuwar shekara tana farawa ne a watan Afrilu
"In Japan, the new semester begins in April.",A ƙasar Japan lokacin fara karatu yana farawa ne a watan Afrilu
"In some ways, Boston is nicer than Chicago.","Ta wasu ɓangarorin, Boston ta fi Chicago kyau."
"In the fall, many birds head for the south.","A lokacin kaka, tsuntsaye da yawa suna komawa kudu."
"In the first place, you should be punctual.",Da fari dai ya kamata ka zama mai zuwa a kan lokaci.
"In those days, he lived in the house alone.","A waɗancan kwanakin , yana zama ne shi kaɗai a gida."
Is the cat on the chair or under the chair?,Shin magen a kan kujerar take ko a ƙarƙashin kujerar?
Is there anyone to look after the children?,Akwai wanda zai kula da yaran?
Is there anyone who can speak Chinese here?,Akwai wanda zai iya magana da yaren ƙasar Sin a nan?
Is there anything else I can help you with?,Akwai wani abu kuma da zan iya taimaka maka da shi?
Is there anything else I should know about?,Akwai wani abu kuma da ya kamata na sani?
Is there anything else in the refrigerator?,Akwai wani abun kuma a cikin firji?
Is there anything special I can do for you?,Akwai wani abu na musamman da zan iya yi maka?
Is there intelligent life on other planets?,Akwai rayuwa mai cike da tunani a sauran duniyoyi?
Is this computer connected to the Internet?,Shin wannan kwamfutar an haɗa ta da yanar gizo?
Is this today's issue of the Asahi Shimbun?,Lamarin Asahi Shimbun ne na yau?
Is world peace made possible by friendship?,Zaman lafiyar duniya zai yiwu ta hanyar ƙawance?
Isn't anybody going to say congratulations?,shin babu wanda zai ce yana taya murna?
"It being a fine day, I went out for a walk.","Rana ce mai daɗi, na fita tattaki."
It cost a lot more than I thought it would.,Ya ci kuɗi sosai sama da yadda na yi zaton zai ci.
It doesn't look as if it's going to happen.,Kamar dai abin bai nuna alamun zai faru ba.
It doesn't matter which team wins the game.,Ba damuwa ba ne duk ƙungiyar da ta yi nasara a wasan.
"It doesn't really make much sense, does it?","Abin sam bai ba da ma'ana ba, ko ya yi?"
It finally stopped raining towards evening.,Ruwan ya ɗauke ne daf da yamma.
It gets cold here at this time of the year.,Ana sanyi a nan a irin wannan lokaci na shekara.
It happens more often than you would think.,Yana faruwa sau da dama fiye da yadda kake tunani.
It is a pity that he has no sense of humor.,Abin takaici ne cewa ba shi da ɗabi'ar yin raha.
It is because he is honest that I like him.,Saboda yana da gaskiya ne ya sa nake son shi.
It is completely natural for her to be mad.,Ɗabi'a ne a wajenta don ta haukace.
It is getting colder and colder day by day.,kullum sanyi ƙara yawaita yake.
It is in April that our school years start.,A watan Afrilu ne shekarar buɗe makarantu ke farawa.
It is more blessed to give than to receive.,Ya fi albarka ka bayar fiye da ka karɓa.
It is no use complaining about the weather.,Babu amfanin yin ƙorafi dangane da yanayi.
It is no wonder that she didn't want to go.,Babu mamaki shi ya sa ba ta son zuwa.
It is not easy to learn a foreign language.,Ba abu ne mai sauƙi ba koyon yaren ƙetare.
It is probable that she will come tomorrow.,Mai yiwuwa ne ta zo gobe.
It is stupid of you to make such a mistake.,Wauta ne ka yi irin wannan kuskuren.
It is true that he is good at playing golf.,Da gaske ne cewa ya yi yin ƙwallon golf sosai.
It is up to me to tell the sad news to her.,Ya rage min na faɗa mata mummunan labarin.
It looks like Ali hasn't slept much either.,Shi ma dai Ali kamar bai yi bacci sosai ba.
It looks like you took care of the problem.,Kamar dai ka nufaci magance matsalar.
It looks like you've already been replaced.,Kamar dai an maye gurbinka.
It must be a nightmare to clean this place.,Babban tashin hankali ne a ce ka share wannan wajen.
It seems that you don't want me to succeed.,Kamar dai ba ka son na yi nasara.
It seems those two are made for each other.,Kamar dai waɗancan biyun an yi su ne don junansu.
It takes us half an hour to walk to school.,Muna ɗaukar sa'a ɗaya da rabi tafiya a ƙafa zuwa makaranta.
It took Ali almost three hours to get home.,Sai da Ali ya ɗauki sa'oi uku kafin ya je gida.
It took a moment for Ali to find his voice.,Sai da aka ɗan jima kaɗan kafin Ali ya fara yin magana.
It took him three years to write the novel.,Ya ɗauki shekara uku yana rubuta littafin labarin.
It took us a week to locate their hideaway.,Mun ɗauki mako guda kafin mu gano maɓoyarsu.
It took us half an hour to set up the tent.,Mun ɗauki rabin sa'a kafin mu kafa tantin.
It was a shock to hear about Ali's divorce.,Abin mamaki ne jin labarin sakin auren da Ali ya yi.
It was already dark when Ali returned home.,Duhu ya riga ya yi  lokacin da Ali ya dawo gida.
It was already twelve when he reached home.,Ƙarfe sha biyu ta riga ta yi lokacin da ya iso gida.
It was childish of him to behave like that.,Yarinta ce hakan da ya yi.
It was hard for Ali to ask Mary for a loan.,Abu ne mai wahala Ali ya tambayi Mary bashi.
It was him that broke the window yesterday.,Shi ne ya fasa taga jiya.
It was one of the famous cases of his time.,Yana ɗaya daga cikin sanannun shari'oi i a wannan lokacin.
It was only yesterday that I called on him.,Jiya ne kawai na kirawo shi.
It was stupid of me to make such a mistake.,Na yi wauta da na aikata irin wannan kuskuren.
It was too late for us to do anything else.,Mun yi makarar da ba za mu iya wani abu ba.
It wasn't easy for him to keep his promise.,Ba abu ne mai sauƙi a gare shi ba ya cika alƙawarinsa.
It will cost you $100 to fly to the island.,Tafiya a jirgin sama zuwa tsibirin zai ci maka dala 100.
It would be better for you to speak to him.,Zai fi maka kyau ka yi masa magana.
It would be unfortunate if he were to fail.,Abin takaici ne kuwa idan ya gaza.
It'd be better if we didn't talk about Ali.,Zai fi kyau idan ba mu yi magana a kan Ali ba.
It's a small town. Everyone knows everyone.,Ƙaramin gari ne. Kowa ya san kowa.
It's about time you did your share of work.,Lokaci ya yi da za ka yi naka kason na aikin.
It's almost seven. We have to go to school.,Kusan ƙarfe bakwai ta yi. Za mu tafi makaranta.
It's an excellent method to relieve stress.,Hanya ce ingantacciya ta rage gajiya.
It's been over a week since I last saw Ali.,sama da mako guda kenan rabona da ganin Ali.
It's been seven years since we got married.,Shekara bakwai kenan da yin aurenmu.
It's been three years since my father died.,Shekara uku kenan da rasuwar mahaifina.
It's been three years since we got married.,Shekara uku kenan da yin aurenmu.
It's dangerous for a beginner to swim here.,Haɗari ne ɗan koyo ya yi iyo a nan.
It's difficult to learn a foreign language.,Koyon yaren wata ƙasar yana da wahala.
It's not a good idea to date your neighbor.,Ba ra'ayi ne mai kyau ba ka yi soyayya da maƙwabcinka.
It's not as cold today as it was yesterday.,Sanyin yau bai kai na jiya ba.
"It's not just illegal, it's also dangerous.","Ba iya saɓa doka ne kawai ba, yana da kuma haɗari."
It's not like I have anything better to do.,Ba wai kamar ina da wani abu ne mai kyau da zan yi ba.
It's not like you have anything else to do.,Ba wai kamar kana da wani abu ne daban da za ka yi ba.
It's not possible to do two things at once.,Ba zai yiwu ka yi abu biyu a lokaci guda ba.
It's open year-round from 10 a.m. to 6 p.m.,A buɗe yake a duk shekara daga ƙarfe 10 na safe zuwa 6 na yamma.
"It's raining, but she's not wearing a coat.","Ruwa ake yi, amma ba ta sanye da rigar ruwa."
It's rare for me to get invited to parties.,Ba kasafai ake gayyata ta zuwa wurin walima ba.
"It's the story of a boy, a girl, and a cat.","Labari ne na yaro, yarinya da kuma mage."
It's time to go to bed. Turn off the radio.,"Lokacin kwanciya ya yi, a kashe rediyon."
It's very hard getting a taxi in this city.,Samun motar tasi yana da wahala a wannan birnin
January is the first month of the calendar.,Watan Janairu shi ne wata na farko a kalanda.
Japan depends on imports for raw materials.,Ƙasar Japan ta dogara ne da shigo da ɗanyen kaya.
Japan is not abundant in natural resources.,Ƙasar Japan ba ta da arziƙin ma'adanai.
"Judging from his accent, he is from Kansai.","Bisa la'akari da yadda yake furta kalmomi, shi ɗan Kansai ne."
"Just as I went to go out, it began to rain.","Ina fita waje, sai aka fara ruwa."
Just don't tell anybody where you got this.,Kawai dai kar ka faɗa wa kowa ina ka samo wannan.
Keep an eye on my bag while I buy a ticket.,Kula min da jakata yayin da zan siyo tikiti.
Knock on the door before entering the room.,Ka ƙwanƙwasa ƙofa kafin ka shiga ɗakin.
Kyoto is visited by many people every year.,Mutane da dama na ziyartar Kyoto a kowacce shekara.
"Ladies and gentlemen, please come this way.","Ya ku mata da maza, don Allah ku biyo wannan hanyar."
Last summer I had a chance to visit London.,Bazarar da ta gabata na ziyarci Landan.
Learning a foreign language is interesting.,Koyon yaren wata ƙasar yana da ban sha'awa.
Leave a margin on the paper when you write.,Leave a margin on the paper when you write.
Let me know if you are in need of anything.,Ka sanar da ni idan kana buƙatar wani abu.
Let's begin with the fifth line on page 10.,Bari mu fara da layi ne biyar a shafi na 10.
Let's consider the worst that could happen.,Bari mu yi la'akari da mafi munin abin da zai iya faruwa.
Let's divide this money between you and me.,Mu raba wannan kuɗin tsakanin ni da kai.
Let's finish this work as soon as possible.,Bari mu gama wannan aikin da wuri.
Let's get out of here before it's too late.,Mu yi mu fita daga nan wurin kafin lokaci ya ƙure.
Let's get this over with as fast as we can.,Mu yi sauri mu gama da wannan.
Let's inquire about our hotel reservations.,Bari mu yi tambaya dangane da otal ɗin da muka kama.
Let's introduce ourselves to our neighbors.,Mu gabatar da kanmu ga maƙwabtanmu.
Let's see if we can cancel our reservation.,Bari mu ga ko zamu iya dakatar da kama ɗakin da muka yi.
Let's try to treat each other with respect.,Mu yi ƙoƙarin mu'amalantar juna da girmamawa.
London is among the world's largest cities.,Landan tana daga cikin manyan birane na duniya.
Look at the picture at the top of the page.,Ka duba hoton a saman shafin.
Look out for pickpockets on crowded trains.,Ka lura da masu sane a cikin jiragen ƙasa masu dandazon mutane.
Lots of my friends are going there tonight.,Abokaina da dama za su je can a daren yau.
Make another appointment at the front desk.,Ka sake buƙtar neman ganawar a teburin gaban ofis.
Make sure that you arrive at seven o'clock.,Ka tabbatar ka iso da ƙarfe bakwai.
Malaria is a disease that mosquitoes carry.,Maleriya cuta ce da sauro ke ɗauke da ita.
Many Italian-Americans can't speak Italian.,Yan ƙasar Italiya mazauna Amurka da dama ba za su iya magana da yaren Italiya ba.
Many famous people are behind the movement.,Shahararrun mutane da dama suna goyon bayan fafutukar.
Many people worry about paying their bills.,Mutane da dama sun damu ne da biyan kuɗin kashewarsu.
Many trees lose their leaves in the winter.,Bishiyoyi da dama suna zubar da ganyayensu a lokacin rani.
Many workers were trapped in the coal mine.,Ma'aikata da dama sun maƙale a wajen haƙar ma'adanin kwal.
Marriage is the main cause of all divorces.,Aure shi ne babban dalilin dukkanin sakin aure.
Mary and Alice always wear similar clothes.,Aure shi ne babban abin da ke jawo dukkanin sakin aure.
Mary and Alice pretended they were sisters.,Mary da Alice suna nuna kamar su 'yan uwa ne.
Mary asked Ali to go to the opera with her.,Mary ta roƙi Ali da ya tafi da ita wajen wasan opera.
Mary didn't arrive at the agreed-upon time.,Mary ba ta isa a kan lokacin da aka yi yarjejeniya ba.
Mary gets nervous when Ali drives too fast.,Mary ta kiɗime lokacin da Ali ya fara tuƙi da gudu.
Mary hasn't called the fire department yet.,Mary ba ta kirawo sashen kashe gobarar ba har yanzu.
Mary hasn't shaved her legs in three years.,Mary ba ta aske gashin ƙafafunta ba tsawon shekara uku.
Mary is showing signs of severe depression.,Alamun damuwa mai tsanani sun bayyana a tare da Mary.
Mary made a number of mistakes on her test.,Mary ta yi kusakurai da dama a cikin jarrabawarta.
Mary received a note from a secret admirer.,Mary ta karɓi wasiƙa daga wani masoyin sirri.
Mary wants to get her belly button pierced.,Mary tana son a huda mata cibiyarta.
Mary was so happy that she started dancing.,Mary tana farinciki saboda ta fara yin rawa.
Mary was wearing a sleeveless summer dress.,Mary tana sanye da rigar shan iska marar hannu.
Math and English were my favorite subjects.,Lissafi da Turanci su ne darussan da na fi so.
Mathematics is more difficult than physics.,Darasin lissafi ya fi physics wahala.
May I have an application form in Japanese?,Zan iya samun fom ɗin neman  buƙatar a yaren Japan?
Maybe we should ask someone for directions.,Wataƙila kamata ya yi mu tambayi wani ya yi mana kwatance.
Mona answered their questions off the cuff.,Mona ta amsa tambayoyinsu nan take.
Money cannot pay for the loss of happiness.,Kuɗi ba zai iya biyan farincikin da aka rasa ba.
Money doesn't necessarily make you happier.,Ba lallai ne kuɗi ya sanya ka farinciki ba.
"More than 3,000 people were at the concert.",Sama da mutane 3000 ne a gidan kaɗe-kaɗen.
More than 20% of the population owns a car.,Sama da kaso 20 cikin ɗari na al'ummar sun mallaki mota.
More tractors meant fewer horses and mules.,Yawaitar tarakta na nufin raguwar yin amfani da dawakai da kuma alfadarai.
Most Japanese eat rice at least once a day.,Yawancin 'yan ƙasar Japan suna cin shinkafa aƙalla sau ɗaya a rana.
Most people see only what they want to see.,Yawancin mutane suna ganin abin da suke son gani ne kawai.
Most young adults enjoy going out at night.,Matasa da dama da suka balaga suna jin daɗin fita da daddare.
Mother always gets up early in the morning.,A kodayaushe mahaifiya tana tashi da safe da wuri.
Mother bought my brother a yellow umbrella.,Mahaifiyarmu ta siyo wa ɗan uwana laima mai launin rawaya.
Mother goes to the hospital in the morning.,Mahaifiyata tana tafiya zuwa asibiti da safe.
Mother often said that she was proud of me.,Mahaifiyata tana yawan faɗar cewa tana alfahari da ni.
My best friend always gives me good advice.,Babban abokina yana ba ni shawara mai kyau a kodayaushe.
My brother is holding a camera in his hand.,Ɗan uwana yana riƙe da kyamara a hannunsa.
"My brother seldom, if ever, goes to church.","Ɗan uwana bai cika zuwa coci ba, in ma ya taɓa zuwa."
My cat rubbed her head against my shoulder.,Kyanwata ta goga kanta a kan kafaɗata.
My computer stopped working a few days ago.,Kwamfutata ta daina aiki kwanaki kaɗan da suka wuce.
My dad gives me an allowance of $10 a week.,Mahaifina yana ba ni alawus na dala 10 duk mako.
My daughter has reached a marriageable age.,Ƙanwata ta isa aure.
My desire is to help you with this problem.,Burina shi ne na taimaka maka kan wannan matsalar.
My ex-boyfriend was brought up in Portugal.,Tsohon saurayina ya taso a ƙasar Fotugal.
My ex-husband no longer lives in this city.,Yanzu tsohon mijina ba a wannan birnin yake zaune ba.
My father and I go fishing once in a while.,Ni da mahaifina muna zuwa kamun kifi lokaci zuwa lokaci.
My father encouraged me to study the piano.,Mahaifina ya ba ni ƙwarin gwiwar karatu a kan fiyano.
My father has lived in Nagoya for 30 years.,Mahaifina ya zauna a Nagoya tsawon shekara 30.
My father is interested in ancient history.,Mahaifina yana da sha'awa dangane da tarihin da.
My father often takes me to baseball games.,Mahaifina yana yawan kai ni wajen wasannin ƙwallon baseball.
My father visited my uncle in the hospital.,Mahaifina ya ziyarci kawuna a asibiti.
My fingers are so cold they have gone numb.,Yatsuna sun yi sanyi sosai sun daskare.
My grandfather cannot walk without a stick.,Kakana ba zai iya tafiya ba tare da sanda ba.
My grandfather died of a disease at eighty.,Kakana ya rasu sakamakon wani ciwo yana da shekara tamanin.
My grandfather died shortly after my birth.,Kakana ya mutu jim kaɗan bayan haihuwata.
My grandmother had an operation in Germany.,An yi wa kakata aiki sakamakon rashin lafiya a ƙasar Jamus.
My grandpa lived to the ripe old age of 97.,Kakana ya yi tsawon rai har shekara 97.
My grandpa was an avid collector of stamps.,Kakana mai ƙwazo ne wajen karɓar takardun shaida.
My heart aches for those starving children.,Zuciyata ta raurawa ga yaran da suke cikin tsananin yunwa
My house is on the west side of the street.,Gidana yana ɓangaren yammacin titin.
My husband and I have a joint bank account.,Ni da mijina muna da asusun haɗaka.
My mother and father aren't home right now.,Mahaifina da mahaifiyata ba sa gida a yanzu.
My mother didn't see the boy on the street.,Mahaifiyata ba ta ga yaron ba a kan titin.
My mother gets up earlier than anyone else.,Mahaifiyata tana riga kowa tashi da wuri.
My mother got married at the age of twenty.,Mahaifiyata ta yi aure tana da shekara ashirin.
My mother objected to my working part time.,Mahaifiyata ta nuna rashin aminceewarta kan aikin wucin gadi da nake.
My mother permitted me to go to the movies.,Mahaifiyata ta ba ni izinin zuwa kallon fim.
My mother wants me to study in Switzerland.,Mahaifiyata tana son na yi karatu a ƙasar Suwizalan.
My name is known to everybody in my school.,Sunana sananne ne a makarantarmu.
My neighbor renovated her house completely.,Maƙwabciyata ta yi wa gidanta kwaskwarima bakiɗaya.
My neighbor renovated his house completely.,Maƙwabcina ya yi wa gidansa kwaskwarima bakiɗaya.
My new Alfa Romeo convertible is light red.,"Sabuwar motata ƙirar Alfa Romeo wacce samanta ke buɗe, ja ce."
My parents have kicked me out of the house.,Iyayena sun kore ni daga gida.
My parents met each other in the mountains.,Iyayena sun haɗu da junansu a wajen tsaunuka.
My parents really love their grandchildren.,Iyayena haƙiƙa suna son jikokinsu.
My place isn't usually this much of a mess.,Wurina ba kodayaushe yake da wannan ƙazantar ba.
My sister asked me to teach her how to ski.,Yar uwata ta roƙe ni na koya mata yadda ake wasan tseren ƙanƙara.
My sister will get married early next year.,Yar uwata za ta yi aure a farkon shekara mai zuwa.
My son can already count up to one hundred.,Tuni ɗana zai iya yi ƙirge har zuwa ɗari.
My uncle comes to see me from time to time.,Kawuna yana zuwa ya gan ni lokaci zuwa lokaci.
My wife told me to throw this old hat away.,Matata ta faɗa min cewa na jefar da wannan tsohuwar hular.
Nature plays an important role in our life.,Yanayi na asali yana taka muhimmiyar rawa a rayuwarmu.
Never have I seen such a beautiful rainbow.,Ɗabi'a tana taka muhimmiyar rawa a rayuwarmu.
"No matter what he may say, don't trust him.","Ko me zai faɗa, kada ki amince masa."
"No matter what you say, the answer is ""no.""","Ko me ka faɗa, amsar a'a ce."
"No matter what, I won't change my decision.","Ko ma yaya ne, ba zan iya canja shawarata ba"
No one can achieve anything without effort.,Babu wanda ɗai cimma kowanne irin abu ba tare da ƙoƙari ba.
No one has yet found the fountain of youth.,Har yanzu babu wanda ya gano sirrin yin rayuwa mai tsawo
No one was interested in what I had to say.,Babu wanda yake da sha'awa dangane da abin da zan faɗa.
No one was prepared for what happened next.,Babu wanda ya shirya wa me zai faru gaba
No student was able to answer the question.,Babu ɗalibin da ya iya amsa tambayar.
"No, I can't clean your house. It's too big!","A'a, ba zan iya share gidanka ba, ya yi girma sosai."
Nobody ever came to see me in the hospital.,Kwata-kwata babu wanda ya zo asibiti duba ni.
Nobody seems interested in dancing with me.,Da alamar babu wanda yake da sha'awar yin rawa da ni.
Nobody tells me anything around this place.,babu wanda ya faɗa min komai a nan kewayen.
None of us was able to answer the question.,Babu wanda ya iya amsa tambayar a cikinmu.
North is the opposite direction from south.,Arewa ita ce fuskar da ke kishiyantar kudu.
Norway is the richest country in the world.,Norway ita ce ƙasa mafi tattalin arziƙi a duniya.
Norwegian is similar to Swedish and Danish.,Yaren ƙasar Norway shigen ɗaya suke da yaren Swidin da kuma na Denmark.
Not a day passes without traffic accidents.,Babu ranar da rana zata fito ta koma ba a yi hatsarin kan titi ba.
Not a man among them could lift the weight.,Babu mutum ɗaya cikinsu da zai iya ɗaga kayan nauyin.
Not a single star could be seen in the sky.,Ko tauraruwa ɗaya ba a iya gani a samaniya.
Not even Ali could've done this by himself.,Ko Ali ba zai iya wannan da kansa ba.
Not having a telephone is an inconvenience.,Rashin mallakar wayar tarho abu ne na rashin daɗi.
"Not knowing what to say, I remained silent.","Kasancewar ba ni da abin faɗa, sai na yi shiru."
Nothing that Ali does surprises me anymore.,Babu abin da Ali ya yi da ya ba ni mamaki.
Nothing will make up for his past mistakes.,Babu abin da zai cike gurbin kusakuransa.
Nutrition is inadequate in some poor areas.,Babu isashshen samun abinci a wasu ɓangarorin da ake talauci.
"Once I start cleaning, I can't stop myself.","Da zarar na fara shara, ba zan iya dainawa ba."
"Once and for all, let's get this over with.","Duka-duka, bari mu gama da wannan."
"Once upon a time, there lived a cruel king.","A wani lokaci mai nisa, an yi wani sarki azzalumi."
"One can't help many, but many can help one.","Mutum ɗaya ba zai iya taimaka wa mutane da yawa ba, amma mutane da yawa za su iya taimaka wa mutum ɗaya."
"One month after he had become ill, he died.","Bayan wata ɗaya da fara rashin lafiyarsa, sai ya mutu."
One of my friends wants to move in with me.,Wani daga cikin abokaina yana son ya tare tare da ni.
One of my hobbies is collecting old stamps.,Ɗaya daga cikin abubuwan da nake so shi ne karɓar tsofaffin takardun shaida.
One of my parents has to go to the meeting.,Dole ɗaya daga cikin iyayenmu ya je wajen taron.
One of the most beautiful animals is a cat.,Mage na daga cikin dabbobi mafiya kyau.
One of the tigers has escaped from the zoo.,Ɗaya daga cikin damisoshin ta tsere daga gidan namun dajin.
One shouldn't make promises one can't keep.,Bai kamata mutum ya yi alƙawarin da ba zai cika ba.
One who has everything can lose everything.,Wanda yake da komai zai iya rasa komai.
One-third of the Earth's surface is desert.,Kaso ɗaya cikin uku na ƙasa sahara ne.
Only I could answer the question correctly.,Ni kaɗai ne zan iya amsa tambayar daidai.
Opinions are divided on the issue of taxes.,An samu mabanbantan ra'ayi dangane da lamarin harajin.
Our plan has lots of additional advantages.,Tsarinmu yana da ƙarin alfanu masu yawa.
Our records show that you haven't paid yet.,Bayananmu sun nuna cewa har yanzu ba ka biya ba.
Our school's gym is under construction now.,Gurin motsa jiki na makarantarmu yanzu ake gininsa.
Our university usually starts on April 1st.,Yawanci jami'armu tana fara karatu ne ranar 1 ga watan Afrilu.
Over 95% of Titan's atmosphere is nitrogen.,Fiye da kaso 95 na iskar sararin samaniyar Titan iskar Nitrogen ce.
People around the world are getting fatter.,Mutane a faɗin duniya suna ƙara yin ƙiba.
People don't know how to drive around here.,Mutane ba su san yadda ake yin tuƙi a nan kewayen ba.
People don't like to swim against the tide.,Mutane ba sa son yin iyo a inda igiyar ruwa take.
People have the right to defend themselves.,Mutane suna da 'yancin kare kansu.
People talk without having anything to say.,Mutane suna yin magana ba tare da suna da abin faɗa ba.
"People who don't want to go, don't have to.","Waɗanda ba sa son zuwa, ba sai sun je ba."
Perfect diamonds are extremely rare jewels.,Cikakkun lu'ulu'u kayan ƙawa ne da suke da wahalar samu.
Pets offer us more than mere companionship.,Dabbobin cikin gida suna samar mana daɗin zama sama da tarayya kawai.
Please be careful not to let the dog loose.,Don Allah ka kula kada karen ya kwance.
Please bring me a chair from the next room.,Don Allah ɗauko min kujera daga ɗaya ɗakin.
Please don't play near the railroad tracks.,Don Allah kada ka yi wasa kusa da digar jirgi.
Please don't touch the ice with bare hands.,Don Allah kada ka taɓa ƙanƙara da hannu tsirara.
Please give me the details of the accident.,Don Allah yi min cikakken bayanin hatsarin.
Please let me know as soon as it's decided.,Don Allah ka sanar da ni da zarar an yanke shawarar.
Please take care of my baby while I am out.,Don Allah ka kula da jaririyata yayin da na fita.
Please take this parcel to the post office.,Don Allah ka ɗauki wannan ƙunshin zuwa gidan waya.
Please tell me where the police station is.,Don Allah faɗa min inda caji ofis ɗin 'yan sanda yake.
Please wait till I have finished my coffee.,Don Allah ɗan tsaya na gama shan kofina.
Police think the fire was deliberately lit.,Yan sanda sun yi tunanin cewa da gangan aka kunna wutar.
President Jackson called a cabinet meeting.,Shugaba Jackson ya kira taron majalisar ministoci.
President Madison signed the bill into law.,Shugaba Madison ya sanya hannu kan ƙudirin a cikin doka.
Promise me you won't to do anything stupid.,Ka yi min alƙawarin ba za ka yi komai ba na wauta.
Proverbs are still very popular in America.,Har yanzu karin magana na tashe a Amurka.
Respect yourself and you will be respected.,Ka girmama kanka sai a girmama ka.
"Right now, Ali just wants to be left alone.","A halin yanzu, Ali so yake a ƙyale shi."
Russia is the largest country in the world.,Ƙasar Rasha ita ce mafi girman ƙasa a duniya.
Sapporo is the fifth largest city in Japan.,Birnin Sapporo shi ne birni na biyar mafi girma a ƙasar Japan.
Scented soaps tended to make her skin itch.,Sabulai masu ƙamshi sun kusa sanya fatarta ciwo.
Science can't solve all of life's problems.,Kimiyya ba za ta magance duka matsalolin rayuwa ba.
Science will not solve all of our problems.,Kimiyya ba zai magance mana duka matsalolinmu ba.
Shakespeare created many famous characters.,Shakespeare ya ƙirƙiri fitattun jarumai da dama.
She asked me to pick her up at the station.,Ta buƙaci da na ɗauko ta a tasha.
She can't stand being treated like a child.,Ba za ta jure ana mu'amalantar ta kamar yaro ba.
She cleared away the dishes from the table.,Ta ɗauke kwanukan daga kan tebur.
She drank two glasses of wine at the party.,Ta sha kofi biyu na tsimin inibi a wajen walimar.
She fell in love with her friend's brother.,Ta faɗa kogin soyayya da ɗan uwan ƙawarta.
She felt something between love and hatred.,Ta tsinkayi wani abu tsakanin soyayya da ƙiyayya.
She gathered the pieces of the broken dish.,Ta tattare guntayen farantin da ya fashe.
She gave him her name and telephone number.,Ta ba shi sunanta da kuma lambar wayarta.
She gave me a haughty look and walked away.,Ta yi masa kallon wulaƙanci ta tafi.
She gave me a watch for a birthday present.,Ta ba ni agogo domin kyautar ranar zagayowar haihuwa.
She gave me an album as a birthday present.,Ta ba ni albom a matsayin kyautar ranar zagayowar haihuwa.
She goes to market every day to buy things.,Tana zuwa kasuwa kullum don ta siyi abubuwa.
She had her baggage carried to the airport.,She had her baggage carried to the airport.
She handed him the money that she owed him.,Ta ba shi kuɗin da ta ranta masa.
She has a rich vocabulary of English words.,Ta san kalmomi da dama na Turanci.
She has been a wonderful role model for us.,Ta kasance abar koyi tagari a gare mu.
She has made the same mistake as last time.,Ta aikata irin kuskuren da ta yi wancan karon.
She has the bad habit of always being late.,Tana da mummunar ɗabi'a ta makara a kodayaushe.
She hasn't been to the dentist's for years.,Ta daɗe ba ta je wajen likitan haƙori ba tsawon shekaru.
"She is beautiful, no matter what she wears.","Mai kyau ce, kowanne irin kaya ta saka kuwa."
She is on the verge of a nervous breakdown.,Tana daf da shiga cikin damuwa mai tsanani.
She keeps complaining that she has no time.,Tana cigaba da ƙorafin cewa ba ta da lokaci.
She kept working even though she was tired.,"Ta cigaba da aiki, duk da cewa ta gaji."
"She left Japan, never to return home again.","Ta bar Japan, ba za ta sake dawowa gida ba."
She left without saying even a single word.,Ta tafi ba tare da cewa uffan ba.
She likes to dress in an old-fashioned way.,Tana son shiga irin ta kwalliyar da.
She looked very beautiful in her new dress.,Ta yi kyau sosai da sabon kayan da ta saka.
She looked worried about her school report.,Ta damu dangane da rahoton makarantarta.
She married a hotshot lawyer from New York.,Ta auri wani shahararren lauya daga birnin New York.
She participates in many school activities.,Ta shiga cikin ayyuka da dama na makaranta.
She planted some pansies in the flower bed.,Ta shuka furen Pansy a gurin shuka furanni.
She prepared the meal in a very short time.,Ta dafa abincin cikin ƙanƙanin lokaci.
She regained consciousness in the hospital.,Ta dawo hayyacinta a asibiti.
She retaliated against him by ignoring him.,Ta rama abin da ya yi mata ta hanyar share masa.
She set the world record for the high jump.,Ta kafa tarihin zama wacce ta yi tsalle mafi nisa a duniya.
She spent her life in pursuit of the truth.,Ta ƙarar da rayuwarta wajen neman gaskiya.
She successfully got him to tell the truth.,Ta yi nasarar faɗa masa gaskiya.
She talks everything over with her parents.,Tana yin maganar komai da iyayenta.
She tends to underestimate her own ability.,Ta yi ƙoƙarin raina abin da za ta iya.
She told her son to behave himself at home.,Ta cewa ɗanta ya shiga taitayinsa a gida.
She took full advantage of the opportunity.,Ta yi cikakkiyar amfani da damar.
She took no pleasure in eating or drinking.,Ba ta jin daɗi wajen cin abinci ko abin sha.
She tore the letter into a thousand pieces.,Ta yaga wasiƙar gutsi-gutsi.
She turned around when she heard his voice.,Ta juyo lokacin da ta ji muryarsa.
She wanted him to take care of her parents.,Tana son da ya kula mata da iyayenta.
She wants me to help her with her homework.,Tana son na taimaka mata da aikin gidanta.
She was always quarreling with her parents.,Tana yin jayayya a kodayaushe da iyayenta.
She was clearly satisfied with the results.,Ta gamsu da sakamakon a zahiri.
She was kind enough to give me good advice.,Tana da kirkin da za ta ba ni shawara mai kyau.
She was sitting there with her eyes closed.,Tana zaune a can idanuwanta a rufe.
She was so curious that she opened the box.,Ta ƙagu har sai da ta buɗe kwalin.
She was watching TV with tears in her eyes.,Tana kallon talabijin idanunta cike da hawaye.
She went into her room to change her dress.,Ta tafi ɗakinta domin ta canja kayanta.
She would rather go by train than by plane.,Gara ta tafi a jirgin ƙasa maimakon jirgin sama.
She'll spend the next four years in prison.,Za ta zauna shekara huɗu masu zuwa a gidan yari.
"She's busy now, so she can't talk with you.","Aiki ya yi mata yawa yanzu, saboda haka ba za ta iya yin magana da kai ba."
She's made up her mind to quit the company.,Ta gama yanke shawarar ajiye aikin kamfanin.
Shopping malls are popular among teenagers.,Manyan shagunan siyar da kayayyaki sun shahara a wajen matasa 'yan shekara sha.
Should I cut the red wire or the green one?,Shin jar wayar zan yanke ko kuma koriyar?
Show me the doll that you bought yesterday.,Nuna min 'yar tsanar da ka siya jiya.
"Since you have a cold, you must not go out.","Tun da kana jin sanyi, ba za ka fita ba."
Smoking is not allowed inside the elevator.,Ba a shan taba a cikin lifta.
Soccer is the most popular sport in Brazil.,Ƙwallon ƙafa shi ne wasa mafi shahara a ƙasar Barazil.
Some of the dolls are too expensive to buy.,Wasu 'yar tsanar sun yi tsada sosai wajen siya.
Some of the students like to draw pictures.,Wasu daga cikin ɗaliban suna son zana hotuna.
Some people believe that the world is flat.,Wasu mutanen sun yi imani da cewa duniya a shimfiɗe take.
Some people go to church on Sunday morning.,Wasu mutanen suna zuwa coci ranar Lahadi da safe.
Some people want to amend the constitution.,Wasu mutane suna son su yi gyara a cikin kundin tsarin mulki.
Some would say that he's playing with fire.,Wasu za su ce yana yin wasa da wuta ne.
Somebody needs to be here for the children.,Ana buƙatar wani ya kasance a nan saboda yaran.
Somehow Ali doesn't seem to be Mary's type.,Kamar dai Ali bai dace da Mary ba.
Something very strange happened last night.,Wani baƙon abu ya faru a daren jiya.
Sometimes it's necessary to tell the truth.,Wani lokacin wajibi ne faɗar gaskiya.
"Sooner or later, she'll get over the shock.","Nan ba da jimawa ba, za ta dena mamakin hakan."
"Sorry, I must have dialed the wrong number.","Yi haƙuri, haƙiƙa na danna lamba bisa kuskure."
"Sorry, but you're not allowed to fish here.","Yi haƙuri, amma ba a ba ka damar kamun kifi a nan ba."
Spain once governed the Philippine Islands.,Ƙasar Sifaniya ta taɓa mulkar tsibirin Filifins.
"Speaking of hobbies, do you collect stamps?","Mu yi magana dangane da abin da kake sha'awa, shin ka karɓi takardun shaidar?"
Stop by if you're ever in the neighborhood.,"Idan ka shigo unguwar, ka shigo mu gaisa."
Such a bad custom should be done away with.,Irin wannan mummunar al'adar ya kamata a kawar da ita.
Such evil customs should be done away with.,Irin waɗannan munanan al'adun ya kamata a kawar da su.
"Take your passports with you, just in case.","Ka ɗauki fasfunanka, ko da wani abu zai taso."
Tell Ali the air conditioner isn't working.,Ka faɗa wa Ali cewa na'urar sanyaya ɗakin ba ta aiki.
Ten people were packed into the small room.,An kai mutane goma cikin ƙaramin ɗakin.
Thank you for coming all the way to see me.,Na gode da zuwan da ka yi takanas domin ka gan ni.
Thank you for decorating this glass for me.,Na gode da ƙawata wannan gilashin da ka yi min.
Thank you for helping us solve the problem.,Na gode bisa warware mana matsalar da ka yi.
Thanks for the chocolate. It was delicious.,"Na gode da cakuletin da ka bayar, ta yi daɗi."
That building has changed hands many times.,Wancan gidan mutane da dama sun mallake shi.
That chicken hasn't laid any eggs recently.,Waccan kazar ba ta yi ƙwai ba kwanan nan.
That dog is too dangerous to be left loose.,Kare yana da hatsari sosai a bar shi a ba a ɗaure ba.
That has something to do with this problem.,Wannan yana da alaƙa da wannan matsalar.
That is something you should not have said.,Wannan abu ne da bai kamata a ce ka faɗa ba.
That is the building where my father works.,Nan ne ginin da mahaifina yake aiki.
That is why I was late for class yesterday.,Shi ya sa jiya na makara a aji.
That place is worth visiting at least once.,Wannan wurin ya cancanci a ziyarce shi aƙalla sau ɗaya.
That program is broadcast every other week.,Wannan shirin ana yaɗa shi a kowanne mako.
That sounds like the kind of thing he'd do.,Hakan dai kamar irin abin da ya kamata ya yi ne.
That's the biggest elephant I've ever seen.,Wannan ita ce giwa mafi girma da na taɓa gani.
That's the stupidest thing I've ever heard.,Wannan shi ne mafi wautar abin da na taɓa ji.
The 1960s were years of protest and reform.,Shekarun 1960 shekaru ne na zanga-zanga da kuma garambawul.
The Battle of Gettysburg lasted three days.,An ɗauki shekaru uku ana yaƙin Gettysburg.
The Beatles are popular among young people.,Mawaƙan The Beatles sanannu ne a wajen matasa.
The Cold War also affected the Middle East.,Yaƙin Cacar Bakin kuma ya shafi Gabas ta Tsakiya.
The Federal Reserve slashed interest rates.,Babban Bankin Amurka ya rage kuɗin ruwa.
The Murais have been married for ten years.,Ma'auratan masu zanen sun yi shekara goma da yin aure.
The Native Americans scalped their enemies.,Yan asalin ƙasar Amurka na yankewa abokan gabarsu fata.
The New Tokaido Line was completed in 1964.,An kammala Sabon Titin jirgin ƙasan Tokaido a shekarar 1964.
The Nile is the longest river in the world.,Kogin Nilu shi ne kogi mafi tsayi a duniya.
The United States has close ties to Mexico.,Amurka na da alaƙa ta kusa da ƙasar Meziko.
The accident happened at that intersection.,Hatsarin ya faru ne a wannan mahaɗar.
The actor came out from behind the curtain.,Jarumin fim ɗin ya fito ta bayan labulen.
The actors appeared in historical costumes.,Jaruman fim ɗin sun yi kwalliya ta kayan tarihi.
The army besieged the castle for many days.,Sojojin sun kewaye gidan sarautar tsawon kwanaki.
The assignment is due two weeks from today.,Daga yau zuwa sati biyu za a rufe karɓar wannan aikin.
The babies are taken care of by volunteers.,Masu aikin sa-kai ɗin ne suka kula da jariran.
The baby almost choked on a piece of candy.,Jaririn ya kusa shaƙewa da guntuwar alawar.
"The bank has loaned the company $1,000,000.","Bankin ya bai wa kamfanin rancen kuɗi dala 1,000,000."
The beginning of the story was interesting.,Farkon labarin yana da ban sha'awa.
"The bell rang, and the train began to move.","Ƙararrawar ta kaɗa, jirgin ƙasan kuma ya fara tafiya."
The boy had the kindness to show us around.,Yaron yana da kirki ya nuna mana wuraren.
The boy lifted the heavy box with one hand.,Yaron ya ɗaga akwatun mai nauyi da hannu ɗaya.
The boys were enthusiastic about the music.,Yaran sun nuna ƙwazonsu dangane da kaɗe-kaɗen.
"The bread was moldy, but Ali ate it anyway.","Biredin ya yi funfuna, amma Ali ya cinye shi a haka."
The building is already under construction.,A  yanzu haka ana yin ginin.
The bureau drawer has several compartments.,Drowar madubi tana da ɗakuna da yawa.
The campers sang songs around the campfire.,"Masu yin sansanin, sun rera waƙoƙi a kewayen wutar sansanin."
The car bumper absorbed some of the impact.,Bambar motar ta shanye wani ɓangare na buguwar.
The car is parked in front of the building.,An ajiye motar a bakin ginin.
The children are learning to tell the time.,Yaran suna koyon agogo.
The children threw snowballs at each other.,Yaran sun jefi kawunansu da ƙwallon dusar ƙanƙara.
The children were listening to the teacher.,Yaran suna sauraron malamin.
The church is in the middle of the village.,Cocin tana tsakiyar ƙauyem.
The city hall is in the center of the city.,Ɗakin taron birnin yana cikin tsakiyar birnin.
The cold weather continued for three weeks.,Yanayin sanyin ya cigaba tsawon makwanni uku.
The cold weather has turned the leaves red.,Yanayin sanyin ya mayar da ganyaye jajaye.
The comic scenes in the play were overdone.,Fitowar barkwanci a cikin wasan kwaikwayon sun wuce gona da iri.
The committee is discussing social welfare.,Kwamitin yana tattaunawa dangane da walwalar jama'a.
The company is trying to improve its image.,Kamfanin yana ƙoƙarin ƙara wa kansa ƙima.
The company raised money for new computers.,Kamfanin ya samar da kuɗi son siyan sababbin kwamfutoci.
The company's stock price jumped yesterday.,Farashin hannun jarin kamfanin ya tashi jiya.
The cost of repairing the roof shocked her.,Kuɗin gyaran rufin ya kiɗima ta.
The countryside is beautiful in the spring.,Karkara tana da kyau lokacin bazara.
The criminal gave himself up to the police.,Mai laifin ya miƙa kansa ga 'yansanda.
The decision was in favor of the defendant.,Hukuncin yana goyon bayan wanda ake ƙara ne.
The defendant has no history of drug abuse.,Wanda ake ƙarar ba shi da wani tarihi na shan ƙwaya.
The doctor told him to cut down on smoking.,Likita ya faɗa masa cewa ta rage shan taba.
The doctor wants Ali to slim down a little.,Likitan yana so Ali ya rage ƙiba kaɗan.
The document passed into the enemy's hands.,Takardun sun faɗa hannun abokin gaba.
The door had been axed by the firefighters.,Masu kashe gobarar ne suka karya ƙofar.
The door was locked and we couldn't get in.,Ƙofar a kulle take ba za kuma mu iya shiga ba.
The escape was nothing less than a miracle.,Kuɓutar ba komai ba ne face ikon Allah.
The escaped convict is armed and dangerous.,Wanda aka tabbatar wa laifin da ya tsere yana ɗauke da makami kuma yana da haɗari.
The escaped prisoners are still on the run.,Fursunonin da suka tsere har yanzu gudun suke.
The event still remains vivid in my memory.,Lamarin har yanzu yana nan tarwai a ƙwaƙwalwata.
The evidence convinced us of his innocence.,Hujjojin sun ba mu gamsuwar cewa ba shi da hannu ciki.
The fact is that he is too busy to see you.,Maganar gaskiya shi ne aiki ya yi masa yawan da ba zai iya ganin ka ba.
The factory always made good quality shoes.,Masana'antar tana haɗa takalma masu ƙarko.
The factory has been lying idle for a year.,Masana'antar ta tsaya ba aiki tsawon shekara.
The factory is producing a new type of car.,Masana'antar tana ƙera sabuwar ƙirar mota.
The firemen quickly extinguished the blaze.,Masu aikin kashe gobarar sun yi saurin kashe wutar.
The firm went under due to lack of capital.,Kamfanin ya duƙushe sakamakon rashin jari.
The girl brought me a red and a white rose.,Yarinyar ta kawo min ja da farin furen rose.
The girl swimming in the pool is my cousin., Yarinyar da take yin iyo a cikin ruwa 'yar uwata ce.
The girl who works at the bakery is pretty., Yarinyar da take aiki a gidan biredi kyakkyawa ce.
The hailstones were as big as tennis balls.,Ƙanƙarar girmanta ya kai kamar girman ƙwallon tennis.
The heroine of the novel committed suicide.,Jarumar cikin labarin ta kashe kanta.
The heroine of this story is a little girl.,Jarumar cikin wannan labarin wata ƙaramar yarinya ce.
The high command decided to attack at dawn.,Babbar rundunar ta yanke shawarar kai hari da asuba.
"The higher we climb, the colder it becomes.","Muna ƙara hawa zuwa sama, sanyi kuma yana ƙaruwa."
The highways in this country are excellent.,Manyan tituna a wannan ƙasar suna da matuƙar kyau.
The hotel was luxurious beyond description.,Otal ɗin ƙayatacce ne fiye da yadda za a kwatanta.
"The house is small, but it's enough for us.","Gidan ƙarami ne, amma ya ishe mu."
The house standing on the hill is very old.,Gidan da ke kan tudu tsoho ne sosai.
The house was full of colorful art objects.,Gidan cike yake da abubuwan zane-zane masu launuka.
The house we used to live in was torn down.,Gidan da muke zama ciki ya rushe.
The ice was thick enough for me to walk on.,Ƙanƙarar ta yi kaurin da zan iya takawa na yi tafiya.
The inhabitants of the island are friendly.,Mazauna tsibirin suna da haba-haba.
The journalist was kidnapped by terrorists.,Yan ta'adda ne suka sace ɗan jaridar.
The judgement is very fair to both parties.,Hukuncin ya yi adalci ga duka ɓangarorin guda biyu.
The kidnappers showed no sign of giving up.,Masu satar mutanen ba su nuna alamun miƙa wuya ba.
The kids are picking flowers in the garden.,Yaran suna tsinkar fure a lambun.
The king imposed heavy taxes on the people.,Sarkin ya sanya haraji mai girma a kan mutane.
The line is busy now. Please hold the line.,"Layin kiran yana aiki sosai a yanzu, don Allah ka jira kaɗan."
The little girl doesn't like to wear shoes.,Yarinyar ba ta son sanya takalma.
The man dashed the bottle against the wall.,Mutumin ya buga kwalbar da bango.
The man finally confessed what he had done.,A ƙarshe mutumin ya yi iƙirarin abin da ya aikata.
The man is well-known all over the village.,Mutumin sananne ne a duka faɗin ƙauyen.
The man swimming in the river is my friend.,Mutumin da ke yin iyo a cikin kogi abokina ne.
The man was folding and unfolding his arms.,Mutumin yana naɗewa tare da sakin hannayensa.
The manager blamed himself for the failure.,Manajan ya ɗora wa kansa laifin matsalar.
The manager called an urgent staff meeting.,Manajan ya kira taron gaggawa na ma'aikata.
The medicine had a wonderful effect on him.,Maganin ya yi tasiri mai kyau a kansa.
The meeting began at five in the afternoon.,An fara taron da ƙarfe biyar na yamma.
The meeting room is occupied at the moment.,Ɗakin taron ya cika a halin yanzu.
The money was all there. Nobody touched it.,Duka kuɗin suna nan. Babu wanda ya taɓa su.
The more I eat the bigger my appetite gets.,"Ina ƙara cin abinci da yawa, sha'awar ƙara cin abincin tana ƙaruwa."
The most important thing is not to give up.,Abu mafi muhimmanci shi ne kar ka sare.
The mother laid her baby on the bed softly.,Uwar ta kwantar da jaririnta a kan gado a hankali.
The mother separated the fighting children.,Mahaifiyar ta raba yaran da ke faɗa.
The motive for the murder is not yet known.,Har yanzu ba a san manufar wanda ya yi kisan ba.
The murderer was finally caught last night.,Daga ƙarshe an kama mai kisan kan a daren jiya.
The nation needed more and better teachers.,Ƙasar tana buƙatar ƙarin malamai kuma masu inganci.
The noise kept me from sleeping last night.,Hayaniyar ce ta hana ni bacci jiya.
The number of stars in the sky is infinite.,Taurarin sararin samaniya ba su da adadi.
The old man served the king for many years.,Tsohon ya yi wa sarki hidima ta tsawon shekaru.
The old man stroked his beard thoughtfully.,Tsohon ya dafa gemunsa yana tunani.
The older children helped the younger ones.,Manyan 'ya'yan su suka taimaki ƙananan.
"The older you get, the less sleep you need.","Kana ƙara shekaru, baccinka yana raguwa"
The outside of the house was very run down.,Wajen gidan ya tsufa sosai.
The patient is recovering from his illness.,Mara lafiyan yana warkewa daga rashin lafiyar.
The pay is terrible and the hours are long.,Albashin babu kyau kuma sa'oin sun yi yawa.
The peach tree is beautiful when in flower.,bishiyar peach tana da kyau yayin da take yin furanni.
The pencil I lost yesterday was an old one.,Fensir ɗina da ya ɓata jiya tsoho ne.
The people here are accustomed to the cold.,Mutanen da suke nan sun saba da sanyi.
The people suffered under the cruel tyrant.,Mutanen sun sha wahala a ƙarƙashin zalunci.
The person who shot JFK worked for the CIA.,Mutumin da ya harbi JFK yana yi wa CIA aiki.
The phone rang while I was taking a shower.,Wayar ta buga lokacin da nake wanka.
The picture brought back a lot of memories.,Hoton ya saka mun tuna abubuwa da dama.
The pirates had no choice but to surrender.,Ɓarayin jirgin ruwan ba su da zaɓi illa su miƙa wuya.
The plane took off at exactly nine o'clock.,Jirgin ya tashi da ƙarfe tara daidai.
The police are now checking on Ali's alibi.,Yan sandan a yanzu sun fara duba dalilan Ali.
The police expect people to follow the law.,Yan sanda suna sa ran mutane su bi doka.
The police observed the man enter the bank.,Yan sandan sun lura da mutumin da ya shiga banki.
The policeman suspected the man was guilty.,Ɗan sandan ya yi zargin cewa mutumin ba shi da laifi.
The poor old woman was robbed of her money.,An yi wa tsohuwar matar fashin kuɗi.
The princess couldn't help laughing at him.,Gimbiyar ta rasa me za ta yi masa in ba dariya ba.
The principal of our school is an American.,Shugaban makarantar sakandarenmu ɗan ƙasar Amurka ne.
The problem is that I don't have any money.,Matsalar shi ne ba ni da wani kuɗi.
The problem will resolve itself eventually.,Da sannu dai matsalar za ta warware kanta.
The problem's being looked into as I speak.,A yanzu da na ke maganar nan ana duba dangane da matsalar.
The professor seemed to be lost in thought.,Kamar dai farfesan ya yi nisa cikin kogin tunani.
The reasons for our failure are as follows.,Dalilan da suka janyo matsalarmu su ne kamar haka.
The restaurant is next door to the theater.,Gidan abincin yana maƙwabtaka da gidan kallon wasan kwaikwayon.
The result was far from being satisfactory.,Sakamakon sam ba abin gamsuwa ba ne.
The results won't be immediately announced.,Ba za a sanar da sakamakon nan take ba.
The riot was suppressed without difficulty.,An kwantar da tarzomar ba tare da shan wahala ba.
The road is blocked because of an accident.,An rufe hanyar saboda wani hatsari.
The room was empty except for a shabby bed.,Babu komai cikin ɗakin sai wani tsohon gado kaɗai.
The room was littered with scraps of paper.,Ɗakin ya ɓaci da guntayen takardu.
The school is only a five-minute walk away.,Tafiyar ƙafa ta minti biyar za ta kai ka makarantar.
The sentence is not grammatically accurate.,Jimlar ba daidai take ba a tsarin nahawu.
The shrine was built two hundred years ago.,An gina wajen bautar shekaru ɗari biyu da suka gabata.
The side of the house was covered with ivy.,Shukar ivy ta rufe gefen gidan.
The simplest solutions are always the best.,Mafita me sauƙi ita ce mafi kyau kodayaushe .
The soldiers could do nothing until spring.,Sojojin ba za su iya yin komai ba har zuwa bazara.
The soldiers filled the sandbags with sand.,Sojojin sun cika buhunan yashin da yashi.
The soldiers march in camouflaged uniforms.,Sojojin sun yi tattaki cikin inifam mai ɓoye kamanni.
The store happened to be crowded yesterday.,Shagon ya cika maƙil jiya.aa
The storm did great damage to her property.,Tsawar ta yi babbar ɓarna ga kayayyakinta.
The street was empty of people and traffic.,Titin babu mutane da cunkoson ababen hawa.
The streets in Tokyo are full on Saturdays.,Titunan Tokyo suna cika a ranakun Asabar.
The students adore the new English teacher.,Ɗaliban suna son sabon malamin Turancin.
The supply can not keep up with the demand.,Kayan da aka samar ba za kai yawan waɗanda ake buƙata ba.
The teacher pokes his nose into everything.,Malamin yana tsoma bakinsa a cikin  komai.
The teacher was surrounded by her students.,Malamar ɗalibanta sun kewaye ta.
The team was quite nervous before the game.,Yan ƙungiyar sun kaɗu tun kafin wasan.
The telephone was invented by Bell in 1876.,Bell ne ya ƙirƙiri wayar tarho a shekarar 1876.
The telephone was invented in 1876 by Bell.,A shekarar 1876 Bell ya ƙirƙiri wayar tarho.
The thief disguised himself as an old lady.,Ɓarawon ya ɓad da kama a matsayin tsohuwar mace.
The thief ran away when he saw a policeman.,Ɓarawon ya gudu lokacin da ya ga ɗansandan.
The tired old lady had bags under her eyes.,fatar idanun gajiyayyiyar tsohuwar sun sakko.
The train runs between Tokyo and Kagoshima.,Jingin yana zirga-zirga tsakanin Tokyo da Kagoshima.
The train was moving at 500 miles per hour.,Jirgin yana tafiya a mil 500 duk sa'a.
"The treaty was signed on November 18, 1903.","An sanya hannu kan yarjejeniyar ranar 18 ga watan Nuwamba, shekarar 1903."
The two men were tried by a military court.,Mutane biyun an yi musu shari'a a kotun sojoji.
The visitor left a message with his sister.,Baƙon ya bar saƙo a wurin 'yar uwarsa.
The wedding is less than three months away.,Bikin saura ƙasa da wata uku.
The whole village was consumed by the fire.,Wuta ta cinye ƙauyen bakiɗaya.
The wind blew the umbrella out of her hand.,Iska ta kufce laimar daga hannunta.
The wind carries seeds for great distances.,Iska ta ɗauki ƙwayar irin daga waje mai nisa.
The world is more dangerous than I thought.,Duniya tana da haɗari sosai yadda ban yi zato ba.
The young man saved the girl from drowning.,Matashin ya tseratar da yarinyar daga dulmiyewa.
Theory and practice should go hand in hand.,Rubutaccen ilimi ya kamata ya tafi hannu da hannu da koyo a aikace.
There are a lot of bad people in the world.,Akwai mutanen banza da yawa a duniya.
"There are a lot of dogs here, aren't there?","Akwai karnuka da yawa a nan, ko ba sa nan?"
There are about a thousand students in all.,Akwai kusan ɗalibai dubu duka-duka.
There are few mistakes in your composition.,Akwai 'yan kurakurai a rubutunka.
There are fifty stars on the American flag.,Taurari hamsin ne a jikin tutar Amurka.
There are footprints of a cat on the table.,Akwai sawun magen a kan teburin.
There are many benefits to being beautiful.,Akwai alfanu da yawa na kasancewa me kyau
There are many movie theaters in this city.,Akwai gidan kallon fina-finai da yawa a wannan birnin.
There are many people living in this house.,Akwai mutane da dama da suke zaune a wannan gidan
There are more clouds today than yesterday.,Akwai gajimare da yawa yau fiye da jiya.
There are more women than men in the world.,Akwai mata da yawa fiye da maza a duniya.
There are nine million bicycles in Beijing.,Akwai kekuna miliyan tara a Beijing
There are some things that money can't buy.,Akwai abubuwan da kuɗi ba zai iya siya ba.
There are three hundred pages in this book.,Shafi ɗari uku ne a wannan littafin.
There are very few passengers in the train.,Fasinjoji kaɗan ne a cikin jirgin ƙasan.
There can be only one explanation for that.,Bayani ɗaya kaɗai za a iya samu dangane da wannan.
There is a man waiting for you at the door.,Akwai mutumin da yake jiranka a bakin ƙofa.
There is a public telephone on that corner.,Akwai wayar tarho ta jama'a a waccan kwanar.
There is a reason that everybody hates Ali.,Akwai dalilin da ya sa kowa ya tsani Ali.
There is a tinge of red in the eastern sky.,Akwai ratsin ja a gabashin sama.
There is an urgent need for drinking water.,Akwai buƙatar gaggawa ta ruwan sha.
There is an urgent need for food and water.,Akwai buƙatar gaggawa ta abinci da ruwan sha.
There is no city in Europe as big as Tokyo.,Babu wani birni a nahiyar Turai da ya kai girman Tokyo.
There is no room for doubt about his guilt.,Babu kokwanto kwata-kwata dangane da laifinsa.
There is no situation that is without hope.,Babu wani yanayi da babu fata nagari ciki.
There is no use waiting for her any longer.,Babu amfanin a jira ta gabaɗaya
There is nothing the matter with the motor.,Motar ba ta da wata matsala.
There isn't much nutrition in potato chips.,Babu sinadarai sosai a cikin soyayyen dankali.
There must be some solution to the problem.,Dole za a samu mafita dangane da matsalar.
There seems to be only one way out of here.,"Da alama hanya ɗaya ce kaɗai za a fita daga nan.
"
There was a tall tree in front of my house.,Akwai wata doguwar bishiya a ƙofar gidana.
There was no one in the shop to wait on me.,Babu kowa a shagon da zai saurare ni.
There were three women standing at the bar.,Akwai mata uku da ke tsaye da mashayar.
There were two famous artists at the hotel.,Akwai shahararrun mawaƙa guda biyu a otal ɗin.
There's a good chance that he'll be chosen.,Akwai kyakkyawan fatan cewa za a zaɓe shi.
There's a hole in the bottom of the bucket.,Akwai huda a ƙasan bokitin.
There's a little bit of water in the glass.,Akwai ruwa kaɗan a cikin gilashin.
There's a long line at every cash register.,Akwai dogon layi a kowanne injin karɓar kuɗi.
There's a problem there that you don't see.,Akwai matsala a wajen wacce ba ka gani ba.
There's a small brown dog under this table.,Akwai wani ƙaramin kare launin makuba a ƙarƙashin wannan teburin.
There's always a first time for everything.,Kowanne abu yana da lokacin farko a kodayaushe.
There's still plenty that needs to be done.,Akwai abubuwa da dama da ake da buƙatar aiwatarwa.
These are my books and those are his books.,Waɗannan littattafaina ne waɗancan kuma littattafansa ne.
These are the people who saw the explosion.,Waɗannan su ne mutanen da suka ga tashin abin fashewar.
These flowers bloom earlier than others do.,Waɗannan furannin suna fitowa da wuri fiye da sauran.
These photographs remind me of our holiday.,Waɗannan hotunan sun tuna min hutun da muka yi.
They admired the scenic view from the hill.,Sun yaba da yanayin kyan wurin daga kan tudun.
They announced an increase in tuition fees.,Sun sanar da ƙarin  kuɗin makaranta.
They are talking about what they will sing.,Suna yin magana ne dangane da abin da za su rera.
They are willing to talk about the problem.,Suna da niyyar tattaunawa dangane da matsalar.
They began to run when they saw the police.,Sun fara gudu lokacin da suka ga 'yansandan.
They can't keep their hands off each other.,Ba za su iya daina mu'amala da juna ba.
They decided to pull down the old building.,Sun yanke shawarar rushe ginin.
They demanded that the mayor should resign.,Sun buƙaci magajin garin da ya ajiye aiki.
They did everything in order to make money.,Sun yi komai ne domin su samu kuɗi.
They fought for the honor of their country.,Sun yi yaƙi ne domin ɗaukakar ƙasar.
They furnished the library with many books.,Sun ƙawata ɗakin karatun da littattafai da yawa.
They have been reading an interesting book.,Sun kasance suna karanta wani littafi mai ban sha'awa.
They have lived in this town for ten years.,Suna zaune a nan garin tsawon shekara goma.
They just wanted to ask me a few questions.,Kawai suna son su yi min wasu 'yan tambayoyi ne.
They kept singing until a rescue team came.,Sun ci gaba da rera waƙar har sai da tawagar ceto ta zo.
They lugged the refrigerator up the stairs.,Sun ɗaga firjin zuwa saman bene.
They made him work from morning till night.,Sun sanya shi aiki daga safiya har zuwa dare.
They play ball in the park every afternoon.,Suna yin ƙwallon ƙafa a wurin shaƙatawar kowanne yammaci.
They rented the upstairs room to a student.,Sun bayar da hayar ɗakin benen ga ɗalibi.
They sat on a park bench and began talking.,Sun zauna a bencin wurin shaƙatawar sai suka fara magana.
"They sell apples, oranges, eggs, and so on.","Suna siyar da tufa, lemo, ƙwai da sauransu."
They set a new record for the longest kiss.,Sun kafa sabon tarihi na wanda suka fi daɗewa suna sumba.
They set fire to houses and farm buildings.,Sun cinna wuta ga gidaje da gine-ginen gonaki.
They set the time and place of the wedding.,Sun saka lokaci da kuma wurin ɗaurin auren.
They should treat people with more respect.,Ya kamata su mu'amalanci mutane da girmamawa sosai.
They were scared at the sight of the ghost.,Sun ji tsoron ganin fatalwar.
They were stuck for hours in a traffic jam.,Sun maƙale tsawon sa'oi a cunkoson ababen hawa.
They're on good terms with their neighbors.,Suna zaman lafiya da maƙwabtansu.
Things usually take longer than you expect.,Abubuwa suna ɗaukar lokaci fiye da yadda kake tsammani.
This area suffers from a shortage of water.,Wannan yankin yana fama da ƙarancin ruwa.
This battle left Napoleon master of Europe.,Wannan yaƙin ne ya bar Napoleon a matsayin shugaban Turai.
This book is too difficult for you to read.,Wannan littafin zai yi maka wahalar karantawa.
This book is widely available in libraries.,Wannan littafin akwai shi a ɗakunan karatu.
This book is worth reading again and again.,Wannan littafin ya cancanci a karanta shi a sake karantawa.
This box is three times as big as that one.,Wannan akwatin  ta yi girman waccan sau uku.
This car was so cheap that he could buy it.,Wannan motar tana da sauki ta yadda zai iya siyan ta.
This carpet is more valuable than that one.,Wannan kafet ɗin ya fi wancan daraja.
This chair is made from recycled materials.,Wannan kujerar an haɗa ta ne daga abubuwan da ake iya sake sana'anta su.
This child believes that the earth is flat.,Yaron ya yarda cewar ƙasa a shimfiɗe take.
This city is famous for its beautiful park.,Wannan birnin ya shahara saboda kyakkyawan wurin shaƙatawa da yake da shi.
This clock is far more expensive than that.,Wannan agogon ya fi wancan tsada sosai.
This custom dates back to the 12th century.,Wannan al'ada ta samo asali ne tun daga ƙarni na 12.
This factory manufactures automobile parts.,Wannan masana'antar tana samar da kayayyakin motoci.
This form must be filled out in triplicate.,Dole a cike wannan fom ɗin sau uku.
This grocery store only sells organic food.,Wannan kantin kayan amfanin gidan iya abincin asali yake siyarwa.
This has been happening quite a lot lately.,Wannan abin yana faruwa sosai kwanan nan.
"This is a cargo ship, not a passenger ship.","Wannan jirgin ɗaukar kaya ne, ba jirgin fasinja ba."
"This is a meeting room, not a waiting room.","Wannan ɗakin taro ne, ba ɗakin jira ba."
This is not my first time riding a bicycle.,Wannan ba shi ne farkon tuƙa kekena ba.
This is same car that we were in yesterday.,Wannan ce dai motar da muke ciki jiya.
This is the best investment I've ever made.,Wannan shi ne kasuwanci mafi kyau da na taɓa yi.
This is the craziest thing I've ever heard.,Wannan shi ne mafi haukan abin da na taɓa ji.
This is the first time I've ridden a horse.,Wannan shi ne karon farko da na hau doki.
This is the man who they say stole the car.,Wannan shi ne mutumin da suka ce ya sace motar.
This is the strangest thing I've ever done.,Wannan shi ne babban baƙon abun da na taɓa yi.
This is the stupidest thing I've ever done.,Wannan shi ne mafi wautar abin da na taɓa yi.
"This movie is for adults, not for children.","Wannan fim ɗin na baligai ne, ba na yara ba."
This movie is one of my all-time favorites.,Wannan fim ɗin ɗaya ne daga cikin fina-finan da na fi so a kodayaushe.
This music is very difficult to sight read.,Wannan kiɗan yana da matuƙar wahalar karantawa.
This novel is too difficult for me to read.,Wannan rubutaccen labarin ya yi mini tsauri wajen karantawa.
This order has just come in over the phone.,Wannan odar yanzu ta shigo ta waya.
This organization cannot exist without you.,Wannan ƙungiyar ba za ta wanzu ba ba tare da kai ba.
This pair of trousers is just right for me.,Wannan wandon ya yi min daidai.
This poem was originally written in French.,Wannan rubutacciyar waƙar an rubuta ta ne asali  da Faransanci.
This problem is too difficult to deal with.,Wannan matsalar tana da wahalar sha'ani.
This restaurant is noted for its good food.,Wannan gidan abincin ya yi fice ne saboda abincinsa mai daɗi.
This road is too narrow for trucks to pass.,Wannan hanyar ta yi tsukewa sosai  ɗin da babbar mota za ta wuce.
This road will take you to the post-office.,Wannan hanyar ce za ta kai ka gidan waya.
This sort of work calls for great patience.,Irin wannan aikin yana buƙatar matuƙar haƙuri.
This subject should be discussed in detail.,Wannan batun ya kamata a tattauna shi dalla-dalla.
This supermarket delivers only on Saturday.,Wannan babban kantin yana aika kaya ne ranar Asabar kaɗai.
This sweater costs more than fifty dollars.,Wannan rigar ta ci mini sama da dala hamsin.
This textbook is written in simple English.,Wannan littafin karatun an rubuta shi da Turanci mai sauƙi.
This watch is less expensive than that one.,Wannan agogon bai kai wancan tsada ba. 
This white coat will look very nice on you.,Wannan farar kwat ɗin za ta yi maka kyau.
This work calls for a high degree of skill.,Wannan aikin yana buƙatar babban mataki na ƙwarewa.
Those are the ugliest shoes I've ever seen.,Waɗancan su ne mafiya munin takalman da na taɓa gani.
Those dark clouds will probably bring rain.,Waɗancan baƙaƙen hadarin akwai yiwuwar su iya zubar da ruwa.
Those scientists are the cream of the crop.,Waɗancan masana kimiyyar su ne mafiya kyau.
Those stairs are where Ali and I first met.,Waccan matattakalar nan ne inda na fara haɗuwa da Ali.
"Those who know me, know that I am Catholic.",Waɗanda suka san ni sun san ni ɗan Katolika ne.
Thousands of people died during the plague.,Mutane da dama sun mutu yayin farin.
"To tell the truth, I didn't do my homework.",In faɗi gaskiya? ban yi aikin gidana ba.
"To tell the truth, I don't really like her.",In faɗi gaskiya? gaskiya ba na son ta.
"To tell the truth, I don't really like him.",In faɗi gaskiya? gaskiya ba na son shi.
"To tell the truth, he is not a human being.",In faɗi gaskiya? ba mutum ba ne
Today you can get two for the price of one.,A yau za a ba ka guda biyu a farashin ɗaya.
"Today, everything went awry from the start.",Yau tun farko abubuwa ba sa tafiya daidai.
Ali actually didn't do what he said he did.,Haƙiƙa Ali bai aikata abin da ya ce ya yi ba.
"Ali almost kissed Mary, but decided not to.","Ali ya kusan sumbatar Mary, amma sai ya yanke shawarar kada ya yi."
Ali and I are both a little busy right now.,"Ni da Ali, a halin yanzu aiki ya yi mana yawa kaɗan."
Ali and I go fishing together every summer.,"Duk lokacin rani, muna zuwa kamun kifi ni da Ali."
Ali and I have been friends for many years.,Ni da Ali mun kasance abokai shekaru da dama.
Ali and I have been through a lot together.,Ni da Ali mun sha fama tare sosai.
Ali and I swim together three times a week.,Ni da Ali muna yin iyo tare sau uku a mako.
Ali and I'll take turns watching your kids.,Ni da Ali za mu yi karɓa-karɓa wajen kula da 'ya'yanka.
Ali and John were both kicked off the team.,An kori Ali da John daga cikin tawagar.
Ali and Mary are flying to Boston tomorrow.,Ali da Mary za su tashi zuwa Boston gobe.
Ali and Mary are in the car waiting for us.,Ali da Mary suna cikin mota suna jiran mu.
Ali and Mary are much stronger than we are.,Ali da Mary suna da ƙarfi sosai sama da yadda muke.
Ali and Mary aren't speaking to each other.,Ali da Mary ba sa yi wa juna magana.
Ali and Mary both enjoy playing basketball.,Ali da Mary dukkaninsu suna jin daɗin yin ƙwallon kwando.
Ali and Mary both prefer watching comedies.,Ali da Mary dukkaninsu sun fi son kallon wasan barkwanci.
Ali and Mary bought a house in the suburbs.,Ali da Mary sun siyi gida a rukunin gidajen birni.
Ali and Mary couldn't move the heavy trunk.,Ali da Mary ba za su iya matsar da gangar jikin bishiyar mai nauyi ba.
Ali and Mary don't love each other anymore.,Ali da Mary a yanzu ba sa son junansu kwata-kwata.
Ali and Mary entered through the back door.,Ali da Mary sun shiga ta ƙofar baya.
Ali and Mary have almost nothing in common.,Ali da Mary kusan ba su da wani abu da suka yi tarayya.
Ali and Mary have become very good friends.,Ali da Mary sun zama abokai sosai.
Ali and Mary have been married three years.,Ali da Mary sun yi aure tsawon shekara uku.
Ali and Mary have gone their separate ways.,Ali da Mary sun rabu da juna. 
Ali and Mary have to get their car painted.,Ali da Mary suna buƙatar yi wa motarsu fenti.
Ali and Mary hit it off from the beginning.,Ali da Mary suna ɗasawa da juna da farko.
Ali and Mary hurried up the steps together.,Ali da Mary sun yi sauri zuwa matattakalar tare.
Ali and Mary live in Boston with their son.,Ali da Mary suna zaune a Boston tare da ɗansu.
Ali and Mary looked at each other silently.,Ali da Mary sun kalli junansu yayin da suka yi shiru.
Ali and Mary looked at each other uneasily.,Ali da Mary sun kalli junansu cikin rashin daɗi.
Ali and Mary looked into each other's eyes.,Ali da Mary sun sanya idanunsu cikin na juna.
Ali and Mary met in Boston three years ago.,Ali da Mary sun haɗu a Boston shekara uku da suka gabata.
Ali and Mary must have something in common.,Dole akwai abin da Ali da Mary suka yi tarayya a kai.
Ali and Mary speak to each other in French.,Ali da Mary suna yi wa junansu magana da Faransanci.
Ali and Mary split up after their son died.,Ali da Mary sun rabu bayan mutuwar ɗansu.
Ali and Mary stared into each other's eyes.,Ali da Mary sun kalli idanun juna.
Ali and Mary take turns washing the dishes.,Ali da Mary suna yin karɓa-karɓa wajen wanke-wanke.
Ali and Mary threw snowballs at each other.,Ali da Mary sun jefi junansu da ƙwallon dusar ƙanƙara.
Ali and Mary tried not to laugh too loudly.,Ali da Mary sun yi ƙoƙarin kada su yi dariya da ƙarfi.
Ali and Mary usually speak French together.,Yawanci Ali da Mary suna yin magana da Faransanci tare.
Ali and Mary walked down the busy sidewalk.,Ali da Mary sun tafi ta hanya mai cike da hada-hada.
Ali and Mary want to know what our plan is.,Ali da Mary suna son su san menene shirinmu.
Ali and Mary went camping in the mountains.,Ali da Mary sun tafi yin sansani  a wajen tsaunuka.
Ali and Mary were making prank phone calls.,Ali da Mary suna yin kiran waya na wasa.
Ali and Mary were whispering to each other.,Ali da Mary suna yi wa junansu raɗa.
Ali and the others ran out of the building.,Ali da sauran mutanen sun fito da gudu daga cikin ginin.
Ali answered the next question on the list.,Ali ya amsa tambayar gaba da ke cikin jerin.
Ali asked Mary a lot of personal questions.,Ali ya tambayi Mary tambayoyi da yawa da suka shafi rayuwarta.
Ali asked Mary a rather difficult question.,Ali ya tambayi Mary tambaya mai wahala.
Ali asked Mary about her life in Australia.,Ali ya tambayi Mary dangane da rayuwarta a Ostiraliya.
Ali asked Mary about her new job in Boston.,Ali ya tambayi Mary dangane da sabon aikinta a Boston.
Ali asked Mary for John's telephone number.,Ali ya tambayi Mary lambar wayar tarho ɗin John.
Ali asked Mary if she knew his new address.,Ali ya tambayi Mary ko ta san sabon adireshinsa.
Ali asked Mary to drive him to the airport.,Ali ya buƙaci Mary ta tuƙa shi zuwa filin sauka da tashin jirage.
Ali asked me how to get to the post office.,Ali ya tambaye ni kwatancen zuwa gidan waya.
Ali asked me if he could close the windows.,Ali ya tambaye ni cewa ko zai iya rufe taga.
Ali asked me to buy him something to drink.,Ali ya buƙaci na siyo masa wani abu ya sha.
Ali asked me to help him with his homework.,Ali ya buƙaci na taimaka masa da aikin gidansa.
Ali asked me where I had bought my bicycle.,Ali ya tambaye ni a ina na siyi kekena.
Ali asked why you had spent time in prison.,Ali ya tambayi cewa me ya sa ka daɗe a kurkuku.
Ali asked you a question. Please answer it.,Ali ya yi maka tambaya. Don Allah ka amsa ta.
Ali broke his promise and didn't help Mary.,"Ali ya karya alƙawarinsa, kuma bai taimaki Mary ba."
Ali bumped his head on the roof of the car.,Ali ya buga kansa da rufin motar.
Ali can't afford to buy Mary anything nice.,Ali ba zai iya siya wa Mary kowanne abu mai kyau ba.
Ali can't hide the truth from Mary anymore.,Ali ba zai iya ɓoye wa Mary gaskiya ba yanzu.
Ali can't remember how to use the shredder.,Ali ba zai iya tuna yadda ake amfani da injin yanke-yanke ba.
Ali can't see anything without his glasses.,Ali ba zai iya ganin komai ba ba tare da tabarau ba.
Ali certainly should have kept his promise.,Tabbas ya kamata a ce Ali ya riƙe alƙawarinsa.
Ali closed his eyes and thought about Mary.,Ali ya rufe idanunsa ya yi tunani dangane da Mary.
Ali closed his eyes and took a deep breath.,Ali ya rufe idanunsa ya ja numfashi.
Ali collected his things and left the room.,Ali ya karɓi abubuwansa ya bar ɗakin
Ali complained that he couldn't find a job.,Ali ya yi ƙorafin cewa ya kasa samun aiki.
Ali confessed to having stolen the bicycle.,Ali ya tabbatar da cewa ya saci keken.
Ali could hardly hear what Mary was saying.,Da wuya Ali ya ji abin da Mary take cewa.
Ali could hardly understand what Mary said.,Da wuya Ali ya fahimci abin da Mary ta faɗa.
Ali could hardly wait to start his new job.,Da wuya Ali ya jira don fara sabon aikinsa.
Ali could never fall for a woman like Mary.,Ali ba zai taɓa son wata mace kamar Mary ba.
"Ali could've said something, but he didn't.","Ya kamata a ce Ali ya faɗi wani abu, amma bai ce ba."
Ali couldn't have done what you say he did.,Bai kamata a ce Ali ya aikata abin da ya ce ya yi ba.
Ali couldn't remember where he put his pen.,Ali ba zai iya tuna inda ya saka bironsa ba.
Ali definitely didn't want to be disturbed.,Tabbas Ali ba ya son a dame shi.
Ali did nothing but complain about his job.,Ali bai yi komai ba illa ƙorafi da ya yi dangane da aikinsa.
Ali didn't consider Mary's feelings at all.,Ali bai damu da damuwar Mary ba gabaɗaya.
Ali didn't do what he's being punished for.,Ali bai aikata abin da ake masa horo a kansa ba.
Ali didn't even offer Mary a cup of coffee.,Ali bai ba wa Mary ko da kofin kofi ba.
Ali didn't have time to watch TV yesterday.,Jiya Ali ba shi da lokacin da zai kalli TV.
Ali didn't know anything about Mary's past.,Ali bai san komai ba dangane da rayuwar Mary ta baya.
Ali didn't know that Mary was already dead.,Ali bai san cewa Mary ta riga ta mutu ba.
Ali didn't mind helping Mary do the dishes.,Ali bai damu ya taimaka wa Mary wajen yin wanke-wanke ba.
Ali didn't think he was committing a crime.,Ali bai yi tunanin cewa laifi yake aikatawa ba.
Ali didn't think he was violating any laws.,Ali bai yi tunanin cewa wasu dokoki yake karyawa ba.
Ali didn't want Mary to play with his kids.,Ali ba ya son Mary ta yi wasa da 'ya'yansa.
Ali didn't want his friends to see him cry.,Ali ba ya son abokansa su gan shi yana kuka.
Ali didn't want to be a lawyer or a doctor.,Ali ba ya son ya zama lauya ko likita.
Ali discovered a flaw in the ship's design.,Ali ya gano matsala a zanen jirgin.
Ali doesn't allow his son to eat ice cream.,Ali ba ya barin ɗansa ya sha ayiskirim.
Ali doesn't eat meat and neither does Mary.,"Ali ba ya cin nama, haka ma Mary ba ta ci."
"Ali doesn't ever say ""hi"" to his neighbors.",Ali ba ya taɓa cewa maƙwabtansa sannu.
Ali doesn't have any confidence in himself.,Ali ba shi da wani ƙwarin gwiwa a kan kansa.
Ali doesn't have to stay home to help Mary.,Ba lallai ne Ali ya zauna a gida ya taimka wa Mary ba.
Ali doesn't know what he'd do without Mary.,Ali bai san me zai yi ba tare da Mary ba.
Ali doesn't know what it's like to be poor.,Ali bai san yaya ake ji a matsayin talaka ba.
Ali doesn't know where Mary graduated from.,Ali bai san wacce makarantar Mary ta kammala ba.
Ali doesn't know why Mary doesn't eat meat.,Ali bai san me ya sa Mary ba ta cin nama ba.
Ali doesn't know why Mary doesn't like him.,Ali bai san me yasa Mary ba ta son shi ba.
Ali doesn't know why Mary isn't here today.,Ali bai san me yasa Mary yau ba ta nan wajen ba.
Ali doesn't like Mary's living there alone.,Ali ba ya son zaman da Mary take a can ita kaɗai.
Ali doesn't like to be corrected in public.,Ali ba ya son a yi masa gyara a cikin jama'a.
Ali doesn't look anything like his brother.,Ali kwata-kwata ba ya kama da ɗan uwansa.
Ali doesn't love you as much as I love you.,Ali ba ya son ki kamar yadda nake son ki.
Ali doesn't mind helping Mary occasionally.,Ali bai damu da taimaka wa Mary lokaci-lokaci ba.
Ali doesn't need money to have a good time.,Ali ba ya buƙatar kuɗi don ya ji daɗi.
Ali doesn't remember agreeing to help Mary.,Ali bai tuna cewa ya amince zai taimaka wa Mary ba.
Ali doesn't remember exactly what happened.,Ali bai iya tuna takamaimai me ya faru ba.
Ali doesn't remember if he locked the door.,Ali bai iya tuna cewa ko ya rufe ƙofa ba.
Ali doesn't remember where he put his keys.,Ali ba ya iya tuna inda ya ajiye mukullayensa.
Ali doesn't think he's as creative as Mary.,Ali ba ya iya tunani da basira kamar Mary.
Ali doesn't want me to see what he's doing.,Ali ba ya son na ga me yake aikatawa.
Ali doesn't want to be seen talking to you.,Ali ba ya son a gan shi yana magana da ke.
Ali doesn't want to live like this anymore.,Ali ba ya so ya yi rayuwa irin haka gabaɗaya.
Ali doesn't want to play the piano anymore.,A yanzu kuma Ali ba ya son buga fiyano.
Ali doesn't want to take that kind of risk.,Ali ba ya son ɗaukar irin wannan kasadar.
Ali doesn't want to talk to Mary right now.,A halin yanzu Ali ba ya son yi wa Mary magana.
Ali drew a circle in the sand with a stick.,Ali ya zana da'ira a kan yashi da sanda.
Ali dropped Mary off at her friend's house.,Ali ya sauke Mary a gidan ƙawarta.
Ali eats nothing but fruits and vegetables.,Ali ba ya cin komai sai kayan marmari da kayan lambu.
Ali eventually learned what Mary was up to.,A ƙarshe dai Ali ya fahimci abin da Mary ke nufi.
Ali explained the reasons for his decision.,Ali ya yi bayanin dalilan yanke hukuncinsa.
Ali fell off the roof and broke three ribs.,Ali ya faɗo daga saman rufi ya karya ƙashin haƙarƙarinsa guda uku.
Ali finds Mary's mother quite intimidating.,Ali yana ganin mahaifiyar Mary wata abar tsoro.
Ali finished eating then washed the dishes.,Ali ya gama cin abinci sannan ya wanke kwanuka.
Ali finished the bottle of wine by himself.,Ali ya gama shanye kwalbar tsimin inibin shi kaɗai.
Ali flipped the page and continued reading.,Ali ya juya shafin ya cigaba da karatu.
Ali found Mary where he expected her to be.,Ali ya samu Mary a inda yake tsammanin take.
Ali glared at Mary with hatred and disgust.,Ali ya kalli Mary cikin tsana  da ƙyama.
Ali goes jogging in the park every morning.,Ali yana fita gudun motsa jiki a wajen shaƙatawa a duk safiya.
Ali got into his car and quickly drove off.,Ali ya shiga cikin motarsa ta tuƙa ta da sauri.
Ali got out of bed and turned on the light.,Ali ya tashi daga kan gado ya kunna fitila.
Ali got out of his car and opened the gate.,Ali ya fito daga cikin motarsa ya buɗe ƙofa.
Ali graduated from a very elite university.,Ali ya kammala karatu ne daga babbar jami'a mai daraja.
Ali had expected something quite different.,Ali ya sa ran wani abu daban ne.
Ali had no appetite because of his illness.,Ali ba ya sha'awar cin abinci saboda rashin lafiyarsa.
Ali had no idea why Mary wanted to see him.,Ali bai san dalilin da ya sa Mary take son ganin sa ba.
Ali had no right to treat Mary like he did.,Ali ba shi da 'yancin mu'amalantar Mary irin yadda yake yi.
Ali had other things he wanted to be doing.,Ali yana da wasu abubuwan da yake so ya dinga yi.
Ali had to stay in the hospital for a week.,Dole Ali ya zauna a asibitin tsawon mako guda.
Ali has a drawer full of letters from Mary.,Ali yana da wata durowa cike da wasiƙu daga Mary.
Ali has a reputation for always being late.,Ali ya yi ƙaurin suna wajen makara a kodayaushe.
Ali has a room at the hotel near the river.,Ali yana da ɗaki a wani otal da yake kusa da kogi.
Ali has a son who is a construction worker.,Ali yana da ɗa wanda yake aikin gine-gine.
Ali has already achieved many of his goals.,Ali ya cimma manufofinsa da dama.
Ali has already drunk three cups of coffee.,Tuni Ali ya shanye kofi uku na kofi.
Ali has been arrested at least three times.,An kama Ali aƙalla sau uku.
Ali has been doing this since he was a kid.,Ali ya kasance yana yin hakan tun yana yaro.
Ali has been refusing to take his medicine.,Ali yana ƙin shan maganinsa.
Ali has been taken into protective custody.,An ɗauke Ali zuwa wani waje don ba shi kariya
Ali has borrowed Mary's car for a few days.,Ali ya ari motar Mary na 'yan wasu kwanaki.
Ali has called in sick the last three days.,Ali yana kwance ba lafiya kwana uku da suka gabata.
Ali has changed his email address recently.,Ali ya canja adireshin imel ɗinsa kwanan nan.
Ali has gained weight since I last saw him.,Ali ya yi ƙiba tun ganinsa da na yi na ƙarshe.
Ali has just returned from the post office.,Yanzun nan Ali ya dawo daga gidan waya.
Ali has never been good at keeping secrets.,Ali ba shi da riƙe sirri.
Ali has other things on his mind right now.,A halin yanzu Ali yana da wasu abubuwan a cikin ransa.
Ali has something in his suitcase for Mary.,Ali yana da wani abu a cikin jakarsa na Mary.
Ali has to take medicine every three hours.,Ali zai dinga shan magani duk bayan sa'a uku.
Ali has told us everything we need to know.,Ali ya shaida mana duk abinda muke buƙatar sani.
Ali has trouble concentrating on one thing.,Ali yana da matsala wajen mayar da hankali a kan abu ɗaya.
Ali has what it takes to be a good teacher.,Ali yana da duk abin da ake buƙata na zama malami nagari.
Ali hasn't done what he was supposed to do.,Ali bai aikata abin da ya kamata ya yi ba.
Ali hasn't heard from Mary since last June.,Ali bai sake jin komai daga Mary ba tun watan Yuni da ya gabata.
Ali hasn't yet told us what he wants to do.,Har yanzu Ali bai faɗa mana abin da yake son aikatawa ba.
Ali hopped into the car and put it in gear.,Ali ya shiga cikin motar ya saka mata giya.
Ali inherited all of his father's property.,Ali ya gaji dukkanin kadarorin mahaifinsa.
Ali is a little younger than your daughter.,Ali ya fi 'yarka yarinta da kaɗan.
"Ali is allergic to bees, hornets and wasps.","Ƙudan zuma, rina da kuma zanzaro suna iya saka Ali rashin lafiya."
Ali is arriving soon. You should get ready.,Ali yana isowa da wuri. Ya kamata ka shirya.
Ali is deeply grateful for all Mary's help.,Ali yana matuƙar godiya da dukkanin taimakon da Mary ta yi.
Ali is facing up to thirty years in prison.,Ali zai fuskanci hukunci zama shekaru talatin a gidan yari.
Ali is fatter now than when I last saw him.,Yanzu Ali ya fi ƙiba fiye da ganin ƙarshe da na yi masa.
Ali is going through a very difficult time.,Ali yana fuskantar ƙalubale sosai.
Ali is going to buy a new car next weekend.,Ali zai siyi sabuwar mota a ƙarshen mako mai zuwa.
Ali is helping Mary carry in her suitcases.,Ali yana taimaka wa Mary wajen ɗaukar jakunkunanta
Ali is looking for a place to park his car.,Ali yana neman wajen da zai ajiye motarsa.
Ali is obviously very good at what he does.,Ba shakka Ali ya ƙware a abin da yake aikatawa.
Ali is old enough to be Mary's grandfather.,Ali ya yi girman da zai iya zama kakan Mary.
Ali is old enough to know right from wrong.,Ali ya kai girman da ya san daidai da kuskure.
Ali is one of the richest men in the world.,Ali yana ɗaya daga cikin waɗanda suka fi kowa kuɗi a duniya.
Ali is only pretending he's not interested.,Ali kawai yana nuna cewa ba shi da sha'awa ne.
Ali is pretty sure everything will go well.,Ali yana da tabbacin cewa komai zai tafi daidai.
Ali is still just as poor as he used to be.,Har yanzu Ali yana nan a talakansa kamar yadda yake.
Ali is the only one still in the classroom.,Har yanzu Ali ne kaɗai a cikin ajin.
Ali is the only one who can save the world.,Ali ne kaɗai mutumin da zai ceto duniya.
Ali is the only person who can do this job.,Ali ne kaɗai mutumin da zai iya wannan aikin.
Ali is used to sitting all day at his desk.,Ali ya saba zama tsawon yini  a kan teburinsa.
Ali is using the Internet to learn Spanish.,Ali yana amfani da yanar gizo wajen koyon Sifaniyanci.
"Ali is young, but he knows what he's doing.","Ali matashi ne, amma ya san me yake yi."
Ali isn't accustomed to walking barefooted.,Ali bai saba tafiya ba takalmi ba.
"Ali isn't here yet, but we expect him soon.","Har yanzu Ali ba ya nan, amma muna sa ran zuwansa da wuri."
Ali isn't sure yet whether he'll go or not.,Har yanzu Ali ba shi da tabbacin cewa ko zai je ko ba zai je ba.
Ali isn't the only one who thinks that way.,Ba Ali ne kaɗai yake tunani irin haka ba.
Ali isn't very different from anybody else.,Ali bai bambanta da kowa ba.
Ali just stood there staring like an idiot.,Ali ya zauna a can kawai yana kallo kamar wani wawa.
Ali just stood there without saying a word.,Ali ya zauna a can kawai ba tare da cewa uffan ba.
Ali keeps a spare key hidden in his garden.,Ali ya ɓoye safayar mukulli a lambunsa.
Ali kept looking at you. Didn't you notice?,"Ali ya ƙura miki ido, ba ki kula ba?"
Ali knows Mary would never do such a thing.,Ali ya san cewa Mary ba za ta taɓa yin irin wannan abin ba.
Ali knows how to make good use of his time.,Ali ya san yadda yake iya amfani da lokacinsa yadda ya dace.
Ali knows you're the one that started this.,Ali  ya san cewa kai ne ka fara hakan.
Ali learned to ride a bike when he was ten.,Ali ya koyi tuƙa keke yana ɗan shekara goma.
Ali learned to swim when he was very young.,Ali ya koyi iyo tun yana ƙaramin yaro.
Ali left a message on my answering machine.,Ali ya bar saƙo a cikin injin amsa kiran wayata.
Ali left everything to his three grandsons.,Ali ya bar komai nasa ga jikokinsa maza guda uku.
Ali left the office immediately after work., Ali ya bar ofishin nan take bayan ya tashi daga aiki.
Ali left to go fishing shortly before dawn.,Ali ya tafi domin zuwa kamun kifi kafin asuba.
Ali liked to listen to Mary play the piano.,Ali yana son sauraron Mary tana kaɗa fiyano.
Ali likes to observe the people walking by.,Ali yana son ya dinga lura da mutanen da suke wucewa.
Ali lived in an interesting part of Boston.,Ali yana zaune a wani ɓangare mai ban sha'awa na Boston.
Ali lives in a house without running water.,Ali yana zaune a gidan da babu ruwan famfo.
Ali lives in the same part of town as Mary.,Ali yana zaune a yankin gari inda Mary take.
Ali lives just a few blocks away from here.,Inda Ali yake zaune daga nan gidaje kaɗan ne.
Ali looked at the man who had just come in.,Ali ya kalli mutumin ya zo yanzun nan.
Ali looked up at Mary and smiled nervously.,Ali ya ɗaga ido ya kalli Mary sannan ya yi murmushi a tsorace.
Ali lost his job during the last recession.,Ali ya rasa aikinsa lokacin da aka samu karayar tattalin arziƙi da ta gabata.
"Ali loved Mary, who didn't love him at all.","Ali yana son Mary, wacce ba ta son shi kwata-kwata."
Ali makes a living as a traveling salesman.,Ali yana samun na cin abincinsa ne a matsayin matafiyi mai sayar da kayayyaki.
Ali managed to finish his homework quickly.,Ali ya yi ƙoƙari ya gama aikin gidansa da wuri.
Ali managed to finish the work before 2:30.,Ali ya yi ƙoƙari ya gama aikin kafin ƙarfe 2:30
Ali managed to put out the fire by himself.,Ali ya yi ƙoƙari ya kashe wutar da kansa.
"Ali may not want to do that, but he should.","Ba dole Ali ya so aikata hakan ba, amma ya kamata ya yi."
Ali may use my video camera if he wants to.,Ali zai iya yin amfani da kyamarata idan yana so.
"Ali meant it as a joke, but nobody laughed.","Ali ya yi maganar ne a matsayin raha, amma babu wanda ya yi dariya."
Ali missed a step and fell down the stairs.,Ali ya harɗe a matattakalar bene ya faɗo ƙasa.
Ali missed the opportunity for a promotion.,Ali ya rasa damar samun ƙarin girma.
Ali must have heard our voices and escaped.,Dole Ali ya ji muryarmu ne sai ya tsere.
Ali needs to make an urgent telephone call.,Ali yana buƙatar yin kiran waya na gaggawa.
Ali never listens to what the teacher says.,Ali ba ya taɓa sauraron abin da malamin ya faɗa.
Ali never quarrels with his wife in public.,Ali ba ya taɓa yin musu da matarsa a cikin jama'a.
Ali never said anything about the accident.,Ali bai ce komai ba dangane da hatsarin.
Ali never told anybody about what happened.,Ali bai taɓa faɗa wa kowa abin da ya faru ba.
Ali noticed that Mary's hands were shaking.,Ali ya lura cewa hannayen Mary suna karkarwa.
Ali objected to being treated like a child.,Ali ya ƙalubalanci yadda ake mu'amalantarsa kamar yaro.
Ali offered to pay Mary to clean his house.,Ali ya ce zai biya Mary kuɗi domin ta share gidansa.
Ali only spent three dollars for his lunch.,Ali ya kashe dala uku ne kaɗai na abincin ranarsa.
Ali only wears a suit on special occasions.,Ali yana sanya kwat ne kawai a lokacin taruka na musamman.
"Ali opened the door, expecting to see Mary.","Ali ya buɗe ƙofa, yana sa ran ganin Mary."
Ali opened the windows to air out the room.,Ali ya buɗe tagogi domin iska ta fita ɗakin.
Ali overheard Mary and John's conversation., Ali ya ji tattaunawar Mary da Johnson.
Ali overpowered the guard and took his gun.,Ali ya fi ƙarfin mai gadin ya kuma ƙwace bindigarsa.
Ali persuaded Mary to sing a duet with him.,Ali ya gamsar da Mary a kan su rera waƙa tare da shi.
Ali picked up a piece of the broken mirror.,Ali ya ɗauki guntun madubin da ya fashe.
Ali picked up the book and started reading.,Ali ya ɗauki littafin sai ya fara karatu.
Ali played the accordion while Mary danced.,Ali ya yi kiɗa da accordion yayin da Mary kuma ta yi rawa.
Ali plays golf three or four times a month.,Ali yana yin ƙwallon golf sau uku zuwa huɗu a wata.
Ali pointed at something across the street.,Ali ya yi nuni zuwa ga wani abu a kan titi.
Ali probably didn't know about the meeting.,Da yiwuwar Ali bai san da maganar Taron ba.
Ali promised Mary that he wouldn't be late.,Ali ya yi wa Mary alƙawari cewa ba zai makara ba.
Ali pushed the wheelchair into Mary's room.,Ali ya tura kujerar guragu cikin ɗakin Mary.
Ali put on his glasses and opened the book.,Ali ya sanya tabarau ɗinsa ya kuma buɗe littafin.
Ali put the cork back into the wine bottle.,Ali ya mayar da murfin tsimin inibin jikin kwalba.
Ali put three hundred dollars on the table.,Ali ya ajiye dala ɗari uku a kan teburi.
Ali puts honey in his tea instead of sugar.,Ali ya sanya zuma cikin shayinsa maimakon sukari.
Ali realized that he might need more money.,Ali ya gano cewa zai iya buƙatar ƙarin kuɗi.
Ali received a microscope for his birthday.,Ali ya karɓi kyautar makirfo saboda murnar zagayowar haihuwarsa.
Ali received only one per cent of the vote.,Ali ya samu kaso ɗaya cikin ɗari ne kawai na ƙuri'ar.
Ali refused Mary's offer to drive him home.,Ali ya ƙi amincewa da tayin da Mary ta yi masa na tuƙa shi zuwa gida.
Ali returned one day earlier than expected.,Ali ya dawo kwana ɗaya kafin ranar da ake tsammanin dawowarsa.
Ali said he didn't enjoy watching baseball.,Ai ya ce ba ya jin daɗin kallon ƙwallon baseball.
Ali said he didn't know why Mary was angry.,Ali ya ce bai san me ya sa Mary take fushi ba.
Ali said he didn't like the concert at all.,Ali ya ce sam ba ya son gidan kaɗe-kaɗen.
Ali said he knew where the body was buried.,Ali ya ce ya san inda aka binne gawar.
Ali said he only needed a few more minutes.,Ali ya ce yana buƙatar ƙarin 'yan mintuna ne kaɗan kawai.
Ali said he thought that house was haunted.,Ali ya ce ya yi zaton gidansa akwai fatalwa.
Ali said he wanted to be there before 2:30.,Ali ya ce yana son ya kasance a can kafin ƙarfe 2:30.
Ali said that he thought Mary was an idiot.,Ali ya ce ya yi zaton cewa Mary wawuya ce.
Ali said that he wanted to teach me French.,Ali ya ce yana son ya koya min Faransanci.
Ali sat on the porch reading the newspaper.,Ali ya zauna a baranda yana karanta jarida.
Ali saved all of the letters Mary sent him.,Ali ya ajiye dukkanin wasiƙun da Mary ta aiko masa.
Ali saw Mary talking to the French teacher.,Ali ya ga Mary tana yi wa malamin faransancinsu magana.
Ali says that he believes everything I say.,Ali ya ce ya yarda da duk abin da na faɗa.
Ali says that he doesn't feel like jogging.,Ali ya ce ba ya jin son yin sassarfa.
Ali seems to think this is a good computer.,Kamar dai Ali yana ganin wannan kwamfuta ce mai kyau.
Ali sensed danger and was suddenly worried.,"Ali ya ji tsoron afkuwar haɗari, nan take kuma ya shiga damuwa."
Ali set the alarm clock to go off 6:00 a.m.,Ali ya saita alam ya buga da ƙarfe 6:00 na safe.
Ali should've sung the song Mary requested.,Ya kamata a ce Ali ya rera waƙar da Mary ta buƙaci ya yi.
Ali shouldn't have told Mary what John did.,Bai kamata Ali ya faɗa wa Mary abin da John ya yi ba.
Ali showed Mary a photograph of his father.,Ali ya nuna wa Mary hoton mahaifinsa.
Ali showed Mary some pictures of his house.,Ali ya nuna wa Mary wasu hotunan gidansa.
Ali showed Mary the picture he was drawing.,Ali ya nuna wa Mary hotunan da yake zanawa.
Ali showed her the letter from Santa Claus.,Ali ya nuna mata wasiƙar daga wajen Santa Claus.
Ali sits at his computer eight hours a day.,Ali yana zama a gaban kwamfutarsa tsawon sa'a takwas a rana.
Ali slept much longer than he had intended.,Ali ya yi bacci me tsayi fiye da yadda ya yi niyya.
Ali speaks French much better than English.,Ali yana magana da Faransanci da kyau sosai fiye da Turanci.
Ali spends most of his time in the library.,Ali yana kusan ƙarar da yawancin lokacinsa ne a ɗakin karatu.
Ali spent the morning painting the ceiling.,Ali ya cinye safiya yana yi wa sili fenti.
Ali spoke loud enough for everyone to hear.,Ali ya yi magana da ƙarfi son kowa ya ji.
Ali stabbed Mary repeatedly with his knife.,Ali ya caccaka wa Mary wuƙa da yawa.
Ali stared at Mary with a blank expression.,Ali ya kalli Mary fuskarsa ba ta nuna komai ba.
Ali stared into Mary's eyes and kissed her.,Ali ya kalli cikin idon Mary ya sumbace ta.
Ali still has to finish painting the fence.,Har yanzu Ali bai gama yin fentin katangar ba.
Ali suggested that we not watch that movie.,Ali ya ba da shawarar cewa kada mu kalli wannan fim ɗin.
Ali takes piano lessons three times a week.,Ali yana ɗaukar darasin fiyano sau uku a mako.
Ali takes the kids to the school every day.,Ali yana kai yara zuwa makaranta a kullum.
Ali thought Mary was probably about thirty.,Ali ya yi zaton cewa Mary wataƙila ta kai kusan shekara talatin.
Ali told Mary that he had feelings for her.,Ali ya faɗa wa Mary cewa yana son ta.
Ali told me he sleeps with the window open.,Ali yafaɗa min cewa yana kwanciya bacci taga a buɗe.
Ali told me he wanted to leave the company.,Ali ya faɗa min cewa yana son ya bar kamfanin.
Ali told me he was having trouble sleeping.,Ali ya faɗa min cewa yana samun matsala wajen bacci.
Ali told me someone was trying to kill him.,Ali ya faɗa min cewa wani yana ƙoƙarin kashe shi.
Ali told me that I shouldn't be doing this.,Ali ya faɗa min cewa bai kamata na dinga yin haka ba.
Ali told me that I was thirty minutes late.,Ali ya faɗa min cewa na makara da minti talatin.
Ali told me that he wanted to study French.,Ali ya faɗa min cewa yana son ya karanci Faransanci.
Ali took a deep breath and closed his eyes., Ali ya ja numfashi ya rufe idanunsa.
Ali took a sip of his margarita and smiled.,Ali ya zuƙi giyar margaritarsa sai ya yi murmushi.
Ali took out a pencil and started to write.,Ali ya ɗauko fensir ya fara rubutu.
Ali tore up Mary's letter after reading it.,Ali ya yaga wasiƙar Mary bayan ya gama karanta ta.
Ali translated a French novel into English.,Ali ya fassara labari na Faransanci zuwa Turanci .
"Ali tried to restart the car, but couldn't.","Ali ya yi ƙoƙarin sake kunna mota, amma ya kasa."
Ali used to be a special education teacher.,Ali ya kasance malami ne na ilimin masu buƙata ta musamman.
Ali usually eats breakfast with his family.,Yawanci Ali yana karin kumallo tare da iyalinsa.
Ali usually keeps his phone in manner mode.,Yawanci Ali yana barin wayarsa a yanayi na rashin ƙara.
Ali usually works from nine to five-thirty.,Ali yawanci yana aiki ne daga ƙarfe tara zuwa ƙarfe biyar da rabi.
"Ali walked a few steps, and then collapsed.","Ali ya yi tafiya 'yan taku kaɗan, sai kuma ya faɗi."
Ali wanted a closer look at the blueprints.,Ali yana son ya yi wa zanen tsarin kallon tsanaki.
Ali wanted to be a criminal defense lawyer.,Ali yana son ya zama lauyan da ke kare masu laifi.
"Ali wanted to get married, but Mary didn't.","Ali yana son ya yi aure, amma Mary ba ta so."
Ali wanted to help Mary do the right thing.,Ali yana son ya taimaka wa Mary ta aikata daidai.
Ali wanted to know if Mary had a boyfriend.,Ali yana so ya san ko Mary tana da saurayi.
Ali wanted to talk to Mary about something.,Ali yana so ya yi magana da Mary dangane da wani abu.
Ali wants me to stay for a couple of weeks.,Ali yana so na zauna na 'yan makwanni.
"Ali wants something, but I'm not sure what.","Ali yana son wani abu, amma ba ni da tabbacin menene."
Ali wants to discuss the problem with Mary.,Ali yana son tattauna matsalar da Mary.
Ali wants to learn how to play the trumpet.,Ali yana son ya koyi yadda ake busa kakaki.
Ali wants to see the house Mary grew up in.,Ali yana son ganin gidan da Mary ta girma.
Ali wants us to go to Boston to visit John.,Ali yana so mu je Boston domin mu ziyarci John.
Ali was a fellow student of mine at school.,Ali ɗalibi ne da muka yi karatu tare a makaranta.
Ali was alone when Mary and John walked in.,Ali shi kaɗai ne lokacin da Mary da John suka shigo.
Ali was confined to a bed for three months.,An ɗaure Ali a kan gado tsawon watanni uku.
Ali was disappointed in Mary's performance.,Ali ya yi takaicin ƙoƙarin Mary.
Ali was given full custody of the children.,An bai wa Ali cikakkiyar kulawa da yaran.
Ali was here with Mary yesterday afternoon.,Ali yana tare da Mary a nan jiya.
Ali was holding something in his left hand.,Ali yana riƙe da wani abu a hannunsa.
Ali was interrupted by a knock at the door.,Ƙwanƙwasa ƙofa ne ya katse wa Ali abin da yake yi.
"Ali was lying on the couch, reading a book.","Ali yana kwance a kan kujera, yana karanta littafi."
Ali was lying on the pier getting a suntan.,Ali yana kwance a kan dakin yana shan hantsi.
Ali was reading a letter written in French.,Ali yana karanta wata wasiƙa da aka rubuta da Faransanci.
Ali was reading a newspaper in his pajamas.,Ali yana karanta jarida sanye da kayan baccinsa.
Ali was robbed while walking late at night.,An yi wa Ali fashi yayin da yake tafiya cikin dare.
Ali was sentenced to five months in prison.,An yanke wa Ali hukuncin zama gidan yari na wata biyar.
Ali was shocked to hear that Mary had died.,Ali ya kaɗu da ya ji cewa Mary ta mutu.
"Ali was standing at the bar, having a beer.","Ali yana tsaye a mashayar, yana shan giya."
Ali was still in the classroom when I left.,Har lokacin da na tafi Ali yana cikin ajin.
Ali was supposed to go to Boston last week.,Ya kamata a ce Ali ya je Boston makon da ya wuce.
Ali was surprised how well Mary could draw.,Ali ya yi mamakin yadda Mary  ta iya zane sosai.
Ali was surprised how well Mary could swim.,Ali ya yi mamakin yadda Mary  ta iya yin iyo sosai.
Ali was surprised the police knew his name.,Ali ya yi mamakin 'yansanda sun san sunan shi
Ali wasn't able to do what he wanted to do.,Ali bai samu damar yin abin da yake son yi ba.
Ali wasn't sure if he was going to make it.,Ali ba shi da tabbacin ko zai kai labari.
Ali wasn't surprised to see Mary with John.,Ali bai yi mamakin ganin Mary tare da John ba.
Ali wasn't the only student who was absent.,Ba Ali ne kaɗai ɗalibin da ya yi fashi ba.
Ali watches TV with the kids every evening.,Ali yana kallon TV tare da yara a kowanne yammaci.
Ali waved his arms to get Mary's attention.,Ali ya ɗaga hannunsa don janyo hankalin Mary.
Ali went over to the window and looked out.,Ali ya je bakin taga ya leƙa waje.
Ali went to see Mary three days after that.,Ali ya je ya ga Mary kwana uku bayan hakan.
Ali will arrive in Boston tomorrow morning.,Ali zai iso Boston gobe da safe.
Ali will be a university student this year.,Ali zai zama ɗalibin Jami'a a wannan shekarar.
Ali will go to Boston the month after next.,Ali zai je Boston bayan wata mai zuwa.
Ali will never know it was you who told me.,Ali ba zai taɓa sanin kai ne ka faɗa min ba.
Ali will visit Boston this summer for sure.,Tabbas Ali zai kai ziyara Boston a wannan lokacin ranin.
Ali woke up the next morning feeling great.,Ali ya wayi gari washe gari yana jin garau.
Ali won't go away if you don't want him to.,Ali ba zai tafi ba idan ba ka son ya yi.
Ali wondered if Mary was going to kiss him.,Ali ya yi tunanin ko Mary za ta sumbace shi.
Ali works with mentally handicapped adults.,Ali yana aiki da baligai masu raunin hankali.
Ali would rather take a bath than a shower.,Ali ya gwammace ya yi wanka da baho maimakon ya shiga shawa.
"Ali wrote to me, telling me about his trip.","Ali ne ya rubuto mini, yake min bayani dangane da wanann tafiyar."
Ali's behavior never ceases to surprise me.,Halayyar Ali ba za ta taɓa daina ba ni mamaki ba.
Ali's body was found along a deserted road.,An samu gawar Ali a kan wata hanya mai sahara.
Ali's flight was postponed for three hours.,An ɗaga lokacin tashin jirgin Ali nan da sa'a uku.
Ali?'s girlfriend saw him with another girl.,Budurwar Ali ta gan shi tare da wata yarinyar.
Ali's great-great-grandfather was a pirate.,Kakan kakan kakan Ali ɗan fashin jirgin ruwa ne.
Ali's living room was tastefully furnished.,An matuƙar ƙawata falon Ali sosai.
Ali's meeting with his boss was very tense.,Ganawar Ali da shugabansa ta ɗau zafi sosai.
Ali's office is the third door on the left.,Ofishin Ali shi ne mai ƙofa ta uku daga hagu.
Ali's unwillingness to help surprised Mary.,Rashin niyyar taimako da Ali ke da shi ya ba wa Mary mamaki.
"Ali, I want to have a little talk with you.","Ali, ina son yi 'yar wata magana da kai."
Ali?urists from all over the world come here.,Yan yawon buɗe ido daga kowanne sashe na duniya sun zo nan.
Trade between two countries can be complex.,Kasuwanci tsakanin ƙasashe biyu ya kan iya zama mai sarƙaƙiya.
True happiness consists of desiring little.,Farinciki na haƙiƙa ya ƙunshi ƙaramin buri.
Try these shoes on and see if they fit you.,Gwada waɗannan takalman ka ga ko za su yi maka.
"Try to keep in touch with me, just in case.","Ka yi ƙoƙari ka riƙa tuntuɓa ta, idan hali ya yi."
Twelve people were injured in the accident.,Mutane goma sha biyu ne suka samu rauni a hatsarin.
Two of the enemy ships have been destroyed.,An tarwatsa jiragen ruwa guda biyu na abokan gabar.
Wash your hands before you handle the food.,Ka wanke hannunka kafin ka ɗau abincin.
We all held our breath while we watched it.,Sai da dukkaninmu muka ɗauke numfashinmu yayin da muke kallon shi.
We are expecting an addition to our family.,Muna sa ran samun ƙaruwa a cikin danginmu.
We are going to visit our aunt next Sunday.,Za mu ziyarci innarmu ranar Lahadi mai zuwa.
We are not quite satisfied with the result.,Ba mu gamsu sosai da sakamakon ba.
"We are the same age, but different heights.","Shekarunmu ɗaya, amma tsayinmu ya bambanta."
We ask that you don't smoke in the station.,Mun roƙon kada ka sha taba a tasha.
We both know what'll happen if you do that.,Dukkaninmu mu biyu mun san mai zai faru idan ka yi hakan.
We can't find anything wrong with your car.,Ba mu samu motarka da wata matsala ba.
We can't have a press conference on Friday.,Ba za mu iya gudanar da taron manema labarai ba ranar Juma'a.
We could not resist the force of his logic.,Ba za mu iya jure wa ƙarfin dabararsa ba.
We couldn't have done it without your help.,"Ba don taimakonka ba, da ba mu iya aiwatarwa ba."
We couldn't row against the strong current.,Ba za mu iya tuƙawa ba a wannan igiyar ruwan mai ƙarfi.
We did everything we could to save the boy.,Mun yi iya bakin ƙoƙarinmu don mu tseratar da yaron.
We did not get your letter until yesterday.,Ba mu samu wasiƙarka ba sai jiya.
We don't even know what we're fighting for.,Ba mu ma san a kan me muke fafutuka ba.
We don't have a choice. We have to do this.,"Ba mu da zaɓi, dole mu yi wannan ɗin."
We don't know what they want to use it for.,Ba mu san amfanin me za su yi da shi ba.
We don't need to do everything on the list.,Ba ma buƙatar mu yi duk abin da yake cikin jerin lissafin.
We found out that what he said wasn't true.,Mun gano cewa abin da ya faɗa ba gaskiya ba ne.
We get paid better than a lot of people do.,Ana biyan mu da kyau fiye da yadda ake biyan mutane da dama.
We got an interesting piece of information.,Mun samu wani muhimmin bayani mai ƙayatarwa.
We had an examination in mathematics today.,Muna da jarrabawar lissafi a yau.
We have a lot of things we need to discuss.,Muna da abubuwa da dama da muke buƙatar mu tattauna su.
We have better weapons than the enemy does.,Muna da makamai masu kyau fiye da waɗanda abokan gaba ke da shi.
We have lobsters only on special occasions.,Muna cin kifin lobster ne kaɗai a lokuta na musamman.
We have no classes on Wednesday afternoons.,Ba mu da ajujuwa a yammacin ranar Laraba.
We have not heard from him since last year.,Ba mu ji ɗuriyarsa ba tun shekarar da ta gabata.
We have to make sure that no one does that.,Dole mu tabbatar da cewa babu wanda ya yi hakan.
We have to make the most of this situation.,Dole mu yi amfani da wannan yanayin da kyau.
We haven't been able to find out much else.,Ba mu samu damar gano wani abu fiye da haka ba.
We haven't seen you in the past four years.,Ba mu gan ka ba tsawon shekaru huɗu da suka gabata.
"We hurried, so we didn't miss the last bus.","Mun yi sauri, saboda kada mu rasa motar bas ɗin ƙarshe."
We must feel our way carefully in the dark.,Dole mu dinga tafiya a hankali a cikin duhu.
We must get together for a drink some time.,Dole mu haɗu wani lokaci domin mu sha abin sha.
We must go there whether we like it or not.,Dole mu je can ko muna so ko ba ma so.
We must not make too much of this incident.,Bai kamata mu ɗauki wannan lamarin da zafi ba.
We must vacate the house before next month.,Dole mu tashi daga gidan kafin wata mai zuwa.
We must work hard to make up for lost time.,Dole mu yi aiki tuƙuru don mu maye gurbin lokacin da muka ɓata.
We need a strong person to lead our nation.,Muna buƙatar jajirtaccen mutum da zai jagoranci ƙasarmu.
We need to band together to beat the enemy.,Muna buƙatar mu haɗa kanmu don mu yi galaba a kan abokin gaba.
We need to fill up at the next gas station.,Muna buƙatar mu sake cika mai a gidan mai na gaba
We needed a taxi to take us to the station.,Muna buƙatar tasi da za ta kai mu tasha.
We should confirm his intentions once more.,Ya kamata mu ƙara tabbatar da manufarsa.
We should not have done that. It was wrong.,"Ba haka ya kamata a ce mun yi ba, kuskure ne."
We should've bought another bottle of wine.,Ya kamata a ce mun siyo wata kwalbar tsimin inibin.
We shouldn't judge people by how they look.,Bai kamatamu yanke wa mutane hukunci da zahirinsu ba.
We stayed at home because it was very cold.,Mun zauna a gida ne saboda ana sanyi sosai.
We stayed with them all through the summer.,Mun zauna tare da su a baki ɗayan lokacin ranin.
We stopped for lunch at a local restaurant.,Mun tsaya don cin abincin rana a wani gidan abinci na gida.
We think that there should be no more wars.,Mun yi tunanin cewa bai kamata a sake wani yaƙi ba.
We took shelter from the rain under a tree.,Mun nemi mafaka a ƙasan wata bishiya saboda ruwan sama.
We tried to come to a compromise with them.,mun yi ƙoƙarin cimma matsaya tare da su.
We used the computer in order to save time.,Mun yi amfani da kwamfuta don mu rage cin lokaci.
We want to go to Austria for our honeymoon.,Muna son zuwa ƙasar Ostiriya don yawon shaƙatawar bayan aure.
We went to the café that I told you about.,Mun je wajen shan shayin da nake faɗa maka.
We were dead tired from the five-hour trip.,Mun gaji liƙis sakamakon tafiyar sa'a biyar.
We were supposed to tell everyone to leave.,Ya kamata a ce mun faɗa wa kowa cewa ya tafi.
We were very disappointed to hear the news.,Mun ji takaici sosai da muka ji labarin.
We will debate this subject at the meeting.,Za mu tattauna wannan batun a wajen taron.
"We will start tomorrow, weather permitting.","Za mu fara gobe, idan yanayi ya ba mu dama."
We'd better get a move on or we'll be late.,Ya kamata dai mu tafi ko kuma mu makara.
We'll be out of here by this time tomorrow.,Gobe kamar wannan lokacin mun fita daga nan.
We'll furnish you with everything you need.,Za mu samar maka duka abin da kake buƙata.
We're about thirty minutes behind schedule.,Mun yi jinkiri da kusan minti talatin.
We're collecting blankets for the homeless.,Muna karɓar bargo saboda marasa matsuguni.
We're going to try to get you full custody.,Za mu yi ƙoƙarin samar maka da cikakken ikon kulawa.
We're having some guests over this evening.,Za mu yi wasu baƙi da yammacin nan.
We're not in love. We're just good friends.,"Ba soyayya muke ba, mu abokai ne kawai."
We've got to fill this hole with something.,Dole mu cike wannan ramin da wani abu.
We've had a poor crop due to lack of water.,Mun samu ƙarancin girbi sakamakon rashin ruwa.
We've recently put a new roof on our house.,Kwanan nan muka sanya sabon rufi a gidanmu.
We've run out of paper for the photocopier.,Takardarmu ta cikin injin kwafi ta ƙare.
What a beautiful Sunday to read in the sun.,Karatu a cikin rana zai yi daɗi a wannan Lahadin.
What are the advantages of this technology?,Menene amfanin wannan fasahar?
What are the main products of this country?,Menene manyan kayayyakin wannan ƙasar?
What do you call this vegetable in English?,Yaya kuke kiran wannan kayan lambun da Turanci?
What do you have planned for the afternoon?,Me ka shirya domin yammacin?
What do you think Ali loved most about you?,A tunaninki me Ali ya fi so dangane da ke?
What do you think about eating out tonight?,Yaya kake gani dangane da fita cin abinci a daren yau?
What do you think about young people today?,Menene tunaninka dangane da matasa a yau?
What do you think the best way to do it is?,Me kake tunanin ita ce hanya mafi kyau da za a yi ta?
What do you want to do with this old chair?,Me kake son ka yi da wannan tsohuwar kujerar?
What exactly is it that you want me to say?,Menene haƙiƙanin abin da kake so na faɗa?
What have we done to be punished like this?,Me muka yi da za a hukunta mu irin haka?
What is the worth of a jar full of pennies?,Menene darajar mazubi wanda yake cike da kuɗi?
What is your favorite fast-food restaurant?,Wanne gidan abincin gaggawa ne ka fi so?
What kind of American accent does Ali have?,Wacce irin lahajar Amurka Ali yake da ita?
What language do they speak in Switzerland?,Wanne yare suke magana da shi a ƙasar Suwizalan?
What made you think that Ali wouldn't come?,Menene ya sa ka tunanin cewa Ali ba zai zo ba?
What makes you think that I'm against that?,Menene ya sa ka tunanin cewa ba na goyon bayan hakan?
What method did you use to give up smoking?,Wacce hanya ka bi ka daina shan taba?
What should a healthy breakfast consist of?,Me ya kamata a ce lafiyayyen karin kumallo ya ƙunsa?
What they are doing is ruining the economy.,Abin da suke yi yana lalata tattalin arziƙi.
What time do you leave home in the morning?,Da ƙarfe nawa kake barin gida da safe?
What will become of us if a war breaks out?,Me za mu zama muna da shi kenan idan yaƙi ya ɓarke?
What would you do if war were to break out?,Me za ka yi in da a ce yaƙi zai ɓarke?
What would you say if you were in my place?,Me za ka faɗa in da a ce kai ne a matsayin da nake?
What you say does not make any sense to me.,Abin da ka faɗa bai ba da ma'ana a wajena ba.
What you've done is absolutely inexcusable.,Haƙiƙa abin da ka yi ba abin da za a ba da uzuri ba.
What's the average lifespan of a butterfly?,Menene matsakaicin tsawon rayuwar malam buɗa mana littafi?
What's the distance from here to Salamanca?,Daga nan zuwa Salamanca yaya nisan yake?
What's your favorite kind of fish to catch?,Wanne kifin ka fi son kamawa?
What's your favorite memory from childhood?,Menene abin da ka fi son tunawa da shi lokacin yarinta?
"When I got up this morning, it was raining.","Lokacin da na tashi a wannan safiyar, ana ruwa."
"When I opened the curtains, it was snowing.","Da na buɗe labule, sai na ga ana dusar ƙanƙara."
"When I was a child, I could sleep anywhere.","Lokacin da nake yaro, ina iya bacci a ko'ina."
"When I was fifteen, I got a room of my own.","Lokacin da na kai shekara sha biyar, na samu ɗakina."
"When I was your age, I was already married.","Lokacin da nake shekarunka, tuni ina da aure."
"When I woke up, I found I had been tied up.","Da na farka, sai na ga an ɗaure ni."
"When Ali woke up, Mary was taking a shower.","Lokacin da Ali ya farka, Mary tana wanka a shawa."
When does your passport need to be renewed?,Yaushe ne fasfo ɗinka yake buƙatar sabuntawa?
"When she was young, she was very beautiful.","Lokacin da take ƙaramar yarinya, tana da kyau sosai."
When should I come to pick you up tomorrow?,Yaushe zan zo na ɗauke ka gobe?
"When the wine ran out, everybody went home.","Lokacin da tsimin inibin ya ƙare, kowa sai ya tafi gida."
When was the last time you crossed a river?,Yaushe rabonka da tsallaka kogi?
When was the last time you played lacrosse?,Yaushe ne lokaci na ƙarshe da ka yi wasan lacrosse?
When was the last time you talked with Ali??,Yaushe ne lokaci na ƙarshe da ka yi magana da Ali?
When was the last time you took the subway?,Yaushe ne lokaci na ƙarshe da ka bi hanyar ƙarƙashin ƙasa ta jirgin ƙasa?
When was the last time you watched a movie?,Yaushe ne lokaci na ƙarshe da ka kalli fim?
"When you cross the bridge, don't look down.","Idan za ka tsallaka gada, kada ka kalli ƙasa."
Where can I exchange my dollars for pounds?,Ina za a canja min dalolina a ba ni fam?
Where do the buses for downtown leave from?,Daga ina motocin bas masu zuwa tsakiyar birni ke tasowa?
Whether she will agree or not is not clear.,Ko ta yarda ko ba ta yarda ba abin bai bayyana a fili ba.
"Which do you like better, spring or autumn?","Wanne ka fi sosai, bazara ko kaka?"
"Which do you like better, summer or winter?","Wanne ka fi sosai, lokacin zafi ko lokacin sanyi?"
Which is the platform for the London train?,Wannene dandamalin jiran jirgin ƙasa na Landan?
Which one do you think Ali is going to buy?,Wanne kake tunanin Ali zai siya?
"Which would you rather have, tea or coffee?","Wanne za ka zaɓa, shayi ko kofi?"
"While in prison, Ali worked in the kitchen.",Ali yana aiki a kicin ne lokacin da yake gidan yari.
Who else do you know that can speak French?,Wanene kuma wanda ka sani zai iya magana da Faransanci.
Who would look after my children if I died?,Wanene zai kula da 'ya'yana idan na mutu?
Who's your favorite character in this book?,Wanne jarumi ka fi so a cikin wannan littafin?
Why can't Ali just tell me what's going on?,Me ya sa kawai Ali ba zai faɗa min abin da yake faruwa ba?
Why did you call me at this unearthly hour?,Me ya sa ka kirani a irin wannan lokaci?
Why did you decide to speak about that now?,Me ya sa yanzu ka yanke shawarar magana a kan hakan?
Why did you lend money to someone like her?,Me ya sa ka bayar da aron kuɗinka ga mutane irin ta?
Why did you lend money to someone like him?,Me ya sa ka bayar da aron kuɗinka ga mutum irin sa?
Why don't we try doing this again tomorrow?,Me ya sa ba za mu sake gwada yin wannan ba gobe?
Why don't you come over after school today?,Me ya sa yau ba za ka zo ba bayan an tashi daga makaranta?
Why don't you go grab us a couple of beers?,Me ya sa ba za ka je ka ɗan samo mana giya ba?
Why don't you just admit that you're wrong?,Me ya sa kawai ba za ka yarda cewa ka yi kuskure ba?
Why don't you look it up in the phone book?,Me ya sa ba za ka binciko shi a sunayen cikin waya ba?
Why don't you tell Ali how you really feel?,Me ya sa ba za ka faɗa wa Ali me kake ji ba?
Why don't you try it? Maybe you'll like it.,"Me ya sa ba za ka gwada shi ba, wataƙila za ka so shi."
Why haven't you told your parents about us?,Me ya sa ba ka faɗa wa iyayenka komai dangane da mu ba?
Why is there so much violence in the world?,Me ya sa tashin hankali ya yi yawa a duniya?
Will you do me the honor of dining with me?,Za ka yi min alfarma mu ci abincin dare tare?
Will you give me a free hand in the matter?,Za ka iyar barin komai a hannuna dangane da al'amarin?
"Will you let me use your telephone, please?",Don Allah za ka iya barina na yi amfani da tarho ɗinka?
Will you look after my dog while I am away?,Za ka kula da karena idan ba na nan?
Will you show me what you bought yesterday?,Za ka nuna min abin da ka siyo jiya?
Wind is a cheap and clean source of energy.,Iska hanyar samun makamashi ce mai araha da tsafta.
"Without the map, he would have gotten lost.","Ba don yana da taswirar ba, da  tuni ya ɓata."
"Without your help, I couldn't have done it.","Da a ce babu taswirar, da  tuni ya ɓata."
Would you like to share my dessert with me?,Kana son mu raba ƙayan zaƙina tare?
Would you mind showing Ali around the city?,Shin ba damuwa za ka iya nuna wa Ali cikin birni?
"Yesterday, I met one of my former teachers.",Jiya na haɗu da ɗaya daga cikin tsofaffin malamaina
You always said you wanted to learn French.,Kodayaushe kana faɗar cewa kana son koyon Faransanci.
You always were good at learning new songs.,Kai kam kodayaushe ka ƙware wajen iya koyon sababbin waƙoƙi.
You and I are both students at this school.,Da ni da kai duka ɗalibai ne a wannan makarantar.
You and Ali are welcome to stay for dinner.,Muna fatan kai da Ali za ku tsaya cin abincin daren.
You are an idiot to go out in this weather.,Ba ka da hankali idan ka ce za ka fita a wannan yanayin.
You are old enough to make your own living.,Ka kai girman da za ka nemi na kanka.
"You are telling it second hand, aren't you?","Labarin shaci faɗi ka ke faɗa, ko ba haka ba?"
You are ten times better looking than I am.,Ka fi ni kyan gani sau goma fiye da ni.
"You aren't leaving Japan for good, are you?","Amma dai ba ka bar Japan kenan ba, ko ba haka ba?"
"You can do whatever you want to, of course.",Haƙiƙa za ka iya yin duk abin da kake son aikatawa.
"You can have either of these, but not both.","Sai ka samu ɗaya daga cikin waɗannan, amma ba duka biyun ba."
You can not master English in a short time.,Ba za ka ƙware a Turanci ba cikin ƙanƙanin lokaci.
You can probably guess what happens though.,Duk da cewa wataƙila za ka iya cankar abin da ya faru.
You can't expect Ali to get well overnight.,Ba zai yiwu ka tsammaci cewa Ali zai warke a kwana ɗaya ba.
You can't fix it. You should buy a new one.,"Ba za ka iya gyara shi ba, ya kamata ka siyi sabo."
You can't keep something that big a secret.,Ba za ka bar babban abu irin wannan a sirri ba.
You can't kill someone that's already dead.,Ba za ka iya kashe wanda ya riga ya mutu ba.
You can't leave until we say you can leave.,Ba za ka tafi ba har sai mun ce ka tafi.
You can't make everyone happy all the time.,Ba za ka iya sanya kowa farinciki ba a kowanne lokaci.
You can't miss the bank. It's on the right.,"Ba za ka kasa gane bankin ba, yana ɓangaren dama."
You can't put the genie back in the bottle.,Ba za ka iya mayar da nono cikin hantsa ba.
You cannot achieve anything without effort.,Ba za ka iya cimma komai ba ba tare da dagewa ba.
You cannot have your own way in everything.,Ba zai yiwu a komai ka bi ra'ayinka ba.
You don't need to worry about such a thing.,Bai kamata ka damu da irin wannan abin ba.
You found me where no one else was looking.,Ka same ni a inda ba wanda yake nema na.
You gain nothing by speaking ill of others.,Ba ka da ribar komai idan ka faɗi aibun wasu.
You had better go home as soon as possible.,Ya kamata ka tafi gida da wuri.
You have changed since I saw you last year.,Ka canja tun ganin da na yi maka shekarar da ta gabata.
You have made only a few spelling mistakes.,Ka yi kuskure kaɗan a cikin haruffan kalmomi.
You have no idea how much that means to me.,Ba ka san ƙimar hakan a wajena ba.
You have only to answer the first question.,Amsar farko kawai ake buƙatar ka bayar.
You have some spaghetti sauce on your face.,Akwai miyar taliya a fuskarka.
You have the advantage of a good education.,Kana da riba ta samun ilimi mai inganci.
You have three seconds to make your choice.,Kana da daƙiƙa uku na aiwatar da zaɓinka.
You have to add more details to the report.,Dole ka ƙara cikakkun bayanai a rahoton.
You have to change trains at the next stop.,Dole ka canja jirgin ƙasa a tasha ta gaba.
You have to choose between honor and death.,Za ka yi zaɓi tsakanin mutunci da mutuwa.
You have to make up the time you have lost.,Dole ka mayar da gurbin lokacin da ka ɓata.
You have to wake up early tomorrow morning.,Dole ka tashi daga bacci gobe da safe da wuri.
You have your choice between this and that.,Kana da zaɓi tsakanin wannan da wancan.
You have your right sock on wrong side out.,Safarka ta ƙafar dama a baibai take.
"You knew Ali when he was a kid, didn't you?","Ka san Ali lokacin da yake yaro, ko ba ka sani ba?"
"You know how serious things are, don't you?","Ka san yadda lamarin abubuwa suke da zafi, ko ba ka sani ba?"
You look pale. You'd better take a day off.,"Yanayinka ya canja, ya kamata ka ɗauki hutun kwana ɗaya."
You might not want to go there by yourself.,Ba lallai ne ka so zuwa can kai kaɗai ba.
You must go to Ali and beg his forgiveness.,Dole ka je wajen Ali ka roƙi gafararsa.
You must not be jealous of others' success.,Bai kamata ka yi kishin nasarar wasu ba.
You must take advantage of the opportunity.,Dole ka yi amfani da damar.
You never should've gone there by yourself.,Bai kamata ka je can kai kaɗai ba.
You ought not to have disclosed the secret.,Bai kamata a ce ka bayyana sirrin ba.
You ought not to say such things in public.,Bai kamata a ce ka faɗi irin waɗannan abubuwan a cikin jama'a ba.
You ought to have started half an hour ago.,Ya kamata a ce ka fara tun rabin sa'a da ta gabata.
You scared the living day lights out of me!,Ka ba ni tsoro sosai.
You scratch my back and I'll scratch yours.,Idan ka taimake ni zan taimake ka.
You should apologize to Ali for being late.,Ya kamata ka nemi afuwar Ali saboda makara da ka yi.
You should ask your parents for permission.,Ya kamata ka nemi izinin iyayenka.
You should bring your passport to the bank.,Ya kamata ka taho da fasfo ɗinka zuwa banki.
You should go to bed. It's almost midnight.,"Ya kamata ka je ka kwanta, kusan tsakiyar dare ya yi."
You should have bought a Teflon-coated pan.,Ya kamata a ce ka siyi kaskon da aka lulluɓe da Teflon.
You should have knocked before you came in.,Ya kamata a ce ka ƙwanƙwasa ƙofa kafin ka shigo
You should know that I'm in love with Mary.,Ya kamata ka sani cewa ina soyayya da Mary.
You should lay your cards out on the table.,Ya kamata ka bayyana duk abin da ke ranka.
You should stay away from people like that.,Ya kamata ka yi nesa da mutane irin haka.
You should've left when you had the chance.,Ya kamata a ce ka tafi lokacin da ka samu dama.
You should've made better use of your time.,Ya kamata ka yi amfani da lokacinka yadda ya dace.
You shouldn't associate with men like that.,Bai kamata ka yi mu'amala da maza irin waɗannan ba.
You shouldn't eat this meat. It smells bad.,"Bai kamata ka ci wannan naman ba, wari yake."
You shouldn't have come here to begin with.,Mai kamata ma tun farko ka zo nan ba.
You shouldn't have eaten so much ice cream.,Bai kamata ka sha ayiskirim sosai ba.
You speak so quietly I can barely hear you.,"Kana magana a hankali, da ƙyar nake jin ka."
"You think you're better than me, don't you?","Kana tunanin ka fi ni, ko ba haka ba?"
"You went to the park yesterday, didn't you?","Jiya ka je wurin shaƙatawar, ko ba ka je ba?"
You will find the restaurant on your right.,Za ka ga gidan abincin a hannun dama.
You will miss the train if you don't hurry., Za ka rasa jirgin ƙasan idan ba ka yi sauri ba.
You will soon be convinced that I am right.,Da sannu za ka gamsu da cewa na yi daidai.
You will soon get accustomed to the noises.,Da sannu za ka saba da hayaniyar.
You will soon get used to the climate here.,Da sannu za ka saba da yanayin nan.
"You woke up early this morning, didn't you?","Ka tashi da safen nan da wuri, ko ba ka yi ba?"
"You won't be busy this afternoon, will you?","Aiki ba zai yi maka yawa ba da yammacin nan ba, ko zai yi?"
You wouldn't understand. It's a girl thing.,"Ba za ka gane ba, abu ne na 'yan mata."
You'll feel better after you eat something.,Za ka ji sauƙi bayan ka ci wani abu.
You'll feel better after you get some rest.,Za ka ji sauƙi idan ka ɗan huta.
You'll never guess what I saw this morning.,Ba za ka taɓa cankar abin da na gani ba a wannan safiya.
You're crazy to buy such an expensive bike.,Wauta ce sosai ka siyi babur mai tsada haka.
"You're not worried about the test, are you?","Ba ka damu da gwajin da aka yi ba, ko ka damu?"
You're starting to sound like your old man.,Ka fara yin magana kamar mahaifinka.
You're welcome to stay as long as you want.,Muna maraba da zamanka iya tsawon yadda kake so.
You've been doing a pretty good job so far.,Kana yin aiki mai kyau har yanzu.
You've probably forgotten about it already.,Wataƙila ma tuni ka manta da shi.
Your analysis of the situation is accurate.,Hasashen da ka yi wa al'amarin ya yi daidai.
Your answer to the question is not correct.,Amsar da ka game da tambayar da daidai ba ce.
"Your cat isn't very affectionate, isn't he?","Magenka ba ta da son shagwaɓa sosai, ko ba haka ba?"
Your family should come before your career.,Iyalinka su ne farko kafin aikinka.
Your house is three times as large as mine.,Girman gidanka ya yi ukun nawa.
Your lives will be spared if you surrender.,Za a bar ku da rayukanku idan kuka miƙa wuya.
Your problems are nothing compared to mine.,Matsalolinka ba komai ba ne idan aka kwatanta da nawa.
"Are you still mad at me? ""No, not at all.""","Har yanzu haushina kake ji? ""A'a, ko kaɗan."""
"How old is she? ""She is twelve years old.""","Shekarunta nawa? ""Shekararta goma sha biyu."""
"I'll wash the dishes. ""OK, I'll dry then.""","Zan yi wanke kwanukan. ""To, ni kuma zan shanya."""
"What's your decision? ""Can I sleep on it?""","Wacce shawarar ka yanke? "" Zan iya yin tunani a kai?"
"Where is everybody? ""In the meeting room"".","Ina kowa ya shiga? ""Cikin ɗakin taro."""
"Where is my book? ""It's in the classroom.""","Ina littafina? ""Yana cikin aji."""
"Whose boots are these? ""They are Lidya's.""","Waɗannan takalman wanene? ""Na Lidya ne."""
"Whose camels are these? ""They are Musa's.""","Waɗannan raƙuman na waye? ""Na Musa ne."""
"Whose cats are these? ""They are Fatima's.""","Waɗannan magunan na wane? ""Na Fatima ne."""
"Why didn't you tell me? ""You never asked.""","Me ya sa ba ka faɗa min ba? ""Ba ka tambaya ba."""
"You need to pay a fee. ""What kind of fee?""","Ana buƙatar ka biya kuɗi? ""Wanne irin kuɗi."""
A baby deer can stand as soon as it is born.,Jaririn barewa yana iya tsayawa da zarar an haife shi.
A bead of sweat started forming on his brow.,Gumi ya fara fitowa a goshinsa
A bird in the hand is worth two in the bush.,Ƙwai a baka ya fi kaza a akurki.
A blast of cold air swept through the house.,Iska mai tsananin sanyi ta keta cikin gidan.
A book worth reading is worth reading twice.,Littafin da ya cancanta a karanta shi ya cancanci a karan shi sau biyu.
A bright red ladybug landed on my fingertip.,Jan ƙwaron ladybug mai haske ya sauka a kan yatsana.
A car lying on its side blocked the passage.,motar da ke kwance a jirkice ta tare hanya.
A crane raises heavy construction materials.,"Motar kiren, ta ɗaga wasu kayan gini masu nauyi."
A few minutes' walk brought me to the shore.,Tafiyar minti biyu ce ta kawo ni gaɓar.
A fox is not caught twice in the same snare.,Ba a kama dila sau biyu a tarko ɗaya.
A friend to everybody is a friend to nobody.,"Aboki ga kowa, ba abokin kowa ba ne."
A hundred people were hurt in a train wreck.,Mutane ɗari sun yi raunuka a hatsarin jirgin ƙasan.
A lot of people were killed in World War II.,An kashe mutane da dama a Yaƙin Duniya na II.
A lot of wild animals died for lack of food.,Namun daji da dama sun mutu sakamakon ƙarancin abinci.
A major had to take command of the division.,Dole babban soja ne zai jagoranci rundunar.
"A man's body dies, but his soul is immortal.","Gangar jikin mutum tana mutuwa, amma ransa  ba ya mutuwa."
A man's heart is about as large as his fist.,Zuciyar mutum ta kusan girman dunƙulen hannunsa.
A number of people die in traffic accidents.,Mutane da dama sun mutu a haɗarurrukan kan hanya.
A rubber ball bounces because it is elastic.,Ƙwallon roba tana tsalle ne saboda an yi ta da abin da yake talewa.
A terrible accident happened in his absence.,Wani mummunan hatsari ya faru lokacin da ba ya nan.
A thorough investigation is now in progress.,Yanzu haka ana kan yin binciken ƙwaƙwaf.
"According to the police, no one was injured.","Kamar yadda 'yansanda suka shaida, babu wanda ya samu rauni."
"According to the radio, it'll rain tomorrow.","Kamar yadda gidan rediyo ya sanar, gobe za a yi ruwa."
"Actually, I'm going to New Zealand to study.",Haƙiƙa zan tafi New Zealand domin yin karatu.
Adams spent most of the war years in Europe.,Adam ya ƙarar da mafi yawan shekarun yaƙinsa a Turai.
"Admit it, Ali, you're still in love with me.","Ka faɗa min gaskiya Ali, har yanzu kana sona."
"After I had done my homework, I went to bed.","Bayan na gama aikin gidana, sai na kwanta."
"After I locked all the doors, I went to bed.","Bayan na kulle duka ƙofofin, sai na kwanta."
All of my students call me by my first name.,Dukkanin ɗalibaina suna kirana da sunana na farko.
All of the boys are asleep in the next room.,Duka yara mazan sun yi bacci a ɗakin da ke kusa
"All of them are good, so choose three books.","Dukkaninsu suna da kyau, saboda haka ka zaɓi littafi uku."
All the answers to this question were wrong.,Duka amsoshin tambayoyin nan ba daidai ba ne.
All the passengers were killed in the crash.,Duka fasinjojin sun mutu a hatsarin.
"All things considered, he is a good teacher.","Bisa la'akari da komai, shi malami ne nagari."
All you have to do is sit here and be quiet.,Abin da ake buƙatar ka da shi duka shi ne ka zauna a nan ka yi shiru.
All you have to do is to wait for her reply.,Abin da ake buƙatar ka da shi duka shi ne ka jira amsarta
An awning broke his fall and saved his life.,Wani abin rufi ya hana shi faɗowa ya tseratar da rayuwarsa.
Ancient customs are dying out quickly today.,Tsofaffin al'adu suna mutuwa da wuri kwanan nan.
Any book will do provided it is interesting.,"Kowanne irin littafi zai yi, matuƙar dai yana da ƙayatarwa."
Are there a lot of tall buildings in Boston?,Shin akwai gine-gine da dama a Boston?
Are there public restrooms in this building?,Akwai banɗakunan jama'a a wannan ginin?
Are you blaming me for your lack of success?,Kana ɗora laifin rashin nasararka ne a kaina?
Are you going to attend the meeting tonight?,Shin za ka halarci taron a daren yau?
Are you going to take part in the next race?,Shin za ka shiga tseren da za a yi nan gaba.
Are you sure this is in Ali's best interest?,Ka tabbatar wannan za a yi shi ne don maslahar Ali?
Are you sure you don't want anything to eat?,Ka tabbatar babu abin da kake buƙatar ka ci?
Are you sure you don't want to take a break?,Ka tabbatar ba ka buƙatar ɗaukar hutu?
Are you sure you don't want to wait for Ali??,Ka tabbatar ba ka son ka jira Ali?
Are you sure you haven't forgotten anything?,Ka tabbatar ba ka manta komai ba?
Aren't you even going to ask me where I was?,Ba za ma ka tambaye ni ina nake ba?
Aren't you supposed to be at work right now?,Ba kamata ya yi yanzu a ce kana gurin aiki ba?
Artificial light is produced by electricity.,Wutar lantarki ce ke samar da hasken da mutum ya kirkira.
"As far as I know, he is honest and reliable.","A iya sanina, shi mutum ne mai gaskiya  kuma abin dogaro ne."
"As far as I know, there is no such function.","A iya sanina, babu wannan irin aikin."
"As soon as the dog saw me, it began to bark.","Karen yana ganina, sai ya fara haushi."
"As we grow older, our memory becomes weaker.",Muna ƙara girma tunaninmu yana yin rauni.
"As you make your bed, so you must lie in it.","In dai ka gyara wurin kwanciyarka, to lallai za ka kwanta a kai."
"At last, her dream to be a doctor came true.","A ƙarshe, burinta na zama likita ya cika."
"At the time, we were just fifteen years old.","A wannan lokacin, shekarunmu goma sha biyar kawai."
"Before buying shoes, you should try them on.","Kafin ka sai takalma, ya kamata ka gwada su."
Beginners should learn spoken English first.,Ya kamata sababbin masu koyo su fara koyon magana da Turanci.
Being overly generous is his greatest fault.,Yawan karamcinsa shi ne babbar gazawarsa.
Bergen is the second largest city in Norway.,Bergen shi ne birni na biyu mafi girma a ƙasar Norway.
Black and white photos have a special charm.,Hoto launin fari da baƙi yana da wani sirri na musamman.
Both my father and my brother like gambling.,Da mahaifina da ɗan uwana dukkaninsu suna son caca.
Both of the students passed all their tests.,Duka ɗaliban guda biyu sun ci duka gwajinsu.
But we don't have anything in common at all.,Amma ba mu da wani abu da muka yi tarayya a kai.
By the time Ali got to the shop it was shut.,Lokacin da Ali ya je shagon an rufe shi.
"By the time we got there, the ship had left.","Lokacin da Ali ya isa wajen, jirgin ruwan ya tafi."
Can I borrow a pen? Mine's on its last legs.,Zan iya karɓar aron alƙalami? nawa yana daf da ƙarewa.
Can someone explain how this always happens?,Shin wani zai iya yin bayanin yadda hakan yake faruwa a kodayaushe?
Can we at least think about it for a minute?,Shin za mu iya tunani a kansa aƙalla ko na minti ɗaya?
Can we drive to Miami on half a tank of gas?,Shin za mu iya tuƙa mota zuwa Miami da rabin tanki na gas?
Can we get this done by the end of the week?,Za muiya gama wannan zuwa ƙarshen wannnan makon?
Can you fix this or should I call a plumber?,Za ka iya gyara wannan ko na kira mai fulamba?
Can you help me pick out an engagement ring?,Za ka iya taimaka min na zaɓi zoben baiko?
Can you locate this place on the map for me?,Za ka iya nuna min wannan wajen a kan taswira.
Can you recommend a place to stay in London?,Za ka iya nuna min a shawarce wajen da zan zauna a Landan?
Can you remember the first time you saw Ali??,Za ka iya tuna farkon lokacin da ka ga Ali?
Can you spin a basketball on your fingertip?,Za ka iya juya ƙwallon kwando a kan ɗan yatsanka?
Can you tell a Chinese person from Japanese?,Za ka iya faɗar wanene ɗan ƙasar Sin da ɗan ƙasan Japan?
Can you tell me how to get to the city hall?,Za ka iya faɗa min yadda zan je ɗakin taron birnin?
Can you tell me where the nearest church is?,Za ka iya faɗa min ina ne coci mafi kusa take?
Canada is to the north of the United States.,Ƙasar Kanada tana daga arewacin ƙasar Amurka
Cheer up! Everything will soon be all right.,Mu yi murna! komai zai daidaita nan ba da jimawa ba.
Cherry trees are now in bloom in Washington.,Bishiyoyin cherry suna yin furanni a yanzu a Washington.
Children who are thirsty should drink water.,Ya kamata yaran da suke jin ƙishirwa su sha ruwa.
Christmas is a good time to market new toys.,Lokacin Kirsimati lokaci ne mai kyau na tallata sababbin kayan wasan yara.
Circumstances did not permit me to help you.,Yanayi ne bai ba ni damar taimaka maka ba.
Corks popping are the happiest sound of all.,Ƙarar fitar murfin ƙwalba ita ce ƙara ma fi sanya farinciki.
Correcting is sometimes harder than writing.,Yin gyara wani lokacin ya fi yin rubutun wahala.
Could you keep your eye out for my car keys?,Don Allah za ka iya kula min da mukullayen motata?
Could you knock down the price if I buy two?,Za ka rage min farashi idan na siyi guda biyu?
Could you please tell me why your were late?,Don Allah za ka iya faɗa min me ya sa ka makara?
Could you show me how to start this machine?,Don Allah za ka iya nuna min yadda zan tayar da wannan mashin ɗin?
Could you tell me about Ali?'s eating habits?,Za ka iya faɗa min al'adar Ali wajen cin abinci?
Could you tell me how to get to the station?,Za ka iya faɗa min yaya zan je tasha?
Could you tell me how to get to your office?,Za ka iya faɗa min yadda zan zo ofis ɗinka?
Cows are considered sacred animals in India.,Ana ɗaukar shanu a matsayin dabbobi masu alfarma a Indiya.
Cows give us milk and chickens give us eggs.,"Shanu suna samar mana da madara, kaji suna samar mana da ƙwai."
Creditors have better memories than debtors.,Masu bin bashi suna da tunani mai kyau fiye da masu cin bashi.
Did Ali say what the meeting would be about?,Shin ali ya faɗi a kan menene za ayi taron?
Did Ali tell you how much he likes swimming?,Ali ya faɗa maka yadda ya ke son yin iyo kuwa?
Did you have a good meal at that restaurant?,Kuna da abinci mai kyau a gidan abincin?
Did you hear about what happened last night?,Ka ji me ya faru a daren jiya kuwa?
Did you know that men can get breast cancer?,Shin ka san cewa kuwa maza na iya kamuwa da cutar daji ta mama?
Did you like the movie we watched yesterday?,Kana son fim ɗin da muka kalla jiya?
Did you really plan to do this all yourself?,Da gaske ka shirya yin duka wannan ɗin kai kaɗai?
Did you see him at the station this morning?,Ka gan shi a tashar da safen nan kuwa?
Did you see the accident with your own eyes?,Ka ga hatsarin da idanunka?
Did you watch the soccer game on television?,kana kallon wasan ƙwallon ƙafa kuwa a talabijin?
Do we have an extra one that Ali can borrow?,Muna da ƙarin wani kuwa da Ali zai iya ara?
Do we know when they'll make their decision?,Shin mun san lokacin da za su yanke shawararsu kuwa?
Do you ever think about the meaning of life?,Shin ka taɓa yin tunani kuwa dangane da ma'anar rayuwa?
Do you have a doctor or nurse in this hotel?,Kuna da likita ko malamin jinya a wannan otal ɗin?
Do you have a name picked out for your baby?,Kana da sunan da ka zaɓar wa jinjirinka?
Do you have a piece of paper I can write on?,Kana da guntuwar takardar da zan iya yin rubutu?
Do you have any idea where Ali put the keys?,Ka san kuwa inda Ali ya ajiye mukullaye?
Do you have any idea why Ali gave it to you?,Ka san dalilin kuwa da ya sa Ali ya ba ka?
Do you have this jacket in different colors?,Shin wannan rigar kana da ita ne launin daban-daban?
Do you know any good restaurant around here?,Shin ka san wani gidan abinci mai kyau a nan kusa?
Do you know anyone who hums while they work?,Shin ka san wani wanda yin waƙa yayin da yake yin aiki?
Do you know how long they have been married?,Ka san tsawon lokacin da suka ɗauka suna da aure ko?
Do you know the girl standing by the window?,Ka san yarinyar da take tsaye a bakin taga?
Do you know this part of the city very well?,Ka san wannan ɓangaren a wannan birnin sosai ko?
Do you let your children play in the street?,Kana barin yaranka suna wasa a titi?
Do you really want me to go there right now?,Da gaske kana son na je can yanzu?                                                                                                       
Do you sometimes go abroad on your holidays?,Shin kana zuwa ƙasar waje wasu lokutan don yin hutunka?
Do you still remember your first plane trip?,Shin har yanzu kana iya tuna tafiyarka ta farko a jirgin sama?
Do you think it's difficult to speak French?,Kana tunanin da wahala yin magana da Faransanci?
Do you think these letters are worth saving?,Kana ganin waɗannan wasiƙun sun cancanci a ajiye su?
Do you want me to help you with the cooking?,Kana son na taimaka maka da yin girkin?
Do you want me to read this out loud to you?,Kana son na karanta maka da ƙarfi ko?
Do you want to be a bartender all your life?,So kake ka zama mai kula da mashaya ko tsawon rayuwarka ko?
Do you want to come over for dinner tonight?,Shin za ka zo cin abincin dare a daren yau?
Doesn't Ali take care of all this stuff now?,Shin Ali bai kula da duka waɗannan abubuwan ba?
Don't ask what they think. Ask what they do.,Kar ka tambayi me suke tunani. tambaye su me suke aikatawa.
Don't bother me with such foolish questions.,Kar ka dame ni da waɗannan tamboyin masu cike da shirme.
Don't count your chickens before they hatch.,Kar ka ƙirga kajinka kafin su yi ƙyanƙyasa.
Don't eat that if you think it smells funny.,Kada ka ci wannan ɗin idan kana tunanin yana wari.
Don't feel embarrassed. These things happen.,Kada ka ji kunya. Waɗannan abubuwan suna faruwa.
Don't forget to pick me up tomorrow morning.,Kar ka manta ka zo ka zauke ni gobe da safe.
Don't risk your neck over something foolish.,Kar ka jefa rayuwarka cikin haɗari saboda wani abin shirme.
Don't shout at me. I can hear you all right.,Kada ka ɗaga min murya. Ina jinka sosai.
Don't talk about it in my mother's presence.,Kada ka yi magana a kansa a gaban mahaifyata.
Don't throw the baby out with the bathwater.,Kar ka zubar da jaririn tare da ruwan wankan.
Don't walk so fast. We'll get there on time.,"Kada ka yi tafiya cikin sauri, za mu isa a kan lokaci."
Don't worry about it. It's not your problem.,Kar ka damu da hakan. Ba matsalarka ba ce.
Don't you want to hear my side of the story?,Kana son ka ji labarin ta ɓangarena ko?
Don't you want to know why I didn't do that?,Ba ka son ka san dalilin da ya sa me ya sa ban yi hakan ba ko?
"Drunk in moderation, alcohol is not harmful.","Ka sha ɗan kaɗan, giya ba ta cutarwa."
"Even if it rains, I'll go swimming tomorrow.","Ko da an yi ruwa, zan je yin iyo gobe."
"Even if you stop me, I won't change my mind.","Ko da ka dakatar da ni, ba zan canja ra'ayina ba."
Even the strongest man can't stop a typhoon.,Ko mutumin da yake da matuƙar ƙarfi ba zai iya tsayar da guguwa ba.
"Every time I meet him, I think of my father.","Duk lokacin da na haɗu da shi, Ina tuna mahaifina."
Everybody in the picture is smiling happily.,Duk mutanen da ke cikin hoton suna yin murmushi cikin farinciki.
Everything is subject to the laws of nature.,Komai yana ƙarƙashin dokokin asalin halitta.
"Excuse me, but do you mind if ask your name?","Ji mana, amma ba damuwa idan na tambayi sunanka?"
Father is cooking dinner in the kitchen now.,Baba yana girka abincin dare a kicin yanzu.
"Finally, we reached the top of the mountain.","Daga ƙarshe dai, mun isa ƙololuwar tsaunin."
Find an empty bottle and fill it with water.,Ka nemo kwalbar da babu komai cikinta ka cika ta da ruwa.
Fish is an important food source for people.,Kifi abinci ne mai muhimmanci ga mutane.
Follow this road till you come to the river.,Ka biyo wannan hanyar kar sai ka zo kogin.
Foot-and-mouth disease is highly contagious.,Cutar ƙafa da baki cuta ce da ake saurin ɗaukarta.
"For Hawking, writing this book was not easy.",Rubuta wannan littafin ba abu ne mai sauƙi ba a wajen Hawking.
Franklin Roosevelt became president in 1933.,Franklin Roosevelt ya zama shugaban ƙasa a shekarar 1933.
"Frankly speaking, I don't like your haircut.","Magana ta zahiri, ba na son askinka."
Fresh produce is sold at an open-air market.,Ana siyar da sababbin kayan amfanin gona a kasuwar kan hanya. 
"From now on, let's eat lunch in the kitchen.","Daga yanzu, ka bari mu dinga cin abincin rana a kicin."
"From now on, we'll have to spend less money.","Daga yanzu, ba za mu dinga kashe kuɗi sosai ba,"
Furniture made of good materials sells well.,Kayan ɗakin da aka yi su da kayan aiki masu kyau an fi siyar da su.
Give me your money or else I'll beat you up.,"Ba ni kuɗinka, in kuma ba haka ba na yi maka duka."
Graham Greene is one of my favorite authors.,Graham Green yana ɗaya daga cikin marubutan da nake so.
"Guns don't kill people, people with guns do.","Bindiga ba ta kashe mutane, mutanen da ke da bindiga ne suke kisa."
Gérard de Nerval wrote Journey to the East.,Gérard de Nerval shi ne ya rubuta littafin Journey to the East.
Have you decided on a name yet for the baby?,Shin ka yanke sunan da za a sa wa jaririn kuwa har yanzu?
Have you ever added an article to Wikipedia?,Shin ka taɓa sanya wata maƙala kuwa a cikin Wikipedia?
Have you ever heard someone speaking French?,Ka taɓa jin wani yana magana da Faransanci?
Have you ever mentioned this to the teacher?,Ka taɓa faɗa wa malamin wannan kuwa?
Have you ever visited the Statue of Liberty?,Ka taɓa ziyartar mutum-mutumin Statue of Liberty?
Have you finished your English homework yet?,Ka kammala aikin gidanka na Turanci kuwa?
Have you picked out a name yet for the baby?,Ka zaɓi sunan jaririn har yanzu kuwa?
Have you put up your Christmas tree already?,Shin ka riga ka sanya bishiyar Kirsimatinka ko?
"Having lived in Ali?kyo, I know the city well.","Kasancewar na zauna a Tokyo, na san birnin sosai."
He added a little sugar and milk to his tea.,Ya sanya sukari ɗan kaɗan da kuma madara a shayinsa.
He admitted that he had committed the crime.,Ya amince cewa ya aikata laifin.
He admitted that he had stolen the treasure.,Ya amince cewa ya saci taskar.
He attempted to climb the fence to no avail.,Ya yi ƙoƙarin haura katangar amma ya kasa.
He borrowed his friend's car for a few days.,Ya ari motar abokinsa na 'yan kwanaki kaɗan.
"He came late, as is often the case with him.","Ya zo a makare, kamar dai yadda ya saba."
He chose the wrong man to pick a fight with.,Ya zaɓi mutumin da bai dace ya yi faɗa da shi ba.
He compared the imitation with the original.,Ya kwatanta kwaikwayon da na asalin.
He contributed to the good of the community.,Ya bayar da gudummawa wajen amfanar da al'umma.
He couldn't bear the thought of leaving her.,Ya kasa jure tunanin rabuwa da ita.
He couldn't bring himself to shoot the deer.,Ba zai iya tsayawa da kansa ya harbi barewa ba.
He couldn't concentrate on the conversation.,Ba zan iya mayar da hankalina ba kan tattaunawar.
He does not know how to behave at the table.,Bai san yadda ake zama a tebur ba.
He does nothing but read books all day long.,Ba ya yin komai sai karanta littattafai a tsawin yini.
He doesn't smoke and he doesn't drink vodka.,"Ba ya shan taba, ba kuma ya shan giyar vodka."
He dropped out of college in the first year.,Ya daina zuwa kwaleji a shekarar farko.
He dropped out of school in his second year.,Ya daina zuwa kwaleji a shekara ta biyu.
He dwelt on the complexities of modern life.,Ya mayar da hankalinsa kan sarƙaƙiyar rayuwar zamani.
He gave me a half dozen linen handkerchiefs.,Ya ba ni hankici mai laushi rabin dozin.
He gave the police a false name and address.,Ya ba wa 'yansanda suna da adireshin ƙarya.
He had a dream about coming naked to school.,Ya yi mafarkin zuwa makaranta tsirara.
"He had faults, but despite that I loved him.","Yana da matsaloli, amma duk da haka ina son shi."
He had no difficulty explaining the mystery.,Bai sha wahala ba wajen bayanin sirrin.
He had the appearance of being half-starved.,Yanayinsa ya nuna kamar ya kusa mutuwa saboda yunwa.
He had the misfortune to lose all his money.,Ya yi rashin sa'ar rasa dukkanin kuɗinsa.
He has a deep insight into human psychology.,Yana da zurfin ilimi cikin ilimin sanin halayyar ɗan Adam.
He has a good understanding of the problems.,Yana da cikakkiyar fahimtar matsalolin.
"He has a sister and she goes to school, too.",Yana da 'yar uwa kuma ita ma tana zuwa makaranta.
He has a strong shoulder for you to lean on.,Mutum ne shi abin dogaro da zai tallafa maka.
He has been studying French for eight years.,Yana karantar Faransanci tsawon shekara takwas.
He has no equal in the field of electronics.,Ba shi da tsara a fannin ilimin lantarki.
He held his breath while watching the match.,Ya ɗauke numfashinsa yayin da yake kallon wasan.
He interrupted his work to answer the phone.,Ya dakatar da aikinsa don ya amsa kiran.
He is always giving people a lot of trouble.,Yana ba wa mutane matsala sosai a kodayaushe.
He is carrying a parcel under his right arm.,Yana riƙe da ƙunshin saƙon kaya a ƙasan damtsensa na dama.
He is eager for the chance to prove himself.,Ya ƙagu ya samu dama don ya tabbatar da kansa.
He is fond of watching baseball games on TV.,Yana son kallon wasannin ƙwallon baseball a TV.
"He is not an American, but he loves America.","Shi ba ɗan ƙasar Amurka ba ne, amma yana son Amurka."
He is one of the best brains in our country.,Yana ɗaya daga cikin masu kaifin basira a ƙasarmu.
He is precisely the one you are looking for.,Shi ne haƙiƙanin wanda kake nema.
He is the last person to betray his friends.,Shi ne mutum na ƙarshe da ya yaudari abokansa.
He is the tallest man that I have ever seen.,Shi ne mutum mafi tsayi da na taɓa gani.
He just texted me. I think he's drunk again.,"Yanzu ya tura min rubutaccen saƙo, ina tunanin ya sake shan maye."
"He knew the news, but he kept it to himself.","Ya san labarin, amma sai ya riƙe shi cikin zuciyarsa."
He knows the area like the back of his hand.,Ya san yankin kamar yadda ya san tafin hannunsa.
He looked at the ship through his telescope.,Ya leƙo jirgin ruwan ta hanyar amfani da na'urar duba taurarinsa.
He lost his balance and fell off the ladder.,Ya goce sai ya faɗo daga kan tsanin.
"He loved me, but he doesn't love me anymore.","Ya so ni, amma ba ya so na yanzu gabaɗaya."
"He loves his daughter, but his wife doesn't.","Yana son 'yarsa, amma matarsa ba ta so."
He never turns his back on a friend in need.,Bai taɓa juya baya ga abokinsa da ke cikin buƙata ɓa.
"He opened the drawer, and took out a letter.","Ya buɗe durowar, sai ya ɗauko wasiƙar."
He painted the picture which is on the wall.,Ya fente hoton da ke jikin bango.
He pressed down on the suitcase to close it.,Ya danne jakar domin ya kulle ta.
He pressed his face against the shop window.,Ya haɗa fuskarsa da tagar shagon.
"He ran across the street, leaving her alone.","Ya tsallaka titi da gudu, inda ya bar ta ita kaɗai."
He realized his dream of becoming an artist.,Ya cika burinsa na zama mai zane.
He resented that she was dating his brother.,Ya ji takaicin cewa tana soyayya da ɗan uwansa.
He resolved to do better work in the future.,Ya amince cewa zai yi aiki mai kyau nan gaba.
He said that everything would turn out well.,Ya faɗi cewa komai zai koma yadda ya ke.
He said that he had left his wallet at home.,Ya faɗi cewa ya manta walat ɗinsa a gida.
"He said, ""So long, my friends,"" and left us.","Ya ce, ""Abokaina, kwana biyu."" sai ya tafi ya bar mu."
He showed little interest in books or music.,Ya nuna sha'awarsa kaɗan a kan littattafai ko kuma kiɗa.
He showed me the manuscript of his new play.,Ya nuna min rubutun sabon wasan kwaikwayon da ya yi.
He sighed deeply and headed to the corridor.,"Ya ja doguwar ajiyar zuciya, sai ya nufi hanyar fita waje."
He somehow managed to swim across the river.,Ya samu damar yin iyo ya tsallake kogin.
He speaks English as if he were an American.,Yana magana da turanci kai ka ce ɗan Amurka ne.
He speaks as if he had read the book before.,Ya yi magana kamar ma ya karanta littafin kafin haka.
He struggled to keep up with his classmates.,Yana ta ƙoƙarin kasancewa da 'yan ajinsu.
He stuck the notice on the board with tacks.,Ya kafe sanarwar a allon sanarwa da ƙaramar allura.
He took to drinking after his wife left him.,Ya fara shan giya bayan matarsa ta rabu da shi.
He was at the wrong place at the wrong time.,Ya kasance a wajen da bai dace ba a lokacin da bai dace ba.
He was having lunch when I entered the room.,Yana cin abincin rana lokacin da na shiga ɗakin.
He was in the right place at the right time.,Ya kasance a wajen da ya dace a lokacin da ya dace.
He was not at all satisfied with the result.,Bai gamsu da sakamakon ba kwata-kwata.
He was on the roof with his electric guitar.,Yana kan rufi da jitarsa mai amfani da lantarki.
He was one of the leaders of the revolution.,Yana ɗaya daga cikin jagororin juyin juya halin.
"He was to have called her up, but he forgot.","Ya kamata a ce ya kira ta, amma sai ya manta."
He went fishing in a river near the village.,Ya je kamun kifi a wani kogi kusa da ƙauyen.
He will never give in even when he is wrong.,Ba zai taɓa yarda ba ko da kuwa a kan kuskure yake.
He worked at night and slept in the daytime.,Ya yi aiki da daddare ya kuma yi bacci da rana.
He worked last night without taking a break.,Ya yi aiki a daren jiya ba tare da ɗaukar hutu ba.
He worked so hard that he ruined his health.,Ya yi aiki matuƙa har ya taɓa lafiyarsa.
He'll be in London about this time tomorrow.,Zai kasance a Landan a kusan irin wannan lokacin gobe.
He's a professor at the National University.,Farfesa ne shi a Jami'a ta Ƙasa.
He's just showing off in front of the girls.,Kawai burga yake a gaban 'yanmata.
He's only a couple of years younger than me.,Da 'yan shekaru kawai na girme shi.
He's suffering from the effects of overwork.,Yana fama da tasirin aiki mai yawa da ya yi.
He's very young. He's much younger than Ali.,Yaro ne ƙarami. Ya fi Ali ƙarancin shekaru sosai.
Help me pick out a tie to go with this suit.,Taimake ni ka zaɓa min ɗamarar wuyan da za ta dace da wannan kwat ɗin.
Her birthday party will be tomorrow evening.,Bikin ranar zagayowar haihuwarta zai kasance ne a yammacin gobe.
Her disappointment was apparent to everyone.,Takaicin da take a bayyane yake ga kowa.
Her hair was long enough to reach the floor.,Gashinta yana da tsayi sosai zai iya tabo ƙasa.
Her vital signs are being closely monitored.,Ana sa ido sosai kan alamomin koshin lafiyarta.
Here come the police. Let's get out of here.,"Ga 'yansanda nan sun zo, mu fita daga nan."
"Hey, that's what I've been saying all along.","Yawwa, wannan shi ne abin da na daɗe ina faɗa."
His book begins with a tale of country life.,Littafinsa ya fara da labarin rayuwar ƙasa.
His house was sold for ten thousand dollars.,An siyar da gidansa a kan dala dubu goma.
His illness resulted from drinking too much.,Rashin lafiyarsa ya samu ne sakamakon shan giya da yawa.
His job is to negotiate with foreign buyers.,Aikinsa shi ne tattaunawa da masu siyan kaya na ƙasashen waje.
His poetry does not translate into Japanese.,Waƙarsa ba za ta fasssaru zuwa Jafananci ba.
How about going out for a walk after dinner?,Ya kake gani mu fita mu yi tattaki  bayan mun ci abincin dare?
How can I prevent my cat from killing birds?,Yaya zan tsare mageta daga kashe tsuntsaye?
How can we break out of this vicious circle?,Ta yaya za mu fita daga cikin wannan matsalolin?
How come Mary is going on a picnic with him?,Ta yaya  Mary za ta tafi fikini tare da shi?
How could you know this was going to happen?,Ta yaya za ka san hakan zai faru?
How did Ali know that Mary wouldn't be here?,Ta yaya Ali ya san cewa Mary ba za ta kasance a nan ba?
How did you become involved in this project?,Ya aka yi ka shiga cikin wannan aikin?
How did you come up with such a good excuse?,Ya aka yi ka yi tunanin irin wannan uzuri mai haka?
How do I know if a girl is interested in me?,Ta yaya zan gane cewa yarinya tana so na?
How do we know that he is who he says he is?,Ta yaya za mu gane cewa shi ne wanda ya ce shi ne?
How do we prevent this from happening again?,Ta yaya za mu kare sake faruwar hakan?
How far is it from here to the next village?,Yaya nisan daga nan zuwa ƙauyen da yake gaba yake?
How far is it from the airport to the hotel?,Yaya nisa yake daga filin sauka da tashin jirage zuwa otal?
How is that different from what I just said?,Menene bambancin wannan da abin da na faɗa yanzu.
How is that different than what I just said?,Menene bambancin wannan a kan abin da na faɗa?
How long do I have to wait for the next bus?,Yaya nisan jiran da zan yi kafin bas ta gaba ta zo zai ɗauka?
How long does it take to get to the station?,Nawa ne tsayin lokacin da zan ɗauka daga nan zuwa tasha?
How long have Ali and Mary known each other?,Tun yaushe Ali da Mary suka san juna?
How long is the flight from Tokyo to Hawaii?,Yaya nisan tafiya a jirgin sama take daga Tokyo zuwa Hawaii?
How long will it take you to paint my house?,Nawa ne tsayin lokacin da za ka ɗauka ka fente gidana?
How many brothers and sisters does Ali have?,Nawa ne 'yan uwan Ali maza da mata?
How many cups of coffee did you drink today?,Kofi nawa ka sha na kofi a yau?
How many nights would you like the room for?,Dare nawa kake buƙatar ka yi a ɗakin?
How many people want to go swimming with us?,Mutane nawa ne suke son tafiya zuwa iyo tare da mu?
How many people were present at the meeting?,Mutane nawa ne suka halarci taron?
How much money did Ali take out of the bank?,Nawa ne adadin kuɗin da Ali ya ciro daga banki?
"How tall are you, and how much do you weigh?","Nawa ne tsayinka, kuma nawa ne nauyinka?"
Hundreds of fans are waiting for the singer.,Ɗaruruwan masoya suna jiran mawaƙin.
Hurry up and you can still catch your train.,Ka yi sauri za ka iya tarar da jirgin ƙasan naka.
I almost dropped my cellphone into the pool.,Kaɗan ya rage ban jefa wayata cikin ruwan yin iyo ba.
I always get up at 6 o'clock in the morning.,Ina tashi da ƙarfe 6 daidai na safe a kodayaushe.
I am accustomed to eating this sort of food.,Na saba cin abinci irin wannan.
I am afraid they both have a bad reputation.,"Ina jin tsoro, duka su biyun suna da mummunan tarihi."
I am attracted to a certain boy in my class.,ina sha'awar wani yaro a ajinmu.
I am economically independent of my parents.,Ban dogara da iyayena ba ta fuskar tattalin arziƙi.
I am going to see the doctor this afternoon.,Zan je na ga likita da yammacin nan.
I am hanging up a picture of my grandmother.,Ina rataye hoton kakata.
I am hungry because I did not eat breakfast.,Yunwa nake ji saboda ban ci karin kumallona ba.
I am not as interested in literature as you.,Ba na sha'awar adabi kamar yadda kake.
I am sorry to have kept you waiting so long.,Ka yi haƙuri na bar ka ka daɗe kana jira.
I am still waiting to be told what happened.,Har yanzu ina jiran a faɗa min me ya faru.
I am thinking of closing my savings account.,Ina tunanin rufe asusun ajiye kuɗina.
I am very sorry to inform you that she died.,Ina mai jimamin shaida maka cewa ta mutu.
I applied for membership in the association.,Na nemi zama mamba a cikin ƙungiyar.
I ate some bread and a boiled egg for lunch.,Na cinye wani biredi da kuma dafaffen ƙwai a abincin rana.
I awoke one morning and found myself famous.,Na tashi a wata safiya kawai na ga na zama sananne.
I believe that Ali expects too much from us.,Na yi imanin cewa Ali ya sa rai sosai daga gare mu.
I bought a watch and I lost it the next day.,Na siyi agogo ya kuma ɓata washe gari.
I bought him a drink in return for his help.,Na siya masa abin sha sakamakon taimakon da ya yi min.
I brought something that I want to give you.,Na siyo wani abu da nake so na ba ka.
I calculated that it would cost 300 dollars.,Na lissafa zai ci dala 300.
"I called him, but a girl answered the phone.","Na kira shi, amma wata yarinya ce ta ɗaga wayar."
I can hear someone talking in the next room.,Ina iya jin wani yana magana a ɗakin gaba.
"I can play chess, but I can't play checkers.","Zan iya yin wasan dara, amma ba zan iya yin wasan checkers ba."
"I can't be sure, but I think Ali likes Mary.","Ba zan tabbatar ba, amma ina tunanin Ali yana son Mary."
I can't believe I didn't even think of that.,Ban san yaya ban ma taɓa tunanin haka ba.
I can't believe I let you talk me into this.,Ban san ma ya aka yi ka shawo kaina ba.
I can't believe that you enjoyed that movie.,Ina mamaki a ce ka ji daɗin wannan fim ɗin.
I can't believe you'd do such a thing to me.,Zan yi mamaki a ce ka yi min irin wannan abin.
I can't carry this suitcase. It's too heavy.,Ba zan iya ɗaukar wannan jakar ba. Ta yi nauyi sosai.
I can't even see the other ship in this fog.,Ba zan ma iya ganin ɗaya jirgin ruwan ba a wannan hazon.
I can't express myself in English very well.,Ba na iya bayyana ra'ayina da Turanci sosai.
I can't find my ticket. I must have lost it.,Ban ga tikitina ba. Dole ɓata ya yi.
I can't finish the job in such a short time.,Ba zan iya gama aikin ba a irin wannan ƙanƙanin lokaci.
I can't handle two nights in a row with Ali.,Ba zan iya ɗaukar dare biyu a jere tare da Ali ba.
I can't put up with his violence any longer.,Ba zan sake iya jure muguntarsa ba kuma.
I can't seem to get him to fix this machine.,Kamar ba zan iya samunsa ba don ya gyara wannan mashin ɗin.
"I can't talk you into coming with us, can I?","Ba zan iya yi maka magana cewa ka taho tare da mu ba, ko zan iya?"
I can't tell you how much I appreciate that.,Ba zan iya kwatanta maka yadda na yaba da hakan ba.
I can't think of anything I'd want from you.,Ba zan iya tuna wani abu da nake buƙata daga wajenka ba.
I can't understand what he is trying to say.,Ba zan iya fahimtar me yake ƙoƙarin cewa ba.
I can't work with you if you don't trust me.,Ba zan iya aiki da kai ba idan ba ka amince da ni ba.
I congratulated him on the birth of his son.,Na taya shi murnar haihuwar ɗansa.
I could barely speak French three years ago.,Da ƙyar nake iya magana da Faransanci shekaru uku da suka gabata.
"I could be wrong, but I think Ali likes you.","Zan iya yin kuskure, amma Ali yana son ki."
I couldn't fall asleep because of the noise.,Na kasa yin bacci saboda hayaniyar.
I couldn't have done that without your help., Ba lallai na iya yin wannan ɗin ba ba don taimakonka ba.
I couldn't have done this without your help., Ba lallai na iya aiwatar da hakan ba ba don taimakonka ba.
I couldn't make myself understood in French.,Ba na iya sa wa a fahimce ni da Faransanci.
I demanded that he pay the bill immediately.,Na nemi da ya biya kuɗin nan take.
I didn't expect her to ask me that question.,Ban yi tsammanin za ta yi min wannan tambayar ba.
"I didn't know you could cook this well, Ali.","Ali, ban san cewa za ka iya yin girki da kyau haka ba."
I didn't know you had a week off last month.,Ban san cewa kana da hutun mako ɗaya ba watan da ya gabata.
I didn't say anything at all about our plan.,Ban ce komai ba kwata-kwata dangane da shirinmu.
I didn't want to be here in the first place.,Tun farko ban so na kasance a nan ba.
I didn't want to do this in the first place.,Tun farko bana son na yi wannan.
I didn't want to spend any more time in bed.,Ba na son na ƙara cin wani lokacin a kan gado.
I do not like to perform in front of others.,Ba na son na yi wani abu a gaban mutane.
I don't feel like having Chinese food today.,Ba na jin son cin abincin 'yan ƙasar Sin yau.
I don't feel like translating this sentence.,Ba na jin son fassara wannan jimlar.
I don't feel up to playing tennis right now.,Ba na jin zan iya yin wasan ƙwallon tennis a halin yanzu.
I don't feel up to seeing your mother today.,Ba na jin zan iya ganin mahaifiyarka a yau
I don't have enough time to eat lunch today.,Ba ni da isashshen lokaci da zan ci abincin rana yau.
I don't intend to do what Ali told me to do.,Ban yi niyyar yin abin da Ali ya faɗa min na yi ba.
I don't know if I should believe Ali or not.,Ban sani ba ko zan amincewa da Ali ko a'a.
I don't know what you want and I don't care.,Ban san me kake so ba ban kuma damu ba.
I don't know why my friend wants us to wait.,Ban san me ya sa abokinmu yake son mu jira ba.
I don't like him because he is sly as a fox.,"Ba na son shi, saboda yana da wayo kamar dila."
I don't like this tie. Show me a better one.,"Ba na son wannan maɗaurin wuyan, nuna min wani."
I don't make deals with people I don't like.,Ba na yin mu'amala da mutanen da ba na so.
I don't need that kind of stress in my life.,Ba na son irin wannan takurar a rayuwata.
I don't think Ali liked your song very much.,Ba na tunanin Ali yana son waƙarka sosai.
I don't think he's playing with a full deck.,Ba na tunanin yana wasa da dukkanin katinan.
I don't think we need permission to do this.,Ina ganin ba ma buƙatar izini wajen aikata wannan.
I don't think you need to tell Ali anything.,Ina ganin ba ka buƙatar ka faɗa wa Ali wani abu.
I don't think you should tell Ali the truth.,Ina ganin bai kamata ka faɗa wa Ali gaskiya ba.
I don't understand what you guys are saying.,Ban fahimci me kuke cewa ba.
I don't want Ali to think he has to help me.,Ba na son Ali ya yi tunanin cewa dole sai ya taimake ni.
I don't want the same thing to happen to us.,Ba na son abu iri ɗaya ya faru da mu.
I don't want to be the one to tell Ali that.,Ba na so na kasance ni ne zan faɗa wa Ali haka.
I don't want to burden you with my troubles.,Ba na son ɗora maka wahalar matsalolina.
I don't want to hear any of your complaints.,Ba na son jin ƙorafe-ƙorafenka ko ɗaya.
I don't want to know what's going to happen.,Ba na son na ji me zai faru.
I don't want to live on this planet anymore.,Ba na son na zauna a wannan duniyar gabaɗaya.
I don't want to make a big deal out of this.,Ba na son na mayar da wannan wani babban al'amari.
I don't want to participate in the ceremony.,Ba na son na shiga cikin bikin.
I don't want to work under these conditions.,Ba na son na yi aiki da irin waɗannan sharuɗan.
I don't want you to see my daughter anymore.,Ba na son ka sake ganin 'yata kwata-kwata
I doubt that he can make a speech in public.,Ina shakkar cewa zai iya magana cikin jama'a.
I dreamed I was in a very strange situation.,Na yi mafarki cewa ina cikin wani baƙon yanayi.
I entered the room and shook hands with him.,Na shiga ɗakin muka yi musabaha da shi.
I expect Ali has his reasons for doing that.,Ina sa ran Ali yana da dalilansa na yin hakan.
I feel cold. Do you mind closing the window?,Ina jin sanyi. Ko za ka rufe tagar in ba damuwa?
I feel like I've already been here sometime.,Sai na ji kamar na taɓa zuwa nan wani lokaci.
I feel like doing something different today.,Ji nake kamar wani abu nake yi daban yau.
I feel like telling him what I think of him.,Ji nake kamar na faɗa masa abin da nake tunani a kansa.
I fell asleep while I was doing my homework.,Na kama bacci yayin da nake yin aikin gidana.
I felt relieved when my plane landed safely.,Na ji daɗi lokacin da jirginmu ya sauka lafiya.
I figured out why the machine wouldn't work.,Na gano me yasa injin ya ƙi yin aiki.
I finally found the solution to the problem.,A ƙarshe na gano maganin matsalar.
I finished reading this novel in three days.,Na gama karanta wannan labarin a kwana uku.
I found this book in a secondhand bookstore.,Na samu wannan littafin ne a shagon siyar da littattafan da aka yi amfani da su.
I gave my mother carnations on Mother's Day.,Na ba wa mahaifiyata furen carnation a Ranar Tunawa da Uwa.
I gave up smoking and I feel like a new man.,"Na daina shan taba, kuma ina ji na kamar wani sabon mutum."
I get goose bumps when I see a horror movie.,Tsigar jikina tana tashi idan ina kallon fim ɗin ban tsoro.
I got a letter from an old friend yesterday.,Na samu wasiƙa jiya daga wani tsohon abokina.
I got here as soon as I heard you needed me.,Na zo nan ne daga jin an ce kana buƙatata.
I got some shampoo in my eyes and it stings.,Man wanke gashi ya shiga idona kuma yana yi min zafi.
I got to know her through one of my friends.,Na san ta ne ta hanyar ɗaya daga cikin abokaina.
I got up so an old man could sit in my seat.,Na miƙe ne saboda dattijo zai zauna a wajena.
I guarantee this watch to keep perfect time.,Na tabbatar wannan agogon zai kiyaye lokaci daidai.
I guess our teacher is over fifty years old.,Ina ga malaminmu ya haura shekara hamsin.
I had a little difficulty in getting a taxi.,Ina shan wahala kaɗan wajen samun tasi.
I had always supposed that Ali was innocent.,A kodayaushe ina jin cewa Ali ba shi da laifi.
I had been waiting an hour when he appeared.,Ina ta jira tsawon sa'a ɗaya lokacin da ya bayyana.
I had hoped to have finished this yesterday.,Na yi fatan a ce jiya na gama wannan.
I had not gone a mile when it began to rain.,Ban yi tafiyar mil ɗaya ba aka fara ruwa.
I hate carrots even more than I hate onions.,Na tsani karas sama ma da yadda na tsani albasa.
"I hate mosquitoes, but they seem to love me.","Na tsani sauro, amma kamar su suna so na."
I hate the world because the world hates me.,"Na tsani duniya, saboda duniya ta tsane ni."
"I have a ball-point pen, but I want another.","Ina da biro, amma ina son wani."
I have a boiled egg for breakfast every day.,Ina da dafaffen ƙwai na karin kumallo a kullum.
I have a friend who speaks French very well.,Ina da abokin da ya ke magana da Faransanci sosai.
I have a lot of money in my savings account.,Ina da kuɗi da yawa cikin asusun ajiyata.
I have a lot of things to do this afternoon.,Ina da abubuwa da yawa da zan yi a yammacin nan.
I have abandoned the idea of buying a house.,Na ajiye tunanin siyan gida.
I have an older brother and an older sister.,Ina da babban wa namiji da babbar ya mace.
I have been reading that book all afternoon.,Ina ta karanta wannan littafin ne a tsawon yammacin.
I have been studying English for four years.,Ina karatun Turanci ne tsawon shekara huɗu.
I have been waiting for almost half an hour.,Ina ta jira kusan tsawon rabin sa'a.
I have done everything I was supposed to do.,Na yi duk abin da ya dace na yi.
I have five times as many stamps as he does.,Ina da takardun hatimi waɗanda suka fi yawan nasa sau biyar.
I have no more than one hundred yen with me.,Ina da kuɗin yen wanda bai wuce sama da guda ɗari ba.
I have not been sick for the past ten years.,Ban yi rashin lafiya ba tsawon shekara goma da suka wuce.
"I have plenty of time, but not enough money.","Ina da lokaci sosai, amma babu isashshen kuɗi."
I have something I need to discuss with Ali.,Ina da abin da nake son tattaunawa da Ali.
I have three times as many books as he does.,Ina da littattafan da sun yi ukun waɗanda yake da su.
